split_group,filename,relpath,dog_id,width,height,is_readable,is_low_res,usable_for_training
train,0_1.jpg,images/0_1.jpg,0,224,224,True,False,True
train,0_2.jpg,images/0_2.jpg,0,224,224,True,False,True
train,0_3.jpg,images/0_3.jpg,0,224,224,True,False,True
train,0_4.jpg,images/0_4.jpg,0,224,224,True,False,True
train,0_5.jpg,images/0_5.jpg,0,224,224,True,False,True
train,1_1.jpg,images/1_1.jpg,1,224,224,True,False,True
train,1_2.jpg,images/1_2.jpg,1,224,224,True,False,True
train,1_3.jpg,images/1_3.jpg,1,224,224,True,False,True
train,1_4.jpg,images/1_4.jpg,1,224,224,True,False,True
train,1_5.jpg,images/1_5.jpg,1,224,224,True,False,True
test,2_1.jpg,images/2_1.jpg,2,224,224,True,False,True
test,2_2.jpg,images/2_2.jpg,2,224,224,True,False,True
test,2_3.jpg,images/2_3.jpg,2,224,224,True,False,True
test,2_4.jpg,images/2_4.jpg,2,224,224,True,False,True
test,2_5.jpg,images/2_5.jpg,2,224,224,True,False,True
test,2_6.jpg,images/2_6.jpg,2,224,224,True,False,True
test,2_7.jpg,images/2_7.jpg,2,224,224,True,False,True
test,2_8.jpg,images/2_8.jpg,2,224,224,True,False,True
test,3_1.jpg,images/3_1.jpg,3,224,224,True,False,True
test,3_2.jpg,images/3_2.jpg,3,224,224,True,False,True
test,3_3.jpg,images/3_3.jpg,3,224,224,True,False,True
test,3_4.jpg,images/3_4.jpg,3,224,224,True,False,True
test,3_5.jpg,images/3_5.jpg,3,224,224,True,False,True
test,3_6.jpg,images/3_6.jpg,3,224,224,True,False,True
train,4_1.jpg,images/4_1.jpg,4,224,224,True,False,True
train,4_2.jpg,images/4_2.jpg,4,224,224,True,False,True
train,4_3.jpg,images/4_3.jpg,4,224,224,True,False,True
train,4_4.jpg,images/4_4.jpg,4,224,224,True,False,True
train,5_1.jpg,images/5_1.jpg,5,224,224,True,False,True
train,5_2.jpg,images/5_2.jpg,5,224,224,True,False,True
train,5_3.jpg,images/5_3.jpg,5,224,224,True,False,True
train,5_4.jpg,images/5_4.jpg,5,224,224,True,False,True
train,5_5.jpg,images/5_5.jpg,5,224,224,True,False,True
train,5_6.jpg,images/5_6.jpg,5,224,224,True,False,True
train,6_1.jpg,images/6_1.jpg,6,224,224,True,False,True
train,6_2.jpg,images/6_2.jpg,6,224,224,True,False,True
train,6_3.jpg,images/6_3.jpg,6,224,224,True,False,True
train,6_4.jpg,images/6_4.jpg,6,224,224,True,False,True
train,6_5.jpg,images/6_5.jpg,6,224,224,True,False,True
train,6_6.jpg,images/6_6.jpg,6,224,224,True,False,True
train,7_1.jpg,images/7_1.jpg,7,224,224,True,False,True
train,7_2.jpg,images/7_2.jpg,7,224,224,True,False,True
train,7_3.jpg,images/7_3.jpg,7,224,224,True,False,True
train,7_4.jpg,images/7_4.jpg,7,224,224,True,False,True
test,8_1.jpg,images/8_1.jpg,8,224,224,True,False,True
test,8_2.jpg,images/8_2.jpg,8,224,224,True,False,True
test,8_3.jpg,images/8_3.jpg,8,224,224,True,False,True
test,8_4.jpg,images/8_4.jpg,8,224,224,True,False,True
test,8_5.jpg,images/8_5.jpg,8,224,224,True,False,True
test,8_6.jpg,images/8_6.jpg,8,224,224,True,False,True
test,8_7.jpg,images/8_7.jpg,8,224,224,True,False,True
test,9_1.jpg,images/9_1.jpg,9,224,224,True,False,True
test,9_2.jpg,images/9_2.jpg,9,224,224,True,False,True
test,9_3.jpg,images/9_3.jpg,9,224,224,True,False,True
test,9_4.jpg,images/9_4.jpg,9,224,224,True,False,True
test,9_5.jpg,images/9_5.jpg,9,224,224,True,False,True
train,10_1.jpg,images/10_1.jpg,10,224,224,True,False,True
train,10_2.jpg,images/10_2.jpg,10,224,224,True,False,True
train,10_3.jpg,images/10_3.jpg,10,224,224,True,False,True
train,10_4.jpg,images/10_4.jpg,10,224,224,True,False,True
train,10_5.jpg,images/10_5.jpg,10,224,224,True,False,True
test,11_1.jpg,images/11_1.jpg,11,224,224,True,False,True
test,11_2.jpg,images/11_2.jpg,11,224,224,True,False,True
test,11_3.jpg,images/11_3.jpg,11,224,224,True,False,True
test,11_4.jpg,images/11_4.jpg,11,224,224,True,False,True
test,11_5.jpg,images/11_5.jpg,11,224,224,True,False,True
test,11_6.jpg,images/11_6.jpg,11,224,224,True,False,True
train,12_1.jpg,images/12_1.jpg,12,224,224,True,False,True
train,12_2.jpg,images/12_2.jpg,12,224,224,True,False,True
train,12_3.jpg,images/12_3.jpg,12,224,224,True,False,True
train,12_4.jpg,images/12_4.jpg,12,224,224,True,False,True
train,13_1.jpg,images/13_1.jpg,13,224,224,True,False,True
train,13_2.jpg,images/13_2.jpg,13,224,224,True,False,True
train,13_3.jpg,images/13_3.jpg,13,224,224,True,False,True
train,13_4.jpg,images/13_4.jpg,13,224,224,True,False,True
train,13_5.jpg,images/13_5.jpg,13,224,224,True,False,True
train,13_6.jpg,images/13_6.jpg,13,224,224,True,False,True
train,13_7.jpg,images/13_7.jpg,13,224,224,True,False,True
train,13_8.jpg,images/13_8.jpg,13,224,224,True,False,True
train,13_9.jpg,images/13_9.jpg,13,224,224,True,False,True
train,13_10.jpg,images/13_10.jpg,13,224,224,True,False,True
train,13_11.jpg,images/13_11.jpg,13,224,224,True,False,True
train,14_1.jpg,images/14_1.jpg,14,224,224,True,False,True
train,14_2.jpg,images/14_2.jpg,14,224,224,True,False,True
train,14_3.jpg,images/14_3.jpg,14,224,224,True,False,True
train,14_4.jpg,images/14_4.jpg,14,224,224,True,False,True
test,15_1.jpg,images/15_1.jpg,15,224,224,True,False,True
test,15_2.jpg,images/15_2.jpg,15,224,224,True,False,True
test,15_3.jpg,images/15_3.jpg,15,224,224,True,False,True
test,15_4.jpg,images/15_4.jpg,15,224,224,True,False,True
test,15_5.jpg,images/15_5.jpg,15,224,224,True,False,True
train,16_1.jpg,images/16_1.jpg,16,224,224,True,False,True
train,16_2.jpg,images/16_2.jpg,16,224,224,True,False,True
train,16_3.jpg,images/16_3.jpg,16,224,224,True,False,True
train,16_4.jpg,images/16_4.jpg,16,224,224,True,False,True
train,16_5.jpg,images/16_5.jpg,16,224,224,True,False,True
train,16_6.jpg,images/16_6.jpg,16,224,224,True,False,True
train,17_1.jpg,images/17_1.jpg,17,224,224,True,False,True
train,17_2.jpg,images/17_2.jpg,17,224,224,True,False,True
train,17_3.jpg,images/17_3.jpg,17,224,224,True,False,True
train,17_4.jpg,images/17_4.jpg,17,224,224,True,False,True
train,17_5.jpg,images/17_5.jpg,17,224,224,True,False,True
train,18_1.jpg,images/18_1.jpg,18,224,224,True,False,True
train,18_2.jpg,images/18_2.jpg,18,224,224,True,False,True
train,18_3.jpg,images/18_3.jpg,18,224,224,True,False,True
train,18_4.jpg,images/18_4.jpg,18,224,224,True,False,True
train,18_5.jpg,images/18_5.jpg,18,224,224,True,False,True
train,18_6.jpg,images/18_6.jpg,18,224,224,True,False,True
train,19_1.jpg,images/19_1.jpg,19,224,224,True,False,True
train,19_2.jpg,images/19_2.jpg,19,224,224,True,False,True
train,19_3.jpg,images/19_3.jpg,19,224,224,True,False,True
train,19_4.jpg,images/19_4.jpg,19,224,224,True,False,True
train,19_5.jpg,images/19_5.jpg,19,224,224,True,False,True
train,19_6.jpg,images/19_6.jpg,19,224,224,True,False,True
train,20_1.jpg,images/20_1.jpg,20,224,224,True,False,True
train,20_2.jpg,images/20_2.jpg,20,224,224,True,False,True
train,20_3.jpg,images/20_3.jpg,20,224,224,True,False,True
test,21_1.jpg,images/21_1.jpg,21,224,224,True,False,True
test,21_2.jpg,images/21_2.jpg,21,224,224,True,False,True
test,21_3.jpg,images/21_3.jpg,21,224,224,True,False,True
test,22_1.jpg,images/22_1.jpg,22,224,224,True,False,True
test,22_2.jpg,images/22_2.jpg,22,224,224,True,False,True
test,22_3.jpg,images/22_3.jpg,22,224,224,True,False,True
train,23_1.jpg,images/23_1.jpg,23,224,224,True,False,True
train,23_2.jpg,images/23_2.jpg,23,224,224,True,False,True
train,23_3.jpg,images/23_3.jpg,23,224,224,True,False,True
train,23_4.jpg,images/23_4.jpg,23,224,224,True,False,True
train,23_5.jpg,images/23_5.jpg,23,224,224,True,False,True
train,23_6.jpg,images/23_6.jpg,23,224,224,True,False,True
train,24_1.jpg,images/24_1.jpg,24,224,224,True,False,True
train,24_2.jpg,images/24_2.jpg,24,224,224,True,False,True
train,24_3.jpg,images/24_3.jpg,24,224,224,True,False,True
train,24_4.jpg,images/24_4.jpg,24,224,224,True,False,True
train,25_1.jpg,images/25_1.jpg,25,224,224,True,False,True
train,25_2.jpg,images/25_2.jpg,25,224,224,True,False,True
train,25_3.jpg,images/25_3.jpg,25,224,224,True,False,True
train,25_4.jpg,images/25_4.jpg,25,224,224,True,False,True
train,25_5.jpg,images/25_5.jpg,25,224,224,True,False,True
train,25_6.jpg,images/25_6.jpg,25,224,224,True,False,True
train,26_1.jpg,images/26_1.jpg,26,224,224,True,False,True
train,26_2.jpg,images/26_2.jpg,26,224,224,True,False,True
train,26_3.jpg,images/26_3.jpg,26,224,224,True,False,True
train,26_4.jpg,images/26_4.jpg,26,224,224,True,False,True
train,27_1.jpg,images/27_1.jpg,27,224,224,True,False,True
train,27_2.jpg,images/27_2.jpg,27,224,224,True,False,True
train,27_3.jpg,images/27_3.jpg,27,224,224,True,False,True
train,27_4.jpg,images/27_4.jpg,27,224,224,True,False,True
train,27_5.jpg,images/27_5.jpg,27,224,224,True,False,True
train,27_6.jpg,images/27_6.jpg,27,224,224,True,False,True
train,28_1.jpg,images/28_1.jpg,28,224,224,True,False,True
train,28_2.jpg,images/28_2.jpg,28,224,224,True,False,True
train,28_3.jpg,images/28_3.jpg,28,224,224,True,False,True
train,28_4.jpg,images/28_4.jpg,28,224,224,True,False,True
train,28_5.jpg,images/28_5.jpg,28,224,224,True,False,True
train,29_1.jpg,images/29_1.jpg,29,224,224,True,False,True
train,29_2.jpg,images/29_2.jpg,29,224,224,True,False,True
train,29_3.jpg,images/29_3.jpg,29,224,224,True,False,True
train,29_4.jpg,images/29_4.jpg,29,224,224,True,False,True
train,29_5.jpg,images/29_5.jpg,29,224,224,True,False,True
train,30_1.jpg,images/30_1.jpg,30,224,224,True,False,True
train,30_2.jpg,images/30_2.jpg,30,224,224,True,False,True
train,30_3.jpg,images/30_3.jpg,30,224,224,True,False,True
train,30_4.jpg,images/30_4.jpg,30,224,224,True,False,True
train,30_5.jpg,images/30_5.jpg,30,224,224,True,False,True
train,31_1.jpg,images/31_1.jpg,31,224,224,True,False,True
train,31_2.jpg,images/31_2.jpg,31,224,224,True,False,True
train,31_3.jpg,images/31_3.jpg,31,224,224,True,False,True
train,31_4.jpg,images/31_4.jpg,31,224,224,True,False,True
test,32_1.jpg,images/32_1.jpg,32,224,224,True,False,True
test,32_2.jpg,images/32_2.jpg,32,224,224,True,False,True
test,32_3.jpg,images/32_3.jpg,32,224,224,True,False,True
test,32_4.jpg,images/32_4.jpg,32,224,224,True,False,True
test,33_1.jpg,images/33_1.jpg,33,224,224,True,False,True
test,33_2.jpg,images/33_2.jpg,33,224,224,True,False,True
test,34_1.jpg,images/34_1.jpg,34,224,224,True,False,True
test,34_2.jpg,images/34_2.jpg,34,224,224,True,False,True
test,34_3.jpg,images/34_3.jpg,34,224,224,True,False,True
train,35_1.jpg,images/35_1.jpg,35,224,224,True,False,True
train,35_2.jpg,images/35_2.jpg,35,224,224,True,False,True
train,35_3.jpg,images/35_3.jpg,35,224,224,True,False,True
train,35_4.jpg,images/35_4.jpg,35,224,224,True,False,True
train,35_5.jpg,images/35_5.jpg,35,224,224,True,False,True
train,35_6.jpg,images/35_6.jpg,35,224,224,True,False,True
train,35_7.jpg,images/35_7.jpg,35,224,224,True,False,True
train,35_8.jpg,images/35_8.jpg,35,224,224,True,False,True
train,35_9.jpg,images/35_9.jpg,35,224,224,True,False,True
train,36_1.jpg,images/36_1.jpg,36,224,224,True,False,True
train,36_2.jpg,images/36_2.jpg,36,224,224,True,False,True
train,36_3.jpg,images/36_3.jpg,36,224,224,True,False,True
train,36_4.jpg,images/36_4.jpg,36,224,224,True,False,True
train,36_5.jpg,images/36_5.jpg,36,224,224,True,False,True
test,37_1.jpg,images/37_1.jpg,37,224,224,True,False,True
test,37_2.jpg,images/37_2.jpg,37,224,224,True,False,True
test,37_3.jpg,images/37_3.jpg,37,224,224,True,False,True
test,37_4.jpg,images/37_4.jpg,37,224,224,True,False,True
train,38_1.jpg,images/38_1.jpg,38,224,224,True,False,True
train,38_2.jpg,images/38_2.jpg,38,224,224,True,False,True
train,38_3.jpg,images/38_3.jpg,38,224,224,True,False,True
train,38_4.jpg,images/38_4.jpg,38,224,224,True,False,True
train,39_1.jpg,images/39_1.jpg,39,224,224,True,False,True
train,39_2.jpg,images/39_2.jpg,39,224,224,True,False,True
test,40_1.jpg,images/40_1.jpg,40,224,224,True,False,True
test,40_2.jpg,images/40_2.jpg,40,224,224,True,False,True
test,40_3.jpg,images/40_3.jpg,40,224,224,True,False,True
test,40_4.jpg,images/40_4.jpg,40,224,224,True,False,True
test,40_5.jpg,images/40_5.jpg,40,224,224,True,False,True
train,41_1.jpg,images/41_1.jpg,41,224,224,True,False,True
train,41_2.jpg,images/41_2.jpg,41,224,224,True,False,True
train,41_3.jpg,images/41_3.jpg,41,224,224,True,False,True
train,41_4.jpg,images/41_4.jpg,41,224,224,True,False,True
train,41_5.jpg,images/41_5.jpg,41,224,224,True,False,True
train,42_1.jpg,images/42_1.jpg,42,224,224,True,False,True
train,42_2.jpg,images/42_2.jpg,42,224,224,True,False,True
train,42_3.jpg,images/42_3.jpg,42,224,224,True,False,True
train,42_4.jpg,images/42_4.jpg,42,224,224,True,False,True
train,42_5.jpg,images/42_5.jpg,42,224,224,True,False,True
train,43_1.jpg,images/43_1.jpg,43,224,224,True,False,True
train,43_2.jpg,images/43_2.jpg,43,224,224,True,False,True
train,43_3.jpg,images/43_3.jpg,43,224,224,True,False,True
train,43_4.jpg,images/43_4.jpg,43,224,224,True,False,True
train,43_5.jpg,images/43_5.jpg,43,224,224,True,False,True
train,43_6.jpg,images/43_6.jpg,43,224,224,True,False,True
train,43_7.jpg,images/43_7.jpg,43,224,224,True,False,True
test,44_1.jpg,images/44_1.jpg,44,224,224,True,False,True
test,44_2.jpg,images/44_2.jpg,44,224,224,True,False,True
test,44_3.jpg,images/44_3.jpg,44,224,224,True,False,True
test,44_4.jpg,images/44_4.jpg,44,224,224,True,False,True
test,44_5.jpg,images/44_5.jpg,44,224,224,True,False,True
train,45_1.jpg,images/45_1.jpg,45,224,224,True,False,True
train,45_2.jpg,images/45_2.jpg,45,224,224,True,False,True
train,45_3.jpg,images/45_3.jpg,45,224,224,True,False,True
train,45_4.jpg,images/45_4.jpg,45,224,224,True,False,True
train,45_5.jpg,images/45_5.jpg,45,224,224,True,False,True
train,46_1.jpg,images/46_1.jpg,46,224,224,True,False,True
train,46_2.jpg,images/46_2.jpg,46,224,224,True,False,True
train,46_3.jpg,images/46_3.jpg,46,224,224,True,False,True
train,46_4.jpg,images/46_4.jpg,46,224,224,True,False,True
train,46_5.jpg,images/46_5.jpg,46,224,224,True,False,True
train,46_6.jpg,images/46_6.jpg,46,224,224,True,False,True
train,46_7.jpg,images/46_7.jpg,46,224,224,True,False,True
train,46_8.jpg,images/46_8.jpg,46,224,224,True,False,True
train,46_9.jpg,images/46_9.jpg,46,224,224,True,False,True
train,47_1.jpg,images/47_1.jpg,47,224,224,True,False,True
train,47_2.jpg,images/47_2.jpg,47,224,224,True,False,True
train,47_3.jpg,images/47_3.jpg,47,224,224,True,False,True
train,47_4.jpg,images/47_4.jpg,47,224,224,True,False,True
train,47_5.jpg,images/47_5.jpg,47,224,224,True,False,True
test,48_1.jpg,images/48_1.jpg,48,224,224,True,False,True
test,48_2.jpg,images/48_2.jpg,48,224,224,True,False,True
test,48_3.jpg,images/48_3.jpg,48,224,224,True,False,True
test,48_4.jpg,images/48_4.jpg,48,224,224,True,False,True
test,48_5.jpg,images/48_5.jpg,48,224,224,True,False,True
test,48_6.jpg,images/48_6.jpg,48,224,224,True,False,True
test,49_1.jpg,images/49_1.jpg,49,224,224,True,False,True
test,49_2.jpg,images/49_2.jpg,49,224,224,True,False,True
test,49_3.jpg,images/49_3.jpg,49,224,224,True,False,True
test,49_4.jpg,images/49_4.jpg,49,224,224,True,False,True
test,49_5.jpg,images/49_5.jpg,49,224,224,True,False,True
test,49_6.jpg,images/49_6.jpg,49,224,224,True,False,True
train,50_1.jpg,images/50_1.jpg,50,224,224,True,False,True
train,50_2.jpg,images/50_2.jpg,50,224,224,True,False,True
train,50_3.jpg,images/50_3.jpg,50,224,224,True,False,True
train,50_4.jpg,images/50_4.jpg,50,224,224,True,False,True
train,50_5.jpg,images/50_5.jpg,50,224,224,True,False,True
train,50_6.jpg,images/50_6.jpg,50,224,224,True,False,True
train,51_1.jpg,images/51_1.jpg,51,224,224,True,False,True
train,51_2.jpg,images/51_2.jpg,51,224,224,True,False,True
train,51_3.jpg,images/51_3.jpg,51,224,224,True,False,True
train,51_4.jpg,images/51_4.jpg,51,224,224,True,False,True
train,51_5.jpg,images/51_5.jpg,51,224,224,True,False,True
train,51_6.jpg,images/51_6.jpg,51,224,224,True,False,True
train,52_1.jpg,images/52_1.jpg,52,224,224,True,False,True
train,52_2.jpg,images/52_2.jpg,52,224,224,True,False,True
train,52_3.jpg,images/52_3.jpg,52,224,224,True,False,True
train,52_4.jpg,images/52_4.jpg,52,224,224,True,False,True
train,52_5.jpg,images/52_5.jpg,52,224,224,True,False,True
train,53_1.jpg,images/53_1.jpg,53,224,224,True,False,True
train,53_2.jpg,images/53_2.jpg,53,224,224,True,False,True
train,53_3.jpg,images/53_3.jpg,53,224,224,True,False,True
train,53_4.jpg,images/53_4.jpg,53,224,224,True,False,True
train,53_5.jpg,images/53_5.jpg,53,224,224,True,False,True
train,54_1.jpg,images/54_1.jpg,54,224,224,True,False,True
train,54_2.jpg,images/54_2.jpg,54,224,224,True,False,True
train,54_3.jpg,images/54_3.jpg,54,224,224,True,False,True
train,55_1.jpg,images/55_1.jpg,55,224,224,True,False,True
train,55_2.jpg,images/55_2.jpg,55,224,224,True,False,True
train,55_3.jpg,images/55_3.jpg,55,224,224,True,False,True
test,56_1.jpg,images/56_1.jpg,56,224,224,True,False,True
test,56_2.jpg,images/56_2.jpg,56,224,224,True,False,True
test,56_3.jpg,images/56_3.jpg,56,224,224,True,False,True
test,56_4.jpg,images/56_4.jpg,56,224,224,True,False,True
test,56_5.jpg,images/56_5.jpg,56,224,224,True,False,True
test,57_1.jpg,images/57_1.jpg,57,224,224,True,False,True
test,57_2.jpg,images/57_2.jpg,57,224,224,True,False,True
test,57_3.jpg,images/57_3.jpg,57,224,224,True,False,True
test,57_4.jpg,images/57_4.jpg,57,224,224,True,False,True
test,57_5.jpg,images/57_5.jpg,57,224,224,True,False,True
train,58_1.jpg,images/58_1.jpg,58,224,224,True,False,True
train,58_2.jpg,images/58_2.jpg,58,224,224,True,False,True
train,58_3.jpg,images/58_3.jpg,58,224,224,True,False,True
train,58_4.jpg,images/58_4.jpg,58,224,224,True,False,True
train,58_5.jpg,images/58_5.jpg,58,224,224,True,False,True
train,58_6.jpg,images/58_6.jpg,58,224,224,True,False,True
train,59_1.jpg,images/59_1.jpg,59,224,224,True,False,True
train,59_2.jpg,images/59_2.jpg,59,224,224,True,False,True
train,59_3.jpg,images/59_3.jpg,59,224,224,True,False,True
train,59_4.jpg,images/59_4.jpg,59,224,224,True,False,True
train,59_5.jpg,images/59_5.jpg,59,224,224,True,False,True
train,60_1.jpg,images/60_1.jpg,60,224,224,True,False,True
train,60_2.jpg,images/60_2.jpg,60,224,224,True,False,True
train,60_3.jpg,images/60_3.jpg,60,224,224,True,False,True
train,60_4.jpg,images/60_4.jpg,60,224,224,True,False,True
train,60_5.jpg,images/60_5.jpg,60,224,224,True,False,True
train,61_1.jpg,images/61_1.jpg,61,224,224,True,False,True
train,61_2.jpg,images/61_2.jpg,61,224,224,True,False,True
train,61_3.jpg,images/61_3.jpg,61,224,224,True,False,True
train,61_4.jpg,images/61_4.jpg,61,224,224,True,False,True
train,61_5.jpg,images/61_5.jpg,61,224,224,True,False,True
train,61_6.jpg,images/61_6.jpg,61,224,224,True,False,True
train,62_1.jpg,images/62_1.jpg,62,224,224,True,False,True
train,62_2.jpg,images/62_2.jpg,62,224,224,True,False,True
train,62_3.jpg,images/62_3.jpg,62,224,224,True,False,True
train,62_4.jpg,images/62_4.jpg,62,224,224,True,False,True
train,62_5.jpg,images/62_5.jpg,62,224,224,True,False,True
train,62_6.jpg,images/62_6.jpg,62,224,224,True,False,True
train,63_1.jpg,images/63_1.jpg,63,224,224,True,False,True
train,63_2.jpg,images/63_2.jpg,63,224,224,True,False,True
train,63_3.jpg,images/63_3.jpg,63,224,224,True,False,True
train,63_4.jpg,images/63_4.jpg,63,224,224,True,False,True
train,63_5.jpg,images/63_5.jpg,63,224,224,True,False,True
train,63_6.jpg,images/63_6.jpg,63,224,224,True,False,True
train,64_1.jpg,images/64_1.jpg,64,224,224,True,False,True
train,64_2.jpg,images/64_2.jpg,64,224,224,True,False,True
train,64_3.jpg,images/64_3.jpg,64,224,224,True,False,True
train,64_4.jpg,images/64_4.jpg,64,224,224,True,False,True
train,64_5.jpg,images/64_5.jpg,64,224,224,True,False,True
train,65_1.jpg,images/65_1.jpg,65,224,224,True,False,True
train,65_2.jpg,images/65_2.jpg,65,224,224,True,False,True
train,65_3.jpg,images/65_3.jpg,65,224,224,True,False,True
train,65_4.jpg,images/65_4.jpg,65,224,224,True,False,True
train,65_5.jpg,images/65_5.jpg,65,224,224,True,False,True
train,66_1.jpg,images/66_1.jpg,66,224,224,True,False,True
train,66_2.jpg,images/66_2.jpg,66,224,224,True,False,True
train,66_3.jpg,images/66_3.jpg,66,224,224,True,False,True
train,66_4.jpg,images/66_4.jpg,66,224,224,True,False,True
train,66_5.jpg,images/66_5.jpg,66,224,224,True,False,True
train,67_1.jpg,images/67_1.jpg,67,224,224,True,False,True
train,67_2.jpg,images/67_2.jpg,67,224,224,True,False,True
train,67_3.jpg,images/67_3.jpg,67,224,224,True,False,True
train,67_4.jpg,images/67_4.jpg,67,224,224,True,False,True
train,67_5.jpg,images/67_5.jpg,67,224,224,True,False,True
train,67_6.jpg,images/67_6.jpg,67,224,224,True,False,True
test,68_1.jpg,images/68_1.jpg,68,224,224,True,False,True
test,68_2.jpg,images/68_2.jpg,68,224,224,True,False,True
test,68_3.jpg,images/68_3.jpg,68,224,224,True,False,True
test,68_4.jpg,images/68_4.jpg,68,224,224,True,False,True
test,68_5.jpg,images/68_5.jpg,68,224,224,True,False,True
train,69_1.jpg,images/69_1.jpg,69,224,224,True,False,True
train,69_2.jpg,images/69_2.jpg,69,224,224,True,False,True
train,69_3.jpg,images/69_3.jpg,69,224,224,True,False,True
train,69_4.jpg,images/69_4.jpg,69,224,224,True,False,True
train,69_5.jpg,images/69_5.jpg,69,224,224,True,False,True
train,70_1.jpg,images/70_1.jpg,70,224,224,True,False,True
train,70_2.jpg,images/70_2.jpg,70,224,224,True,False,True
train,70_3.jpg,images/70_3.jpg,70,224,224,True,False,True
train,70_4.jpg,images/70_4.jpg,70,224,224,True,False,True
train,70_5.jpg,images/70_5.jpg,70,224,224,True,False,True
train,71_1.jpg,images/71_1.jpg,71,224,224,True,False,True
train,71_2.jpg,images/71_2.jpg,71,224,224,True,False,True
train,71_3.jpg,images/71_3.jpg,71,224,224,True,False,True
train,71_4.jpg,images/71_4.jpg,71,224,224,True,False,True
train,72_1.jpg,images/72_1.jpg,72,224,224,True,False,True
train,72_2.jpg,images/72_2.jpg,72,224,224,True,False,True
train,72_3.jpg,images/72_3.jpg,72,224,224,True,False,True
train,72_4.jpg,images/72_4.jpg,72,224,224,True,False,True
train,72_5.jpg,images/72_5.jpg,72,224,224,True,False,True
train,72_6.jpg,images/72_6.jpg,72,224,224,True,False,True
train,73_1.jpg,images/73_1.jpg,73,224,224,True,False,True
train,73_2.jpg,images/73_2.jpg,73,224,224,True,False,True
train,73_3.jpg,images/73_3.jpg,73,224,224,True,False,True
train,73_4.jpg,images/73_4.jpg,73,224,224,True,False,True
train,74_1.jpg,images/74_1.jpg,74,224,224,True,False,True
train,74_2.jpg,images/74_2.jpg,74,224,224,True,False,True
train,74_3.jpg,images/74_3.jpg,74,224,224,True,False,True
train,74_4.jpg,images/74_4.jpg,74,224,224,True,False,True
train,74_5.jpg,images/74_5.jpg,74,224,224,True,False,True
train,75_1.jpg,images/75_1.jpg,75,224,224,True,False,True
train,75_2.jpg,images/75_2.jpg,75,224,224,True,False,True
train,75_3.jpg,images/75_3.jpg,75,224,224,True,False,True
train,75_4.jpg,images/75_4.jpg,75,224,224,True,False,True
train,75_5.jpg,images/75_5.jpg,75,224,224,True,False,True
train,76_1.jpg,images/76_1.jpg,76,224,224,True,False,True
train,76_2.jpg,images/76_2.jpg,76,224,224,True,False,True
train,76_3.jpg,images/76_3.jpg,76,224,224,True,False,True
train,76_4.jpg,images/76_4.jpg,76,224,224,True,False,True
train,76_5.jpg,images/76_5.jpg,76,224,224,True,False,True
train,76_6.jpg,images/76_6.jpg,76,224,224,True,False,True
train,77_1.jpg,images/77_1.jpg,77,224,224,True,False,True
train,77_2.jpg,images/77_2.jpg,77,224,224,True,False,True
train,77_3.jpg,images/77_3.jpg,77,224,224,True,False,True
train,77_4.jpg,images/77_4.jpg,77,224,224,True,False,True
train,77_5.jpg,images/77_5.jpg,77,224,224,True,False,True
train,78_1.jpg,images/78_1.jpg,78,224,224,True,False,True
train,78_2.jpg,images/78_2.jpg,78,224,224,True,False,True
train,79_1.jpg,images/79_1.jpg,79,224,224,True,False,True
train,79_2.jpg,images/79_2.jpg,79,224,224,True,False,True
train,79_3.jpg,images/79_3.jpg,79,224,224,True,False,True
train,79_4.jpg,images/79_4.jpg,79,224,224,True,False,True
train,79_5.jpg,images/79_5.jpg,79,224,224,True,False,True
train,79_6.jpg,images/79_6.jpg,79,224,224,True,False,True
train,80_1.jpg,images/80_1.jpg,80,224,224,True,False,True
train,80_2.jpg,images/80_2.jpg,80,224,224,True,False,True
train,80_3.jpg,images/80_3.jpg,80,224,224,True,False,True
train,80_4.jpg,images/80_4.jpg,80,224,224,True,False,True
train,80_5.jpg,images/80_5.jpg,80,224,224,True,False,True
train,80_6.jpg,images/80_6.jpg,80,224,224,True,False,True
train,81_1.jpg,images/81_1.jpg,81,224,224,True,False,True
train,81_2.jpg,images/81_2.jpg,81,224,224,True,False,True
train,81_3.jpg,images/81_3.jpg,81,224,224,True,False,True
train,81_4.jpg,images/81_4.jpg,81,224,224,True,False,True
train,81_5.jpg,images/81_5.jpg,81,224,224,True,False,True
train,82_1.jpg,images/82_1.jpg,82,224,224,True,False,True
train,82_2.jpg,images/82_2.jpg,82,224,224,True,False,True
train,82_3.jpg,images/82_3.jpg,82,224,224,True,False,True
train,82_4.jpg,images/82_4.jpg,82,224,224,True,False,True
train,82_5.jpg,images/82_5.jpg,82,224,224,True,False,True
train,83_1.jpg,images/83_1.jpg,83,224,224,True,False,True
train,83_2.jpg,images/83_2.jpg,83,224,224,True,False,True
train,83_3.jpg,images/83_3.jpg,83,224,224,True,False,True
train,83_4.jpg,images/83_4.jpg,83,224,224,True,False,True
train,83_5.jpg,images/83_5.jpg,83,224,224,True,False,True
train,83_6.jpg,images/83_6.jpg,83,224,224,True,False,True
train,84_1.jpg,images/84_1.jpg,84,224,224,True,False,True
train,84_2.jpg,images/84_2.jpg,84,224,224,True,False,True
train,84_3.jpg,images/84_3.jpg,84,224,224,True,False,True
train,85_1.jpg,images/85_1.jpg,85,224,224,True,False,True
train,85_2.jpg,images/85_2.jpg,85,224,224,True,False,True
train,85_3.jpg,images/85_3.jpg,85,224,224,True,False,True
train,85_4.jpg,images/85_4.jpg,85,224,224,True,False,True
train,85_5.jpg,images/85_5.jpg,85,224,224,True,False,True
train,86_1.jpg,images/86_1.jpg,86,224,224,True,False,True
train,86_2.jpg,images/86_2.jpg,86,224,224,True,False,True
train,86_3.jpg,images/86_3.jpg,86,224,224,True,False,True
train,86_4.jpg,images/86_4.jpg,86,224,224,True,False,True
train,87_1.jpg,images/87_1.jpg,87,224,224,True,False,True
train,87_2.jpg,images/87_2.jpg,87,224,224,True,False,True
train,87_3.jpg,images/87_3.jpg,87,224,224,True,False,True
train,87_4.jpg,images/87_4.jpg,87,224,224,True,False,True
train,87_5.jpg,images/87_5.jpg,87,224,224,True,False,True
train,87_6.jpg,images/87_6.jpg,87,224,224,True,False,True
train,88_1.jpg,images/88_1.jpg,88,224,224,True,False,True
train,88_2.jpg,images/88_2.jpg,88,224,224,True,False,True
train,88_3.jpg,images/88_3.jpg,88,224,224,True,False,True
train,88_4.jpg,images/88_4.jpg,88,224,224,True,False,True
train,88_5.jpg,images/88_5.jpg,88,224,224,True,False,True
train,88_6.jpg,images/88_6.jpg,88,224,224,True,False,True
train,89_1.jpg,images/89_1.jpg,89,224,224,True,False,True
train,89_2.jpg,images/89_2.jpg,89,224,224,True,False,True
train,89_3.jpg,images/89_3.jpg,89,224,224,True,False,True
train,89_4.jpg,images/89_4.jpg,89,224,224,True,False,True
train,90_1.jpg,images/90_1.jpg,90,224,224,True,False,True
train,90_2.jpg,images/90_2.jpg,90,224,224,True,False,True
train,90_3.jpg,images/90_3.jpg,90,224,224,True,False,True
train,90_4.jpg,images/90_4.jpg,90,224,224,True,False,True
train,90_5.jpg,images/90_5.jpg,90,224,224,True,False,True
train,90_6.jpg,images/90_6.jpg,90,224,224,True,False,True
train,90_7.jpg,images/90_7.jpg,90,224,224,True,False,True
train,90_8.jpg,images/90_8.jpg,90,224,224,True,False,True
train,90_9.jpg,images/90_9.jpg,90,224,224,True,False,True
train,90_10.jpg,images/90_10.jpg,90,224,224,True,False,True
train,90_11.jpg,images/90_11.jpg,90,224,224,True,False,True
train,90_12.jpg,images/90_12.jpg,90,224,224,True,False,True
train,90_13.jpg,images/90_13.jpg,90,224,224,True,False,True
train,90_14.jpg,images/90_14.jpg,90,224,224,True,False,True
test,91_1.jpg,images/91_1.jpg,91,224,224,True,False,True
test,91_2.jpg,images/91_2.jpg,91,224,224,True,False,True
test,91_3.jpg,images/91_3.jpg,91,224,224,True,False,True
test,91_4.jpg,images/91_4.jpg,91,224,224,True,False,True
train,92_1.jpg,images/92_1.jpg,92,224,224,True,False,True
train,92_2.jpg,images/92_2.jpg,92,224,224,True,False,True
train,92_3.jpg,images/92_3.jpg,92,224,224,True,False,True
train,92_4.jpg,images/92_4.jpg,92,224,224,True,False,True
train,92_5.jpg,images/92_5.jpg,92,224,224,True,False,True
train,93_1.jpg,images/93_1.jpg,93,224,224,True,False,True
train,93_2.jpg,images/93_2.jpg,93,224,224,True,False,True
train,93_3.jpg,images/93_3.jpg,93,224,224,True,False,True
train,93_4.jpg,images/93_4.jpg,93,224,224,True,False,True
train,93_5.jpg,images/93_5.jpg,93,224,224,True,False,True
test,94_1.jpg,images/94_1.jpg,94,224,224,True,False,True
test,94_2.jpg,images/94_2.jpg,94,224,224,True,False,True
test,94_3.jpg,images/94_3.jpg,94,224,224,True,False,True
test,94_4.jpg,images/94_4.jpg,94,224,224,True,False,True
test,94_5.jpg,images/94_5.jpg,94,224,224,True,False,True
train,95_1.jpg,images/95_1.jpg,95,224,224,True,False,True
train,95_2.jpg,images/95_2.jpg,95,224,224,True,False,True
train,95_3.jpg,images/95_3.jpg,95,224,224,True,False,True
train,95_4.jpg,images/95_4.jpg,95,224,224,True,False,True
train,95_5.jpg,images/95_5.jpg,95,224,224,True,False,True
train,96_1.jpg,images/96_1.jpg,96,224,224,True,False,True
train,96_2.jpg,images/96_2.jpg,96,224,224,True,False,True
train,96_3.jpg,images/96_3.jpg,96,224,224,True,False,True
train,96_4.jpg,images/96_4.jpg,96,224,224,True,False,True
train,96_5.jpg,images/96_5.jpg,96,224,224,True,False,True
train,96_6.jpg,images/96_6.jpg,96,224,224,True,False,True
train,97_1.jpg,images/97_1.jpg,97,224,224,True,False,True
train,97_2.jpg,images/97_2.jpg,97,224,224,True,False,True
train,97_3.jpg,images/97_3.jpg,97,224,224,True,False,True
train,97_4.jpg,images/97_4.jpg,97,224,224,True,False,True
train,97_5.jpg,images/97_5.jpg,97,224,224,True,False,True
train,97_6.jpg,images/97_6.jpg,97,224,224,True,False,True
test,98_1.jpg,images/98_1.jpg,98,224,224,True,False,True
test,98_2.jpg,images/98_2.jpg,98,224,224,True,False,True
test,98_3.jpg,images/98_3.jpg,98,224,224,True,False,True
test,98_4.jpg,images/98_4.jpg,98,224,224,True,False,True
test,98_5.jpg,images/98_5.jpg,98,224,224,True,False,True
test,99_1.jpg,images/99_1.jpg,99,224,224,True,False,True
test,99_2.jpg,images/99_2.jpg,99,224,224,True,False,True
test,99_3.jpg,images/99_3.jpg,99,224,224,True,False,True
test,99_4.jpg,images/99_4.jpg,99,224,224,True,False,True
test,99_5.jpg,images/99_5.jpg,99,224,224,True,False,True
test,100_1.jpg,images/100_1.jpg,100,224,224,True,False,True
test,100_2.jpg,images/100_2.jpg,100,224,224,True,False,True
test,100_3.jpg,images/100_3.jpg,100,224,224,True,False,True
test,100_4.jpg,images/100_4.jpg,100,224,224,True,False,True
train,101_1.jpg,images/101_1.jpg,101,224,224,True,False,True
train,101_2.jpg,images/101_2.jpg,101,224,224,True,False,True
train,101_3.jpg,images/101_3.jpg,101,224,224,True,False,True
train,101_4.jpg,images/101_4.jpg,101,224,224,True,False,True
train,101_5.jpg,images/101_5.jpg,101,224,224,True,False,True
train,101_6.jpg,images/101_6.jpg,101,224,224,True,False,True
train,101_7.jpg,images/101_7.jpg,101,224,224,True,False,True
train,101_8.jpg,images/101_8.jpg,101,224,224,True,False,True
train,101_9.jpg,images/101_9.jpg,101,224,224,True,False,True
train,101_10.jpg,images/101_10.jpg,101,224,224,True,False,True
train,102_1.jpg,images/102_1.jpg,102,224,224,True,False,True
train,102_2.jpg,images/102_2.jpg,102,224,224,True,False,True
train,102_3.jpg,images/102_3.jpg,102,224,224,True,False,True
train,102_4.jpg,images/102_4.jpg,102,224,224,True,False,True
train,102_5.jpg,images/102_5.jpg,102,224,224,True,False,True
train,103_1.jpg,images/103_1.jpg,103,224,224,True,False,True
train,103_2.jpg,images/103_2.jpg,103,224,224,True,False,True
train,103_3.jpg,images/103_3.jpg,103,224,224,True,False,True
train,103_4.jpg,images/103_4.jpg,103,224,224,True,False,True
train,103_5.jpg,images/103_5.jpg,103,224,224,True,False,True
train,103_6.jpg,images/103_6.jpg,103,224,224,True,False,True
train,103_7.jpg,images/103_7.jpg,103,224,224,True,False,True
train,104_1.jpg,images/104_1.jpg,104,224,224,True,False,True
train,104_2.jpg,images/104_2.jpg,104,224,224,True,False,True
train,104_3.jpg,images/104_3.jpg,104,224,224,True,False,True
train,104_4.jpg,images/104_4.jpg,104,224,224,True,False,True
train,104_5.jpg,images/104_5.jpg,104,224,224,True,False,True
train,105_1.jpg,images/105_1.jpg,105,224,224,True,False,True
train,105_2.jpg,images/105_2.jpg,105,224,224,True,False,True
train,105_3.jpg,images/105_3.jpg,105,224,224,True,False,True
train,105_4.jpg,images/105_4.jpg,105,224,224,True,False,True
train,105_5.jpg,images/105_5.jpg,105,224,224,True,False,True
train,105_6.jpg,images/105_6.jpg,105,224,224,True,False,True
train,106_1.jpg,images/106_1.jpg,106,224,224,True,False,True
train,106_2.jpg,images/106_2.jpg,106,224,224,True,False,True
train,106_3.jpg,images/106_3.jpg,106,224,224,True,False,True
train,106_4.jpg,images/106_4.jpg,106,224,224,True,False,True
train,106_5.jpg,images/106_5.jpg,106,224,224,True,False,True
test,107_1.jpg,images/107_1.jpg,107,224,224,True,False,True
test,107_2.jpg,images/107_2.jpg,107,224,224,True,False,True
test,107_3.jpg,images/107_3.jpg,107,224,224,True,False,True
test,107_4.jpg,images/107_4.jpg,107,224,224,True,False,True
train,108_1.jpg,images/108_1.jpg,108,224,224,True,False,True
train,108_2.jpg,images/108_2.jpg,108,224,224,True,False,True
train,108_3.jpg,images/108_3.jpg,108,224,224,True,False,True
train,108_4.jpg,images/108_4.jpg,108,224,224,True,False,True
train,109_1.jpg,images/109_1.jpg,109,224,224,True,False,True
train,109_2.jpg,images/109_2.jpg,109,224,224,True,False,True
train,109_3.jpg,images/109_3.jpg,109,224,224,True,False,True
train,109_4.jpg,images/109_4.jpg,109,224,224,True,False,True
train,110_1.jpg,images/110_1.jpg,110,224,224,True,False,True
train,110_2.jpg,images/110_2.jpg,110,224,224,True,False,True
train,110_3.jpg,images/110_3.jpg,110,224,224,True,False,True
train,110_4.jpg,images/110_4.jpg,110,224,224,True,False,True
train,110_5.jpg,images/110_5.jpg,110,224,224,True,False,True
train,111_1.jpg,images/111_1.jpg,111,224,224,True,False,True
train,111_2.jpg,images/111_2.jpg,111,224,224,True,False,True
train,111_3.jpg,images/111_3.jpg,111,224,224,True,False,True
train,111_4.jpg,images/111_4.jpg,111,224,224,True,False,True
test,112_1.jpg,images/112_1.jpg,112,224,224,True,False,True
test,112_2.jpg,images/112_2.jpg,112,224,224,True,False,True
test,112_3.jpg,images/112_3.jpg,112,224,224,True,False,True
test,112_4.jpg,images/112_4.jpg,112,224,224,True,False,True
test,112_5.jpg,images/112_5.jpg,112,224,224,True,False,True
test,113_1.jpg,images/113_1.jpg,113,224,224,True,False,True
test,113_2.jpg,images/113_2.jpg,113,224,224,True,False,True
test,113_3.jpg,images/113_3.jpg,113,224,224,True,False,True
test,113_4.jpg,images/113_4.jpg,113,224,224,True,False,True
test,113_5.jpg,images/113_5.jpg,113,224,224,True,False,True
train,114_1.jpg,images/114_1.jpg,114,224,224,True,False,True
train,114_2.jpg,images/114_2.jpg,114,224,224,True,False,True
train,114_3.jpg,images/114_3.jpg,114,224,224,True,False,True
train,114_4.jpg,images/114_4.jpg,114,224,224,True,False,True
train,114_5.jpg,images/114_5.jpg,114,224,224,True,False,True
train,115_1.jpg,images/115_1.jpg,115,224,224,True,False,True
train,115_2.jpg,images/115_2.jpg,115,224,224,True,False,True
train,115_3.jpg,images/115_3.jpg,115,224,224,True,False,True
train,116_1.jpg,images/116_1.jpg,116,224,224,True,False,True
train,116_2.jpg,images/116_2.jpg,116,224,224,True,False,True
train,116_3.jpg,images/116_3.jpg,116,224,224,True,False,True
train,116_4.jpg,images/116_4.jpg,116,224,224,True,False,True
train,116_5.jpg,images/116_5.jpg,116,224,224,True,False,True
train,116_6.jpg,images/116_6.jpg,116,224,224,True,False,True
train,116_7.jpg,images/116_7.jpg,116,224,224,True,False,True
train,117_1.jpg,images/117_1.jpg,117,224,224,True,False,True
train,117_2.jpg,images/117_2.jpg,117,224,224,True,False,True
train,117_3.jpg,images/117_3.jpg,117,224,224,True,False,True
train,117_4.jpg,images/117_4.jpg,117,224,224,True,False,True
train,117_5.jpg,images/117_5.jpg,117,224,224,True,False,True
train,117_6.jpg,images/117_6.jpg,117,224,224,True,False,True
train,117_7.jpg,images/117_7.jpg,117,224,224,True,False,True
train,118_1.jpg,images/118_1.jpg,118,224,224,True,False,True
train,118_2.jpg,images/118_2.jpg,118,224,224,True,False,True
train,118_3.jpg,images/118_3.jpg,118,224,224,True,False,True
train,118_4.jpg,images/118_4.jpg,118,224,224,True,False,True
train,118_5.jpg,images/118_5.jpg,118,224,224,True,False,True
train,119_1.jpg,images/119_1.jpg,119,224,224,True,False,True
train,119_2.jpg,images/119_2.jpg,119,224,224,True,False,True
train,119_3.jpg,images/119_3.jpg,119,224,224,True,False,True
train,119_4.jpg,images/119_4.jpg,119,224,224,True,False,True
train,120_1.jpg,images/120_1.jpg,120,224,224,True,False,True
train,120_2.jpg,images/120_2.jpg,120,224,224,True,False,True
train,120_3.jpg,images/120_3.jpg,120,224,224,True,False,True
train,120_4.jpg,images/120_4.jpg,120,224,224,True,False,True
train,120_5.jpg,images/120_5.jpg,120,224,224,True,False,True
test,121_1.jpg,images/121_1.jpg,121,224,224,True,False,True
test,121_2.jpg,images/121_2.jpg,121,224,224,True,False,True
test,121_3.jpg,images/121_3.jpg,121,224,224,True,False,True
test,121_4.jpg,images/121_4.jpg,121,224,224,True,False,True
train,122_1.jpg,images/122_1.jpg,122,224,224,True,False,True
train,122_2.jpg,images/122_2.jpg,122,224,224,True,False,True
train,122_3.jpg,images/122_3.jpg,122,224,224,True,False,True
train,122_4.jpg,images/122_4.jpg,122,224,224,True,False,True
train,122_5.jpg,images/122_5.jpg,122,224,224,True,False,True
train,122_6.jpg,images/122_6.jpg,122,224,224,True,False,True
train,122_7.jpg,images/122_7.jpg,122,224,224,True,False,True
train,123_1.jpg,images/123_1.jpg,123,224,224,True,False,True
train,123_2.jpg,images/123_2.jpg,123,224,224,True,False,True
train,123_3.jpg,images/123_3.jpg,123,224,224,True,False,True
train,124_1.jpg,images/124_1.jpg,124,224,224,True,False,True
train,124_2.jpg,images/124_2.jpg,124,224,224,True,False,True
train,124_3.jpg,images/124_3.jpg,124,224,224,True,False,True
train,124_4.jpg,images/124_4.jpg,124,224,224,True,False,True
test,125_1.jpg,images/125_1.jpg,125,224,224,True,False,True
test,125_2.jpg,images/125_2.jpg,125,224,224,True,False,True
test,126_1.jpg,images/126_1.jpg,126,224,224,True,False,True
test,126_2.jpg,images/126_2.jpg,126,224,224,True,False,True
test,126_3.jpg,images/126_3.jpg,126,224,224,True,False,True
test,126_4.jpg,images/126_4.jpg,126,224,224,True,False,True
train,127_1.jpg,images/127_1.jpg,127,224,224,True,False,True
train,127_2.jpg,images/127_2.jpg,127,224,224,True,False,True
train,127_3.jpg,images/127_3.jpg,127,224,224,True,False,True
train,127_4.jpg,images/127_4.jpg,127,224,224,True,False,True
train,128_1.jpg,images/128_1.jpg,128,224,224,True,False,True
train,128_2.jpg,images/128_2.jpg,128,224,224,True,False,True
train,128_3.jpg,images/128_3.jpg,128,224,224,True,False,True
train,129_1.jpg,images/129_1.jpg,129,224,224,True,False,True
train,129_2.jpg,images/129_2.jpg,129,224,224,True,False,True
train,129_3.jpg,images/129_3.jpg,129,224,224,True,False,True
train,130_1.jpg,images/130_1.jpg,130,224,224,True,False,True
train,130_2.jpg,images/130_2.jpg,130,224,224,True,False,True
train,130_3.jpg,images/130_3.jpg,130,224,224,True,False,True
train,130_4.jpg,images/130_4.jpg,130,224,224,True,False,True
train,131_1.jpg,images/131_1.jpg,131,224,224,True,False,True
train,131_2.jpg,images/131_2.jpg,131,224,224,True,False,True
test,132_1.jpg,images/132_1.jpg,132,224,224,True,False,True
test,132_2.jpg,images/132_2.jpg,132,224,224,True,False,True
test,133_1.jpg,images/133_1.jpg,133,224,224,True,False,True
test,133_2.jpg,images/133_2.jpg,133,224,224,True,False,True
test,133_3.jpg,images/133_3.jpg,133,224,224,True,False,True
test,133_4.jpg,images/133_4.jpg,133,224,224,True,False,True
test,133_5.jpg,images/133_5.jpg,133,224,224,True,False,True
test,134_1.jpg,images/134_1.jpg,134,224,224,True,False,True
test,134_2.jpg,images/134_2.jpg,134,224,224,True,False,True
test,134_3.jpg,images/134_3.jpg,134,224,224,True,False,True
train,135_1.jpg,images/135_1.jpg,135,224,224,True,False,True
train,135_2.jpg,images/135_2.jpg,135,224,224,True,False,True
train,135_3.jpg,images/135_3.jpg,135,224,224,True,False,True
train,135_4.jpg,images/135_4.jpg,135,224,224,True,False,True
train,136_1.jpg,images/136_1.jpg,136,224,224,True,False,True
train,136_2.jpg,images/136_2.jpg,136,224,224,True,False,True
train,136_3.jpg,images/136_3.jpg,136,224,224,True,False,True
train,136_4.jpg,images/136_4.jpg,136,224,224,True,False,True
train,136_5.jpg,images/136_5.jpg,136,224,224,True,False,True
train,137_1.jpg,images/137_1.jpg,137,224,224,True,False,True
train,137_2.jpg,images/137_2.jpg,137,224,224,True,False,True
train,137_3.jpg,images/137_3.jpg,137,224,224,True,False,True
train,137_4.jpg,images/137_4.jpg,137,224,224,True,False,True
train,137_5.jpg,images/137_5.jpg,137,224,224,True,False,True
train,138_1.jpg,images/138_1.jpg,138,224,224,True,False,True
train,138_2.jpg,images/138_2.jpg,138,224,224,True,False,True
train,138_3.jpg,images/138_3.jpg,138,224,224,True,False,True
train,138_4.jpg,images/138_4.jpg,138,224,224,True,False,True
train,139_1.jpg,images/139_1.jpg,139,224,224,True,False,True
train,139_2.jpg,images/139_2.jpg,139,224,224,True,False,True
train,139_3.jpg,images/139_3.jpg,139,224,224,True,False,True
train,140_1.jpg,images/140_1.jpg,140,224,224,True,False,True
train,140_2.jpg,images/140_2.jpg,140,224,224,True,False,True
train,140_3.jpg,images/140_3.jpg,140,224,224,True,False,True
train,140_4.jpg,images/140_4.jpg,140,224,224,True,False,True
train,140_5.jpg,images/140_5.jpg,140,224,224,True,False,True
train,140_6.jpg,images/140_6.jpg,140,224,224,True,False,True
train,141_1.jpg,images/141_1.jpg,141,224,224,True,False,True
train,141_2.jpg,images/141_2.jpg,141,224,224,True,False,True
train,141_3.jpg,images/141_3.jpg,141,224,224,True,False,True
train,141_4.jpg,images/141_4.jpg,141,224,224,True,False,True
train,141_5.jpg,images/141_5.jpg,141,224,224,True,False,True
train,142_1.jpg,images/142_1.jpg,142,224,224,True,False,True
train,142_2.jpg,images/142_2.jpg,142,224,224,True,False,True
train,142_3.jpg,images/142_3.jpg,142,224,224,True,False,True
train,142_4.jpg,images/142_4.jpg,142,224,224,True,False,True
train,142_5.jpg,images/142_5.jpg,142,224,224,True,False,True
test,143_1.jpg,images/143_1.jpg,143,224,224,True,False,True
test,143_2.jpg,images/143_2.jpg,143,224,224,True,False,True
test,143_3.jpg,images/143_3.jpg,143,224,224,True,False,True
test,143_4.jpg,images/143_4.jpg,143,224,224,True,False,True
test,143_5.jpg,images/143_5.jpg,143,224,224,True,False,True
test,143_6.jpg,images/143_6.jpg,143,224,224,True,False,True
test,143_7.jpg,images/143_7.jpg,143,224,224,True,False,True
test,143_8.jpg,images/143_8.jpg,143,224,224,True,False,True
test,143_9.jpg,images/143_9.jpg,143,224,224,True,False,True
test,143_10.jpg,images/143_10.jpg,143,224,224,True,False,True
train,144_1.jpg,images/144_1.jpg,144,224,224,True,False,True
train,144_2.jpg,images/144_2.jpg,144,224,224,True,False,True
train,144_3.jpg,images/144_3.jpg,144,224,224,True,False,True
train,144_4.jpg,images/144_4.jpg,144,224,224,True,False,True
train,144_5.jpg,images/144_5.jpg,144,224,224,True,False,True
train,144_6.jpg,images/144_6.jpg,144,224,224,True,False,True
train,145_1.jpg,images/145_1.jpg,145,224,224,True,False,True
train,145_2.jpg,images/145_2.jpg,145,224,224,True,False,True
train,146_1.jpg,images/146_1.jpg,146,224,224,True,False,True
train,146_2.jpg,images/146_2.jpg,146,224,224,True,False,True
train,146_3.jpg,images/146_3.jpg,146,224,224,True,False,True
train,146_4.jpg,images/146_4.jpg,146,224,224,True,False,True
train,146_5.jpg,images/146_5.jpg,146,224,224,True,False,True
train,146_6.jpg,images/146_6.jpg,146,224,224,True,False,True
train,147_1.jpg,images/147_1.jpg,147,224,224,True,False,True
train,147_2.jpg,images/147_2.jpg,147,224,224,True,False,True
train,147_3.jpg,images/147_3.jpg,147,224,224,True,False,True
train,147_4.jpg,images/147_4.jpg,147,224,224,True,False,True
train,147_5.jpg,images/147_5.jpg,147,224,224,True,False,True
train,148_1.jpg,images/148_1.jpg,148,224,224,True,False,True
train,148_2.jpg,images/148_2.jpg,148,224,224,True,False,True
train,148_3.jpg,images/148_3.jpg,148,224,224,True,False,True
train,149_1.jpg,images/149_1.jpg,149,224,224,True,False,True
train,149_2.jpg,images/149_2.jpg,149,224,224,True,False,True
train,149_3.jpg,images/149_3.jpg,149,224,224,True,False,True
train,149_4.jpg,images/149_4.jpg,149,224,224,True,False,True
train,149_5.jpg,images/149_5.jpg,149,224,224,True,False,True
train,150_1.jpg,images/150_1.jpg,150,224,224,True,False,True
train,150_2.jpg,images/150_2.jpg,150,224,224,True,False,True
train,150_3.jpg,images/150_3.jpg,150,224,224,True,False,True
train,150_4.jpg,images/150_4.jpg,150,224,224,True,False,True
train,150_5.jpg,images/150_5.jpg,150,224,224,True,False,True
train,150_6.jpg,images/150_6.jpg,150,224,224,True,False,True
train,151_1.jpg,images/151_1.jpg,151,224,224,True,False,True
train,151_2.jpg,images/151_2.jpg,151,224,224,True,False,True
train,151_3.jpg,images/151_3.jpg,151,224,224,True,False,True
train,151_4.jpg,images/151_4.jpg,151,224,224,True,False,True
train,152_1.jpg,images/152_1.jpg,152,224,224,True,False,True
train,152_2.jpg,images/152_2.jpg,152,224,224,True,False,True
train,152_3.jpg,images/152_3.jpg,152,224,224,True,False,True
train,152_4.jpg,images/152_4.jpg,152,224,224,True,False,True
train,152_5.jpg,images/152_5.jpg,152,224,224,True,False,True
test,153_1.jpg,images/153_1.jpg,153,224,224,True,False,True
test,153_2.jpg,images/153_2.jpg,153,224,224,True,False,True
test,153_3.jpg,images/153_3.jpg,153,224,224,True,False,True
test,153_4.jpg,images/153_4.jpg,153,224,224,True,False,True
train,154_1.jpg,images/154_1.jpg,154,224,224,True,False,True
train,154_2.jpg,images/154_2.jpg,154,224,224,True,False,True
train,154_3.jpg,images/154_3.jpg,154,224,224,True,False,True
train,154_4.jpg,images/154_4.jpg,154,224,224,True,False,True
train,154_5.jpg,images/154_5.jpg,154,224,224,True,False,True
train,154_6.jpg,images/154_6.jpg,154,224,224,True,False,True
train,154_7.jpg,images/154_7.jpg,154,224,224,True,False,True
train,154_8.jpg,images/154_8.jpg,154,224,224,True,False,True
train,154_9.jpg,images/154_9.jpg,154,224,224,True,False,True
train,154_10.jpg,images/154_10.jpg,154,224,224,True,False,True
train,154_11.jpg,images/154_11.jpg,154,224,224,True,False,True
train,154_12.jpg,images/154_12.jpg,154,224,224,True,False,True
train,154_13.jpg,images/154_13.jpg,154,224,224,True,False,True
train,154_14.jpg,images/154_14.jpg,154,224,224,True,False,True
train,154_15.jpg,images/154_15.jpg,154,224,224,True,False,True
train,154_16.jpg,images/154_16.jpg,154,224,224,True,False,True
train,155_1.jpg,images/155_1.jpg,155,224,224,True,False,True
train,155_2.jpg,images/155_2.jpg,155,224,224,True,False,True
train,155_3.jpg,images/155_3.jpg,155,224,224,True,False,True
train,155_4.jpg,images/155_4.jpg,155,224,224,True,False,True
train,156_1.jpg,images/156_1.jpg,156,224,224,True,False,True
train,156_2.jpg,images/156_2.jpg,156,224,224,True,False,True
train,156_3.jpg,images/156_3.jpg,156,224,224,True,False,True
train,156_4.jpg,images/156_4.jpg,156,224,224,True,False,True
train,157_1.jpg,images/157_1.jpg,157,224,224,True,False,True
train,157_2.jpg,images/157_2.jpg,157,224,224,True,False,True
train,157_3.jpg,images/157_3.jpg,157,224,224,True,False,True
train,157_4.jpg,images/157_4.jpg,157,224,224,True,False,True
train,158_1.jpg,images/158_1.jpg,158,224,224,True,False,True
train,158_2.jpg,images/158_2.jpg,158,224,224,True,False,True
train,158_3.jpg,images/158_3.jpg,158,224,224,True,False,True
train,158_4.jpg,images/158_4.jpg,158,224,224,True,False,True
train,158_5.jpg,images/158_5.jpg,158,224,224,True,False,True
train,159_1.jpg,images/159_1.jpg,159,224,224,True,False,True
train,159_2.jpg,images/159_2.jpg,159,224,224,True,False,True
train,159_3.jpg,images/159_3.jpg,159,224,224,True,False,True
train,159_4.jpg,images/159_4.jpg,159,224,224,True,False,True
train,159_5.jpg,images/159_5.jpg,159,224,224,True,False,True
test,160_1.jpg,images/160_1.jpg,160,224,224,True,False,True
test,160_2.jpg,images/160_2.jpg,160,224,224,True,False,True
test,160_3.jpg,images/160_3.jpg,160,224,224,True,False,True
test,160_4.jpg,images/160_4.jpg,160,224,224,True,False,True
test,160_5.jpg,images/160_5.jpg,160,224,224,True,False,True
train,161_1.jpg,images/161_1.jpg,161,224,224,True,False,True
train,161_2.jpg,images/161_2.jpg,161,224,224,True,False,True
train,161_3.jpg,images/161_3.jpg,161,224,224,True,False,True
train,161_4.jpg,images/161_4.jpg,161,224,224,True,False,True
train,161_5.jpg,images/161_5.jpg,161,224,224,True,False,True
train,162_1.jpg,images/162_1.jpg,162,224,224,True,False,True
train,162_2.jpg,images/162_2.jpg,162,224,224,True,False,True
train,162_3.jpg,images/162_3.jpg,162,224,224,True,False,True
train,162_4.jpg,images/162_4.jpg,162,224,224,True,False,True
train,162_5.jpg,images/162_5.jpg,162,224,224,True,False,True
train,163_1.jpg,images/163_1.jpg,163,224,224,True,False,True
train,163_2.jpg,images/163_2.jpg,163,224,224,True,False,True
train,163_3.jpg,images/163_3.jpg,163,224,224,True,False,True
train,163_4.jpg,images/163_4.jpg,163,224,224,True,False,True
train,163_5.jpg,images/163_5.jpg,163,224,224,True,False,True
train,164_1.jpg,images/164_1.jpg,164,224,224,True,False,True
train,164_2.jpg,images/164_2.jpg,164,224,224,True,False,True
train,164_3.jpg,images/164_3.jpg,164,224,224,True,False,True
train,164_4.jpg,images/164_4.jpg,164,224,224,True,False,True
train,164_5.jpg,images/164_5.jpg,164,224,224,True,False,True
train,165_1.jpg,images/165_1.jpg,165,224,224,True,False,True
train,165_2.jpg,images/165_2.jpg,165,224,224,True,False,True
train,165_3.jpg,images/165_3.jpg,165,224,224,True,False,True
train,165_4.jpg,images/165_4.jpg,165,224,224,True,False,True
train,165_5.jpg,images/165_5.jpg,165,224,224,True,False,True
train,165_6.jpg,images/165_6.jpg,165,224,224,True,False,True
train,165_7.jpg,images/165_7.jpg,165,224,224,True,False,True
train,165_8.jpg,images/165_8.jpg,165,224,224,True,False,True
train,166_1.jpg,images/166_1.jpg,166,224,224,True,False,True
train,166_2.jpg,images/166_2.jpg,166,224,224,True,False,True
train,166_3.jpg,images/166_3.jpg,166,224,224,True,False,True
train,166_4.jpg,images/166_4.jpg,166,224,224,True,False,True
train,166_5.jpg,images/166_5.jpg,166,224,224,True,False,True
train,166_6.jpg,images/166_6.jpg,166,224,224,True,False,True
train,167_1.jpg,images/167_1.jpg,167,224,224,True,False,True
train,167_2.jpg,images/167_2.jpg,167,224,224,True,False,True
train,167_3.jpg,images/167_3.jpg,167,224,224,True,False,True
train,167_4.jpg,images/167_4.jpg,167,224,224,True,False,True
train,167_5.jpg,images/167_5.jpg,167,224,224,True,False,True
train,168_1.jpg,images/168_1.jpg,168,224,224,True,False,True
train,168_2.jpg,images/168_2.jpg,168,224,224,True,False,True
train,168_3.jpg,images/168_3.jpg,168,224,224,True,False,True
train,168_4.jpg,images/168_4.jpg,168,224,224,True,False,True
train,168_5.jpg,images/168_5.jpg,168,224,224,True,False,True
train,168_6.jpg,images/168_6.jpg,168,224,224,True,False,True
train,169_1.jpg,images/169_1.jpg,169,224,224,True,False,True
train,169_2.jpg,images/169_2.jpg,169,224,224,True,False,True
train,169_3.jpg,images/169_3.jpg,169,224,224,True,False,True
train,169_4.jpg,images/169_4.jpg,169,224,224,True,False,True
train,169_5.jpg,images/169_5.jpg,169,224,224,True,False,True
train,170_1.jpg,images/170_1.jpg,170,224,224,True,False,True
train,170_2.jpg,images/170_2.jpg,170,224,224,True,False,True
train,170_3.jpg,images/170_3.jpg,170,224,224,True,False,True
train,170_4.jpg,images/170_4.jpg,170,224,224,True,False,True
train,170_5.jpg,images/170_5.jpg,170,224,224,True,False,True
train,170_6.jpg,images/170_6.jpg,170,224,224,True,False,True
train,171_1.jpg,images/171_1.jpg,171,224,224,True,False,True
train,171_2.jpg,images/171_2.jpg,171,224,224,True,False,True
train,171_3.jpg,images/171_3.jpg,171,224,224,True,False,True
train,171_4.jpg,images/171_4.jpg,171,224,224,True,False,True
train,171_5.jpg,images/171_5.jpg,171,224,224,True,False,True
train,171_6.jpg,images/171_6.jpg,171,224,224,True,False,True
train,171_7.jpg,images/171_7.jpg,171,224,224,True,False,True
train,171_8.jpg,images/171_8.jpg,171,224,224,True,False,True
train,171_9.jpg,images/171_9.jpg,171,224,224,True,False,True
train,171_10.jpg,images/171_10.jpg,171,224,224,True,False,True
test,172_1.jpg,images/172_1.jpg,172,224,224,True,False,True
test,172_2.jpg,images/172_2.jpg,172,224,224,True,False,True
test,172_3.jpg,images/172_3.jpg,172,224,224,True,False,True
test,172_4.jpg,images/172_4.jpg,172,224,224,True,False,True
test,172_5.jpg,images/172_5.jpg,172,224,224,True,False,True
test,172_6.jpg,images/172_6.jpg,172,224,224,True,False,True
train,173_1.jpg,images/173_1.jpg,173,224,224,True,False,True
train,173_2.jpg,images/173_2.jpg,173,224,224,True,False,True
train,173_3.jpg,images/173_3.jpg,173,224,224,True,False,True
train,173_4.jpg,images/173_4.jpg,173,224,224,True,False,True
train,173_5.jpg,images/173_5.jpg,173,224,224,True,False,True
train,173_6.jpg,images/173_6.jpg,173,224,224,True,False,True
train,174_1.jpg,images/174_1.jpg,174,224,224,True,False,True
train,174_2.jpg,images/174_2.jpg,174,224,224,True,False,True
train,174_3.jpg,images/174_3.jpg,174,224,224,True,False,True
train,174_4.jpg,images/174_4.jpg,174,224,224,True,False,True
train,174_5.jpg,images/174_5.jpg,174,224,224,True,False,True
train,174_6.jpg,images/174_6.jpg,174,224,224,True,False,True
train,175_1.jpg,images/175_1.jpg,175,224,224,True,False,True
train,175_2.jpg,images/175_2.jpg,175,224,224,True,False,True
train,175_3.jpg,images/175_3.jpg,175,224,224,True,False,True
train,175_4.jpg,images/175_4.jpg,175,224,224,True,False,True
train,175_5.jpg,images/175_5.jpg,175,224,224,True,False,True
train,176_1.jpg,images/176_1.jpg,176,224,224,True,False,True
train,176_2.jpg,images/176_2.jpg,176,224,224,True,False,True
train,176_3.jpg,images/176_3.jpg,176,224,224,True,False,True
train,176_4.jpg,images/176_4.jpg,176,224,224,True,False,True
train,176_5.jpg,images/176_5.jpg,176,224,224,True,False,True
train,176_6.jpg,images/176_6.jpg,176,224,224,True,False,True
train,176_7.jpg,images/176_7.jpg,176,224,224,True,False,True
train,176_8.jpg,images/176_8.jpg,176,224,224,True,False,True
train,176_9.jpg,images/176_9.jpg,176,224,224,True,False,True
test,177_1.jpg,images/177_1.jpg,177,224,224,True,False,True
test,177_2.jpg,images/177_2.jpg,177,224,224,True,False,True
test,177_3.jpg,images/177_3.jpg,177,224,224,True,False,True
test,177_4.jpg,images/177_4.jpg,177,224,224,True,False,True
train,178_1.jpg,images/178_1.jpg,178,224,224,True,False,True
train,178_2.jpg,images/178_2.jpg,178,224,224,True,False,True
train,178_3.jpg,images/178_3.jpg,178,224,224,True,False,True
test,179_1.jpg,images/179_1.jpg,179,224,224,True,False,True
test,179_2.jpg,images/179_2.jpg,179,224,224,True,False,True
test,179_3.jpg,images/179_3.jpg,179,224,224,True,False,True
test,179_4.jpg,images/179_4.jpg,179,224,224,True,False,True
test,179_5.jpg,images/179_5.jpg,179,224,224,True,False,True
train,180_1.jpg,images/180_1.jpg,180,224,224,True,False,True
train,180_2.jpg,images/180_2.jpg,180,224,224,True,False,True
train,180_3.jpg,images/180_3.jpg,180,224,224,True,False,True
train,180_4.jpg,images/180_4.jpg,180,224,224,True,False,True
train,180_5.jpg,images/180_5.jpg,180,224,224,True,False,True
train,181_1.jpg,images/181_1.jpg,181,224,224,True,False,True
train,181_2.jpg,images/181_2.jpg,181,224,224,True,False,True
train,181_3.jpg,images/181_3.jpg,181,224,224,True,False,True
train,182_1.jpg,images/182_1.jpg,182,224,224,True,False,True
train,182_2.jpg,images/182_2.jpg,182,224,224,True,False,True
train,182_3.jpg,images/182_3.jpg,182,224,224,True,False,True
train,183_1.jpg,images/183_1.jpg,183,224,224,True,False,True
train,183_2.jpg,images/183_2.jpg,183,224,224,True,False,True
train,183_3.jpg,images/183_3.jpg,183,224,224,True,False,True
train,183_4.jpg,images/183_4.jpg,183,224,224,True,False,True
train,183_5.jpg,images/183_5.jpg,183,224,224,True,False,True
test,184_1.jpg,images/184_1.jpg,184,224,224,True,False,True
test,184_2.jpg,images/184_2.jpg,184,224,224,True,False,True
test,184_3.jpg,images/184_3.jpg,184,224,224,True,False,True
test,184_4.jpg,images/184_4.jpg,184,224,224,True,False,True
test,184_5.jpg,images/184_5.jpg,184,224,224,True,False,True
train,185_1.jpg,images/185_1.jpg,185,224,224,True,False,True
train,185_2.jpg,images/185_2.jpg,185,224,224,True,False,True
train,185_3.jpg,images/185_3.jpg,185,224,224,True,False,True
train,186_1.jpg,images/186_1.jpg,186,224,224,True,False,True
train,186_2.jpg,images/186_2.jpg,186,224,224,True,False,True
train,186_3.jpg,images/186_3.jpg,186,224,224,True,False,True
train,186_4.jpg,images/186_4.jpg,186,224,224,True,False,True
train,186_5.jpg,images/186_5.jpg,186,224,224,True,False,True
test,187_1.jpg,images/187_1.jpg,187,224,224,True,False,True
test,187_2.jpg,images/187_2.jpg,187,224,224,True,False,True
test,187_3.jpg,images/187_3.jpg,187,224,224,True,False,True
test,187_4.jpg,images/187_4.jpg,187,224,224,True,False,True
train,188_1.jpg,images/188_1.jpg,188,224,224,True,False,True
train,188_2.jpg,images/188_2.jpg,188,224,224,True,False,True
train,188_3.jpg,images/188_3.jpg,188,224,224,True,False,True
train,188_4.jpg,images/188_4.jpg,188,224,224,True,False,True
train,189_1.jpg,images/189_1.jpg,189,224,224,True,False,True
train,189_2.jpg,images/189_2.jpg,189,224,224,True,False,True
train,189_3.jpg,images/189_3.jpg,189,224,224,True,False,True
train,189_4.jpg,images/189_4.jpg,189,224,224,True,False,True
test,190_1.jpg,images/190_1.jpg,190,224,224,True,False,True
test,190_2.jpg,images/190_2.jpg,190,224,224,True,False,True
test,190_3.jpg,images/190_3.jpg,190,224,224,True,False,True
test,190_4.jpg,images/190_4.jpg,190,224,224,True,False,True
test,190_5.jpg,images/190_5.jpg,190,224,224,True,False,True
train,191_1.jpg,images/191_1.jpg,191,224,224,True,False,True
train,191_2.jpg,images/191_2.jpg,191,224,224,True,False,True
train,191_3.jpg,images/191_3.jpg,191,224,224,True,False,True
train,191_4.jpg,images/191_4.jpg,191,224,224,True,False,True
test,192_1.jpg,images/192_1.jpg,192,224,224,True,False,True
test,192_2.jpg,images/192_2.jpg,192,224,224,True,False,True
test,192_3.jpg,images/192_3.jpg,192,224,224,True,False,True
test,192_4.jpg,images/192_4.jpg,192,224,224,True,False,True
test,192_5.jpg,images/192_5.jpg,192,224,224,True,False,True
train,193_1.jpg,images/193_1.jpg,193,224,224,True,False,True
train,193_2.jpg,images/193_2.jpg,193,224,224,True,False,True
train,193_3.jpg,images/193_3.jpg,193,224,224,True,False,True
train,193_4.jpg,images/193_4.jpg,193,224,224,True,False,True
train,193_5.jpg,images/193_5.jpg,193,224,224,True,False,True
train,193_6.jpg,images/193_6.jpg,193,224,224,True,False,True
train,194_1.jpg,images/194_1.jpg,194,224,224,True,False,True
train,194_2.jpg,images/194_2.jpg,194,224,224,True,False,True
train,194_3.jpg,images/194_3.jpg,194,224,224,True,False,True
train,194_4.jpg,images/194_4.jpg,194,224,224,True,False,True
train,194_5.jpg,images/194_5.jpg,194,224,224,True,False,True
train,195_1.jpg,images/195_1.jpg,195,224,224,True,False,True
train,195_2.jpg,images/195_2.jpg,195,224,224,True,False,True
train,195_3.jpg,images/195_3.jpg,195,224,224,True,False,True
train,195_4.jpg,images/195_4.jpg,195,224,224,True,False,True
train,195_5.jpg,images/195_5.jpg,195,224,224,True,False,True
train,196_1.jpg,images/196_1.jpg,196,224,224,True,False,True
train,196_2.jpg,images/196_2.jpg,196,224,224,True,False,True
train,196_3.jpg,images/196_3.jpg,196,224,224,True,False,True
train,196_4.jpg,images/196_4.jpg,196,224,224,True,False,True
train,196_5.jpg,images/196_5.jpg,196,224,224,True,False,True
train,197_1.jpg,images/197_1.jpg,197,224,224,True,False,True
train,197_2.jpg,images/197_2.jpg,197,224,224,True,False,True
train,197_3.jpg,images/197_3.jpg,197,224,224,True,False,True
train,197_4.jpg,images/197_4.jpg,197,224,224,True,False,True
train,197_5.jpg,images/197_5.jpg,197,224,224,True,False,True
train,198_1.jpg,images/198_1.jpg,198,224,224,True,False,True
train,198_2.jpg,images/198_2.jpg,198,224,224,True,False,True
train,198_3.jpg,images/198_3.jpg,198,224,224,True,False,True
train,198_4.jpg,images/198_4.jpg,198,224,224,True,False,True
train,198_5.jpg,images/198_5.jpg,198,224,224,True,False,True
train,198_6.jpg,images/198_6.jpg,198,224,224,True,False,True
train,198_7.jpg,images/198_7.jpg,198,224,224,True,False,True
train,198_8.jpg,images/198_8.jpg,198,224,224,True,False,True
train,198_9.jpg,images/198_9.jpg,198,224,224,True,False,True
train,198_10.jpg,images/198_10.jpg,198,224,224,True,False,True
train,198_11.jpg,images/198_11.jpg,198,224,224,True,False,True
train,198_12.jpg,images/198_12.jpg,198,224,224,True,False,True
train,198_13.jpg,images/198_13.jpg,198,224,224,True,False,True
train,198_14.jpg,images/198_14.jpg,198,224,224,True,False,True
train,198_15.jpg,images/198_15.jpg,198,224,224,True,False,True
train,198_16.jpg,images/198_16.jpg,198,224,224,True,False,True
train,198_17.jpg,images/198_17.jpg,198,224,224,True,False,True
train,198_18.jpg,images/198_18.jpg,198,224,224,True,False,True
train,198_19.jpg,images/198_19.jpg,198,224,224,True,False,True
train,199_1.jpg,images/199_1.jpg,199,224,224,True,False,True
train,199_2.jpg,images/199_2.jpg,199,224,224,True,False,True
train,199_3.jpg,images/199_3.jpg,199,224,224,True,False,True
train,199_4.jpg,images/199_4.jpg,199,224,224,True,False,True
train,199_5.jpg,images/199_5.jpg,199,224,224,True,False,True
train,200_1.jpg,images/200_1.jpg,200,224,224,True,False,True
train,200_2.jpg,images/200_2.jpg,200,224,224,True,False,True
train,200_3.jpg,images/200_3.jpg,200,224,224,True,False,True
train,200_4.jpg,images/200_4.jpg,200,224,224,True,False,True
train,200_5.jpg,images/200_5.jpg,200,224,224,True,False,True
train,201_1.jpg,images/201_1.jpg,201,224,224,True,False,True
train,201_2.jpg,images/201_2.jpg,201,224,224,True,False,True
train,201_3.jpg,images/201_3.jpg,201,224,224,True,False,True
train,201_4.jpg,images/201_4.jpg,201,224,224,True,False,True
train,201_5.jpg,images/201_5.jpg,201,224,224,True,False,True
test,202_1.jpg,images/202_1.jpg,202,224,224,True,False,True
test,202_2.jpg,images/202_2.jpg,202,224,224,True,False,True
test,202_3.jpg,images/202_3.jpg,202,224,224,True,False,True
test,202_4.jpg,images/202_4.jpg,202,224,224,True,False,True
test,202_5.jpg,images/202_5.jpg,202,224,224,True,False,True
train,203_1.jpg,images/203_1.jpg,203,224,224,True,False,True
train,203_2.jpg,images/203_2.jpg,203,224,224,True,False,True
train,203_3.jpg,images/203_3.jpg,203,224,224,True,False,True
train,203_4.jpg,images/203_4.jpg,203,224,224,True,False,True
train,203_5.jpg,images/203_5.jpg,203,224,224,True,False,True
train,203_6.jpg,images/203_6.jpg,203,224,224,True,False,True
train,203_7.jpg,images/203_7.jpg,203,224,224,True,False,True
train,204_1.jpg,images/204_1.jpg,204,224,224,True,False,True
train,204_2.jpg,images/204_2.jpg,204,224,224,True,False,True
train,204_3.jpg,images/204_3.jpg,204,224,224,True,False,True
train,204_4.jpg,images/204_4.jpg,204,224,224,True,False,True
train,204_5.jpg,images/204_5.jpg,204,224,224,True,False,True
train,204_6.jpg,images/204_6.jpg,204,224,224,True,False,True
train,205_1.jpg,images/205_1.jpg,205,224,224,True,False,True
train,205_2.jpg,images/205_2.jpg,205,224,224,True,False,True
train,205_3.jpg,images/205_3.jpg,205,224,224,True,False,True
train,205_4.jpg,images/205_4.jpg,205,224,224,True,False,True
train,206_1.jpg,images/206_1.jpg,206,224,224,True,False,True
train,206_2.jpg,images/206_2.jpg,206,224,224,True,False,True
train,206_3.jpg,images/206_3.jpg,206,224,224,True,False,True
train,206_4.jpg,images/206_4.jpg,206,224,224,True,False,True
train,206_5.jpg,images/206_5.jpg,206,224,224,True,False,True
train,206_6.jpg,images/206_6.jpg,206,224,224,True,False,True
train,206_7.jpg,images/206_7.jpg,206,224,224,True,False,True
train,206_8.jpg,images/206_8.jpg,206,224,224,True,False,True
train,206_9.jpg,images/206_9.jpg,206,224,224,True,False,True
train,206_10.jpg,images/206_10.jpg,206,224,224,True,False,True
train,206_11.jpg,images/206_11.jpg,206,224,224,True,False,True
train,206_12.jpg,images/206_12.jpg,206,224,224,True,False,True
train,206_13.jpg,images/206_13.jpg,206,224,224,True,False,True
train,206_14.jpg,images/206_14.jpg,206,224,224,True,False,True
train,206_15.jpg,images/206_15.jpg,206,224,224,True,False,True
test,207_1.jpg,images/207_1.jpg,207,224,224,True,False,True
test,207_2.jpg,images/207_2.jpg,207,224,224,True,False,True
test,207_3.jpg,images/207_3.jpg,207,224,224,True,False,True
test,207_4.jpg,images/207_4.jpg,207,224,224,True,False,True
test,207_5.jpg,images/207_5.jpg,207,224,224,True,False,True
test,207_6.jpg,images/207_6.jpg,207,224,224,True,False,True
train,208_1.jpg,images/208_1.jpg,208,224,224,True,False,True
train,208_2.jpg,images/208_2.jpg,208,224,224,True,False,True
train,208_3.jpg,images/208_3.jpg,208,224,224,True,False,True
train,208_4.jpg,images/208_4.jpg,208,224,224,True,False,True
train,208_5.jpg,images/208_5.jpg,208,224,224,True,False,True
train,208_6.jpg,images/208_6.jpg,208,224,224,True,False,True
train,209_1.jpg,images/209_1.jpg,209,224,224,True,False,True
train,209_2.jpg,images/209_2.jpg,209,224,224,True,False,True
train,209_3.jpg,images/209_3.jpg,209,224,224,True,False,True
train,209_4.jpg,images/209_4.jpg,209,224,224,True,False,True
train,209_5.jpg,images/209_5.jpg,209,224,224,True,False,True
train,210_1.jpg,images/210_1.jpg,210,224,224,True,False,True
train,210_2.jpg,images/210_2.jpg,210,224,224,True,False,True
train,210_3.jpg,images/210_3.jpg,210,224,224,True,False,True
train,210_4.jpg,images/210_4.jpg,210,224,224,True,False,True
train,210_5.jpg,images/210_5.jpg,210,224,224,True,False,True
train,211_1.jpg,images/211_1.jpg,211,224,224,True,False,True
train,211_2.jpg,images/211_2.jpg,211,224,224,True,False,True
train,211_3.jpg,images/211_3.jpg,211,224,224,True,False,True
train,211_4.jpg,images/211_4.jpg,211,224,224,True,False,True
train,211_5.jpg,images/211_5.jpg,211,224,224,True,False,True
train,212_1.jpg,images/212_1.jpg,212,224,224,True,False,True
train,212_2.jpg,images/212_2.jpg,212,224,224,True,False,True
train,212_3.jpg,images/212_3.jpg,212,224,224,True,False,True
train,212_4.jpg,images/212_4.jpg,212,224,224,True,False,True
train,212_5.jpg,images/212_5.jpg,212,224,224,True,False,True
train,212_6.jpg,images/212_6.jpg,212,224,224,True,False,True
train,213_1.jpg,images/213_1.jpg,213,224,224,True,False,True
train,213_2.jpg,images/213_2.jpg,213,224,224,True,False,True
train,213_3.jpg,images/213_3.jpg,213,224,224,True,False,True
train,213_4.jpg,images/213_4.jpg,213,224,224,True,False,True
train,213_5.jpg,images/213_5.jpg,213,224,224,True,False,True
train,213_6.jpg,images/213_6.jpg,213,224,224,True,False,True
test,214_1.jpg,images/214_1.jpg,214,224,224,True,False,True
test,214_2.jpg,images/214_2.jpg,214,224,224,True,False,True
test,214_3.jpg,images/214_3.jpg,214,224,224,True,False,True
test,214_4.jpg,images/214_4.jpg,214,224,224,True,False,True
test,214_5.jpg,images/214_5.jpg,214,224,224,True,False,True
test,214_6.jpg,images/214_6.jpg,214,224,224,True,False,True
test,214_7.jpg,images/214_7.jpg,214,224,224,True,False,True
test,214_8.jpg,images/214_8.jpg,214,224,224,True,False,True
train,215_1.jpg,images/215_1.jpg,215,224,224,True,False,True
train,215_2.jpg,images/215_2.jpg,215,224,224,True,False,True
train,215_3.jpg,images/215_3.jpg,215,224,224,True,False,True
train,215_4.jpg,images/215_4.jpg,215,224,224,True,False,True
train,215_5.jpg,images/215_5.jpg,215,224,224,True,False,True
train,216_1.jpg,images/216_1.jpg,216,224,224,True,False,True
train,216_2.jpg,images/216_2.jpg,216,224,224,True,False,True
train,216_3.jpg,images/216_3.jpg,216,224,224,True,False,True
train,216_4.jpg,images/216_4.jpg,216,224,224,True,False,True
train,216_5.jpg,images/216_5.jpg,216,224,224,True,False,True
train,217_1.jpg,images/217_1.jpg,217,224,224,True,False,True
train,217_2.jpg,images/217_2.jpg,217,224,224,True,False,True
train,217_3.jpg,images/217_3.jpg,217,224,224,True,False,True
train,217_4.jpg,images/217_4.jpg,217,224,224,True,False,True
train,217_5.jpg,images/217_5.jpg,217,224,224,True,False,True
train,217_6.jpg,images/217_6.jpg,217,224,224,True,False,True
train,218_1.jpg,images/218_1.jpg,218,224,224,True,False,True
train,218_2.jpg,images/218_2.jpg,218,224,224,True,False,True
train,218_3.jpg,images/218_3.jpg,218,224,224,True,False,True
train,218_4.jpg,images/218_4.jpg,218,224,224,True,False,True
train,218_5.jpg,images/218_5.jpg,218,224,224,True,False,True
train,218_6.jpg,images/218_6.jpg,218,224,224,True,False,True
train,219_1.jpg,images/219_1.jpg,219,224,224,True,False,True
train,219_2.jpg,images/219_2.jpg,219,224,224,True,False,True
train,219_3.jpg,images/219_3.jpg,219,224,224,True,False,True
train,219_4.jpg,images/219_4.jpg,219,224,224,True,False,True
train,219_5.jpg,images/219_5.jpg,219,224,224,True,False,True
test,220_1.jpg,images/220_1.jpg,220,224,224,True,False,True
test,220_2.jpg,images/220_2.jpg,220,224,224,True,False,True
test,220_3.jpg,images/220_3.jpg,220,224,224,True,False,True
test,220_4.jpg,images/220_4.jpg,220,224,224,True,False,True
test,220_5.jpg,images/220_5.jpg,220,224,224,True,False,True
test,220_6.jpg,images/220_6.jpg,220,224,224,True,False,True
train,221_1.jpg,images/221_1.jpg,221,224,224,True,False,True
train,221_2.jpg,images/221_2.jpg,221,224,224,True,False,True
train,221_3.jpg,images/221_3.jpg,221,224,224,True,False,True
train,221_4.jpg,images/221_4.jpg,221,224,224,True,False,True
train,221_5.jpg,images/221_5.jpg,221,224,224,True,False,True
train,221_6.jpg,images/221_6.jpg,221,224,224,True,False,True
test,222_1.jpg,images/222_1.jpg,222,224,224,True,False,True
test,222_2.jpg,images/222_2.jpg,222,224,224,True,False,True
test,222_3.jpg,images/222_3.jpg,222,224,224,True,False,True
test,222_4.jpg,images/222_4.jpg,222,224,224,True,False,True
test,222_5.jpg,images/222_5.jpg,222,224,224,True,False,True
test,222_6.jpg,images/222_6.jpg,222,224,224,True,False,True
train,223_1.jpg,images/223_1.jpg,223,224,224,True,False,True
train,223_2.jpg,images/223_2.jpg,223,224,224,True,False,True
train,223_3.jpg,images/223_3.jpg,223,224,224,True,False,True
train,223_4.jpg,images/223_4.jpg,223,224,224,True,False,True
train,223_5.jpg,images/223_5.jpg,223,224,224,True,False,True
train,224_1.jpg,images/224_1.jpg,224,224,224,True,False,True
train,224_2.jpg,images/224_2.jpg,224,224,224,True,False,True
train,224_3.jpg,images/224_3.jpg,224,224,224,True,False,True
train,224_4.jpg,images/224_4.jpg,224,224,224,True,False,True
train,224_5.jpg,images/224_5.jpg,224,224,224,True,False,True
train,225_1.jpg,images/225_1.jpg,225,224,224,True,False,True
train,225_2.jpg,images/225_2.jpg,225,224,224,True,False,True
train,225_3.jpg,images/225_3.jpg,225,224,224,True,False,True
train,225_4.jpg,images/225_4.jpg,225,224,224,True,False,True
train,225_5.jpg,images/225_5.jpg,225,224,224,True,False,True
train,226_1.jpg,images/226_1.jpg,226,224,224,True,False,True
train,226_2.jpg,images/226_2.jpg,226,224,224,True,False,True
train,226_3.jpg,images/226_3.jpg,226,224,224,True,False,True
train,226_4.jpg,images/226_4.jpg,226,224,224,True,False,True
train,226_5.jpg,images/226_5.jpg,226,224,224,True,False,True
train,226_6.jpg,images/226_6.jpg,226,224,224,True,False,True
train,226_7.jpg,images/226_7.jpg,226,224,224,True,False,True
train,227_1.jpg,images/227_1.jpg,227,224,224,True,False,True
train,227_2.jpg,images/227_2.jpg,227,224,224,True,False,True
train,227_3.jpg,images/227_3.jpg,227,224,224,True,False,True
train,227_4.jpg,images/227_4.jpg,227,224,224,True,False,True
train,227_5.jpg,images/227_5.jpg,227,224,224,True,False,True
train,227_6.jpg,images/227_6.jpg,227,224,224,True,False,True
train,227_7.jpg,images/227_7.jpg,227,224,224,True,False,True
train,228_1.jpg,images/228_1.jpg,228,224,224,True,False,True
train,228_2.jpg,images/228_2.jpg,228,224,224,True,False,True
train,228_3.jpg,images/228_3.jpg,228,224,224,True,False,True
train,228_4.jpg,images/228_4.jpg,228,224,224,True,False,True
train,228_5.jpg,images/228_5.jpg,228,224,224,True,False,True
train,228_6.jpg,images/228_6.jpg,228,224,224,True,False,True
train,228_7.jpg,images/228_7.jpg,228,224,224,True,False,True
train,229_1.jpg,images/229_1.jpg,229,224,224,True,False,True
train,229_2.jpg,images/229_2.jpg,229,224,224,True,False,True
train,229_3.jpg,images/229_3.jpg,229,224,224,True,False,True
train,229_4.jpg,images/229_4.jpg,229,224,224,True,False,True
train,229_5.jpg,images/229_5.jpg,229,224,224,True,False,True
train,229_6.jpg,images/229_6.jpg,229,224,224,True,False,True
train,230_1.jpg,images/230_1.jpg,230,224,224,True,False,True
train,230_2.jpg,images/230_2.jpg,230,224,224,True,False,True
train,230_3.jpg,images/230_3.jpg,230,224,224,True,False,True
train,230_4.jpg,images/230_4.jpg,230,224,224,True,False,True
test,231_1.jpg,images/231_1.jpg,231,224,224,True,False,True
test,231_2.jpg,images/231_2.jpg,231,224,224,True,False,True
test,231_3.jpg,images/231_3.jpg,231,224,224,True,False,True
test,231_4.jpg,images/231_4.jpg,231,224,224,True,False,True
test,231_5.jpg,images/231_5.jpg,231,224,224,True,False,True
test,231_6.jpg,images/231_6.jpg,231,224,224,True,False,True
train,232_1.jpg,images/232_1.jpg,232,224,224,True,False,True
train,232_2.jpg,images/232_2.jpg,232,224,224,True,False,True
train,232_3.jpg,images/232_3.jpg,232,224,224,True,False,True
train,232_4.jpg,images/232_4.jpg,232,224,224,True,False,True
train,232_5.jpg,images/232_5.jpg,232,224,224,True,False,True
train,233_1.jpg,images/233_1.jpg,233,224,224,True,False,True
train,233_2.jpg,images/233_2.jpg,233,224,224,True,False,True
train,233_3.jpg,images/233_3.jpg,233,224,224,True,False,True
train,233_4.jpg,images/233_4.jpg,233,224,224,True,False,True
train,233_5.jpg,images/233_5.jpg,233,224,224,True,False,True
train,233_6.jpg,images/233_6.jpg,233,224,224,True,False,True
train,234_1.jpg,images/234_1.jpg,234,224,224,True,False,True
train,234_2.jpg,images/234_2.jpg,234,224,224,True,False,True
train,234_3.jpg,images/234_3.jpg,234,224,224,True,False,True
train,234_4.jpg,images/234_4.jpg,234,224,224,True,False,True
test,235_1.jpg,images/235_1.jpg,235,224,224,True,False,True
test,235_2.jpg,images/235_2.jpg,235,224,224,True,False,True
test,235_3.jpg,images/235_3.jpg,235,224,224,True,False,True
test,235_4.jpg,images/235_4.jpg,235,224,224,True,False,True
test,235_5.jpg,images/235_5.jpg,235,224,224,True,False,True
train,236_1.jpg,images/236_1.jpg,236,224,224,True,False,True
train,236_2.jpg,images/236_2.jpg,236,224,224,True,False,True
train,236_3.jpg,images/236_3.jpg,236,224,224,True,False,True
train,236_4.jpg,images/236_4.jpg,236,224,224,True,False,True
train,236_5.jpg,images/236_5.jpg,236,224,224,True,False,True
train,236_6.jpg,images/236_6.jpg,236,224,224,True,False,True
test,237_1.jpg,images/237_1.jpg,237,224,224,True,False,True
test,237_2.jpg,images/237_2.jpg,237,224,224,True,False,True
test,237_3.jpg,images/237_3.jpg,237,224,224,True,False,True
test,237_4.jpg,images/237_4.jpg,237,224,224,True,False,True
test,237_5.jpg,images/237_5.jpg,237,224,224,True,False,True
test,237_6.jpg,images/237_6.jpg,237,224,224,True,False,True
test,238_1.jpg,images/238_1.jpg,238,224,224,True,False,True
test,238_2.jpg,images/238_2.jpg,238,224,224,True,False,True
test,238_3.jpg,images/238_3.jpg,238,224,224,True,False,True
test,238_4.jpg,images/238_4.jpg,238,224,224,True,False,True
test,238_5.jpg,images/238_5.jpg,238,224,224,True,False,True
test,238_6.jpg,images/238_6.jpg,238,224,224,True,False,True
test,238_7.jpg,images/238_7.jpg,238,224,224,True,False,True
test,238_8.jpg,images/238_8.jpg,238,224,224,True,False,True
test,238_9.jpg,images/238_9.jpg,238,224,224,True,False,True
test,238_10.jpg,images/238_10.jpg,238,224,224,True,False,True
test,238_11.jpg,images/238_11.jpg,238,224,224,True,False,True
test,238_12.jpg,images/238_12.jpg,238,224,224,True,False,True
test,238_13.jpg,images/238_13.jpg,238,224,224,True,False,True
test,238_14.jpg,images/238_14.jpg,238,224,224,True,False,True
test,238_15.jpg,images/238_15.jpg,238,224,224,True,False,True
test,238_16.jpg,images/238_16.jpg,238,224,224,True,False,True
test,238_17.jpg,images/238_17.jpg,238,224,224,True,False,True
test,238_18.jpg,images/238_18.jpg,238,224,224,True,False,True
test,238_19.jpg,images/238_19.jpg,238,224,224,True,False,True
test,238_20.jpg,images/238_20.jpg,238,224,224,True,False,True
test,238_21.jpg,images/238_21.jpg,238,224,224,True,False,True
test,238_22.jpg,images/238_22.jpg,238,224,224,True,False,True
test,238_23.jpg,images/238_23.jpg,238,224,224,True,False,True
test,238_24.jpg,images/238_24.jpg,238,224,224,True,False,True
test,238_25.jpg,images/238_25.jpg,238,224,224,True,False,True
test,238_26.jpg,images/238_26.jpg,238,224,224,True,False,True
test,238_27.jpg,images/238_27.jpg,238,224,224,True,False,True
test,238_28.jpg,images/238_28.jpg,238,224,224,True,False,True
train,239_1.jpg,images/239_1.jpg,239,224,224,True,False,True
train,239_2.jpg,images/239_2.jpg,239,224,224,True,False,True
train,239_3.jpg,images/239_3.jpg,239,224,224,True,False,True
train,239_4.jpg,images/239_4.jpg,239,224,224,True,False,True
train,239_5.jpg,images/239_5.jpg,239,224,224,True,False,True
train,240_1.jpg,images/240_1.jpg,240,224,224,True,False,True
train,240_2.jpg,images/240_2.jpg,240,224,224,True,False,True
train,240_3.jpg,images/240_3.jpg,240,224,224,True,False,True
train,240_4.jpg,images/240_4.jpg,240,224,224,True,False,True
train,240_5.jpg,images/240_5.jpg,240,224,224,True,False,True
train,240_6.jpg,images/240_6.jpg,240,224,224,True,False,True
train,240_7.jpg,images/240_7.jpg,240,224,224,True,False,True
train,240_8.jpg,images/240_8.jpg,240,224,224,True,False,True
train,241_1.jpg,images/241_1.jpg,241,224,224,True,False,True
train,241_2.jpg,images/241_2.jpg,241,224,224,True,False,True
train,241_3.jpg,images/241_3.jpg,241,224,224,True,False,True
train,241_4.jpg,images/241_4.jpg,241,224,224,True,False,True
train,242_1.jpg,images/242_1.jpg,242,224,224,True,False,True
train,242_2.jpg,images/242_2.jpg,242,224,224,True,False,True
train,242_3.jpg,images/242_3.jpg,242,224,224,True,False,True
train,242_4.jpg,images/242_4.jpg,242,224,224,True,False,True
train,242_5.jpg,images/242_5.jpg,242,224,224,True,False,True
train,242_6.jpg,images/242_6.jpg,242,224,224,True,False,True
test,243_1.jpg,images/243_1.jpg,243,224,224,True,False,True
test,243_2.jpg,images/243_2.jpg,243,224,224,True,False,True
test,243_3.jpg,images/243_3.jpg,243,224,224,True,False,True
test,243_4.jpg,images/243_4.jpg,243,224,224,True,False,True
test,243_5.jpg,images/243_5.jpg,243,224,224,True,False,True
train,244_1.jpg,images/244_1.jpg,244,224,224,True,False,True
train,244_2.jpg,images/244_2.jpg,244,224,224,True,False,True
train,244_3.jpg,images/244_3.jpg,244,224,224,True,False,True
train,244_4.jpg,images/244_4.jpg,244,224,224,True,False,True
train,244_5.jpg,images/244_5.jpg,244,224,224,True,False,True
train,244_6.jpg,images/244_6.jpg,244,224,224,True,False,True
train,245_1.jpg,images/245_1.jpg,245,224,224,True,False,True
train,245_2.jpg,images/245_2.jpg,245,224,224,True,False,True
train,245_3.jpg,images/245_3.jpg,245,224,224,True,False,True
train,245_4.jpg,images/245_4.jpg,245,224,224,True,False,True
train,245_5.jpg,images/245_5.jpg,245,224,224,True,False,True
train,246_1.jpg,images/246_1.jpg,246,224,224,True,False,True
train,246_2.jpg,images/246_2.jpg,246,224,224,True,False,True
train,246_3.jpg,images/246_3.jpg,246,224,224,True,False,True
train,246_4.jpg,images/246_4.jpg,246,224,224,True,False,True
train,246_5.jpg,images/246_5.jpg,246,224,224,True,False,True
train,247_1.jpg,images/247_1.jpg,247,224,224,True,False,True
train,247_2.jpg,images/247_2.jpg,247,224,224,True,False,True
train,247_3.jpg,images/247_3.jpg,247,224,224,True,False,True
train,247_4.jpg,images/247_4.jpg,247,224,224,True,False,True
train,247_5.jpg,images/247_5.jpg,247,224,224,True,False,True
train,247_6.jpg,images/247_6.jpg,247,224,224,True,False,True
train,248_1.jpg,images/248_1.jpg,248,224,224,True,False,True
train,248_2.jpg,images/248_2.jpg,248,224,224,True,False,True
train,248_3.jpg,images/248_3.jpg,248,224,224,True,False,True
train,248_4.jpg,images/248_4.jpg,248,224,224,True,False,True
train,248_5.jpg,images/248_5.jpg,248,224,224,True,False,True
train,248_6.jpg,images/248_6.jpg,248,224,224,True,False,True
train,249_1.jpg,images/249_1.jpg,249,224,224,True,False,True
train,249_2.jpg,images/249_2.jpg,249,224,224,True,False,True
train,249_3.jpg,images/249_3.jpg,249,224,224,True,False,True
train,249_4.jpg,images/249_4.jpg,249,224,224,True,False,True
train,249_5.jpg,images/249_5.jpg,249,224,224,True,False,True
train,249_6.jpg,images/249_6.jpg,249,224,224,True,False,True
train,249_7.jpg,images/249_7.jpg,249,224,224,True,False,True
train,249_8.jpg,images/249_8.jpg,249,224,224,True,False,True
train,249_9.jpg,images/249_9.jpg,249,224,224,True,False,True
train,249_10.jpg,images/249_10.jpg,249,224,224,True,False,True
train,249_11.jpg,images/249_11.jpg,249,224,224,True,False,True
train,249_12.jpg,images/249_12.jpg,249,224,224,True,False,True
train,249_13.jpg,images/249_13.jpg,249,224,224,True,False,True
train,249_14.jpg,images/249_14.jpg,249,224,224,True,False,True
train,249_15.jpg,images/249_15.jpg,249,224,224,True,False,True
train,249_16.jpg,images/249_16.jpg,249,224,224,True,False,True
train,249_17.jpg,images/249_17.jpg,249,224,224,True,False,True
train,249_18.jpg,images/249_18.jpg,249,224,224,True,False,True
train,249_19.jpg,images/249_19.jpg,249,224,224,True,False,True
train,250_1.jpg,images/250_1.jpg,250,224,224,True,False,True
train,250_2.jpg,images/250_2.jpg,250,224,224,True,False,True
train,250_3.jpg,images/250_3.jpg,250,224,224,True,False,True
train,250_4.jpg,images/250_4.jpg,250,224,224,True,False,True
train,250_5.jpg,images/250_5.jpg,250,224,224,True,False,True
train,251_1.jpg,images/251_1.jpg,251,224,224,True,False,True
train,251_2.jpg,images/251_2.jpg,251,224,224,True,False,True
train,251_3.jpg,images/251_3.jpg,251,224,224,True,False,True
train,251_4.jpg,images/251_4.jpg,251,224,224,True,False,True
train,251_5.jpg,images/251_5.jpg,251,224,224,True,False,True
train,251_6.jpg,images/251_6.jpg,251,224,224,True,False,True
train,252_1.jpg,images/252_1.jpg,252,224,224,True,False,True
train,252_2.jpg,images/252_2.jpg,252,224,224,True,False,True
train,252_3.jpg,images/252_3.jpg,252,224,224,True,False,True
train,253_1.jpg,images/253_1.jpg,253,224,224,True,False,True
train,253_2.jpg,images/253_2.jpg,253,224,224,True,False,True
train,253_3.jpg,images/253_3.jpg,253,224,224,True,False,True
train,253_4.jpg,images/253_4.jpg,253,224,224,True,False,True
train,253_5.jpg,images/253_5.jpg,253,224,224,True,False,True
train,253_6.jpg,images/253_6.jpg,253,224,224,True,False,True
train,254_1.jpg,images/254_1.jpg,254,224,224,True,False,True
train,254_2.jpg,images/254_2.jpg,254,224,224,True,False,True
train,254_3.jpg,images/254_3.jpg,254,224,224,True,False,True
train,254_4.jpg,images/254_4.jpg,254,224,224,True,False,True
train,254_5.jpg,images/254_5.jpg,254,224,224,True,False,True
train,255_1.jpg,images/255_1.jpg,255,224,224,True,False,True
train,255_2.jpg,images/255_2.jpg,255,224,224,True,False,True
train,255_3.jpg,images/255_3.jpg,255,224,224,True,False,True
train,255_4.jpg,images/255_4.jpg,255,224,224,True,False,True
train,255_5.jpg,images/255_5.jpg,255,224,224,True,False,True
train,255_6.jpg,images/255_6.jpg,255,224,224,True,False,True
train,256_1.jpg,images/256_1.jpg,256,224,224,True,False,True
train,256_2.jpg,images/256_2.jpg,256,224,224,True,False,True
train,256_3.jpg,images/256_3.jpg,256,224,224,True,False,True
train,256_4.jpg,images/256_4.jpg,256,224,224,True,False,True
train,256_5.jpg,images/256_5.jpg,256,224,224,True,False,True
train,256_6.jpg,images/256_6.jpg,256,224,224,True,False,True
train,257_1.jpg,images/257_1.jpg,257,224,224,True,False,True
train,257_2.jpg,images/257_2.jpg,257,224,224,True,False,True
train,257_3.jpg,images/257_3.jpg,257,224,224,True,False,True
train,257_4.jpg,images/257_4.jpg,257,224,224,True,False,True
train,257_5.jpg,images/257_5.jpg,257,224,224,True,False,True
train,257_6.jpg,images/257_6.jpg,257,224,224,True,False,True
train,258_1.jpg,images/258_1.jpg,258,224,224,True,False,True
train,258_2.jpg,images/258_2.jpg,258,224,224,True,False,True
train,258_3.jpg,images/258_3.jpg,258,224,224,True,False,True
train,258_4.jpg,images/258_4.jpg,258,224,224,True,False,True
train,258_5.jpg,images/258_5.jpg,258,224,224,True,False,True
train,259_1.jpg,images/259_1.jpg,259,224,224,True,False,True
train,259_2.jpg,images/259_2.jpg,259,224,224,True,False,True
train,259_3.jpg,images/259_3.jpg,259,224,224,True,False,True
train,259_4.jpg,images/259_4.jpg,259,224,224,True,False,True
train,259_5.jpg,images/259_5.jpg,259,224,224,True,False,True
train,260_1.jpg,images/260_1.jpg,260,224,224,True,False,True
train,260_2.jpg,images/260_2.jpg,260,224,224,True,False,True
train,260_3.jpg,images/260_3.jpg,260,224,224,True,False,True
train,260_4.jpg,images/260_4.jpg,260,224,224,True,False,True
train,260_5.jpg,images/260_5.jpg,260,224,224,True,False,True
train,260_6.jpg,images/260_6.jpg,260,224,224,True,False,True
train,260_7.jpg,images/260_7.jpg,260,224,224,True,False,True
train,261_1.jpg,images/261_1.jpg,261,224,224,True,False,True
train,261_2.jpg,images/261_2.jpg,261,224,224,True,False,True
train,261_3.jpg,images/261_3.jpg,261,224,224,True,False,True
train,261_4.jpg,images/261_4.jpg,261,224,224,True,False,True
train,261_5.jpg,images/261_5.jpg,261,224,224,True,False,True
train,261_6.jpg,images/261_6.jpg,261,224,224,True,False,True
train,262_1.jpg,images/262_1.jpg,262,224,224,True,False,True
train,262_2.jpg,images/262_2.jpg,262,224,224,True,False,True
train,262_3.jpg,images/262_3.jpg,262,224,224,True,False,True
train,262_4.jpg,images/262_4.jpg,262,224,224,True,False,True
train,262_5.jpg,images/262_5.jpg,262,224,224,True,False,True
train,263_1.jpg,images/263_1.jpg,263,224,224,True,False,True
train,263_2.jpg,images/263_2.jpg,263,224,224,True,False,True
train,264_1.jpg,images/264_1.jpg,264,224,224,True,False,True
train,264_2.jpg,images/264_2.jpg,264,224,224,True,False,True
train,264_3.jpg,images/264_3.jpg,264,224,224,True,False,True
train,264_4.jpg,images/264_4.jpg,264,224,224,True,False,True
train,264_5.jpg,images/264_5.jpg,264,224,224,True,False,True
train,264_6.jpg,images/264_6.jpg,264,224,224,True,False,True
train,265_1.jpg,images/265_1.jpg,265,224,224,True,False,True
train,265_2.jpg,images/265_2.jpg,265,224,224,True,False,True
train,265_3.jpg,images/265_3.jpg,265,224,224,True,False,True
train,265_4.jpg,images/265_4.jpg,265,224,224,True,False,True
train,266_1.jpg,images/266_1.jpg,266,224,224,True,False,True
train,266_2.jpg,images/266_2.jpg,266,224,224,True,False,True
train,266_3.jpg,images/266_3.jpg,266,224,224,True,False,True
train,266_4.jpg,images/266_4.jpg,266,224,224,True,False,True
train,266_5.jpg,images/266_5.jpg,266,224,224,True,False,True
train,266_6.jpg,images/266_6.jpg,266,224,224,True,False,True
train,267_1.jpg,images/267_1.jpg,267,224,224,True,False,True
train,267_2.jpg,images/267_2.jpg,267,224,224,True,False,True
train,267_3.jpg,images/267_3.jpg,267,224,224,True,False,True
train,267_4.jpg,images/267_4.jpg,267,224,224,True,False,True
train,267_5.jpg,images/267_5.jpg,267,224,224,True,False,True
train,267_6.jpg,images/267_6.jpg,267,224,224,True,False,True
train,268_1.jpg,images/268_1.jpg,268,224,224,True,False,True
train,268_2.jpg,images/268_2.jpg,268,224,224,True,False,True
train,268_3.jpg,images/268_3.jpg,268,224,224,True,False,True
train,268_4.jpg,images/268_4.jpg,268,224,224,True,False,True
train,268_5.jpg,images/268_5.jpg,268,224,224,True,False,True
train,268_6.jpg,images/268_6.jpg,268,224,224,True,False,True
test,269_1.jpg,images/269_1.jpg,269,224,224,True,False,True
test,269_2.jpg,images/269_2.jpg,269,224,224,True,False,True
test,269_3.jpg,images/269_3.jpg,269,224,224,True,False,True
test,269_4.jpg,images/269_4.jpg,269,224,224,True,False,True
train,270_1.jpg,images/270_1.jpg,270,224,224,True,False,True
train,270_2.jpg,images/270_2.jpg,270,224,224,True,False,True
train,270_3.jpg,images/270_3.jpg,270,224,224,True,False,True
train,270_4.jpg,images/270_4.jpg,270,224,224,True,False,True
train,270_5.jpg,images/270_5.jpg,270,224,224,True,False,True
train,270_6.jpg,images/270_6.jpg,270,224,224,True,False,True
train,271_1.jpg,images/271_1.jpg,271,224,224,True,False,True
train,271_2.jpg,images/271_2.jpg,271,224,224,True,False,True
train,271_3.jpg,images/271_3.jpg,271,224,224,True,False,True
train,271_4.jpg,images/271_4.jpg,271,224,224,True,False,True
test,272_1.jpg,images/272_1.jpg,272,224,224,True,False,True
test,272_2.jpg,images/272_2.jpg,272,224,224,True,False,True
test,272_3.jpg,images/272_3.jpg,272,224,224,True,False,True
test,272_4.jpg,images/272_4.jpg,272,224,224,True,False,True
test,272_5.jpg,images/272_5.jpg,272,224,224,True,False,True
test,272_6.jpg,images/272_6.jpg,272,224,224,True,False,True
train,273_1.jpg,images/273_1.jpg,273,224,224,True,False,True
train,273_2.jpg,images/273_2.jpg,273,224,224,True,False,True
train,273_3.jpg,images/273_3.jpg,273,224,224,True,False,True
train,273_4.jpg,images/273_4.jpg,273,224,224,True,False,True
train,273_5.jpg,images/273_5.jpg,273,224,224,True,False,True
train,273_6.jpg,images/273_6.jpg,273,224,224,True,False,True
train,274_1.jpg,images/274_1.jpg,274,224,224,True,False,True
train,274_2.jpg,images/274_2.jpg,274,224,224,True,False,True
train,274_3.jpg,images/274_3.jpg,274,224,224,True,False,True
train,275_1.jpg,images/275_1.jpg,275,224,224,True,False,True
train,275_2.jpg,images/275_2.jpg,275,224,224,True,False,True
train,275_3.jpg,images/275_3.jpg,275,224,224,True,False,True
train,276_1.jpg,images/276_1.jpg,276,224,224,True,False,True
train,276_2.jpg,images/276_2.jpg,276,224,224,True,False,True
train,276_3.jpg,images/276_3.jpg,276,224,224,True,False,True
train,276_4.jpg,images/276_4.jpg,276,224,224,True,False,True
train,276_5.jpg,images/276_5.jpg,276,224,224,True,False,True
train,277_1.jpg,images/277_1.jpg,277,224,224,True,False,True
train,277_2.jpg,images/277_2.jpg,277,224,224,True,False,True
train,277_3.jpg,images/277_3.jpg,277,224,224,True,False,True
train,277_4.jpg,images/277_4.jpg,277,224,224,True,False,True
train,277_5.jpg,images/277_5.jpg,277,224,224,True,False,True
train,278_1.jpg,images/278_1.jpg,278,224,224,True,False,True
train,278_2.jpg,images/278_2.jpg,278,224,224,True,False,True
train,278_3.jpg,images/278_3.jpg,278,224,224,True,False,True
train,278_4.jpg,images/278_4.jpg,278,224,224,True,False,True
train,279_1.jpg,images/279_1.jpg,279,224,224,True,False,True
train,279_2.jpg,images/279_2.jpg,279,224,224,True,False,True
train,279_3.jpg,images/279_3.jpg,279,224,224,True,False,True
train,279_4.jpg,images/279_4.jpg,279,224,224,True,False,True
train,279_5.jpg,images/279_5.jpg,279,224,224,True,False,True
train,280_1.jpg,images/280_1.jpg,280,224,224,True,False,True
train,280_2.jpg,images/280_2.jpg,280,224,224,True,False,True
train,280_3.jpg,images/280_3.jpg,280,224,224,True,False,True
train,280_4.jpg,images/280_4.jpg,280,224,224,True,False,True
train,280_5.jpg,images/280_5.jpg,280,224,224,True,False,True
train,281_1.jpg,images/281_1.jpg,281,224,224,True,False,True
train,281_2.jpg,images/281_2.jpg,281,224,224,True,False,True
train,281_3.jpg,images/281_3.jpg,281,224,224,True,False,True
train,281_4.jpg,images/281_4.jpg,281,224,224,True,False,True
train,281_5.jpg,images/281_5.jpg,281,224,224,True,False,True
train,281_6.jpg,images/281_6.jpg,281,224,224,True,False,True
train,282_1.jpg,images/282_1.jpg,282,224,224,True,False,True
train,282_2.jpg,images/282_2.jpg,282,224,224,True,False,True
train,282_3.jpg,images/282_3.jpg,282,224,224,True,False,True
train,283_1.jpg,images/283_1.jpg,283,224,224,True,False,True
train,283_2.jpg,images/283_2.jpg,283,224,224,True,False,True
train,283_3.jpg,images/283_3.jpg,283,224,224,True,False,True
train,283_4.jpg,images/283_4.jpg,283,224,224,True,False,True
train,283_5.jpg,images/283_5.jpg,283,224,224,True,False,True
train,283_6.jpg,images/283_6.jpg,283,224,224,True,False,True
train,284_1.jpg,images/284_1.jpg,284,224,224,True,False,True
train,284_2.jpg,images/284_2.jpg,284,224,224,True,False,True
train,284_3.jpg,images/284_3.jpg,284,224,224,True,False,True
train,284_4.jpg,images/284_4.jpg,284,224,224,True,False,True
train,284_5.jpg,images/284_5.jpg,284,224,224,True,False,True
train,285_1.jpg,images/285_1.jpg,285,224,224,True,False,True
train,285_2.jpg,images/285_2.jpg,285,224,224,True,False,True
train,285_3.jpg,images/285_3.jpg,285,224,224,True,False,True
train,285_4.jpg,images/285_4.jpg,285,224,224,True,False,True
train,285_5.jpg,images/285_5.jpg,285,224,224,True,False,True
train,286_1.jpg,images/286_1.jpg,286,224,224,True,False,True
train,286_2.jpg,images/286_2.jpg,286,224,224,True,False,True
train,286_3.jpg,images/286_3.jpg,286,224,224,True,False,True
train,286_4.jpg,images/286_4.jpg,286,224,224,True,False,True
train,286_5.jpg,images/286_5.jpg,286,224,224,True,False,True
train,287_1.jpg,images/287_1.jpg,287,224,224,True,False,True
train,287_2.jpg,images/287_2.jpg,287,224,224,True,False,True
train,287_3.jpg,images/287_3.jpg,287,224,224,True,False,True
train,287_4.jpg,images/287_4.jpg,287,224,224,True,False,True
train,287_5.jpg,images/287_5.jpg,287,224,224,True,False,True
train,288_1.jpg,images/288_1.jpg,288,224,224,True,False,True
train,288_2.jpg,images/288_2.jpg,288,224,224,True,False,True
train,288_3.jpg,images/288_3.jpg,288,224,224,True,False,True
train,288_4.jpg,images/288_4.jpg,288,224,224,True,False,True
train,288_5.jpg,images/288_5.jpg,288,224,224,True,False,True
train,288_6.jpg,images/288_6.jpg,288,224,224,True,False,True
train,289_1.jpg,images/289_1.jpg,289,224,224,True,False,True
train,289_2.jpg,images/289_2.jpg,289,224,224,True,False,True
train,289_3.jpg,images/289_3.jpg,289,224,224,True,False,True
train,289_4.jpg,images/289_4.jpg,289,224,224,True,False,True
train,289_5.jpg,images/289_5.jpg,289,224,224,True,False,True
train,289_6.jpg,images/289_6.jpg,289,224,224,True,False,True
train,290_1.jpg,images/290_1.jpg,290,224,224,True,False,True
train,290_2.jpg,images/290_2.jpg,290,224,224,True,False,True
train,290_3.jpg,images/290_3.jpg,290,224,224,True,False,True
train,290_4.jpg,images/290_4.jpg,290,224,224,True,False,True
train,290_5.jpg,images/290_5.jpg,290,224,224,True,False,True
train,290_6.jpg,images/290_6.jpg,290,224,224,True,False,True
train,291_1.jpg,images/291_1.jpg,291,224,224,True,False,True
train,291_2.jpg,images/291_2.jpg,291,224,224,True,False,True
train,291_3.jpg,images/291_3.jpg,291,224,224,True,False,True
train,291_4.jpg,images/291_4.jpg,291,224,224,True,False,True
train,291_5.jpg,images/291_5.jpg,291,224,224,True,False,True
train,292_1.jpg,images/292_1.jpg,292,224,224,True,False,True
train,292_2.jpg,images/292_2.jpg,292,224,224,True,False,True
train,292_3.jpg,images/292_3.jpg,292,224,224,True,False,True
train,292_4.jpg,images/292_4.jpg,292,224,224,True,False,True
train,292_5.jpg,images/292_5.jpg,292,224,224,True,False,True
train,293_1.jpg,images/293_1.jpg,293,224,224,True,False,True
train,293_2.jpg,images/293_2.jpg,293,224,224,True,False,True
train,293_3.jpg,images/293_3.jpg,293,224,224,True,False,True
train,293_4.jpg,images/293_4.jpg,293,224,224,True,False,True
train,293_5.jpg,images/293_5.jpg,293,224,224,True,False,True
train,293_6.jpg,images/293_6.jpg,293,224,224,True,False,True
train,294_1.jpg,images/294_1.jpg,294,224,224,True,False,True
train,294_2.jpg,images/294_2.jpg,294,224,224,True,False,True
train,294_3.jpg,images/294_3.jpg,294,224,224,True,False,True
train,294_4.jpg,images/294_4.jpg,294,224,224,True,False,True
train,294_5.jpg,images/294_5.jpg,294,224,224,True,False,True
train,295_1.jpg,images/295_1.jpg,295,224,224,True,False,True
train,295_2.jpg,images/295_2.jpg,295,224,224,True,False,True
train,295_3.jpg,images/295_3.jpg,295,224,224,True,False,True
train,295_4.jpg,images/295_4.jpg,295,224,224,True,False,True
train,295_5.jpg,images/295_5.jpg,295,224,224,True,False,True
train,295_6.jpg,images/295_6.jpg,295,224,224,True,False,True
test,296_1.jpg,images/296_1.jpg,296,224,224,True,False,True
test,296_2.jpg,images/296_2.jpg,296,224,224,True,False,True
test,296_3.jpg,images/296_3.jpg,296,224,224,True,False,True
test,296_4.jpg,images/296_4.jpg,296,224,224,True,False,True
test,296_5.jpg,images/296_5.jpg,296,224,224,True,False,True
test,296_6.jpg,images/296_6.jpg,296,224,224,True,False,True
test,297_1.jpg,images/297_1.jpg,297,224,224,True,False,True
test,297_2.jpg,images/297_2.jpg,297,224,224,True,False,True
test,297_3.jpg,images/297_3.jpg,297,224,224,True,False,True
test,297_4.jpg,images/297_4.jpg,297,224,224,True,False,True
test,297_5.jpg,images/297_5.jpg,297,224,224,True,False,True
test,297_6.jpg,images/297_6.jpg,297,224,224,True,False,True
test,298_1.jpg,images/298_1.jpg,298,224,224,True,False,True
test,298_2.jpg,images/298_2.jpg,298,224,224,True,False,True
test,298_3.jpg,images/298_3.jpg,298,224,224,True,False,True
train,299_1.jpg,images/299_1.jpg,299,224,224,True,False,True
train,299_2.jpg,images/299_2.jpg,299,224,224,True,False,True
train,299_3.jpg,images/299_3.jpg,299,224,224,True,False,True
train,299_4.jpg,images/299_4.jpg,299,224,224,True,False,True
train,299_5.jpg,images/299_5.jpg,299,224,224,True,False,True
train,300_1.jpg,images/300_1.jpg,300,224,224,True,False,True
train,300_2.jpg,images/300_2.jpg,300,224,224,True,False,True
train,300_3.jpg,images/300_3.jpg,300,224,224,True,False,True
train,300_4.jpg,images/300_4.jpg,300,224,224,True,False,True
train,301_1.jpg,images/301_1.jpg,301,224,224,True,False,True
train,301_2.jpg,images/301_2.jpg,301,224,224,True,False,True
train,301_3.jpg,images/301_3.jpg,301,224,224,True,False,True
train,301_4.jpg,images/301_4.jpg,301,224,224,True,False,True
train,301_5.jpg,images/301_5.jpg,301,224,224,True,False,True
train,301_6.jpg,images/301_6.jpg,301,224,224,True,False,True
train,302_1.jpg,images/302_1.jpg,302,224,224,True,False,True
train,302_2.jpg,images/302_2.jpg,302,224,224,True,False,True
train,302_3.jpg,images/302_3.jpg,302,224,224,True,False,True
train,302_4.jpg,images/302_4.jpg,302,224,224,True,False,True
train,302_5.jpg,images/302_5.jpg,302,224,224,True,False,True
train,302_6.jpg,images/302_6.jpg,302,224,224,True,False,True
train,303_1.jpg,images/303_1.jpg,303,224,224,True,False,True
train,303_2.jpg,images/303_2.jpg,303,224,224,True,False,True
train,303_3.jpg,images/303_3.jpg,303,224,224,True,False,True
train,303_4.jpg,images/303_4.jpg,303,224,224,True,False,True
train,303_5.jpg,images/303_5.jpg,303,224,224,True,False,True
train,304_1.jpg,images/304_1.jpg,304,224,224,True,False,True
train,304_2.jpg,images/304_2.jpg,304,224,224,True,False,True
train,304_3.jpg,images/304_3.jpg,304,224,224,True,False,True
train,304_4.jpg,images/304_4.jpg,304,224,224,True,False,True
train,304_5.jpg,images/304_5.jpg,304,224,224,True,False,True
train,304_6.jpg,images/304_6.jpg,304,224,224,True,False,True
train,304_7.jpg,images/304_7.jpg,304,224,224,True,False,True
train,305_1.jpg,images/305_1.jpg,305,224,224,True,False,True
train,305_2.jpg,images/305_2.jpg,305,224,224,True,False,True
train,305_3.jpg,images/305_3.jpg,305,224,224,True,False,True
train,305_4.jpg,images/305_4.jpg,305,224,224,True,False,True
train,305_5.jpg,images/305_5.jpg,305,224,224,True,False,True
train,305_6.jpg,images/305_6.jpg,305,224,224,True,False,True
train,306_1.jpg,images/306_1.jpg,306,224,224,True,False,True
train,306_2.jpg,images/306_2.jpg,306,224,224,True,False,True
train,306_3.jpg,images/306_3.jpg,306,224,224,True,False,True
train,306_4.jpg,images/306_4.jpg,306,224,224,True,False,True
train,306_5.jpg,images/306_5.jpg,306,224,224,True,False,True
train,306_6.jpg,images/306_6.jpg,306,224,224,True,False,True
train,307_1.jpg,images/307_1.jpg,307,224,224,True,False,True
train,307_2.jpg,images/307_2.jpg,307,224,224,True,False,True
train,307_3.jpg,images/307_3.jpg,307,224,224,True,False,True
train,307_4.jpg,images/307_4.jpg,307,224,224,True,False,True
train,308_1.jpg,images/308_1.jpg,308,224,224,True,False,True
train,308_2.jpg,images/308_2.jpg,308,224,224,True,False,True
train,308_3.jpg,images/308_3.jpg,308,224,224,True,False,True
train,308_4.jpg,images/308_4.jpg,308,224,224,True,False,True
train,308_5.jpg,images/308_5.jpg,308,224,224,True,False,True
train,309_1.jpg,images/309_1.jpg,309,224,224,True,False,True
train,309_2.jpg,images/309_2.jpg,309,224,224,True,False,True
train,309_3.jpg,images/309_3.jpg,309,224,224,True,False,True
train,309_4.jpg,images/309_4.jpg,309,224,224,True,False,True
train,309_5.jpg,images/309_5.jpg,309,224,224,True,False,True
train,310_1.jpg,images/310_1.jpg,310,224,224,True,False,True
train,310_2.jpg,images/310_2.jpg,310,224,224,True,False,True
train,310_3.jpg,images/310_3.jpg,310,224,224,True,False,True
train,310_4.jpg,images/310_4.jpg,310,224,224,True,False,True
train,311_1.jpg,images/311_1.jpg,311,224,224,True,False,True
train,311_2.jpg,images/311_2.jpg,311,224,224,True,False,True
train,311_3.jpg,images/311_3.jpg,311,224,224,True,False,True
train,311_4.jpg,images/311_4.jpg,311,224,224,True,False,True
train,311_5.jpg,images/311_5.jpg,311,224,224,True,False,True
train,311_6.jpg,images/311_6.jpg,311,224,224,True,False,True
train,311_7.jpg,images/311_7.jpg,311,224,224,True,False,True
train,311_8.jpg,images/311_8.jpg,311,224,224,True,False,True
train,311_9.jpg,images/311_9.jpg,311,224,224,True,False,True
train,312_1.jpg,images/312_1.jpg,312,224,224,True,False,True
train,312_2.jpg,images/312_2.jpg,312,224,224,True,False,True
train,312_3.jpg,images/312_3.jpg,312,224,224,True,False,True
train,312_4.jpg,images/312_4.jpg,312,224,224,True,False,True
train,312_5.jpg,images/312_5.jpg,312,224,224,True,False,True
train,312_6.jpg,images/312_6.jpg,312,224,224,True,False,True
train,313_1.jpg,images/313_1.jpg,313,224,224,True,False,True
train,313_2.jpg,images/313_2.jpg,313,224,224,True,False,True
train,313_3.jpg,images/313_3.jpg,313,224,224,True,False,True
train,313_4.jpg,images/313_4.jpg,313,224,224,True,False,True
train,313_5.jpg,images/313_5.jpg,313,224,224,True,False,True
train,313_6.jpg,images/313_6.jpg,313,224,224,True,False,True
test,314_1.jpg,images/314_1.jpg,314,224,224,True,False,True
test,314_2.jpg,images/314_2.jpg,314,224,224,True,False,True
test,314_3.jpg,images/314_3.jpg,314,224,224,True,False,True
test,314_4.jpg,images/314_4.jpg,314,224,224,True,False,True
test,314_5.jpg,images/314_5.jpg,314,224,224,True,False,True
test,315_1.jpg,images/315_1.jpg,315,224,224,True,False,True
test,315_2.jpg,images/315_2.jpg,315,224,224,True,False,True
test,315_3.jpg,images/315_3.jpg,315,224,224,True,False,True
test,315_4.jpg,images/315_4.jpg,315,224,224,True,False,True
test,315_5.jpg,images/315_5.jpg,315,224,224,True,False,True
test,315_6.jpg,images/315_6.jpg,315,224,224,True,False,True
test,315_7.jpg,images/315_7.jpg,315,224,224,True,False,True
test,315_8.jpg,images/315_8.jpg,315,224,224,True,False,True
test,315_9.jpg,images/315_9.jpg,315,224,224,True,False,True
test,315_10.jpg,images/315_10.jpg,315,224,224,True,False,True
test,315_11.jpg,images/315_11.jpg,315,224,224,True,False,True
test,315_12.jpg,images/315_12.jpg,315,224,224,True,False,True
test,315_13.jpg,images/315_13.jpg,315,224,224,True,False,True
test,315_14.jpg,images/315_14.jpg,315,224,224,True,False,True
test,315_15.jpg,images/315_15.jpg,315,224,224,True,False,True
test,315_16.jpg,images/315_16.jpg,315,224,224,True,False,True
test,315_17.jpg,images/315_17.jpg,315,224,224,True,False,True
test,315_18.jpg,images/315_18.jpg,315,224,224,True,False,True
test,315_19.jpg,images/315_19.jpg,315,224,224,True,False,True
test,315_20.jpg,images/315_20.jpg,315,224,224,True,False,True
test,315_21.jpg,images/315_21.jpg,315,224,224,True,False,True
test,315_22.jpg,images/315_22.jpg,315,224,224,True,False,True
test,315_23.jpg,images/315_23.jpg,315,224,224,True,False,True
train,316_1.jpg,images/316_1.jpg,316,224,224,True,False,True
train,316_2.jpg,images/316_2.jpg,316,224,224,True,False,True
train,316_3.jpg,images/316_3.jpg,316,224,224,True,False,True
train,316_4.jpg,images/316_4.jpg,316,224,224,True,False,True
train,316_5.jpg,images/316_5.jpg,316,224,224,True,False,True
train,316_6.jpg,images/316_6.jpg,316,224,224,True,False,True
train,317_1.jpg,images/317_1.jpg,317,224,224,True,False,True
train,317_2.jpg,images/317_2.jpg,317,224,224,True,False,True
train,317_3.jpg,images/317_3.jpg,317,224,224,True,False,True
train,317_4.jpg,images/317_4.jpg,317,224,224,True,False,True
train,317_5.jpg,images/317_5.jpg,317,224,224,True,False,True
train,317_6.jpg,images/317_6.jpg,317,224,224,True,False,True
train,318_1.jpg,images/318_1.jpg,318,224,224,True,False,True
train,318_2.jpg,images/318_2.jpg,318,224,224,True,False,True
train,318_3.jpg,images/318_3.jpg,318,224,224,True,False,True
train,318_4.jpg,images/318_4.jpg,318,224,224,True,False,True
train,318_5.jpg,images/318_5.jpg,318,224,224,True,False,True
train,318_6.jpg,images/318_6.jpg,318,224,224,True,False,True
train,319_1.jpg,images/319_1.jpg,319,224,224,True,False,True
train,319_2.jpg,images/319_2.jpg,319,224,224,True,False,True
train,319_3.jpg,images/319_3.jpg,319,224,224,True,False,True
train,319_4.jpg,images/319_4.jpg,319,224,224,True,False,True
train,319_5.jpg,images/319_5.jpg,319,224,224,True,False,True
train,319_6.jpg,images/319_6.jpg,319,224,224,True,False,True
train,320_1.jpg,images/320_1.jpg,320,224,224,True,False,True
train,320_2.jpg,images/320_2.jpg,320,224,224,True,False,True
train,320_3.jpg,images/320_3.jpg,320,224,224,True,False,True
train,320_4.jpg,images/320_4.jpg,320,224,224,True,False,True
train,320_5.jpg,images/320_5.jpg,320,224,224,True,False,True
train,320_6.jpg,images/320_6.jpg,320,224,224,True,False,True
train,321_1.jpg,images/321_1.jpg,321,224,224,True,False,True
train,321_2.jpg,images/321_2.jpg,321,224,224,True,False,True
train,321_3.jpg,images/321_3.jpg,321,224,224,True,False,True
train,321_4.jpg,images/321_4.jpg,321,224,224,True,False,True
train,321_5.jpg,images/321_5.jpg,321,224,224,True,False,True
train,322_1.jpg,images/322_1.jpg,322,224,224,True,False,True
train,322_2.jpg,images/322_2.jpg,322,224,224,True,False,True
train,322_3.jpg,images/322_3.jpg,322,224,224,True,False,True
train,322_4.jpg,images/322_4.jpg,322,224,224,True,False,True
train,322_5.jpg,images/322_5.jpg,322,224,224,True,False,True
train,323_1.jpg,images/323_1.jpg,323,224,224,True,False,True
train,323_2.jpg,images/323_2.jpg,323,224,224,True,False,True
train,324_1.jpg,images/324_1.jpg,324,224,224,True,False,True
train,324_2.jpg,images/324_2.jpg,324,224,224,True,False,True
train,325_1.jpg,images/325_1.jpg,325,224,224,True,False,True
train,325_2.jpg,images/325_2.jpg,325,224,224,True,False,True
train,325_3.jpg,images/325_3.jpg,325,224,224,True,False,True
train,326_1.jpg,images/326_1.jpg,326,224,224,True,False,True
train,326_2.jpg,images/326_2.jpg,326,224,224,True,False,True
train,326_3.jpg,images/326_3.jpg,326,224,224,True,False,True
train,326_4.jpg,images/326_4.jpg,326,224,224,True,False,True
train,327_1.jpg,images/327_1.jpg,327,224,224,True,False,True
train,327_2.jpg,images/327_2.jpg,327,224,224,True,False,True
train,327_3.jpg,images/327_3.jpg,327,224,224,True,False,True
train,327_4.jpg,images/327_4.jpg,327,224,224,True,False,True
train,327_5.jpg,images/327_5.jpg,327,224,224,True,False,True
test,328_1.jpg,images/328_1.jpg,328,224,224,True,False,True
test,328_2.jpg,images/328_2.jpg,328,224,224,True,False,True
test,328_3.jpg,images/328_3.jpg,328,224,224,True,False,True
test,328_4.jpg,images/328_4.jpg,328,224,224,True,False,True
test,328_5.jpg,images/328_5.jpg,328,224,224,True,False,True
test,328_6.jpg,images/328_6.jpg,328,224,224,True,False,True
train,329_1.jpg,images/329_1.jpg,329,224,224,True,False,True
train,329_2.jpg,images/329_2.jpg,329,224,224,True,False,True
train,329_3.jpg,images/329_3.jpg,329,224,224,True,False,True
train,330_1.jpg,images/330_1.jpg,330,224,224,True,False,True
train,330_2.jpg,images/330_2.jpg,330,224,224,True,False,True
train,330_3.jpg,images/330_3.jpg,330,224,224,True,False,True
train,330_4.jpg,images/330_4.jpg,330,224,224,True,False,True
train,331_1.jpg,images/331_1.jpg,331,224,224,True,False,True
train,331_2.jpg,images/331_2.jpg,331,224,224,True,False,True
train,331_3.jpg,images/331_3.jpg,331,224,224,True,False,True
train,331_4.jpg,images/331_4.jpg,331,224,224,True,False,True
train,331_5.jpg,images/331_5.jpg,331,224,224,True,False,True
train,332_1.jpg,images/332_1.jpg,332,224,224,True,False,True
train,332_2.jpg,images/332_2.jpg,332,224,224,True,False,True
train,332_3.jpg,images/332_3.jpg,332,224,224,True,False,True
train,333_1.jpg,images/333_1.jpg,333,224,224,True,False,True
train,333_2.jpg,images/333_2.jpg,333,224,224,True,False,True
train,333_3.jpg,images/333_3.jpg,333,224,224,True,False,True
train,333_4.jpg,images/333_4.jpg,333,224,224,True,False,True
train,333_5.jpg,images/333_5.jpg,333,224,224,True,False,True
train,333_6.jpg,images/333_6.jpg,333,224,224,True,False,True
train,334_1.jpg,images/334_1.jpg,334,224,224,True,False,True
train,334_2.jpg,images/334_2.jpg,334,224,224,True,False,True
train,334_3.jpg,images/334_3.jpg,334,224,224,True,False,True
train,334_4.jpg,images/334_4.jpg,334,224,224,True,False,True
train,334_5.jpg,images/334_5.jpg,334,224,224,True,False,True
train,334_6.jpg,images/334_6.jpg,334,224,224,True,False,True
train,334_7.jpg,images/334_7.jpg,334,224,224,True,False,True
train,334_8.jpg,images/334_8.jpg,334,224,224,True,False,True
train,334_9.jpg,images/334_9.jpg,334,224,224,True,False,True
train,334_10.jpg,images/334_10.jpg,334,224,224,True,False,True
train,335_1.jpg,images/335_1.jpg,335,224,224,True,False,True
train,335_2.jpg,images/335_2.jpg,335,224,224,True,False,True
train,335_3.jpg,images/335_3.jpg,335,224,224,True,False,True
train,335_4.jpg,images/335_4.jpg,335,224,224,True,False,True
train,335_5.jpg,images/335_5.jpg,335,224,224,True,False,True
train,336_1.jpg,images/336_1.jpg,336,224,224,True,False,True
train,336_2.jpg,images/336_2.jpg,336,224,224,True,False,True
train,336_3.jpg,images/336_3.jpg,336,224,224,True,False,True
train,336_4.jpg,images/336_4.jpg,336,224,224,True,False,True
train,336_5.jpg,images/336_5.jpg,336,224,224,True,False,True
train,336_6.jpg,images/336_6.jpg,336,224,224,True,False,True
train,337_1.jpg,images/337_1.jpg,337,224,224,True,False,True
train,337_2.jpg,images/337_2.jpg,337,224,224,True,False,True
train,337_3.jpg,images/337_3.jpg,337,224,224,True,False,True
train,337_4.jpg,images/337_4.jpg,337,224,224,True,False,True
train,337_5.jpg,images/337_5.jpg,337,224,224,True,False,True
train,337_6.jpg,images/337_6.jpg,337,224,224,True,False,True
train,337_7.jpg,images/337_7.jpg,337,224,224,True,False,True
train,337_8.jpg,images/337_8.jpg,337,224,224,True,False,True
train,338_1.jpg,images/338_1.jpg,338,224,224,True,False,True
train,338_2.jpg,images/338_2.jpg,338,224,224,True,False,True
train,338_3.jpg,images/338_3.jpg,338,224,224,True,False,True
train,339_1.jpg,images/339_1.jpg,339,224,224,True,False,True
train,339_2.jpg,images/339_2.jpg,339,224,224,True,False,True
train,339_3.jpg,images/339_3.jpg,339,224,224,True,False,True
train,339_4.jpg,images/339_4.jpg,339,224,224,True,False,True
train,339_5.jpg,images/339_5.jpg,339,224,224,True,False,True
train,340_1.jpg,images/340_1.jpg,340,224,224,True,False,True
train,340_2.jpg,images/340_2.jpg,340,224,224,True,False,True
train,340_3.jpg,images/340_3.jpg,340,224,224,True,False,True
train,340_4.jpg,images/340_4.jpg,340,224,224,True,False,True
train,340_5.jpg,images/340_5.jpg,340,224,224,True,False,True
train,340_6.jpg,images/340_6.jpg,340,224,224,True,False,True
test,341_1.jpg,images/341_1.jpg,341,224,224,True,False,True
test,341_2.jpg,images/341_2.jpg,341,224,224,True,False,True
test,341_3.jpg,images/341_3.jpg,341,224,224,True,False,True
test,341_4.jpg,images/341_4.jpg,341,224,224,True,False,True
test,341_5.jpg,images/341_5.jpg,341,224,224,True,False,True
test,342_1.jpg,images/342_1.jpg,342,224,224,True,False,True
test,342_2.jpg,images/342_2.jpg,342,224,224,True,False,True
test,342_3.jpg,images/342_3.jpg,342,224,224,True,False,True
test,342_4.jpg,images/342_4.jpg,342,224,224,True,False,True
test,342_5.jpg,images/342_5.jpg,342,224,224,True,False,True
test,342_6.jpg,images/342_6.jpg,342,224,224,True,False,True
train,343_1.jpg,images/343_1.jpg,343,224,224,True,False,True
train,343_2.jpg,images/343_2.jpg,343,224,224,True,False,True
train,343_3.jpg,images/343_3.jpg,343,224,224,True,False,True
train,343_4.jpg,images/343_4.jpg,343,224,224,True,False,True
train,343_5.jpg,images/343_5.jpg,343,224,224,True,False,True
train,344_1.jpg,images/344_1.jpg,344,224,224,True,False,True
train,344_2.jpg,images/344_2.jpg,344,224,224,True,False,True
train,344_3.jpg,images/344_3.jpg,344,224,224,True,False,True
train,344_4.jpg,images/344_4.jpg,344,224,224,True,False,True
train,344_5.jpg,images/344_5.jpg,344,224,224,True,False,True
train,344_6.jpg,images/344_6.jpg,344,224,224,True,False,True
train,345_1.jpg,images/345_1.jpg,345,224,224,True,False,True
train,345_2.jpg,images/345_2.jpg,345,224,224,True,False,True
train,345_3.jpg,images/345_3.jpg,345,224,224,True,False,True
train,345_4.jpg,images/345_4.jpg,345,224,224,True,False,True
train,346_1.jpg,images/346_1.jpg,346,224,224,True,False,True
train,346_2.jpg,images/346_2.jpg,346,224,224,True,False,True
train,346_3.jpg,images/346_3.jpg,346,224,224,True,False,True
train,346_4.jpg,images/346_4.jpg,346,224,224,True,False,True
train,346_5.jpg,images/346_5.jpg,346,224,224,True,False,True
train,346_6.jpg,images/346_6.jpg,346,224,224,True,False,True
train,346_7.jpg,images/346_7.jpg,346,224,224,True,False,True
train,346_8.jpg,images/346_8.jpg,346,224,224,True,False,True
test,347_1.jpg,images/347_1.jpg,347,224,224,True,False,True
test,347_2.jpg,images/347_2.jpg,347,224,224,True,False,True
test,347_3.jpg,images/347_3.jpg,347,224,224,True,False,True
test,347_4.jpg,images/347_4.jpg,347,224,224,True,False,True
test,347_5.jpg,images/347_5.jpg,347,224,224,True,False,True
test,347_6.jpg,images/347_6.jpg,347,224,224,True,False,True
train,348_1.jpg,images/348_1.jpg,348,224,224,True,False,True
train,348_2.jpg,images/348_2.jpg,348,224,224,True,False,True
train,348_3.jpg,images/348_3.jpg,348,224,224,True,False,True
train,348_4.jpg,images/348_4.jpg,348,224,224,True,False,True
train,348_5.jpg,images/348_5.jpg,348,224,224,True,False,True
train,349_1.jpg,images/349_1.jpg,349,224,224,True,False,True
train,349_2.jpg,images/349_2.jpg,349,224,224,True,False,True
train,349_3.jpg,images/349_3.jpg,349,224,224,True,False,True
train,349_4.jpg,images/349_4.jpg,349,224,224,True,False,True
train,349_5.jpg,images/349_5.jpg,349,224,224,True,False,True
train,350_1.jpg,images/350_1.jpg,350,224,224,True,False,True
train,350_2.jpg,images/350_2.jpg,350,224,224,True,False,True
train,351_1.jpg,images/351_1.jpg,351,224,224,True,False,True
train,351_2.jpg,images/351_2.jpg,351,224,224,True,False,True
train,351_3.jpg,images/351_3.jpg,351,224,224,True,False,True
train,351_4.jpg,images/351_4.jpg,351,224,224,True,False,True
train,351_5.jpg,images/351_5.jpg,351,224,224,True,False,True
train,351_6.jpg,images/351_6.jpg,351,224,224,True,False,True
train,352_1.jpg,images/352_1.jpg,352,224,224,True,False,True
train,352_2.jpg,images/352_2.jpg,352,224,224,True,False,True
train,352_3.jpg,images/352_3.jpg,352,224,224,True,False,True
train,352_4.jpg,images/352_4.jpg,352,224,224,True,False,True
train,352_5.jpg,images/352_5.jpg,352,224,224,True,False,True
train,352_6.jpg,images/352_6.jpg,352,224,224,True,False,True
train,353_1.jpg,images/353_1.jpg,353,224,224,True,False,True
train,353_2.jpg,images/353_2.jpg,353,224,224,True,False,True
train,353_3.jpg,images/353_3.jpg,353,224,224,True,False,True
train,353_4.jpg,images/353_4.jpg,353,224,224,True,False,True
train,353_5.jpg,images/353_5.jpg,353,224,224,True,False,True
train,353_6.jpg,images/353_6.jpg,353,224,224,True,False,True
test,354_1.jpg,images/354_1.jpg,354,224,224,True,False,True
test,354_2.jpg,images/354_2.jpg,354,224,224,True,False,True
test,354_3.jpg,images/354_3.jpg,354,224,224,True,False,True
test,354_4.jpg,images/354_4.jpg,354,224,224,True,False,True
test,354_5.jpg,images/354_5.jpg,354,224,224,True,False,True
test,354_6.jpg,images/354_6.jpg,354,224,224,True,False,True
train,355_1.jpg,images/355_1.jpg,355,224,224,True,False,True
train,355_2.jpg,images/355_2.jpg,355,224,224,True,False,True
train,355_3.jpg,images/355_3.jpg,355,224,224,True,False,True
train,355_4.jpg,images/355_4.jpg,355,224,224,True,False,True
train,355_5.jpg,images/355_5.jpg,355,224,224,True,False,True
test,356_1.jpg,images/356_1.jpg,356,224,224,True,False,True
test,356_2.jpg,images/356_2.jpg,356,224,224,True,False,True
test,356_3.jpg,images/356_3.jpg,356,224,224,True,False,True
test,356_4.jpg,images/356_4.jpg,356,224,224,True,False,True
test,356_5.jpg,images/356_5.jpg,356,224,224,True,False,True
test,357_1.jpg,images/357_1.jpg,357,224,224,True,False,True
test,357_2.jpg,images/357_2.jpg,357,224,224,True,False,True
test,357_3.jpg,images/357_3.jpg,357,224,224,True,False,True
test,357_4.jpg,images/357_4.jpg,357,224,224,True,False,True
train,358_1.jpg,images/358_1.jpg,358,224,224,True,False,True
train,358_2.jpg,images/358_2.jpg,358,224,224,True,False,True
train,358_3.jpg,images/358_3.jpg,358,224,224,True,False,True
train,358_4.jpg,images/358_4.jpg,358,224,224,True,False,True
train,359_1.jpg,images/359_1.jpg,359,224,224,True,False,True
train,359_2.jpg,images/359_2.jpg,359,224,224,True,False,True
train,359_3.jpg,images/359_3.jpg,359,224,224,True,False,True
train,359_4.jpg,images/359_4.jpg,359,224,224,True,False,True
train,359_5.jpg,images/359_5.jpg,359,224,224,True,False,True
train,359_6.jpg,images/359_6.jpg,359,224,224,True,False,True
train,359_7.jpg,images/359_7.jpg,359,224,224,True,False,True
train,360_1.jpg,images/360_1.jpg,360,224,224,True,False,True
train,360_2.jpg,images/360_2.jpg,360,224,224,True,False,True
train,360_3.jpg,images/360_3.jpg,360,224,224,True,False,True
train,360_4.jpg,images/360_4.jpg,360,224,224,True,False,True
train,360_5.jpg,images/360_5.jpg,360,224,224,True,False,True
train,361_1.jpg,images/361_1.jpg,361,224,224,True,False,True
train,361_2.jpg,images/361_2.jpg,361,224,224,True,False,True
train,361_3.jpg,images/361_3.jpg,361,224,224,True,False,True
train,361_4.jpg,images/361_4.jpg,361,224,224,True,False,True
train,361_5.jpg,images/361_5.jpg,361,224,224,True,False,True
train,361_6.jpg,images/361_6.jpg,361,224,224,True,False,True
train,362_1.jpg,images/362_1.jpg,362,224,224,True,False,True
train,362_2.jpg,images/362_2.jpg,362,224,224,True,False,True
train,362_3.jpg,images/362_3.jpg,362,224,224,True,False,True
train,362_4.jpg,images/362_4.jpg,362,224,224,True,False,True
train,362_5.jpg,images/362_5.jpg,362,224,224,True,False,True
train,363_1.jpg,images/363_1.jpg,363,224,224,True,False,True
train,363_2.jpg,images/363_2.jpg,363,224,224,True,False,True
train,363_3.jpg,images/363_3.jpg,363,224,224,True,False,True
train,363_4.jpg,images/363_4.jpg,363,224,224,True,False,True
train,363_5.jpg,images/363_5.jpg,363,224,224,True,False,True
train,363_6.jpg,images/363_6.jpg,363,224,224,True,False,True
test,364_1.jpg,images/364_1.jpg,364,224,224,True,False,True
test,364_2.jpg,images/364_2.jpg,364,224,224,True,False,True
test,364_3.jpg,images/364_3.jpg,364,224,224,True,False,True
test,364_4.jpg,images/364_4.jpg,364,224,224,True,False,True
test,364_5.jpg,images/364_5.jpg,364,224,224,True,False,True
train,365_1.jpg,images/365_1.jpg,365,224,224,True,False,True
train,365_2.jpg,images/365_2.jpg,365,224,224,True,False,True
train,365_3.jpg,images/365_3.jpg,365,224,224,True,False,True
train,365_4.jpg,images/365_4.jpg,365,224,224,True,False,True
train,365_5.jpg,images/365_5.jpg,365,224,224,True,False,True
test,366_1.jpg,images/366_1.jpg,366,224,224,True,False,True
test,366_2.jpg,images/366_2.jpg,366,224,224,True,False,True
test,366_3.jpg,images/366_3.jpg,366,224,224,True,False,True
test,366_4.jpg,images/366_4.jpg,366,224,224,True,False,True
test,366_5.jpg,images/366_5.jpg,366,224,224,True,False,True
test,366_6.jpg,images/366_6.jpg,366,224,224,True,False,True
test,367_1.jpg,images/367_1.jpg,367,224,224,True,False,True
test,367_2.jpg,images/367_2.jpg,367,224,224,True,False,True
test,367_3.jpg,images/367_3.jpg,367,224,224,True,False,True
test,367_4.jpg,images/367_4.jpg,367,224,224,True,False,True
test,367_5.jpg,images/367_5.jpg,367,224,224,True,False,True
test,367_6.jpg,images/367_6.jpg,367,224,224,True,False,True
test,368_1.jpg,images/368_1.jpg,368,224,224,True,False,True
test,368_2.jpg,images/368_2.jpg,368,224,224,True,False,True
test,368_3.jpg,images/368_3.jpg,368,224,224,True,False,True
test,368_4.jpg,images/368_4.jpg,368,224,224,True,False,True
test,368_5.jpg,images/368_5.jpg,368,224,224,True,False,True
test,368_6.jpg,images/368_6.jpg,368,224,224,True,False,True
train,369_1.jpg,images/369_1.jpg,369,224,224,True,False,True
train,369_2.jpg,images/369_2.jpg,369,224,224,True,False,True
train,369_3.jpg,images/369_3.jpg,369,224,224,True,False,True
train,369_4.jpg,images/369_4.jpg,369,224,224,True,False,True
train,369_5.jpg,images/369_5.jpg,369,224,224,True,False,True
train,369_6.jpg,images/369_6.jpg,369,224,224,True,False,True
train,370_1.jpg,images/370_1.jpg,370,224,224,True,False,True
train,370_2.jpg,images/370_2.jpg,370,224,224,True,False,True
train,370_3.jpg,images/370_3.jpg,370,224,224,True,False,True
train,370_4.jpg,images/370_4.jpg,370,224,224,True,False,True
train,370_5.jpg,images/370_5.jpg,370,224,224,True,False,True
train,371_1.jpg,images/371_1.jpg,371,224,224,True,False,True
train,371_2.jpg,images/371_2.jpg,371,224,224,True,False,True
train,371_3.jpg,images/371_3.jpg,371,224,224,True,False,True
train,371_4.jpg,images/371_4.jpg,371,224,224,True,False,True
train,371_5.jpg,images/371_5.jpg,371,224,224,True,False,True
train,371_6.jpg,images/371_6.jpg,371,224,224,True,False,True
train,372_1.jpg,images/372_1.jpg,372,224,224,True,False,True
train,372_2.jpg,images/372_2.jpg,372,224,224,True,False,True
train,372_3.jpg,images/372_3.jpg,372,224,224,True,False,True
train,372_4.jpg,images/372_4.jpg,372,224,224,True,False,True
train,372_5.jpg,images/372_5.jpg,372,224,224,True,False,True
train,372_6.jpg,images/372_6.jpg,372,224,224,True,False,True
test,373_1.jpg,images/373_1.jpg,373,224,224,True,False,True
test,373_2.jpg,images/373_2.jpg,373,224,224,True,False,True
test,373_3.jpg,images/373_3.jpg,373,224,224,True,False,True
test,373_4.jpg,images/373_4.jpg,373,224,224,True,False,True
test,373_5.jpg,images/373_5.jpg,373,224,224,True,False,True
test,373_6.jpg,images/373_6.jpg,373,224,224,True,False,True
test,374_1.jpg,images/374_1.jpg,374,224,224,True,False,True
test,374_2.jpg,images/374_2.jpg,374,224,224,True,False,True
test,374_3.jpg,images/374_3.jpg,374,224,224,True,False,True
test,374_4.jpg,images/374_4.jpg,374,224,224,True,False,True
test,374_5.jpg,images/374_5.jpg,374,224,224,True,False,True
train,375_1.jpg,images/375_1.jpg,375,224,224,True,False,True
train,375_2.jpg,images/375_2.jpg,375,224,224,True,False,True
train,375_3.jpg,images/375_3.jpg,375,224,224,True,False,True
train,375_4.jpg,images/375_4.jpg,375,224,224,True,False,True
train,375_5.jpg,images/375_5.jpg,375,224,224,True,False,True
train,375_6.jpg,images/375_6.jpg,375,224,224,True,False,True
train,376_1.jpg,images/376_1.jpg,376,224,224,True,False,True
train,376_2.jpg,images/376_2.jpg,376,224,224,True,False,True
train,376_3.jpg,images/376_3.jpg,376,224,224,True,False,True
train,376_4.jpg,images/376_4.jpg,376,224,224,True,False,True
train,377_1.jpg,images/377_1.jpg,377,224,224,True,False,True
train,377_2.jpg,images/377_2.jpg,377,224,224,True,False,True
train,377_3.jpg,images/377_3.jpg,377,224,224,True,False,True
train,377_4.jpg,images/377_4.jpg,377,224,224,True,False,True
train,378_1.jpg,images/378_1.jpg,378,224,224,True,False,True
train,378_2.jpg,images/378_2.jpg,378,224,224,True,False,True
train,378_3.jpg,images/378_3.jpg,378,224,224,True,False,True
train,378_4.jpg,images/378_4.jpg,378,224,224,True,False,True
train,378_5.jpg,images/378_5.jpg,378,224,224,True,False,True
train,379_1.jpg,images/379_1.jpg,379,224,224,True,False,True
train,379_2.jpg,images/379_2.jpg,379,224,224,True,False,True
train,379_3.jpg,images/379_3.jpg,379,224,224,True,False,True
train,379_4.jpg,images/379_4.jpg,379,224,224,True,False,True
train,379_5.jpg,images/379_5.jpg,379,224,224,True,False,True
train,379_6.jpg,images/379_6.jpg,379,224,224,True,False,True
train,380_1.jpg,images/380_1.jpg,380,224,224,True,False,True
train,380_2.jpg,images/380_2.jpg,380,224,224,True,False,True
train,380_3.jpg,images/380_3.jpg,380,224,224,True,False,True
train,380_4.jpg,images/380_4.jpg,380,224,224,True,False,True
train,380_5.jpg,images/380_5.jpg,380,224,224,True,False,True
test,381_1.jpg,images/381_1.jpg,381,224,224,True,False,True
test,381_2.jpg,images/381_2.jpg,381,224,224,True,False,True
test,381_3.jpg,images/381_3.jpg,381,224,224,True,False,True
test,381_4.jpg,images/381_4.jpg,381,224,224,True,False,True
train,382_1.jpg,images/382_1.jpg,382,224,224,True,False,True
train,382_2.jpg,images/382_2.jpg,382,224,224,True,False,True
train,382_3.jpg,images/382_3.jpg,382,224,224,True,False,True
train,383_1.jpg,images/383_1.jpg,383,224,224,True,False,True
train,383_2.jpg,images/383_2.jpg,383,224,224,True,False,True
train,383_3.jpg,images/383_3.jpg,383,224,224,True,False,True
train,383_4.jpg,images/383_4.jpg,383,224,224,True,False,True
train,383_5.jpg,images/383_5.jpg,383,224,224,True,False,True
train,383_6.jpg,images/383_6.jpg,383,224,224,True,False,True
train,384_1.jpg,images/384_1.jpg,384,224,224,True,False,True
train,384_2.jpg,images/384_2.jpg,384,224,224,True,False,True
train,384_3.jpg,images/384_3.jpg,384,224,224,True,False,True
train,384_4.jpg,images/384_4.jpg,384,224,224,True,False,True
train,384_5.jpg,images/384_5.jpg,384,224,224,True,False,True
train,384_6.jpg,images/384_6.jpg,384,224,224,True,False,True
train,385_1.jpg,images/385_1.jpg,385,224,224,True,False,True
train,385_2.jpg,images/385_2.jpg,385,224,224,True,False,True
test,386_1.jpg,images/386_1.jpg,386,224,224,True,False,True
test,386_2.jpg,images/386_2.jpg,386,224,224,True,False,True
test,386_3.jpg,images/386_3.jpg,386,224,224,True,False,True
test,386_4.jpg,images/386_4.jpg,386,224,224,True,False,True
test,386_5.jpg,images/386_5.jpg,386,224,224,True,False,True
test,386_6.jpg,images/386_6.jpg,386,224,224,True,False,True
train,387_1.jpg,images/387_1.jpg,387,224,224,True,False,True
train,387_2.jpg,images/387_2.jpg,387,224,224,True,False,True
train,387_3.jpg,images/387_3.jpg,387,224,224,True,False,True
train,387_4.jpg,images/387_4.jpg,387,224,224,True,False,True
train,387_5.jpg,images/387_5.jpg,387,224,224,True,False,True
train,388_1.jpg,images/388_1.jpg,388,224,224,True,False,True
train,388_2.jpg,images/388_2.jpg,388,224,224,True,False,True
train,388_3.jpg,images/388_3.jpg,388,224,224,True,False,True
train,388_4.jpg,images/388_4.jpg,388,224,224,True,False,True
train,388_5.jpg,images/388_5.jpg,388,224,224,True,False,True
train,388_6.jpg,images/388_6.jpg,388,224,224,True,False,True
train,389_1.jpg,images/389_1.jpg,389,224,224,True,False,True
train,389_2.jpg,images/389_2.jpg,389,224,224,True,False,True
train,389_3.jpg,images/389_3.jpg,389,224,224,True,False,True
train,389_4.jpg,images/389_4.jpg,389,224,224,True,False,True
train,389_5.jpg,images/389_5.jpg,389,224,224,True,False,True
train,390_1.jpg,images/390_1.jpg,390,224,224,True,False,True
train,390_2.jpg,images/390_2.jpg,390,224,224,True,False,True
train,390_3.jpg,images/390_3.jpg,390,224,224,True,False,True
train,390_4.jpg,images/390_4.jpg,390,224,224,True,False,True
train,390_5.jpg,images/390_5.jpg,390,224,224,True,False,True
train,391_1.jpg,images/391_1.jpg,391,224,224,True,False,True
train,391_2.jpg,images/391_2.jpg,391,224,224,True,False,True
train,391_3.jpg,images/391_3.jpg,391,224,224,True,False,True
train,391_4.jpg,images/391_4.jpg,391,224,224,True,False,True
train,391_5.jpg,images/391_5.jpg,391,224,224,True,False,True
train,391_6.jpg,images/391_6.jpg,391,224,224,True,False,True
train,392_1.jpg,images/392_1.jpg,392,224,224,True,False,True
train,392_2.jpg,images/392_2.jpg,392,224,224,True,False,True
train,392_3.jpg,images/392_3.jpg,392,224,224,True,False,True
train,392_4.jpg,images/392_4.jpg,392,224,224,True,False,True
train,392_5.jpg,images/392_5.jpg,392,224,224,True,False,True
train,392_6.jpg,images/392_6.jpg,392,224,224,True,False,True
train,392_7.jpg,images/392_7.jpg,392,224,224,True,False,True
train,392_8.jpg,images/392_8.jpg,392,224,224,True,False,True
train,392_9.jpg,images/392_9.jpg,392,224,224,True,False,True
train,392_10.jpg,images/392_10.jpg,392,224,224,True,False,True
train,393_1.jpg,images/393_1.jpg,393,224,224,True,False,True
train,393_2.jpg,images/393_2.jpg,393,224,224,True,False,True
train,393_3.jpg,images/393_3.jpg,393,224,224,True,False,True
train,393_4.jpg,images/393_4.jpg,393,224,224,True,False,True
train,393_5.jpg,images/393_5.jpg,393,224,224,True,False,True
train,394_1.jpg,images/394_1.jpg,394,224,224,True,False,True
train,394_2.jpg,images/394_2.jpg,394,224,224,True,False,True
train,394_3.jpg,images/394_3.jpg,394,224,224,True,False,True
test,395_1.jpg,images/395_1.jpg,395,224,224,True,False,True
test,395_2.jpg,images/395_2.jpg,395,224,224,True,False,True
test,395_3.jpg,images/395_3.jpg,395,224,224,True,False,True
test,395_4.jpg,images/395_4.jpg,395,224,224,True,False,True
test,395_5.jpg,images/395_5.jpg,395,224,224,True,False,True
test,395_6.jpg,images/395_6.jpg,395,224,224,True,False,True
test,396_1.jpg,images/396_1.jpg,396,224,224,True,False,True
test,396_2.jpg,images/396_2.jpg,396,224,224,True,False,True
test,396_3.jpg,images/396_3.jpg,396,224,224,True,False,True
test,396_4.jpg,images/396_4.jpg,396,224,224,True,False,True
train,397_1.jpg,images/397_1.jpg,397,224,224,True,False,True
train,397_2.jpg,images/397_2.jpg,397,224,224,True,False,True
train,397_3.jpg,images/397_3.jpg,397,224,224,True,False,True
train,397_4.jpg,images/397_4.jpg,397,224,224,True,False,True
train,398_1.jpg,images/398_1.jpg,398,224,224,True,False,True
train,398_2.jpg,images/398_2.jpg,398,224,224,True,False,True
train,398_3.jpg,images/398_3.jpg,398,224,224,True,False,True
train,398_4.jpg,images/398_4.jpg,398,224,224,True,False,True
train,398_5.jpg,images/398_5.jpg,398,224,224,True,False,True
train,398_6.jpg,images/398_6.jpg,398,224,224,True,False,True
train,399_1.jpg,images/399_1.jpg,399,224,224,True,False,True
train,399_2.jpg,images/399_2.jpg,399,224,224,True,False,True
train,399_3.jpg,images/399_3.jpg,399,224,224,True,False,True
train,399_4.jpg,images/399_4.jpg,399,224,224,True,False,True
train,399_5.jpg,images/399_5.jpg,399,224,224,True,False,True
train,399_6.jpg,images/399_6.jpg,399,224,224,True,False,True
test,400_1.jpg,images/400_1.jpg,400,224,224,True,False,True
test,400_2.jpg,images/400_2.jpg,400,224,224,True,False,True
test,400_3.jpg,images/400_3.jpg,400,224,224,True,False,True
test,400_4.jpg,images/400_4.jpg,400,224,224,True,False,True
test,400_5.jpg,images/400_5.jpg,400,224,224,True,False,True
test,400_6.jpg,images/400_6.jpg,400,224,224,True,False,True
train,401_1.jpg,images/401_1.jpg,401,224,224,True,False,True
train,401_2.jpg,images/401_2.jpg,401,224,224,True,False,True
train,401_3.jpg,images/401_3.jpg,401,224,224,True,False,True
train,401_4.jpg,images/401_4.jpg,401,224,224,True,False,True
train,401_5.jpg,images/401_5.jpg,401,224,224,True,False,True
train,402_1.jpg,images/402_1.jpg,402,224,224,True,False,True
train,402_2.jpg,images/402_2.jpg,402,224,224,True,False,True
train,402_3.jpg,images/402_3.jpg,402,224,224,True,False,True
train,402_4.jpg,images/402_4.jpg,402,224,224,True,False,True
train,402_5.jpg,images/402_5.jpg,402,224,224,True,False,True
train,402_6.jpg,images/402_6.jpg,402,224,224,True,False,True
train,403_1.jpg,images/403_1.jpg,403,224,224,True,False,True
train,403_2.jpg,images/403_2.jpg,403,224,224,True,False,True
train,403_3.jpg,images/403_3.jpg,403,224,224,True,False,True
train,403_4.jpg,images/403_4.jpg,403,224,224,True,False,True
train,403_5.jpg,images/403_5.jpg,403,224,224,True,False,True
train,403_6.jpg,images/403_6.jpg,403,224,224,True,False,True
train,403_7.jpg,images/403_7.jpg,403,224,224,True,False,True
train,404_1.jpg,images/404_1.jpg,404,224,224,True,False,True
train,404_2.jpg,images/404_2.jpg,404,224,224,True,False,True
train,405_1.jpg,images/405_1.jpg,405,224,224,True,False,True
train,405_2.jpg,images/405_2.jpg,405,224,224,True,False,True
train,405_3.jpg,images/405_3.jpg,405,224,224,True,False,True
train,405_4.jpg,images/405_4.jpg,405,224,224,True,False,True
train,405_5.jpg,images/405_5.jpg,405,224,224,True,False,True
train,405_6.jpg,images/405_6.jpg,405,224,224,True,False,True
train,406_1.jpg,images/406_1.jpg,406,224,224,True,False,True
train,406_2.jpg,images/406_2.jpg,406,224,224,True,False,True
train,406_3.jpg,images/406_3.jpg,406,224,224,True,False,True
train,406_4.jpg,images/406_4.jpg,406,224,224,True,False,True
train,406_5.jpg,images/406_5.jpg,406,224,224,True,False,True
train,406_6.jpg,images/406_6.jpg,406,224,224,True,False,True
train,407_1.jpg,images/407_1.jpg,407,224,224,True,False,True
train,407_2.jpg,images/407_2.jpg,407,224,224,True,False,True
train,407_3.jpg,images/407_3.jpg,407,224,224,True,False,True
train,407_4.jpg,images/407_4.jpg,407,224,224,True,False,True
train,407_5.jpg,images/407_5.jpg,407,224,224,True,False,True
train,407_6.jpg,images/407_6.jpg,407,224,224,True,False,True
train,408_1.jpg,images/408_1.jpg,408,224,224,True,False,True
train,408_2.jpg,images/408_2.jpg,408,224,224,True,False,True
train,408_3.jpg,images/408_3.jpg,408,224,224,True,False,True
train,408_4.jpg,images/408_4.jpg,408,224,224,True,False,True
train,408_5.jpg,images/408_5.jpg,408,224,224,True,False,True
train,409_1.jpg,images/409_1.jpg,409,224,224,True,False,True
train,409_2.jpg,images/409_2.jpg,409,224,224,True,False,True
train,409_3.jpg,images/409_3.jpg,409,224,224,True,False,True
train,409_4.jpg,images/409_4.jpg,409,224,224,True,False,True
train,410_1.jpg,images/410_1.jpg,410,224,224,True,False,True
train,410_2.jpg,images/410_2.jpg,410,224,224,True,False,True
train,410_3.jpg,images/410_3.jpg,410,224,224,True,False,True
train,410_4.jpg,images/410_4.jpg,410,224,224,True,False,True
train,410_5.jpg,images/410_5.jpg,410,224,224,True,False,True
train,410_6.jpg,images/410_6.jpg,410,224,224,True,False,True
train,410_7.jpg,images/410_7.jpg,410,224,224,True,False,True
train,411_1.jpg,images/411_1.jpg,411,224,224,True,False,True
train,411_2.jpg,images/411_2.jpg,411,224,224,True,False,True
train,411_3.jpg,images/411_3.jpg,411,224,224,True,False,True
train,411_4.jpg,images/411_4.jpg,411,224,224,True,False,True
train,411_5.jpg,images/411_5.jpg,411,224,224,True,False,True
train,412_1.jpg,images/412_1.jpg,412,224,224,True,False,True
train,412_2.jpg,images/412_2.jpg,412,224,224,True,False,True
train,412_3.jpg,images/412_3.jpg,412,224,224,True,False,True
train,412_4.jpg,images/412_4.jpg,412,224,224,True,False,True
train,412_5.jpg,images/412_5.jpg,412,224,224,True,False,True
train,413_1.jpg,images/413_1.jpg,413,224,224,True,False,True
train,413_2.jpg,images/413_2.jpg,413,224,224,True,False,True
train,413_3.jpg,images/413_3.jpg,413,224,224,True,False,True
train,414_1.jpg,images/414_1.jpg,414,224,224,True,False,True
train,414_2.jpg,images/414_2.jpg,414,224,224,True,False,True
train,414_3.jpg,images/414_3.jpg,414,224,224,True,False,True
train,414_4.jpg,images/414_4.jpg,414,224,224,True,False,True
train,414_5.jpg,images/414_5.jpg,414,224,224,True,False,True
train,415_1.jpg,images/415_1.jpg,415,224,224,True,False,True
train,415_2.jpg,images/415_2.jpg,415,224,224,True,False,True
train,415_3.jpg,images/415_3.jpg,415,224,224,True,False,True
train,415_4.jpg,images/415_4.jpg,415,224,224,True,False,True
train,415_5.jpg,images/415_5.jpg,415,224,224,True,False,True
train,416_1.jpg,images/416_1.jpg,416,224,224,True,False,True
train,416_2.jpg,images/416_2.jpg,416,224,224,True,False,True
train,416_3.jpg,images/416_3.jpg,416,224,224,True,False,True
train,416_4.jpg,images/416_4.jpg,416,224,224,True,False,True
train,416_5.jpg,images/416_5.jpg,416,224,224,True,False,True
train,417_1.jpg,images/417_1.jpg,417,224,224,True,False,True
train,417_2.jpg,images/417_2.jpg,417,224,224,True,False,True
train,417_3.jpg,images/417_3.jpg,417,224,224,True,False,True
train,417_4.jpg,images/417_4.jpg,417,224,224,True,False,True
train,417_5.jpg,images/417_5.jpg,417,224,224,True,False,True
train,417_6.jpg,images/417_6.jpg,417,224,224,True,False,True
train,418_1.jpg,images/418_1.jpg,418,224,224,True,False,True
train,418_2.jpg,images/418_2.jpg,418,224,224,True,False,True
train,418_3.jpg,images/418_3.jpg,418,224,224,True,False,True
train,418_4.jpg,images/418_4.jpg,418,224,224,True,False,True
train,419_1.jpg,images/419_1.jpg,419,224,224,True,False,True
train,419_2.jpg,images/419_2.jpg,419,224,224,True,False,True
train,419_3.jpg,images/419_3.jpg,419,224,224,True,False,True
train,419_4.jpg,images/419_4.jpg,419,224,224,True,False,True
train,419_5.jpg,images/419_5.jpg,419,224,224,True,False,True
train,419_6.jpg,images/419_6.jpg,419,224,224,True,False,True
train,419_7.jpg,images/419_7.jpg,419,224,224,True,False,True
train,420_1.jpg,images/420_1.jpg,420,224,224,True,False,True
train,420_2.jpg,images/420_2.jpg,420,224,224,True,False,True
train,420_3.jpg,images/420_3.jpg,420,224,224,True,False,True
train,420_4.jpg,images/420_4.jpg,420,224,224,True,False,True
train,420_5.jpg,images/420_5.jpg,420,224,224,True,False,True
train,420_6.jpg,images/420_6.jpg,420,224,224,True,False,True
train,421_1.jpg,images/421_1.jpg,421,224,224,True,False,True
train,421_2.jpg,images/421_2.jpg,421,224,224,True,False,True
train,421_3.jpg,images/421_3.jpg,421,224,224,True,False,True
train,421_4.jpg,images/421_4.jpg,421,224,224,True,False,True
train,421_5.jpg,images/421_5.jpg,421,224,224,True,False,True
train,422_1.jpg,images/422_1.jpg,422,224,224,True,False,True
train,422_2.jpg,images/422_2.jpg,422,224,224,True,False,True
train,423_1.jpg,images/423_1.jpg,423,224,224,True,False,True
train,423_2.jpg,images/423_2.jpg,423,224,224,True,False,True
train,423_3.jpg,images/423_3.jpg,423,224,224,True,False,True
train,423_4.jpg,images/423_4.jpg,423,224,224,True,False,True
train,424_1.jpg,images/424_1.jpg,424,224,224,True,False,True
train,424_2.jpg,images/424_2.jpg,424,224,224,True,False,True
train,424_3.jpg,images/424_3.jpg,424,224,224,True,False,True
train,424_4.jpg,images/424_4.jpg,424,224,224,True,False,True
train,424_5.jpg,images/424_5.jpg,424,224,224,True,False,True
train,425_1.jpg,images/425_1.jpg,425,224,224,True,False,True
train,425_2.jpg,images/425_2.jpg,425,224,224,True,False,True
train,425_3.jpg,images/425_3.jpg,425,224,224,True,False,True
train,425_4.jpg,images/425_4.jpg,425,224,224,True,False,True
train,426_1.jpg,images/426_1.jpg,426,224,224,True,False,True
train,426_2.jpg,images/426_2.jpg,426,224,224,True,False,True
train,426_3.jpg,images/426_3.jpg,426,224,224,True,False,True
train,426_4.jpg,images/426_4.jpg,426,224,224,True,False,True
test,427_1.jpg,images/427_1.jpg,427,224,224,True,False,True
test,427_2.jpg,images/427_2.jpg,427,224,224,True,False,True
test,427_3.jpg,images/427_3.jpg,427,224,224,True,False,True
test,427_4.jpg,images/427_4.jpg,427,224,224,True,False,True
test,428_1.jpg,images/428_1.jpg,428,224,224,True,False,True
test,428_2.jpg,images/428_2.jpg,428,224,224,True,False,True
test,428_3.jpg,images/428_3.jpg,428,224,224,True,False,True
train,429_1.jpg,images/429_1.jpg,429,224,224,True,False,True
train,429_2.jpg,images/429_2.jpg,429,224,224,True,False,True
train,429_3.jpg,images/429_3.jpg,429,224,224,True,False,True
train,429_4.jpg,images/429_4.jpg,429,224,224,True,False,True
train,429_5.jpg,images/429_5.jpg,429,224,224,True,False,True
train,430_1.jpg,images/430_1.jpg,430,224,224,True,False,True
train,430_2.jpg,images/430_2.jpg,430,224,224,True,False,True
train,430_3.jpg,images/430_3.jpg,430,224,224,True,False,True
train,431_1.jpg,images/431_1.jpg,431,224,224,True,False,True
train,431_2.jpg,images/431_2.jpg,431,224,224,True,False,True
train,432_1.jpg,images/432_1.jpg,432,224,224,True,False,True
train,432_2.jpg,images/432_2.jpg,432,224,224,True,False,True
train,432_3.jpg,images/432_3.jpg,432,224,224,True,False,True
train,433_1.jpg,images/433_1.jpg,433,224,224,True,False,True
train,433_2.jpg,images/433_2.jpg,433,224,224,True,False,True
test,434_1.jpg,images/434_1.jpg,434,224,224,True,False,True
test,434_2.jpg,images/434_2.jpg,434,224,224,True,False,True
test,434_3.jpg,images/434_3.jpg,434,224,224,True,False,True
test,434_4.jpg,images/434_4.jpg,434,224,224,True,False,True
test,434_5.jpg,images/434_5.jpg,434,224,224,True,False,True
train,435_1.jpg,images/435_1.jpg,435,224,224,True,False,True
train,435_2.jpg,images/435_2.jpg,435,224,224,True,False,True
train,435_3.jpg,images/435_3.jpg,435,224,224,True,False,True
train,435_4.jpg,images/435_4.jpg,435,224,224,True,False,True
train,436_1.jpg,images/436_1.jpg,436,224,224,True,False,True
train,436_2.jpg,images/436_2.jpg,436,224,224,True,False,True
train,436_3.jpg,images/436_3.jpg,436,224,224,True,False,True
train,436_4.jpg,images/436_4.jpg,436,224,224,True,False,True
train,436_5.jpg,images/436_5.jpg,436,224,224,True,False,True
train,437_1.jpg,images/437_1.jpg,437,224,224,True,False,True
train,437_2.jpg,images/437_2.jpg,437,224,224,True,False,True
train,437_3.jpg,images/437_3.jpg,437,224,224,True,False,True
train,437_4.jpg,images/437_4.jpg,437,224,224,True,False,True
train,437_5.jpg,images/437_5.jpg,437,224,224,True,False,True
train,437_6.jpg,images/437_6.jpg,437,224,224,True,False,True
train,438_1.jpg,images/438_1.jpg,438,224,224,True,False,True
train,438_2.jpg,images/438_2.jpg,438,224,224,True,False,True
train,438_3.jpg,images/438_3.jpg,438,224,224,True,False,True
train,438_4.jpg,images/438_4.jpg,438,224,224,True,False,True
train,438_5.jpg,images/438_5.jpg,438,224,224,True,False,True
train,438_6.jpg,images/438_6.jpg,438,224,224,True,False,True
test,439_1.jpg,images/439_1.jpg,439,224,224,True,False,True
test,439_2.jpg,images/439_2.jpg,439,224,224,True,False,True
test,439_3.jpg,images/439_3.jpg,439,224,224,True,False,True
test,439_4.jpg,images/439_4.jpg,439,224,224,True,False,True
test,439_5.jpg,images/439_5.jpg,439,224,224,True,False,True
test,439_6.jpg,images/439_6.jpg,439,224,224,True,False,True
test,439_7.jpg,images/439_7.jpg,439,224,224,True,False,True
test,439_8.jpg,images/439_8.jpg,439,224,224,True,False,True
test,439_9.jpg,images/439_9.jpg,439,224,224,True,False,True
test,439_10.jpg,images/439_10.jpg,439,224,224,True,False,True
train,440_1.jpg,images/440_1.jpg,440,224,224,True,False,True
train,440_2.jpg,images/440_2.jpg,440,224,224,True,False,True
train,440_3.jpg,images/440_3.jpg,440,224,224,True,False,True
train,440_4.jpg,images/440_4.jpg,440,224,224,True,False,True
train,440_5.jpg,images/440_5.jpg,440,224,224,True,False,True
train,440_6.jpg,images/440_6.jpg,440,224,224,True,False,True
train,441_1.jpg,images/441_1.jpg,441,224,224,True,False,True
train,441_2.jpg,images/441_2.jpg,441,224,224,True,False,True
train,441_3.jpg,images/441_3.jpg,441,224,224,True,False,True
train,441_4.jpg,images/441_4.jpg,441,224,224,True,False,True
test,442_1.jpg,images/442_1.jpg,442,224,224,True,False,True
test,442_2.jpg,images/442_2.jpg,442,224,224,True,False,True
test,442_3.jpg,images/442_3.jpg,442,224,224,True,False,True
test,442_4.jpg,images/442_4.jpg,442,224,224,True,False,True
test,442_5.jpg,images/442_5.jpg,442,224,224,True,False,True
test,442_6.jpg,images/442_6.jpg,442,224,224,True,False,True
train,443_1.jpg,images/443_1.jpg,443,224,224,True,False,True
train,443_2.jpg,images/443_2.jpg,443,224,224,True,False,True
train,443_3.jpg,images/443_3.jpg,443,224,224,True,False,True
train,443_4.jpg,images/443_4.jpg,443,224,224,True,False,True
train,443_5.jpg,images/443_5.jpg,443,224,224,True,False,True
train,443_6.jpg,images/443_6.jpg,443,224,224,True,False,True
train,444_1.jpg,images/444_1.jpg,444,224,224,True,False,True
train,444_2.jpg,images/444_2.jpg,444,224,224,True,False,True
train,444_3.jpg,images/444_3.jpg,444,224,224,True,False,True
train,445_1.jpg,images/445_1.jpg,445,224,224,True,False,True
train,445_2.jpg,images/445_2.jpg,445,224,224,True,False,True
train,445_3.jpg,images/445_3.jpg,445,224,224,True,False,True
train,445_4.jpg,images/445_4.jpg,445,224,224,True,False,True
train,445_5.jpg,images/445_5.jpg,445,224,224,True,False,True
train,446_1.jpg,images/446_1.jpg,446,224,224,True,False,True
train,446_2.jpg,images/446_2.jpg,446,224,224,True,False,True
train,446_3.jpg,images/446_3.jpg,446,224,224,True,False,True
train,446_4.jpg,images/446_4.jpg,446,224,224,True,False,True
train,446_5.jpg,images/446_5.jpg,446,224,224,True,False,True
train,447_1.jpg,images/447_1.jpg,447,224,224,True,False,True
train,447_2.jpg,images/447_2.jpg,447,224,224,True,False,True
train,447_3.jpg,images/447_3.jpg,447,224,224,True,False,True
train,447_4.jpg,images/447_4.jpg,447,224,224,True,False,True
train,447_5.jpg,images/447_5.jpg,447,224,224,True,False,True
test,448_1.jpg,images/448_1.jpg,448,224,224,True,False,True
test,448_2.jpg,images/448_2.jpg,448,224,224,True,False,True
test,448_3.jpg,images/448_3.jpg,448,224,224,True,False,True
test,448_4.jpg,images/448_4.jpg,448,224,224,True,False,True
test,448_5.jpg,images/448_5.jpg,448,224,224,True,False,True
test,448_6.jpg,images/448_6.jpg,448,224,224,True,False,True
train,449_1.jpg,images/449_1.jpg,449,224,224,True,False,True
train,449_2.jpg,images/449_2.jpg,449,224,224,True,False,True
train,449_3.jpg,images/449_3.jpg,449,224,224,True,False,True
train,449_4.jpg,images/449_4.jpg,449,224,224,True,False,True
train,449_5.jpg,images/449_5.jpg,449,224,224,True,False,True
train,449_6.jpg,images/449_6.jpg,449,224,224,True,False,True
train,449_7.jpg,images/449_7.jpg,449,224,224,True,False,True
train,449_8.jpg,images/449_8.jpg,449,224,224,True,False,True
train,450_1.jpg,images/450_1.jpg,450,224,224,True,False,True
train,450_2.jpg,images/450_2.jpg,450,224,224,True,False,True
train,450_3.jpg,images/450_3.jpg,450,224,224,True,False,True
train,450_4.jpg,images/450_4.jpg,450,224,224,True,False,True
train,450_5.jpg,images/450_5.jpg,450,224,224,True,False,True
train,451_1.jpg,images/451_1.jpg,451,224,224,True,False,True
train,451_2.jpg,images/451_2.jpg,451,224,224,True,False,True
train,451_3.jpg,images/451_3.jpg,451,224,224,True,False,True
train,451_4.jpg,images/451_4.jpg,451,224,224,True,False,True
train,451_5.jpg,images/451_5.jpg,451,224,224,True,False,True
train,452_1.jpg,images/452_1.jpg,452,224,224,True,False,True
train,452_2.jpg,images/452_2.jpg,452,224,224,True,False,True
train,452_3.jpg,images/452_3.jpg,452,224,224,True,False,True
train,452_4.jpg,images/452_4.jpg,452,224,224,True,False,True
train,452_5.jpg,images/452_5.jpg,452,224,224,True,False,True
train,453_1.jpg,images/453_1.jpg,453,224,224,True,False,True
train,453_2.jpg,images/453_2.jpg,453,224,224,True,False,True
train,453_3.jpg,images/453_3.jpg,453,224,224,True,False,True
train,453_4.jpg,images/453_4.jpg,453,224,224,True,False,True
train,454_1.jpg,images/454_1.jpg,454,224,224,True,False,True
train,454_2.jpg,images/454_2.jpg,454,224,224,True,False,True
train,454_3.jpg,images/454_3.jpg,454,224,224,True,False,True
train,454_4.jpg,images/454_4.jpg,454,224,224,True,False,True
train,454_5.jpg,images/454_5.jpg,454,224,224,True,False,True
train,454_6.jpg,images/454_6.jpg,454,224,224,True,False,True
train,454_7.jpg,images/454_7.jpg,454,224,224,True,False,True
train,454_8.jpg,images/454_8.jpg,454,224,224,True,False,True
train,455_1.jpg,images/455_1.jpg,455,224,224,True,False,True
train,455_2.jpg,images/455_2.jpg,455,224,224,True,False,True
train,455_3.jpg,images/455_3.jpg,455,224,224,True,False,True
train,455_4.jpg,images/455_4.jpg,455,224,224,True,False,True
train,455_5.jpg,images/455_5.jpg,455,224,224,True,False,True
train,456_1.jpg,images/456_1.jpg,456,224,224,True,False,True
train,456_2.jpg,images/456_2.jpg,456,224,224,True,False,True
train,456_3.jpg,images/456_3.jpg,456,224,224,True,False,True
train,456_4.jpg,images/456_4.jpg,456,224,224,True,False,True
train,456_5.jpg,images/456_5.jpg,456,224,224,True,False,True
train,456_6.jpg,images/456_6.jpg,456,224,224,True,False,True
train,456_7.jpg,images/456_7.jpg,456,224,224,True,False,True
train,456_8.jpg,images/456_8.jpg,456,224,224,True,False,True
train,456_9.jpg,images/456_9.jpg,456,224,224,True,False,True
train,456_10.jpg,images/456_10.jpg,456,224,224,True,False,True
train,456_11.jpg,images/456_11.jpg,456,224,224,True,False,True
train,456_12.jpg,images/456_12.jpg,456,224,224,True,False,True
train,456_13.jpg,images/456_13.jpg,456,224,224,True,False,True
train,456_14.jpg,images/456_14.jpg,456,224,224,True,False,True
train,456_15.jpg,images/456_15.jpg,456,224,224,True,False,True
train,456_16.jpg,images/456_16.jpg,456,224,224,True,False,True
train,456_17.jpg,images/456_17.jpg,456,224,224,True,False,True
train,456_18.jpg,images/456_18.jpg,456,224,224,True,False,True
train,456_19.jpg,images/456_19.jpg,456,224,224,True,False,True
train,456_20.jpg,images/456_20.jpg,456,224,224,True,False,True
train,456_21.jpg,images/456_21.jpg,456,224,224,True,False,True
train,456_22.jpg,images/456_22.jpg,456,224,224,True,False,True
train,456_23.jpg,images/456_23.jpg,456,224,224,True,False,True
train,456_24.jpg,images/456_24.jpg,456,224,224,True,False,True
train,456_25.jpg,images/456_25.jpg,456,224,224,True,False,True
train,456_26.jpg,images/456_26.jpg,456,224,224,True,False,True
train,456_27.jpg,images/456_27.jpg,456,224,224,True,False,True
train,456_28.jpg,images/456_28.jpg,456,224,224,True,False,True
train,456_29.jpg,images/456_29.jpg,456,224,224,True,False,True
train,456_30.jpg,images/456_30.jpg,456,224,224,True,False,True
train,457_1.jpg,images/457_1.jpg,457,224,224,True,False,True
train,457_2.jpg,images/457_2.jpg,457,224,224,True,False,True
train,457_3.jpg,images/457_3.jpg,457,224,224,True,False,True
train,457_4.jpg,images/457_4.jpg,457,224,224,True,False,True
train,457_5.jpg,images/457_5.jpg,457,224,224,True,False,True
train,458_1.jpg,images/458_1.jpg,458,224,224,True,False,True
train,458_2.jpg,images/458_2.jpg,458,224,224,True,False,True
train,458_3.jpg,images/458_3.jpg,458,224,224,True,False,True
train,458_4.jpg,images/458_4.jpg,458,224,224,True,False,True
train,458_5.jpg,images/458_5.jpg,458,224,224,True,False,True
train,458_6.jpg,images/458_6.jpg,458,224,224,True,False,True
train,458_7.jpg,images/458_7.jpg,458,224,224,True,False,True
train,459_1.jpg,images/459_1.jpg,459,224,224,True,False,True
train,459_2.jpg,images/459_2.jpg,459,224,224,True,False,True
train,459_3.jpg,images/459_3.jpg,459,224,224,True,False,True
train,459_4.jpg,images/459_4.jpg,459,224,224,True,False,True
train,460_1.jpg,images/460_1.jpg,460,224,224,True,False,True
train,460_2.jpg,images/460_2.jpg,460,224,224,True,False,True
train,460_3.jpg,images/460_3.jpg,460,224,224,True,False,True
train,460_4.jpg,images/460_4.jpg,460,224,224,True,False,True
train,460_5.jpg,images/460_5.jpg,460,224,224,True,False,True
train,460_6.jpg,images/460_6.jpg,460,224,224,True,False,True
train,460_7.jpg,images/460_7.jpg,460,224,224,True,False,True
train,460_8.jpg,images/460_8.jpg,460,224,224,True,False,True
train,460_9.jpg,images/460_9.jpg,460,224,224,True,False,True
train,460_10.jpg,images/460_10.jpg,460,224,224,True,False,True
train,460_11.jpg,images/460_11.jpg,460,224,224,True,False,True
train,460_12.jpg,images/460_12.jpg,460,224,224,True,False,True
train,460_13.jpg,images/460_13.jpg,460,224,224,True,False,True
train,461_1.jpg,images/461_1.jpg,461,224,224,True,False,True
train,461_2.jpg,images/461_2.jpg,461,224,224,True,False,True
train,461_3.jpg,images/461_3.jpg,461,224,224,True,False,True
train,461_4.jpg,images/461_4.jpg,461,224,224,True,False,True
train,461_5.jpg,images/461_5.jpg,461,224,224,True,False,True
train,461_6.jpg,images/461_6.jpg,461,224,224,True,False,True
test,462_1.jpg,images/462_1.jpg,462,224,224,True,False,True
test,462_2.jpg,images/462_2.jpg,462,224,224,True,False,True
test,462_3.jpg,images/462_3.jpg,462,224,224,True,False,True
test,462_4.jpg,images/462_4.jpg,462,224,224,True,False,True
test,462_5.jpg,images/462_5.jpg,462,224,224,True,False,True
test,462_6.jpg,images/462_6.jpg,462,224,224,True,False,True
test,462_7.jpg,images/462_7.jpg,462,224,224,True,False,True
test,462_8.jpg,images/462_8.jpg,462,224,224,True,False,True
test,462_9.jpg,images/462_9.jpg,462,224,224,True,False,True
train,463_1.jpg,images/463_1.jpg,463,224,224,True,False,True
train,463_2.jpg,images/463_2.jpg,463,224,224,True,False,True
train,463_3.jpg,images/463_3.jpg,463,224,224,True,False,True
train,463_4.jpg,images/463_4.jpg,463,224,224,True,False,True
train,463_5.jpg,images/463_5.jpg,463,224,224,True,False,True
train,464_1.jpg,images/464_1.jpg,464,224,224,True,False,True
train,464_2.jpg,images/464_2.jpg,464,224,224,True,False,True
train,464_3.jpg,images/464_3.jpg,464,224,224,True,False,True
train,464_4.jpg,images/464_4.jpg,464,224,224,True,False,True
train,464_5.jpg,images/464_5.jpg,464,224,224,True,False,True
train,464_6.jpg,images/464_6.jpg,464,224,224,True,False,True
train,464_7.jpg,images/464_7.jpg,464,224,224,True,False,True
train,465_1.jpg,images/465_1.jpg,465,224,224,True,False,True
train,465_2.jpg,images/465_2.jpg,465,224,224,True,False,True
train,465_3.jpg,images/465_3.jpg,465,224,224,True,False,True
train,465_4.jpg,images/465_4.jpg,465,224,224,True,False,True
train,465_5.jpg,images/465_5.jpg,465,224,224,True,False,True
train,465_6.jpg,images/465_6.jpg,465,224,224,True,False,True
train,465_7.jpg,images/465_7.jpg,465,224,224,True,False,True
train,465_8.jpg,images/465_8.jpg,465,224,224,True,False,True
train,465_9.jpg,images/465_9.jpg,465,224,224,True,False,True
train,465_10.jpg,images/465_10.jpg,465,224,224,True,False,True
train,465_11.jpg,images/465_11.jpg,465,224,224,True,False,True
train,465_12.jpg,images/465_12.jpg,465,224,224,True,False,True
train,465_13.jpg,images/465_13.jpg,465,224,224,True,False,True
train,465_14.jpg,images/465_14.jpg,465,224,224,True,False,True
train,466_1.jpg,images/466_1.jpg,466,224,224,True,False,True
train,466_2.jpg,images/466_2.jpg,466,224,224,True,False,True
train,466_3.jpg,images/466_3.jpg,466,224,224,True,False,True
train,466_4.jpg,images/466_4.jpg,466,224,224,True,False,True
train,466_5.jpg,images/466_5.jpg,466,224,224,True,False,True
train,466_6.jpg,images/466_6.jpg,466,224,224,True,False,True
train,466_7.jpg,images/466_7.jpg,466,224,224,True,False,True
train,466_8.jpg,images/466_8.jpg,466,224,224,True,False,True
train,466_9.jpg,images/466_9.jpg,466,224,224,True,False,True
train,466_10.jpg,images/466_10.jpg,466,224,224,True,False,True
train,467_1.jpg,images/467_1.jpg,467,224,224,True,False,True
train,467_2.jpg,images/467_2.jpg,467,224,224,True,False,True
train,467_3.jpg,images/467_3.jpg,467,224,224,True,False,True
train,467_4.jpg,images/467_4.jpg,467,224,224,True,False,True
train,467_5.jpg,images/467_5.jpg,467,224,224,True,False,True
train,467_6.jpg,images/467_6.jpg,467,224,224,True,False,True
train,467_7.jpg,images/467_7.jpg,467,224,224,True,False,True
train,467_8.jpg,images/467_8.jpg,467,224,224,True,False,True
train,467_9.jpg,images/467_9.jpg,467,224,224,True,False,True
train,467_10.jpg,images/467_10.jpg,467,224,224,True,False,True
train,468_1.jpg,images/468_1.jpg,468,224,224,True,False,True
train,468_2.jpg,images/468_2.jpg,468,224,224,True,False,True
train,468_3.jpg,images/468_3.jpg,468,224,224,True,False,True
train,468_4.jpg,images/468_4.jpg,468,224,224,True,False,True
train,468_5.jpg,images/468_5.jpg,468,224,224,True,False,True
train,468_6.jpg,images/468_6.jpg,468,224,224,True,False,True
train,468_7.jpg,images/468_7.jpg,468,224,224,True,False,True
train,468_8.jpg,images/468_8.jpg,468,224,224,True,False,True
train,468_9.jpg,images/468_9.jpg,468,224,224,True,False,True
train,468_10.jpg,images/468_10.jpg,468,224,224,True,False,True
train,468_11.jpg,images/468_11.jpg,468,224,224,True,False,True
train,468_12.jpg,images/468_12.jpg,468,224,224,True,False,True
train,468_13.jpg,images/468_13.jpg,468,224,224,True,False,True
train,469_1.jpg,images/469_1.jpg,469,224,224,True,False,True
train,469_2.jpg,images/469_2.jpg,469,224,224,True,False,True
train,469_3.jpg,images/469_3.jpg,469,224,224,True,False,True
train,469_4.jpg,images/469_4.jpg,469,224,224,True,False,True
train,469_5.jpg,images/469_5.jpg,469,224,224,True,False,True
train,470_1.jpg,images/470_1.jpg,470,224,224,True,False,True
train,470_2.jpg,images/470_2.jpg,470,224,224,True,False,True
train,470_3.jpg,images/470_3.jpg,470,224,224,True,False,True
train,470_4.jpg,images/470_4.jpg,470,224,224,True,False,True
train,470_5.jpg,images/470_5.jpg,470,224,224,True,False,True
train,470_6.jpg,images/470_6.jpg,470,224,224,True,False,True
train,470_7.jpg,images/470_7.jpg,470,224,224,True,False,True
train,470_8.jpg,images/470_8.jpg,470,224,224,True,False,True
train,470_9.jpg,images/470_9.jpg,470,224,224,True,False,True
train,470_10.jpg,images/470_10.jpg,470,224,224,True,False,True
train,470_11.jpg,images/470_11.jpg,470,224,224,True,False,True
train,470_12.jpg,images/470_12.jpg,470,224,224,True,False,True
train,470_13.jpg,images/470_13.jpg,470,224,224,True,False,True
train,470_14.jpg,images/470_14.jpg,470,224,224,True,False,True
train,470_15.jpg,images/470_15.jpg,470,224,224,True,False,True
train,470_16.jpg,images/470_16.jpg,470,224,224,True,False,True
train,471_1.jpg,images/471_1.jpg,471,224,224,True,False,True
train,471_2.jpg,images/471_2.jpg,471,224,224,True,False,True
train,471_3.jpg,images/471_3.jpg,471,224,224,True,False,True
train,471_4.jpg,images/471_4.jpg,471,224,224,True,False,True
train,471_5.jpg,images/471_5.jpg,471,224,224,True,False,True
train,471_6.jpg,images/471_6.jpg,471,224,224,True,False,True
train,471_7.jpg,images/471_7.jpg,471,224,224,True,False,True
train,471_8.jpg,images/471_8.jpg,471,224,224,True,False,True
train,471_9.jpg,images/471_9.jpg,471,224,224,True,False,True
train,471_10.jpg,images/471_10.jpg,471,224,224,True,False,True
train,472_1.jpg,images/472_1.jpg,472,224,224,True,False,True
train,472_2.jpg,images/472_2.jpg,472,224,224,True,False,True
train,472_3.jpg,images/472_3.jpg,472,224,224,True,False,True
train,472_4.jpg,images/472_4.jpg,472,224,224,True,False,True
train,472_5.jpg,images/472_5.jpg,472,224,224,True,False,True
train,472_6.jpg,images/472_6.jpg,472,224,224,True,False,True
train,472_7.jpg,images/472_7.jpg,472,224,224,True,False,True
train,472_8.jpg,images/472_8.jpg,472,224,224,True,False,True
train,472_9.jpg,images/472_9.jpg,472,224,224,True,False,True
train,473_1.jpg,images/473_1.jpg,473,224,224,True,False,True
train,473_2.jpg,images/473_2.jpg,473,224,224,True,False,True
train,473_3.jpg,images/473_3.jpg,473,224,224,True,False,True
train,473_4.jpg,images/473_4.jpg,473,224,224,True,False,True
train,473_5.jpg,images/473_5.jpg,473,224,224,True,False,True
train,473_6.jpg,images/473_6.jpg,473,224,224,True,False,True
train,473_7.jpg,images/473_7.jpg,473,224,224,True,False,True
train,473_8.jpg,images/473_8.jpg,473,224,224,True,False,True
train,473_9.jpg,images/473_9.jpg,473,224,224,True,False,True
train,473_10.jpg,images/473_10.jpg,473,224,224,True,False,True
train,473_11.jpg,images/473_11.jpg,473,224,224,True,False,True
train,473_12.jpg,images/473_12.jpg,473,224,224,True,False,True
train,473_13.jpg,images/473_13.jpg,473,224,224,True,False,True
train,473_14.jpg,images/473_14.jpg,473,224,224,True,False,True
train,473_15.jpg,images/473_15.jpg,473,224,224,True,False,True
train,473_16.jpg,images/473_16.jpg,473,224,224,True,False,True
train,473_17.jpg,images/473_17.jpg,473,224,224,True,False,True
train,473_18.jpg,images/473_18.jpg,473,224,224,True,False,True
test,474_1.jpg,images/474_1.jpg,474,224,224,True,False,True
test,474_2.jpg,images/474_2.jpg,474,224,224,True,False,True
train,475_1.jpg,images/475_1.jpg,475,224,224,True,False,True
train,475_2.jpg,images/475_2.jpg,475,224,224,True,False,True
train,475_3.jpg,images/475_3.jpg,475,224,224,True,False,True
train,475_4.jpg,images/475_4.jpg,475,224,224,True,False,True
train,475_5.jpg,images/475_5.jpg,475,224,224,True,False,True
train,476_1.jpg,images/476_1.jpg,476,224,224,True,False,True
train,476_2.jpg,images/476_2.jpg,476,224,224,True,False,True
train,476_3.jpg,images/476_3.jpg,476,224,224,True,False,True
train,476_4.jpg,images/476_4.jpg,476,224,224,True,False,True
train,476_5.jpg,images/476_5.jpg,476,224,224,True,False,True
train,477_1.jpg,images/477_1.jpg,477,224,224,True,False,True
train,477_2.jpg,images/477_2.jpg,477,224,224,True,False,True
train,477_3.jpg,images/477_3.jpg,477,224,224,True,False,True
train,477_4.jpg,images/477_4.jpg,477,224,224,True,False,True
train,477_5.jpg,images/477_5.jpg,477,224,224,True,False,True
train,477_6.jpg,images/477_6.jpg,477,224,224,True,False,True
train,477_7.jpg,images/477_7.jpg,477,224,224,True,False,True
train,478_1.jpg,images/478_1.jpg,478,224,224,True,False,True
train,478_2.jpg,images/478_2.jpg,478,224,224,True,False,True
train,478_3.jpg,images/478_3.jpg,478,224,224,True,False,True
test,479_1.jpg,images/479_1.jpg,479,224,224,True,False,True
test,479_2.jpg,images/479_2.jpg,479,224,224,True,False,True
test,479_3.jpg,images/479_3.jpg,479,224,224,True,False,True
test,479_4.jpg,images/479_4.jpg,479,224,224,True,False,True
train,480_1.jpg,images/480_1.jpg,480,224,224,True,False,True
train,480_2.jpg,images/480_2.jpg,480,224,224,True,False,True
train,480_3.jpg,images/480_3.jpg,480,224,224,True,False,True
train,481_1.jpg,images/481_1.jpg,481,224,224,True,False,True
train,481_2.jpg,images/481_2.jpg,481,224,224,True,False,True
train,481_3.jpg,images/481_3.jpg,481,224,224,True,False,True
train,481_4.jpg,images/481_4.jpg,481,224,224,True,False,True
train,481_5.jpg,images/481_5.jpg,481,224,224,True,False,True
train,481_6.jpg,images/481_6.jpg,481,224,224,True,False,True
train,481_7.jpg,images/481_7.jpg,481,224,224,True,False,True
train,481_8.jpg,images/481_8.jpg,481,224,224,True,False,True
train,481_9.jpg,images/481_9.jpg,481,224,224,True,False,True
train,481_10.jpg,images/481_10.jpg,481,224,224,True,False,True
train,481_11.jpg,images/481_11.jpg,481,224,224,True,False,True
train,481_12.jpg,images/481_12.jpg,481,224,224,True,False,True
train,481_13.jpg,images/481_13.jpg,481,224,224,True,False,True
train,481_14.jpg,images/481_14.jpg,481,224,224,True,False,True
train,481_15.jpg,images/481_15.jpg,481,224,224,True,False,True
train,481_16.jpg,images/481_16.jpg,481,224,224,True,False,True
train,481_17.jpg,images/481_17.jpg,481,224,224,True,False,True
train,481_18.jpg,images/481_18.jpg,481,224,224,True,False,True
train,481_19.jpg,images/481_19.jpg,481,224,224,True,False,True
test,482_1.jpg,images/482_1.jpg,482,224,224,True,False,True
test,482_2.jpg,images/482_2.jpg,482,224,224,True,False,True
test,482_3.jpg,images/482_3.jpg,482,224,224,True,False,True
test,482_4.jpg,images/482_4.jpg,482,224,224,True,False,True
test,482_5.jpg,images/482_5.jpg,482,224,224,True,False,True
test,482_6.jpg,images/482_6.jpg,482,224,224,True,False,True
test,482_7.jpg,images/482_7.jpg,482,224,224,True,False,True
test,482_8.jpg,images/482_8.jpg,482,224,224,True,False,True
test,482_9.jpg,images/482_9.jpg,482,224,224,True,False,True
test,482_10.jpg,images/482_10.jpg,482,224,224,True,False,True
test,482_11.jpg,images/482_11.jpg,482,224,224,True,False,True
train,483_1.jpg,images/483_1.jpg,483,224,224,True,False,True
train,483_2.jpg,images/483_2.jpg,483,224,224,True,False,True
train,483_3.jpg,images/483_3.jpg,483,224,224,True,False,True
train,483_4.jpg,images/483_4.jpg,483,224,224,True,False,True
train,483_5.jpg,images/483_5.jpg,483,224,224,True,False,True
train,483_6.jpg,images/483_6.jpg,483,224,224,True,False,True
train,483_7.jpg,images/483_7.jpg,483,224,224,True,False,True
train,484_1.jpg,images/484_1.jpg,484,224,224,True,False,True
train,484_2.jpg,images/484_2.jpg,484,224,224,True,False,True
train,484_3.jpg,images/484_3.jpg,484,224,224,True,False,True
train,484_4.jpg,images/484_4.jpg,484,224,224,True,False,True
train,484_5.jpg,images/484_5.jpg,484,224,224,True,False,True
train,485_1.jpg,images/485_1.jpg,485,224,224,True,False,True
train,485_2.jpg,images/485_2.jpg,485,224,224,True,False,True
train,485_3.jpg,images/485_3.jpg,485,224,224,True,False,True
train,485_4.jpg,images/485_4.jpg,485,224,224,True,False,True
train,485_5.jpg,images/485_5.jpg,485,224,224,True,False,True
train,486_1.jpg,images/486_1.jpg,486,224,224,True,False,True
train,486_2.jpg,images/486_2.jpg,486,224,224,True,False,True
train,486_3.jpg,images/486_3.jpg,486,224,224,True,False,True
train,486_4.jpg,images/486_4.jpg,486,224,224,True,False,True
train,486_5.jpg,images/486_5.jpg,486,224,224,True,False,True
train,486_6.jpg,images/486_6.jpg,486,224,224,True,False,True
train,486_7.jpg,images/486_7.jpg,486,224,224,True,False,True
train,487_1.jpg,images/487_1.jpg,487,224,224,True,False,True
train,487_2.jpg,images/487_2.jpg,487,224,224,True,False,True
train,488_1.jpg,images/488_1.jpg,488,224,224,True,False,True
train,488_2.jpg,images/488_2.jpg,488,224,224,True,False,True
train,488_3.jpg,images/488_3.jpg,488,224,224,True,False,True
train,488_4.jpg,images/488_4.jpg,488,224,224,True,False,True
train,489_1.jpg,images/489_1.jpg,489,224,224,True,False,True
train,489_2.jpg,images/489_2.jpg,489,224,224,True,False,True
train,489_3.jpg,images/489_3.jpg,489,224,224,True,False,True
train,489_4.jpg,images/489_4.jpg,489,224,224,True,False,True
train,489_5.jpg,images/489_5.jpg,489,224,224,True,False,True
train,489_6.jpg,images/489_6.jpg,489,224,224,True,False,True
train,490_1.jpg,images/490_1.jpg,490,224,224,True,False,True
train,490_2.jpg,images/490_2.jpg,490,224,224,True,False,True
train,490_3.jpg,images/490_3.jpg,490,224,224,True,False,True
train,490_4.jpg,images/490_4.jpg,490,224,224,True,False,True
train,490_5.jpg,images/490_5.jpg,490,224,224,True,False,True
train,490_6.jpg,images/490_6.jpg,490,224,224,True,False,True
train,490_7.jpg,images/490_7.jpg,490,224,224,True,False,True
train,490_8.jpg,images/490_8.jpg,490,224,224,True,False,True
train,490_9.jpg,images/490_9.jpg,490,224,224,True,False,True
train,490_10.jpg,images/490_10.jpg,490,224,224,True,False,True
train,491_1.jpg,images/491_1.jpg,491,224,224,True,False,True
train,491_2.jpg,images/491_2.jpg,491,224,224,True,False,True
train,491_3.jpg,images/491_3.jpg,491,224,224,True,False,True
train,491_4.jpg,images/491_4.jpg,491,224,224,True,False,True
train,491_5.jpg,images/491_5.jpg,491,224,224,True,False,True
train,491_6.jpg,images/491_6.jpg,491,224,224,True,False,True
test,492_1.jpg,images/492_1.jpg,492,224,224,True,False,True
test,492_2.jpg,images/492_2.jpg,492,224,224,True,False,True
train,493_1.jpg,images/493_1.jpg,493,224,224,True,False,True
train,493_2.jpg,images/493_2.jpg,493,224,224,True,False,True
train,493_3.jpg,images/493_3.jpg,493,224,224,True,False,True
train,493_4.jpg,images/493_4.jpg,493,224,224,True,False,True
train,493_5.jpg,images/493_5.jpg,493,224,224,True,False,True
train,493_6.jpg,images/493_6.jpg,493,224,224,True,False,True
train,493_7.jpg,images/493_7.jpg,493,224,224,True,False,True
train,493_8.jpg,images/493_8.jpg,493,224,224,True,False,True
train,493_9.jpg,images/493_9.jpg,493,224,224,True,False,True
train,493_10.jpg,images/493_10.jpg,493,224,224,True,False,True
train,493_11.jpg,images/493_11.jpg,493,224,224,True,False,True
train,493_12.jpg,images/493_12.jpg,493,224,224,True,False,True
train,493_13.jpg,images/493_13.jpg,493,224,224,True,False,True
train,493_14.jpg,images/493_14.jpg,493,224,224,True,False,True
train,493_15.jpg,images/493_15.jpg,493,224,224,True,False,True
train,493_16.jpg,images/493_16.jpg,493,224,224,True,False,True
train,493_17.jpg,images/493_17.jpg,493,224,224,True,False,True
train,493_18.jpg,images/493_18.jpg,493,224,224,True,False,True
train,493_19.jpg,images/493_19.jpg,493,224,224,True,False,True
test,494_1.jpg,images/494_1.jpg,494,224,224,True,False,True
test,494_2.jpg,images/494_2.jpg,494,224,224,True,False,True
test,494_3.jpg,images/494_3.jpg,494,224,224,True,False,True
test,494_4.jpg,images/494_4.jpg,494,224,224,True,False,True
test,494_5.jpg,images/494_5.jpg,494,224,224,True,False,True
test,494_6.jpg,images/494_6.jpg,494,224,224,True,False,True
test,494_7.jpg,images/494_7.jpg,494,224,224,True,False,True
test,494_8.jpg,images/494_8.jpg,494,224,224,True,False,True
train,495_1.jpg,images/495_1.jpg,495,224,224,True,False,True
train,495_2.jpg,images/495_2.jpg,495,224,224,True,False,True
train,495_3.jpg,images/495_3.jpg,495,224,224,True,False,True
train,495_4.jpg,images/495_4.jpg,495,224,224,True,False,True
train,495_5.jpg,images/495_5.jpg,495,224,224,True,False,True
train,495_6.jpg,images/495_6.jpg,495,224,224,True,False,True
train,495_7.jpg,images/495_7.jpg,495,224,224,True,False,True
train,495_8.jpg,images/495_8.jpg,495,224,224,True,False,True
train,495_9.jpg,images/495_9.jpg,495,224,224,True,False,True
train,495_10.jpg,images/495_10.jpg,495,224,224,True,False,True
train,495_11.jpg,images/495_11.jpg,495,224,224,True,False,True
train,496_1.jpg,images/496_1.jpg,496,224,224,True,False,True
train,496_2.jpg,images/496_2.jpg,496,224,224,True,False,True
train,496_3.jpg,images/496_3.jpg,496,224,224,True,False,True
train,496_4.jpg,images/496_4.jpg,496,224,224,True,False,True
train,496_5.jpg,images/496_5.jpg,496,224,224,True,False,True
train,496_6.jpg,images/496_6.jpg,496,224,224,True,False,True
train,497_1.jpg,images/497_1.jpg,497,224,224,True,False,True
train,497_2.jpg,images/497_2.jpg,497,224,224,True,False,True
train,497_3.jpg,images/497_3.jpg,497,224,224,True,False,True
train,497_4.jpg,images/497_4.jpg,497,224,224,True,False,True
train,497_5.jpg,images/497_5.jpg,497,224,224,True,False,True
train,497_6.jpg,images/497_6.jpg,497,224,224,True,False,True
train,497_7.jpg,images/497_7.jpg,497,224,224,True,False,True
train,497_8.jpg,images/497_8.jpg,497,224,224,True,False,True
train,497_9.jpg,images/497_9.jpg,497,224,224,True,False,True
train,497_10.jpg,images/497_10.jpg,497,224,224,True,False,True
train,497_11.jpg,images/497_11.jpg,497,224,224,True,False,True
train,497_12.jpg,images/497_12.jpg,497,224,224,True,False,True
test,498_1.jpg,images/498_1.jpg,498,224,224,True,False,True
test,498_2.jpg,images/498_2.jpg,498,224,224,True,False,True
test,498_3.jpg,images/498_3.jpg,498,224,224,True,False,True
test,498_4.jpg,images/498_4.jpg,498,224,224,True,False,True
train,499_1.jpg,images/499_1.jpg,499,224,224,True,False,True
train,499_2.jpg,images/499_2.jpg,499,224,224,True,False,True
train,499_3.jpg,images/499_3.jpg,499,224,224,True,False,True
train,499_4.jpg,images/499_4.jpg,499,224,224,True,False,True
train,500_1.jpg,images/500_1.jpg,500,224,224,True,False,True
train,500_2.jpg,images/500_2.jpg,500,224,224,True,False,True
train,500_3.jpg,images/500_3.jpg,500,224,224,True,False,True
train,500_4.jpg,images/500_4.jpg,500,224,224,True,False,True
train,501_1.jpg,images/501_1.jpg,501,224,224,True,False,True
train,501_2.jpg,images/501_2.jpg,501,224,224,True,False,True
train,501_3.jpg,images/501_3.jpg,501,224,224,True,False,True
train,501_4.jpg,images/501_4.jpg,501,224,224,True,False,True
train,501_5.jpg,images/501_5.jpg,501,224,224,True,False,True
train,501_6.jpg,images/501_6.jpg,501,224,224,True,False,True
train,501_7.jpg,images/501_7.jpg,501,224,224,True,False,True
train,502_1.jpg,images/502_1.jpg,502,224,224,True,False,True
train,502_2.jpg,images/502_2.jpg,502,224,224,True,False,True
train,502_3.jpg,images/502_3.jpg,502,224,224,True,False,True
train,502_4.jpg,images/502_4.jpg,502,224,224,True,False,True
train,502_5.jpg,images/502_5.jpg,502,224,224,True,False,True
train,502_6.jpg,images/502_6.jpg,502,224,224,True,False,True
train,502_7.jpg,images/502_7.jpg,502,224,224,True,False,True
train,502_8.jpg,images/502_8.jpg,502,224,224,True,False,True
train,502_9.jpg,images/502_9.jpg,502,224,224,True,False,True
train,502_10.jpg,images/502_10.jpg,502,224,224,True,False,True
train,502_11.jpg,images/502_11.jpg,502,224,224,True,False,True
train,502_12.jpg,images/502_12.jpg,502,224,224,True,False,True
train,502_13.jpg,images/502_13.jpg,502,224,224,True,False,True
train,503_1.jpg,images/503_1.jpg,503,224,224,True,False,True
train,503_2.jpg,images/503_2.jpg,503,224,224,True,False,True
train,503_3.jpg,images/503_3.jpg,503,224,224,True,False,True
train,503_4.jpg,images/503_4.jpg,503,224,224,True,False,True
train,503_5.jpg,images/503_5.jpg,503,224,224,True,False,True
train,503_6.jpg,images/503_6.jpg,503,224,224,True,False,True
train,503_7.jpg,images/503_7.jpg,503,224,224,True,False,True
train,503_8.jpg,images/503_8.jpg,503,224,224,True,False,True
train,503_9.jpg,images/503_9.jpg,503,224,224,True,False,True
train,503_10.jpg,images/503_10.jpg,503,224,224,True,False,True
train,503_11.jpg,images/503_11.jpg,503,224,224,True,False,True
train,503_12.jpg,images/503_12.jpg,503,224,224,True,False,True
train,503_13.jpg,images/503_13.jpg,503,224,224,True,False,True
train,503_14.jpg,images/503_14.jpg,503,224,224,True,False,True
train,503_15.jpg,images/503_15.jpg,503,224,224,True,False,True
train,503_16.jpg,images/503_16.jpg,503,224,224,True,False,True
train,503_17.jpg,images/503_17.jpg,503,224,224,True,False,True
train,503_18.jpg,images/503_18.jpg,503,224,224,True,False,True
train,503_19.jpg,images/503_19.jpg,503,224,224,True,False,True
train,503_20.jpg,images/503_20.jpg,503,224,224,True,False,True
train,503_21.jpg,images/503_21.jpg,503,224,224,True,False,True
train,503_22.jpg,images/503_22.jpg,503,224,224,True,False,True
train,503_23.jpg,images/503_23.jpg,503,224,224,True,False,True
train,504_1.jpg,images/504_1.jpg,504,224,224,True,False,True
train,504_2.jpg,images/504_2.jpg,504,224,224,True,False,True
train,504_3.jpg,images/504_3.jpg,504,224,224,True,False,True
train,504_4.jpg,images/504_4.jpg,504,224,224,True,False,True
train,504_5.jpg,images/504_5.jpg,504,224,224,True,False,True
train,504_6.jpg,images/504_6.jpg,504,224,224,True,False,True
train,504_7.jpg,images/504_7.jpg,504,224,224,True,False,True
train,504_8.jpg,images/504_8.jpg,504,224,224,True,False,True
train,504_9.jpg,images/504_9.jpg,504,224,224,True,False,True
train,504_10.jpg,images/504_10.jpg,504,224,224,True,False,True
train,505_1.jpg,images/505_1.jpg,505,224,224,True,False,True
train,505_2.jpg,images/505_2.jpg,505,224,224,True,False,True
train,505_3.jpg,images/505_3.jpg,505,224,224,True,False,True
train,505_4.jpg,images/505_4.jpg,505,224,224,True,False,True
train,505_5.jpg,images/505_5.jpg,505,224,224,True,False,True
train,505_6.jpg,images/505_6.jpg,505,224,224,True,False,True
train,505_7.jpg,images/505_7.jpg,505,224,224,True,False,True
train,505_8.jpg,images/505_8.jpg,505,224,224,True,False,True
train,505_9.jpg,images/505_9.jpg,505,224,224,True,False,True
train,505_10.jpg,images/505_10.jpg,505,224,224,True,False,True
train,505_11.jpg,images/505_11.jpg,505,224,224,True,False,True
train,505_12.jpg,images/505_12.jpg,505,224,224,True,False,True
train,505_13.jpg,images/505_13.jpg,505,224,224,True,False,True
train,505_14.jpg,images/505_14.jpg,505,224,224,True,False,True
train,505_15.jpg,images/505_15.jpg,505,224,224,True,False,True
train,505_16.jpg,images/505_16.jpg,505,224,224,True,False,True
train,505_17.jpg,images/505_17.jpg,505,224,224,True,False,True
train,505_18.jpg,images/505_18.jpg,505,224,224,True,False,True
train,505_19.jpg,images/505_19.jpg,505,224,224,True,False,True
train,506_1.jpg,images/506_1.jpg,506,224,224,True,False,True
train,506_2.jpg,images/506_2.jpg,506,224,224,True,False,True
train,506_3.jpg,images/506_3.jpg,506,224,224,True,False,True
train,506_4.jpg,images/506_4.jpg,506,224,224,True,False,True
train,506_5.jpg,images/506_5.jpg,506,224,224,True,False,True
train,506_6.jpg,images/506_6.jpg,506,224,224,True,False,True
train,506_7.jpg,images/506_7.jpg,506,224,224,True,False,True
train,506_8.jpg,images/506_8.jpg,506,224,224,True,False,True
train,506_9.jpg,images/506_9.jpg,506,224,224,True,False,True
train,506_10.jpg,images/506_10.jpg,506,224,224,True,False,True
train,506_11.jpg,images/506_11.jpg,506,224,224,True,False,True
train,506_12.jpg,images/506_12.jpg,506,224,224,True,False,True
train,507_1.jpg,images/507_1.jpg,507,224,224,True,False,True
train,507_2.jpg,images/507_2.jpg,507,224,224,True,False,True
train,507_3.jpg,images/507_3.jpg,507,224,224,True,False,True
train,507_4.jpg,images/507_4.jpg,507,224,224,True,False,True
train,507_5.jpg,images/507_5.jpg,507,224,224,True,False,True
train,507_6.jpg,images/507_6.jpg,507,224,224,True,False,True
train,507_7.jpg,images/507_7.jpg,507,224,224,True,False,True
train,507_8.jpg,images/507_8.jpg,507,224,224,True,False,True
train,507_9.jpg,images/507_9.jpg,507,224,224,True,False,True
test,508_1.jpg,images/508_1.jpg,508,224,224,True,False,True
test,508_2.jpg,images/508_2.jpg,508,224,224,True,False,True
test,508_3.jpg,images/508_3.jpg,508,224,224,True,False,True
test,508_4.jpg,images/508_4.jpg,508,224,224,True,False,True
test,508_5.jpg,images/508_5.jpg,508,224,224,True,False,True
test,508_6.jpg,images/508_6.jpg,508,224,224,True,False,True
test,508_7.jpg,images/508_7.jpg,508,224,224,True,False,True
test,508_8.jpg,images/508_8.jpg,508,224,224,True,False,True
test,508_9.jpg,images/508_9.jpg,508,224,224,True,False,True
test,508_10.jpg,images/508_10.jpg,508,224,224,True,False,True
test,508_11.jpg,images/508_11.jpg,508,224,224,True,False,True
train,509_1.jpg,images/509_1.jpg,509,224,224,True,False,True
train,509_2.jpg,images/509_2.jpg,509,224,224,True,False,True
train,509_3.jpg,images/509_3.jpg,509,224,224,True,False,True
train,509_4.jpg,images/509_4.jpg,509,224,224,True,False,True
train,509_5.jpg,images/509_5.jpg,509,224,224,True,False,True
train,509_6.jpg,images/509_6.jpg,509,224,224,True,False,True
train,509_7.jpg,images/509_7.jpg,509,224,224,True,False,True
train,509_8.jpg,images/509_8.jpg,509,224,224,True,False,True
train,509_9.jpg,images/509_9.jpg,509,224,224,True,False,True
train,509_10.jpg,images/509_10.jpg,509,224,224,True,False,True
train,509_11.jpg,images/509_11.jpg,509,224,224,True,False,True
train,509_12.jpg,images/509_12.jpg,509,224,224,True,False,True
train,509_13.jpg,images/509_13.jpg,509,224,224,True,False,True
train,509_14.jpg,images/509_14.jpg,509,224,224,True,False,True
train,509_15.jpg,images/509_15.jpg,509,224,224,True,False,True
train,509_16.jpg,images/509_16.jpg,509,224,224,True,False,True
train,509_17.jpg,images/509_17.jpg,509,224,224,True,False,True
train,509_18.jpg,images/509_18.jpg,509,224,224,True,False,True
train,509_19.jpg,images/509_19.jpg,509,224,224,True,False,True
train,510_1.jpg,images/510_1.jpg,510,224,224,True,False,True
train,510_2.jpg,images/510_2.jpg,510,224,224,True,False,True
train,510_3.jpg,images/510_3.jpg,510,224,224,True,False,True
train,510_4.jpg,images/510_4.jpg,510,224,224,True,False,True
train,510_5.jpg,images/510_5.jpg,510,224,224,True,False,True
train,510_6.jpg,images/510_6.jpg,510,224,224,True,False,True
train,510_7.jpg,images/510_7.jpg,510,224,224,True,False,True
train,510_8.jpg,images/510_8.jpg,510,224,224,True,False,True
train,510_9.jpg,images/510_9.jpg,510,224,224,True,False,True
train,510_10.jpg,images/510_10.jpg,510,224,224,True,False,True
train,510_11.jpg,images/510_11.jpg,510,224,224,True,False,True
train,510_12.jpg,images/510_12.jpg,510,224,224,True,False,True
train,510_13.jpg,images/510_13.jpg,510,224,224,True,False,True
train,510_14.jpg,images/510_14.jpg,510,224,224,True,False,True
train,510_15.jpg,images/510_15.jpg,510,224,224,True,False,True
train,510_16.jpg,images/510_16.jpg,510,224,224,True,False,True
train,510_17.jpg,images/510_17.jpg,510,224,224,True,False,True
train,510_18.jpg,images/510_18.jpg,510,224,224,True,False,True
train,510_19.jpg,images/510_19.jpg,510,224,224,True,False,True
train,510_20.jpg,images/510_20.jpg,510,224,224,True,False,True
train,510_21.jpg,images/510_21.jpg,510,224,224,True,False,True
train,510_22.jpg,images/510_22.jpg,510,224,224,True,False,True
train,510_23.jpg,images/510_23.jpg,510,224,224,True,False,True
train,510_24.jpg,images/510_24.jpg,510,224,224,True,False,True
train,510_25.jpg,images/510_25.jpg,510,224,224,True,False,True
train,510_26.jpg,images/510_26.jpg,510,224,224,True,False,True
train,510_27.jpg,images/510_27.jpg,510,224,224,True,False,True
train,510_28.jpg,images/510_28.jpg,510,224,224,True,False,True
train,510_29.jpg,images/510_29.jpg,510,224,224,True,False,True
train,510_30.jpg,images/510_30.jpg,510,224,224,True,False,True
train,510_31.jpg,images/510_31.jpg,510,224,224,True,False,True
train,510_32.jpg,images/510_32.jpg,510,224,224,True,False,True
train,510_33.jpg,images/510_33.jpg,510,224,224,True,False,True
train,510_34.jpg,images/510_34.jpg,510,224,224,True,False,True
train,510_35.jpg,images/510_35.jpg,510,224,224,True,False,True
train,510_36.jpg,images/510_36.jpg,510,224,224,True,False,True
train,510_37.jpg,images/510_37.jpg,510,224,224,True,False,True
train,510_38.jpg,images/510_38.jpg,510,224,224,True,False,True
train,510_39.jpg,images/510_39.jpg,510,224,224,True,False,True
train,511_1.jpg,images/511_1.jpg,511,224,224,True,False,True
train,511_2.jpg,images/511_2.jpg,511,224,224,True,False,True
test,512_1.jpg,images/512_1.jpg,512,224,224,True,False,True
test,512_2.jpg,images/512_2.jpg,512,224,224,True,False,True
test,512_3.jpg,images/512_3.jpg,512,224,224,True,False,True
test,512_4.jpg,images/512_4.jpg,512,224,224,True,False,True
test,512_5.jpg,images/512_5.jpg,512,224,224,True,False,True
test,512_6.jpg,images/512_6.jpg,512,224,224,True,False,True
test,512_7.jpg,images/512_7.jpg,512,224,224,True,False,True
test,512_8.jpg,images/512_8.jpg,512,224,224,True,False,True
test,512_9.jpg,images/512_9.jpg,512,224,224,True,False,True
test,512_10.jpg,images/512_10.jpg,512,224,224,True,False,True
test,512_11.jpg,images/512_11.jpg,512,224,224,True,False,True
test,512_12.jpg,images/512_12.jpg,512,224,224,True,False,True
test,512_13.jpg,images/512_13.jpg,512,224,224,True,False,True
test,512_14.jpg,images/512_14.jpg,512,224,224,True,False,True
test,512_15.jpg,images/512_15.jpg,512,224,224,True,False,True
test,512_16.jpg,images/512_16.jpg,512,224,224,True,False,True
test,513_1.jpg,images/513_1.jpg,513,224,224,True,False,True
test,513_2.jpg,images/513_2.jpg,513,224,224,True,False,True
test,513_3.jpg,images/513_3.jpg,513,224,224,True,False,True
test,513_4.jpg,images/513_4.jpg,513,224,224,True,False,True
test,513_5.jpg,images/513_5.jpg,513,224,224,True,False,True
test,513_6.jpg,images/513_6.jpg,513,224,224,True,False,True
test,513_7.jpg,images/513_7.jpg,513,224,224,True,False,True
test,513_8.jpg,images/513_8.jpg,513,224,224,True,False,True
test,513_9.jpg,images/513_9.jpg,513,224,224,True,False,True
test,513_10.jpg,images/513_10.jpg,513,224,224,True,False,True
test,513_11.jpg,images/513_11.jpg,513,224,224,True,False,True
test,513_12.jpg,images/513_12.jpg,513,224,224,True,False,True
test,513_13.jpg,images/513_13.jpg,513,224,224,True,False,True
test,513_14.jpg,images/513_14.jpg,513,224,224,True,False,True
train,514_1.jpg,images/514_1.jpg,514,224,224,True,False,True
train,514_2.jpg,images/514_2.jpg,514,224,224,True,False,True
train,514_3.jpg,images/514_3.jpg,514,224,224,True,False,True
train,514_4.jpg,images/514_4.jpg,514,224,224,True,False,True
train,514_5.jpg,images/514_5.jpg,514,224,224,True,False,True
train,514_6.jpg,images/514_6.jpg,514,224,224,True,False,True
train,514_7.jpg,images/514_7.jpg,514,224,224,True,False,True
train,514_8.jpg,images/514_8.jpg,514,224,224,True,False,True
train,514_9.jpg,images/514_9.jpg,514,224,224,True,False,True
test,515_1.jpg,images/515_1.jpg,515,224,224,True,False,True
test,515_2.jpg,images/515_2.jpg,515,224,224,True,False,True
test,515_3.jpg,images/515_3.jpg,515,224,224,True,False,True
test,515_4.jpg,images/515_4.jpg,515,224,224,True,False,True
test,515_5.jpg,images/515_5.jpg,515,224,224,True,False,True
test,515_6.jpg,images/515_6.jpg,515,224,224,True,False,True
test,515_7.jpg,images/515_7.jpg,515,224,224,True,False,True
train,516_1.jpg,images/516_1.jpg,516,224,224,True,False,True
train,516_2.jpg,images/516_2.jpg,516,224,224,True,False,True
train,516_3.jpg,images/516_3.jpg,516,224,224,True,False,True
train,516_4.jpg,images/516_4.jpg,516,224,224,True,False,True
train,516_5.jpg,images/516_5.jpg,516,224,224,True,False,True
train,516_6.jpg,images/516_6.jpg,516,224,224,True,False,True
train,516_7.jpg,images/516_7.jpg,516,224,224,True,False,True
train,516_8.jpg,images/516_8.jpg,516,224,224,True,False,True
test,517_1.jpg,images/517_1.jpg,517,224,224,True,False,True
test,517_2.jpg,images/517_2.jpg,517,224,224,True,False,True
test,517_3.jpg,images/517_3.jpg,517,224,224,True,False,True
test,517_4.jpg,images/517_4.jpg,517,224,224,True,False,True
test,517_5.jpg,images/517_5.jpg,517,224,224,True,False,True
test,517_6.jpg,images/517_6.jpg,517,224,224,True,False,True
test,517_7.jpg,images/517_7.jpg,517,224,224,True,False,True
test,517_8.jpg,images/517_8.jpg,517,224,224,True,False,True
test,517_9.jpg,images/517_9.jpg,517,224,224,True,False,True
test,517_10.jpg,images/517_10.jpg,517,224,224,True,False,True
test,517_11.jpg,images/517_11.jpg,517,224,224,True,False,True
test,517_12.jpg,images/517_12.jpg,517,224,224,True,False,True
test,517_13.jpg,images/517_13.jpg,517,224,224,True,False,True
test,517_14.jpg,images/517_14.jpg,517,224,224,True,False,True
test,517_15.jpg,images/517_15.jpg,517,224,224,True,False,True
test,517_16.jpg,images/517_16.jpg,517,224,224,True,False,True
test,517_17.jpg,images/517_17.jpg,517,224,224,True,False,True
test,517_18.jpg,images/517_18.jpg,517,224,224,True,False,True
test,517_19.jpg,images/517_19.jpg,517,224,224,True,False,True
train,518_1.jpg,images/518_1.jpg,518,224,224,True,False,True
train,518_2.jpg,images/518_2.jpg,518,224,224,True,False,True
train,518_3.jpg,images/518_3.jpg,518,224,224,True,False,True
train,518_4.jpg,images/518_4.jpg,518,224,224,True,False,True
train,518_5.jpg,images/518_5.jpg,518,224,224,True,False,True
train,519_1.jpg,images/519_1.jpg,519,224,224,True,False,True
train,519_2.jpg,images/519_2.jpg,519,224,224,True,False,True
train,519_3.jpg,images/519_3.jpg,519,224,224,True,False,True
train,519_4.jpg,images/519_4.jpg,519,224,224,True,False,True
train,519_5.jpg,images/519_5.jpg,519,224,224,True,False,True
train,519_6.jpg,images/519_6.jpg,519,224,224,True,False,True
test,520_1.jpg,images/520_1.jpg,520,224,224,True,False,True
test,520_2.jpg,images/520_2.jpg,520,224,224,True,False,True
test,520_3.jpg,images/520_3.jpg,520,224,224,True,False,True
test,520_4.jpg,images/520_4.jpg,520,224,224,True,False,True
test,520_5.jpg,images/520_5.jpg,520,224,224,True,False,True
test,520_6.jpg,images/520_6.jpg,520,224,224,True,False,True
test,520_7.jpg,images/520_7.jpg,520,224,224,True,False,True
test,520_8.jpg,images/520_8.jpg,520,224,224,True,False,True
test,520_9.jpg,images/520_9.jpg,520,224,224,True,False,True
test,520_10.jpg,images/520_10.jpg,520,224,224,True,False,True
test,520_11.jpg,images/520_11.jpg,520,224,224,True,False,True
test,520_12.jpg,images/520_12.jpg,520,224,224,True,False,True
test,520_13.jpg,images/520_13.jpg,520,224,224,True,False,True
test,520_14.jpg,images/520_14.jpg,520,224,224,True,False,True
test,520_15.jpg,images/520_15.jpg,520,224,224,True,False,True
test,520_16.jpg,images/520_16.jpg,520,224,224,True,False,True
test,520_17.jpg,images/520_17.jpg,520,224,224,True,False,True
test,520_18.jpg,images/520_18.jpg,520,224,224,True,False,True
test,520_19.jpg,images/520_19.jpg,520,224,224,True,False,True
test,520_20.jpg,images/520_20.jpg,520,224,224,True,False,True
test,520_21.jpg,images/520_21.jpg,520,224,224,True,False,True
test,520_22.jpg,images/520_22.jpg,520,224,224,True,False,True
train,521_1.jpg,images/521_1.jpg,521,224,224,True,False,True
train,521_2.jpg,images/521_2.jpg,521,224,224,True,False,True
train,521_3.jpg,images/521_3.jpg,521,224,224,True,False,True
train,521_4.jpg,images/521_4.jpg,521,224,224,True,False,True
train,521_5.jpg,images/521_5.jpg,521,224,224,True,False,True
train,521_6.jpg,images/521_6.jpg,521,224,224,True,False,True
test,522_1.jpg,images/522_1.jpg,522,224,224,True,False,True
test,522_2.jpg,images/522_2.jpg,522,224,224,True,False,True
test,522_3.jpg,images/522_3.jpg,522,224,224,True,False,True
test,522_4.jpg,images/522_4.jpg,522,224,224,True,False,True
test,522_5.jpg,images/522_5.jpg,522,224,224,True,False,True
test,522_6.jpg,images/522_6.jpg,522,224,224,True,False,True
test,522_7.jpg,images/522_7.jpg,522,224,224,True,False,True
test,522_8.jpg,images/522_8.jpg,522,224,224,True,False,True
test,522_9.jpg,images/522_9.jpg,522,224,224,True,False,True
test,522_10.jpg,images/522_10.jpg,522,224,224,True,False,True
test,522_11.jpg,images/522_11.jpg,522,224,224,True,False,True
test,522_12.jpg,images/522_12.jpg,522,224,224,True,False,True
test,522_13.jpg,images/522_13.jpg,522,224,224,True,False,True
test,522_14.jpg,images/522_14.jpg,522,224,224,True,False,True
test,522_15.jpg,images/522_15.jpg,522,224,224,True,False,True
test,522_16.jpg,images/522_16.jpg,522,224,224,True,False,True
test,522_17.jpg,images/522_17.jpg,522,224,224,True,False,True
test,522_18.jpg,images/522_18.jpg,522,224,224,True,False,True
test,522_19.jpg,images/522_19.jpg,522,224,224,True,False,True
test,522_20.jpg,images/522_20.jpg,522,224,224,True,False,True
test,522_21.jpg,images/522_21.jpg,522,224,224,True,False,True
test,522_22.jpg,images/522_22.jpg,522,224,224,True,False,True
test,522_23.jpg,images/522_23.jpg,522,224,224,True,False,True
train,523_1.jpg,images/523_1.jpg,523,224,224,True,False,True
train,523_2.jpg,images/523_2.jpg,523,224,224,True,False,True
train,523_3.jpg,images/523_3.jpg,523,224,224,True,False,True
train,523_4.jpg,images/523_4.jpg,523,224,224,True,False,True
train,523_5.jpg,images/523_5.jpg,523,224,224,True,False,True
train,523_6.jpg,images/523_6.jpg,523,224,224,True,False,True
train,523_7.jpg,images/523_7.jpg,523,224,224,True,False,True
train,523_8.jpg,images/523_8.jpg,523,224,224,True,False,True
train,523_9.jpg,images/523_9.jpg,523,224,224,True,False,True
train,523_10.jpg,images/523_10.jpg,523,224,224,True,False,True
train,523_11.jpg,images/523_11.jpg,523,224,224,True,False,True
train,523_12.jpg,images/523_12.jpg,523,224,224,True,False,True
train,523_13.jpg,images/523_13.jpg,523,224,224,True,False,True
train,523_14.jpg,images/523_14.jpg,523,224,224,True,False,True
train,523_15.jpg,images/523_15.jpg,523,224,224,True,False,True
train,523_16.jpg,images/523_16.jpg,523,224,224,True,False,True
train,523_17.jpg,images/523_17.jpg,523,224,224,True,False,True
train,523_18.jpg,images/523_18.jpg,523,224,224,True,False,True
train,523_19.jpg,images/523_19.jpg,523,224,224,True,False,True
train,523_20.jpg,images/523_20.jpg,523,224,224,True,False,True
train,523_21.jpg,images/523_21.jpg,523,224,224,True,False,True
train,523_22.jpg,images/523_22.jpg,523,224,224,True,False,True
train,523_23.jpg,images/523_23.jpg,523,224,224,True,False,True
test,524_1.jpg,images/524_1.jpg,524,224,224,True,False,True
test,524_2.jpg,images/524_2.jpg,524,224,224,True,False,True
test,524_3.jpg,images/524_3.jpg,524,224,224,True,False,True
test,524_4.jpg,images/524_4.jpg,524,224,224,True,False,True
test,524_5.jpg,images/524_5.jpg,524,224,224,True,False,True
test,524_6.jpg,images/524_6.jpg,524,224,224,True,False,True
test,524_7.jpg,images/524_7.jpg,524,224,224,True,False,True
test,524_8.jpg,images/524_8.jpg,524,224,224,True,False,True
test,525_1.jpg,images/525_1.jpg,525,224,224,True,False,True
test,525_2.jpg,images/525_2.jpg,525,224,224,True,False,True
test,525_3.jpg,images/525_3.jpg,525,224,224,True,False,True
test,525_4.jpg,images/525_4.jpg,525,224,224,True,False,True
train,526_1.jpg,images/526_1.jpg,526,224,224,True,False,True
train,526_2.jpg,images/526_2.jpg,526,224,224,True,False,True
train,526_3.jpg,images/526_3.jpg,526,224,224,True,False,True
train,526_4.jpg,images/526_4.jpg,526,224,224,True,False,True
train,527_1.jpg,images/527_1.jpg,527,224,224,True,False,True
train,527_2.jpg,images/527_2.jpg,527,224,224,True,False,True
train,527_3.jpg,images/527_3.jpg,527,224,224,True,False,True
train,527_4.jpg,images/527_4.jpg,527,224,224,True,False,True
train,527_5.jpg,images/527_5.jpg,527,224,224,True,False,True
test,528_1.jpg,images/528_1.jpg,528,224,224,True,False,True
test,528_2.jpg,images/528_2.jpg,528,224,224,True,False,True
test,528_3.jpg,images/528_3.jpg,528,224,224,True,False,True
test,528_4.jpg,images/528_4.jpg,528,224,224,True,False,True
test,528_5.jpg,images/528_5.jpg,528,224,224,True,False,True
test,528_6.jpg,images/528_6.jpg,528,224,224,True,False,True
test,528_7.jpg,images/528_7.jpg,528,224,224,True,False,True
test,528_8.jpg,images/528_8.jpg,528,224,224,True,False,True
test,528_9.jpg,images/528_9.jpg,528,224,224,True,False,True
test,528_10.jpg,images/528_10.jpg,528,224,224,True,False,True
test,528_11.jpg,images/528_11.jpg,528,224,224,True,False,True
test,528_12.jpg,images/528_12.jpg,528,224,224,True,False,True
test,528_13.jpg,images/528_13.jpg,528,224,224,True,False,True
test,528_14.jpg,images/528_14.jpg,528,224,224,True,False,True
test,528_15.jpg,images/528_15.jpg,528,224,224,True,False,True
test,528_16.jpg,images/528_16.jpg,528,224,224,True,False,True
test,528_17.jpg,images/528_17.jpg,528,224,224,True,False,True
test,528_18.jpg,images/528_18.jpg,528,224,224,True,False,True
train,529_1.jpg,images/529_1.jpg,529,224,224,True,False,True
train,529_2.jpg,images/529_2.jpg,529,224,224,True,False,True
train,530_1.jpg,images/530_1.jpg,530,224,224,True,False,True
train,530_2.jpg,images/530_2.jpg,530,224,224,True,False,True
train,530_3.jpg,images/530_3.jpg,530,224,224,True,False,True
train,530_4.jpg,images/530_4.jpg,530,224,224,True,False,True
train,530_5.jpg,images/530_5.jpg,530,224,224,True,False,True
train,531_1.jpg,images/531_1.jpg,531,224,224,True,False,True
train,531_2.jpg,images/531_2.jpg,531,224,224,True,False,True
train,531_3.jpg,images/531_3.jpg,531,224,224,True,False,True
train,531_4.jpg,images/531_4.jpg,531,224,224,True,False,True
train,531_5.jpg,images/531_5.jpg,531,224,224,True,False,True
train,531_6.jpg,images/531_6.jpg,531,224,224,True,False,True
train,531_7.jpg,images/531_7.jpg,531,224,224,True,False,True
train,531_8.jpg,images/531_8.jpg,531,224,224,True,False,True
train,531_9.jpg,images/531_9.jpg,531,224,224,True,False,True
train,532_1.jpg,images/532_1.jpg,532,224,224,True,False,True
train,532_2.jpg,images/532_2.jpg,532,224,224,True,False,True
train,532_3.jpg,images/532_3.jpg,532,224,224,True,False,True
train,532_4.jpg,images/532_4.jpg,532,224,224,True,False,True
train,532_5.jpg,images/532_5.jpg,532,224,224,True,False,True
train,532_6.jpg,images/532_6.jpg,532,224,224,True,False,True
train,532_7.jpg,images/532_7.jpg,532,224,224,True,False,True
train,532_8.jpg,images/532_8.jpg,532,224,224,True,False,True
train,532_9.jpg,images/532_9.jpg,532,224,224,True,False,True
train,532_10.jpg,images/532_10.jpg,532,224,224,True,False,True
train,532_11.jpg,images/532_11.jpg,532,224,224,True,False,True
train,532_12.jpg,images/532_12.jpg,532,224,224,True,False,True
train,533_1.jpg,images/533_1.jpg,533,224,224,True,False,True
train,533_2.jpg,images/533_2.jpg,533,224,224,True,False,True
train,533_3.jpg,images/533_3.jpg,533,224,224,True,False,True
train,533_4.jpg,images/533_4.jpg,533,224,224,True,False,True
train,533_5.jpg,images/533_5.jpg,533,224,224,True,False,True
train,533_6.jpg,images/533_6.jpg,533,224,224,True,False,True
train,533_7.jpg,images/533_7.jpg,533,224,224,True,False,True
train,533_8.jpg,images/533_8.jpg,533,224,224,True,False,True
train,533_9.jpg,images/533_9.jpg,533,224,224,True,False,True
train,533_10.jpg,images/533_10.jpg,533,224,224,True,False,True
train,534_1.jpg,images/534_1.jpg,534,224,224,True,False,True
train,534_2.jpg,images/534_2.jpg,534,224,224,True,False,True
train,534_3.jpg,images/534_3.jpg,534,224,224,True,False,True
train,534_4.jpg,images/534_4.jpg,534,224,224,True,False,True
train,534_5.jpg,images/534_5.jpg,534,224,224,True,False,True
train,534_6.jpg,images/534_6.jpg,534,224,224,True,False,True
train,534_7.jpg,images/534_7.jpg,534,224,224,True,False,True
train,534_8.jpg,images/534_8.jpg,534,224,224,True,False,True
train,534_9.jpg,images/534_9.jpg,534,224,224,True,False,True
train,534_10.jpg,images/534_10.jpg,534,224,224,True,False,True
train,534_11.jpg,images/534_11.jpg,534,224,224,True,False,True
train,535_1.jpg,images/535_1.jpg,535,224,224,True,False,True
train,535_2.jpg,images/535_2.jpg,535,224,224,True,False,True
train,535_3.jpg,images/535_3.jpg,535,224,224,True,False,True
train,535_4.jpg,images/535_4.jpg,535,224,224,True,False,True
train,535_5.jpg,images/535_5.jpg,535,224,224,True,False,True
train,535_6.jpg,images/535_6.jpg,535,224,224,True,False,True
train,535_7.jpg,images/535_7.jpg,535,224,224,True,False,True
train,535_8.jpg,images/535_8.jpg,535,224,224,True,False,True
train,535_9.jpg,images/535_9.jpg,535,224,224,True,False,True
train,536_1.jpg,images/536_1.jpg,536,224,224,True,False,True
train,536_2.jpg,images/536_2.jpg,536,224,224,True,False,True
train,536_3.jpg,images/536_3.jpg,536,224,224,True,False,True
train,536_4.jpg,images/536_4.jpg,536,224,224,True,False,True
train,536_5.jpg,images/536_5.jpg,536,224,224,True,False,True
train,536_6.jpg,images/536_6.jpg,536,224,224,True,False,True
train,536_7.jpg,images/536_7.jpg,536,224,224,True,False,True
train,537_1.jpg,images/537_1.jpg,537,224,224,True,False,True
train,537_2.jpg,images/537_2.jpg,537,224,224,True,False,True
train,537_3.jpg,images/537_3.jpg,537,224,224,True,False,True
train,537_4.jpg,images/537_4.jpg,537,224,224,True,False,True
train,538_1.jpg,images/538_1.jpg,538,224,224,True,False,True
train,538_2.jpg,images/538_2.jpg,538,224,224,True,False,True
train,538_3.jpg,images/538_3.jpg,538,224,224,True,False,True
train,538_4.jpg,images/538_4.jpg,538,224,224,True,False,True
train,538_5.jpg,images/538_5.jpg,538,224,224,True,False,True
train,538_6.jpg,images/538_6.jpg,538,224,224,True,False,True
train,538_7.jpg,images/538_7.jpg,538,224,224,True,False,True
train,539_1.jpg,images/539_1.jpg,539,224,224,True,False,True
train,539_2.jpg,images/539_2.jpg,539,224,224,True,False,True
train,539_3.jpg,images/539_3.jpg,539,224,224,True,False,True
train,539_4.jpg,images/539_4.jpg,539,224,224,True,False,True
train,539_5.jpg,images/539_5.jpg,539,224,224,True,False,True
train,539_6.jpg,images/539_6.jpg,539,224,224,True,False,True
train,539_7.jpg,images/539_7.jpg,539,224,224,True,False,True
train,539_8.jpg,images/539_8.jpg,539,224,224,True,False,True
train,539_9.jpg,images/539_9.jpg,539,224,224,True,False,True
train,539_10.jpg,images/539_10.jpg,539,224,224,True,False,True
train,539_11.jpg,images/539_11.jpg,539,224,224,True,False,True
train,540_1.jpg,images/540_1.jpg,540,224,224,True,False,True
train,540_2.jpg,images/540_2.jpg,540,224,224,True,False,True
train,540_3.jpg,images/540_3.jpg,540,224,224,True,False,True
train,540_4.jpg,images/540_4.jpg,540,224,224,True,False,True
train,540_5.jpg,images/540_5.jpg,540,224,224,True,False,True
train,540_6.jpg,images/540_6.jpg,540,224,224,True,False,True
train,541_1.jpg,images/541_1.jpg,541,224,224,True,False,True
train,541_2.jpg,images/541_2.jpg,541,224,224,True,False,True
train,541_3.jpg,images/541_3.jpg,541,224,224,True,False,True
train,541_4.jpg,images/541_4.jpg,541,224,224,True,False,True
train,541_5.jpg,images/541_5.jpg,541,224,224,True,False,True
train,541_6.jpg,images/541_6.jpg,541,224,224,True,False,True
train,542_1.jpg,images/542_1.jpg,542,224,224,True,False,True
train,542_2.jpg,images/542_2.jpg,542,224,224,True,False,True
train,542_3.jpg,images/542_3.jpg,542,224,224,True,False,True
train,542_4.jpg,images/542_4.jpg,542,224,224,True,False,True
train,542_5.jpg,images/542_5.jpg,542,224,224,True,False,True
train,542_6.jpg,images/542_6.jpg,542,224,224,True,False,True
train,542_7.jpg,images/542_7.jpg,542,224,224,True,False,True
train,542_8.jpg,images/542_8.jpg,542,224,224,True,False,True
train,542_9.jpg,images/542_9.jpg,542,224,224,True,False,True
train,543_1.jpg,images/543_1.jpg,543,224,224,True,False,True
train,543_2.jpg,images/543_2.jpg,543,224,224,True,False,True
train,543_3.jpg,images/543_3.jpg,543,224,224,True,False,True
test,544_1.jpg,images/544_1.jpg,544,224,224,True,False,True
test,544_2.jpg,images/544_2.jpg,544,224,224,True,False,True
test,544_3.jpg,images/544_3.jpg,544,224,224,True,False,True
test,544_4.jpg,images/544_4.jpg,544,224,224,True,False,True
test,544_5.jpg,images/544_5.jpg,544,224,224,True,False,True
test,544_6.jpg,images/544_6.jpg,544,224,224,True,False,True
test,544_7.jpg,images/544_7.jpg,544,224,224,True,False,True
test,544_8.jpg,images/544_8.jpg,544,224,224,True,False,True
test,544_9.jpg,images/544_9.jpg,544,224,224,True,False,True
test,544_10.jpg,images/544_10.jpg,544,224,224,True,False,True
train,545_1.jpg,images/545_1.jpg,545,224,224,True,False,True
train,545_2.jpg,images/545_2.jpg,545,224,224,True,False,True
train,545_3.jpg,images/545_3.jpg,545,224,224,True,False,True
train,545_4.jpg,images/545_4.jpg,545,224,224,True,False,True
train,545_5.jpg,images/545_5.jpg,545,224,224,True,False,True
train,545_6.jpg,images/545_6.jpg,545,224,224,True,False,True
train,545_7.jpg,images/545_7.jpg,545,224,224,True,False,True
train,545_8.jpg,images/545_8.jpg,545,224,224,True,False,True
train,545_9.jpg,images/545_9.jpg,545,224,224,True,False,True
train,545_10.jpg,images/545_10.jpg,545,224,224,True,False,True
train,546_1.jpg,images/546_1.jpg,546,224,224,True,False,True
train,546_2.jpg,images/546_2.jpg,546,224,224,True,False,True
train,546_3.jpg,images/546_3.jpg,546,224,224,True,False,True
train,546_4.jpg,images/546_4.jpg,546,224,224,True,False,True
train,546_5.jpg,images/546_5.jpg,546,224,224,True,False,True
train,546_6.jpg,images/546_6.jpg,546,224,224,True,False,True
train,546_7.jpg,images/546_7.jpg,546,224,224,True,False,True
train,547_1.jpg,images/547_1.jpg,547,224,224,True,False,True
train,547_2.jpg,images/547_2.jpg,547,224,224,True,False,True
train,547_3.jpg,images/547_3.jpg,547,224,224,True,False,True
train,547_4.jpg,images/547_4.jpg,547,224,224,True,False,True
train,547_5.jpg,images/547_5.jpg,547,224,224,True,False,True
train,547_6.jpg,images/547_6.jpg,547,224,224,True,False,True
train,547_7.jpg,images/547_7.jpg,547,224,224,True,False,True
train,548_1.jpg,images/548_1.jpg,548,224,224,True,False,True
train,548_2.jpg,images/548_2.jpg,548,224,224,True,False,True
train,548_3.jpg,images/548_3.jpg,548,224,224,True,False,True
train,548_4.jpg,images/548_4.jpg,548,224,224,True,False,True
train,548_5.jpg,images/548_5.jpg,548,224,224,True,False,True
train,548_6.jpg,images/548_6.jpg,548,224,224,True,False,True
train,548_7.jpg,images/548_7.jpg,548,224,224,True,False,True
train,548_8.jpg,images/548_8.jpg,548,224,224,True,False,True
train,549_1.jpg,images/549_1.jpg,549,224,224,True,False,True
train,549_2.jpg,images/549_2.jpg,549,224,224,True,False,True
train,549_3.jpg,images/549_3.jpg,549,224,224,True,False,True
train,549_4.jpg,images/549_4.jpg,549,224,224,True,False,True
train,549_5.jpg,images/549_5.jpg,549,224,224,True,False,True
train,549_6.jpg,images/549_6.jpg,549,224,224,True,False,True
train,549_7.jpg,images/549_7.jpg,549,224,224,True,False,True
test,550_1.jpg,images/550_1.jpg,550,224,224,True,False,True
test,550_2.jpg,images/550_2.jpg,550,224,224,True,False,True
test,550_3.jpg,images/550_3.jpg,550,224,224,True,False,True
test,550_4.jpg,images/550_4.jpg,550,224,224,True,False,True
train,551_1.jpg,images/551_1.jpg,551,224,224,True,False,True
train,551_2.jpg,images/551_2.jpg,551,224,224,True,False,True
train,551_3.jpg,images/551_3.jpg,551,224,224,True,False,True
train,551_4.jpg,images/551_4.jpg,551,224,224,True,False,True
train,551_5.jpg,images/551_5.jpg,551,224,224,True,False,True
train,551_6.jpg,images/551_6.jpg,551,224,224,True,False,True
train,551_7.jpg,images/551_7.jpg,551,224,224,True,False,True
train,551_8.jpg,images/551_8.jpg,551,224,224,True,False,True
train,551_9.jpg,images/551_9.jpg,551,224,224,True,False,True
train,551_10.jpg,images/551_10.jpg,551,224,224,True,False,True
train,551_11.jpg,images/551_11.jpg,551,224,224,True,False,True
train,552_1.jpg,images/552_1.jpg,552,224,224,True,False,True
train,552_2.jpg,images/552_2.jpg,552,224,224,True,False,True
train,552_3.jpg,images/552_3.jpg,552,224,224,True,False,True
train,552_4.jpg,images/552_4.jpg,552,224,224,True,False,True
train,552_5.jpg,images/552_5.jpg,552,224,224,True,False,True
train,552_6.jpg,images/552_6.jpg,552,224,224,True,False,True
train,553_1.jpg,images/553_1.jpg,553,224,224,True,False,True
train,553_2.jpg,images/553_2.jpg,553,224,224,True,False,True
train,553_3.jpg,images/553_3.jpg,553,224,224,True,False,True
train,553_4.jpg,images/553_4.jpg,553,224,224,True,False,True
train,553_5.jpg,images/553_5.jpg,553,224,224,True,False,True
test,554_1.jpg,images/554_1.jpg,554,224,224,True,False,True
test,554_2.jpg,images/554_2.jpg,554,224,224,True,False,True
test,554_3.jpg,images/554_3.jpg,554,224,224,True,False,True
test,554_4.jpg,images/554_4.jpg,554,224,224,True,False,True
test,554_5.jpg,images/554_5.jpg,554,224,224,True,False,True
test,554_6.jpg,images/554_6.jpg,554,224,224,True,False,True
test,554_7.jpg,images/554_7.jpg,554,224,224,True,False,True
test,554_8.jpg,images/554_8.jpg,554,224,224,True,False,True
test,554_9.jpg,images/554_9.jpg,554,224,224,True,False,True
train,555_1.jpg,images/555_1.jpg,555,224,224,True,False,True
train,555_2.jpg,images/555_2.jpg,555,224,224,True,False,True
train,555_3.jpg,images/555_3.jpg,555,224,224,True,False,True
train,555_4.jpg,images/555_4.jpg,555,224,224,True,False,True
train,555_5.jpg,images/555_5.jpg,555,224,224,True,False,True
train,556_1.jpg,images/556_1.jpg,556,224,224,True,False,True
train,556_2.jpg,images/556_2.jpg,556,224,224,True,False,True
train,556_3.jpg,images/556_3.jpg,556,224,224,True,False,True
train,556_4.jpg,images/556_4.jpg,556,224,224,True,False,True
train,556_5.jpg,images/556_5.jpg,556,224,224,True,False,True
train,557_1.jpg,images/557_1.jpg,557,224,224,True,False,True
train,557_2.jpg,images/557_2.jpg,557,224,224,True,False,True
train,557_3.jpg,images/557_3.jpg,557,224,224,True,False,True
train,557_4.jpg,images/557_4.jpg,557,224,224,True,False,True
train,557_5.jpg,images/557_5.jpg,557,224,224,True,False,True
train,557_6.jpg,images/557_6.jpg,557,224,224,True,False,True
train,557_7.jpg,images/557_7.jpg,557,224,224,True,False,True
train,557_8.jpg,images/557_8.jpg,557,224,224,True,False,True
train,557_9.jpg,images/557_9.jpg,557,224,224,True,False,True
train,557_10.jpg,images/557_10.jpg,557,224,224,True,False,True
train,557_11.jpg,images/557_11.jpg,557,224,224,True,False,True
train,557_12.jpg,images/557_12.jpg,557,224,224,True,False,True
train,557_13.jpg,images/557_13.jpg,557,224,224,True,False,True
test,558_1.jpg,images/558_1.jpg,558,224,224,True,False,True
test,558_2.jpg,images/558_2.jpg,558,224,224,True,False,True
test,558_3.jpg,images/558_3.jpg,558,224,224,True,False,True
test,558_4.jpg,images/558_4.jpg,558,224,224,True,False,True
test,558_5.jpg,images/558_5.jpg,558,224,224,True,False,True
test,558_6.jpg,images/558_6.jpg,558,224,224,True,False,True
test,558_7.jpg,images/558_7.jpg,558,224,224,True,False,True
test,558_8.jpg,images/558_8.jpg,558,224,224,True,False,True
test,558_9.jpg,images/558_9.jpg,558,224,224,True,False,True
test,558_10.jpg,images/558_10.jpg,558,224,224,True,False,True
test,558_11.jpg,images/558_11.jpg,558,224,224,True,False,True
test,558_12.jpg,images/558_12.jpg,558,224,224,True,False,True
train,559_1.jpg,images/559_1.jpg,559,224,224,True,False,True
train,559_2.jpg,images/559_2.jpg,559,224,224,True,False,True
train,559_3.jpg,images/559_3.jpg,559,224,224,True,False,True
train,559_4.jpg,images/559_4.jpg,559,224,224,True,False,True
train,560_1.jpg,images/560_1.jpg,560,224,224,True,False,True
train,560_2.jpg,images/560_2.jpg,560,224,224,True,False,True
train,560_3.jpg,images/560_3.jpg,560,224,224,True,False,True
train,560_4.jpg,images/560_4.jpg,560,224,224,True,False,True
train,561_1.jpg,images/561_1.jpg,561,224,224,True,False,True
train,561_2.jpg,images/561_2.jpg,561,224,224,True,False,True
train,561_3.jpg,images/561_3.jpg,561,224,224,True,False,True
train,561_4.jpg,images/561_4.jpg,561,224,224,True,False,True
train,561_5.jpg,images/561_5.jpg,561,224,224,True,False,True
train,561_6.jpg,images/561_6.jpg,561,224,224,True,False,True
train,561_7.jpg,images/561_7.jpg,561,224,224,True,False,True
train,561_8.jpg,images/561_8.jpg,561,224,224,True,False,True
train,561_9.jpg,images/561_9.jpg,561,224,224,True,False,True
train,561_10.jpg,images/561_10.jpg,561,224,224,True,False,True
train,561_11.jpg,images/561_11.jpg,561,224,224,True,False,True
train,561_12.jpg,images/561_12.jpg,561,224,224,True,False,True
train,561_13.jpg,images/561_13.jpg,561,224,224,True,False,True
train,561_14.jpg,images/561_14.jpg,561,224,224,True,False,True
train,561_15.jpg,images/561_15.jpg,561,224,224,True,False,True
train,562_1.jpg,images/562_1.jpg,562,224,224,True,False,True
train,562_2.jpg,images/562_2.jpg,562,224,224,True,False,True
train,562_3.jpg,images/562_3.jpg,562,224,224,True,False,True
train,562_4.jpg,images/562_4.jpg,562,224,224,True,False,True
train,562_5.jpg,images/562_5.jpg,562,224,224,True,False,True
train,562_6.jpg,images/562_6.jpg,562,224,224,True,False,True
train,563_1.jpg,images/563_1.jpg,563,224,224,True,False,True
train,563_2.jpg,images/563_2.jpg,563,224,224,True,False,True
train,563_3.jpg,images/563_3.jpg,563,224,224,True,False,True
train,563_4.jpg,images/563_4.jpg,563,224,224,True,False,True
train,563_5.jpg,images/563_5.jpg,563,224,224,True,False,True
train,563_6.jpg,images/563_6.jpg,563,224,224,True,False,True
train,563_7.jpg,images/563_7.jpg,563,224,224,True,False,True
train,563_8.jpg,images/563_8.jpg,563,224,224,True,False,True
train,563_9.jpg,images/563_9.jpg,563,224,224,True,False,True
train,564_1.jpg,images/564_1.jpg,564,224,224,True,False,True
train,564_2.jpg,images/564_2.jpg,564,224,224,True,False,True
train,564_3.jpg,images/564_3.jpg,564,224,224,True,False,True
train,564_4.jpg,images/564_4.jpg,564,224,224,True,False,True
train,564_5.jpg,images/564_5.jpg,564,224,224,True,False,True
train,564_6.jpg,images/564_6.jpg,564,224,224,True,False,True
train,564_7.jpg,images/564_7.jpg,564,224,224,True,False,True
train,564_8.jpg,images/564_8.jpg,564,224,224,True,False,True
train,564_9.jpg,images/564_9.jpg,564,224,224,True,False,True
train,564_10.jpg,images/564_10.jpg,564,224,224,True,False,True
train,564_11.jpg,images/564_11.jpg,564,224,224,True,False,True
train,564_12.jpg,images/564_12.jpg,564,224,224,True,False,True
train,564_13.jpg,images/564_13.jpg,564,224,224,True,False,True
train,564_14.jpg,images/564_14.jpg,564,224,224,True,False,True
train,564_15.jpg,images/564_15.jpg,564,224,224,True,False,True
train,564_16.jpg,images/564_16.jpg,564,224,224,True,False,True
test,565_1.jpg,images/565_1.jpg,565,224,224,True,False,True
test,565_2.jpg,images/565_2.jpg,565,224,224,True,False,True
test,565_3.jpg,images/565_3.jpg,565,224,224,True,False,True
test,565_4.jpg,images/565_4.jpg,565,224,224,True,False,True
test,565_5.jpg,images/565_5.jpg,565,224,224,True,False,True
test,565_6.jpg,images/565_6.jpg,565,224,224,True,False,True
test,565_7.jpg,images/565_7.jpg,565,224,224,True,False,True
train,566_1.jpg,images/566_1.jpg,566,224,224,True,False,True
train,566_2.jpg,images/566_2.jpg,566,224,224,True,False,True
train,566_3.jpg,images/566_3.jpg,566,224,224,True,False,True
train,566_4.jpg,images/566_4.jpg,566,224,224,True,False,True
train,566_5.jpg,images/566_5.jpg,566,224,224,True,False,True
train,566_6.jpg,images/566_6.jpg,566,224,224,True,False,True
train,567_1.jpg,images/567_1.jpg,567,224,224,True,False,True
train,567_2.jpg,images/567_2.jpg,567,224,224,True,False,True
train,567_3.jpg,images/567_3.jpg,567,224,224,True,False,True
train,567_4.jpg,images/567_4.jpg,567,224,224,True,False,True
train,567_5.jpg,images/567_5.jpg,567,224,224,True,False,True
train,567_6.jpg,images/567_6.jpg,567,224,224,True,False,True
train,568_1.jpg,images/568_1.jpg,568,224,224,True,False,True
train,568_2.jpg,images/568_2.jpg,568,224,224,True,False,True
train,568_3.jpg,images/568_3.jpg,568,224,224,True,False,True
train,568_4.jpg,images/568_4.jpg,568,224,224,True,False,True
train,569_1.jpg,images/569_1.jpg,569,224,224,True,False,True
train,569_2.jpg,images/569_2.jpg,569,224,224,True,False,True
train,569_3.jpg,images/569_3.jpg,569,224,224,True,False,True
train,569_4.jpg,images/569_4.jpg,569,224,224,True,False,True
train,569_5.jpg,images/569_5.jpg,569,224,224,True,False,True
train,569_6.jpg,images/569_6.jpg,569,224,224,True,False,True
train,569_7.jpg,images/569_7.jpg,569,224,224,True,False,True
train,569_8.jpg,images/569_8.jpg,569,224,224,True,False,True
train,569_9.jpg,images/569_9.jpg,569,224,224,True,False,True
train,569_10.jpg,images/569_10.jpg,569,224,224,True,False,True
train,569_11.jpg,images/569_11.jpg,569,224,224,True,False,True
train,569_12.jpg,images/569_12.jpg,569,224,224,True,False,True
train,570_1.jpg,images/570_1.jpg,570,224,224,True,False,True
train,570_2.jpg,images/570_2.jpg,570,224,224,True,False,True
train,570_3.jpg,images/570_3.jpg,570,224,224,True,False,True
train,570_4.jpg,images/570_4.jpg,570,224,224,True,False,True
train,570_5.jpg,images/570_5.jpg,570,224,224,True,False,True
train,570_6.jpg,images/570_6.jpg,570,224,224,True,False,True
train,570_7.jpg,images/570_7.jpg,570,224,224,True,False,True
train,571_1.jpg,images/571_1.jpg,571,224,224,True,False,True
train,571_2.jpg,images/571_2.jpg,571,224,224,True,False,True
train,571_3.jpg,images/571_3.jpg,571,224,224,True,False,True
train,571_4.jpg,images/571_4.jpg,571,224,224,True,False,True
train,571_5.jpg,images/571_5.jpg,571,224,224,True,False,True
train,572_1.jpg,images/572_1.jpg,572,224,224,True,False,True
train,572_2.jpg,images/572_2.jpg,572,224,224,True,False,True
train,572_3.jpg,images/572_3.jpg,572,224,224,True,False,True
train,572_4.jpg,images/572_4.jpg,572,224,224,True,False,True
train,573_1.jpg,images/573_1.jpg,573,224,224,True,False,True
train,573_2.jpg,images/573_2.jpg,573,224,224,True,False,True
train,573_3.jpg,images/573_3.jpg,573,224,224,True,False,True
train,573_4.jpg,images/573_4.jpg,573,224,224,True,False,True
test,574_1.jpg,images/574_1.jpg,574,224,224,True,False,True
test,574_2.jpg,images/574_2.jpg,574,224,224,True,False,True
test,574_3.jpg,images/574_3.jpg,574,224,224,True,False,True
test,574_4.jpg,images/574_4.jpg,574,224,224,True,False,True
test,574_5.jpg,images/574_5.jpg,574,224,224,True,False,True
test,574_6.jpg,images/574_6.jpg,574,224,224,True,False,True
train,575_1.jpg,images/575_1.jpg,575,224,224,True,False,True
train,575_2.jpg,images/575_2.jpg,575,224,224,True,False,True
train,575_3.jpg,images/575_3.jpg,575,224,224,True,False,True
train,575_4.jpg,images/575_4.jpg,575,224,224,True,False,True
train,575_5.jpg,images/575_5.jpg,575,224,224,True,False,True
train,575_6.jpg,images/575_6.jpg,575,224,224,True,False,True
train,575_7.jpg,images/575_7.jpg,575,224,224,True,False,True
train,575_8.jpg,images/575_8.jpg,575,224,224,True,False,True
train,575_9.jpg,images/575_9.jpg,575,224,224,True,False,True
train,575_10.jpg,images/575_10.jpg,575,224,224,True,False,True
train,575_11.jpg,images/575_11.jpg,575,224,224,True,False,True
train,575_12.jpg,images/575_12.jpg,575,224,224,True,False,True
train,575_13.jpg,images/575_13.jpg,575,224,224,True,False,True
train,575_14.jpg,images/575_14.jpg,575,224,224,True,False,True
train,575_15.jpg,images/575_15.jpg,575,224,224,True,False,True
train,576_1.jpg,images/576_1.jpg,576,224,224,True,False,True
train,576_2.jpg,images/576_2.jpg,576,224,224,True,False,True
train,576_3.jpg,images/576_3.jpg,576,224,224,True,False,True
train,576_4.jpg,images/576_4.jpg,576,224,224,True,False,True
train,576_5.jpg,images/576_5.jpg,576,224,224,True,False,True
train,576_6.jpg,images/576_6.jpg,576,224,224,True,False,True
train,576_7.jpg,images/576_7.jpg,576,224,224,True,False,True
train,576_8.jpg,images/576_8.jpg,576,224,224,True,False,True
train,577_1.jpg,images/577_1.jpg,577,224,224,True,False,True
train,577_2.jpg,images/577_2.jpg,577,224,224,True,False,True
train,577_3.jpg,images/577_3.jpg,577,224,224,True,False,True
test,578_1.jpg,images/578_1.jpg,578,224,224,True,False,True
test,578_2.jpg,images/578_2.jpg,578,224,224,True,False,True
test,578_3.jpg,images/578_3.jpg,578,224,224,True,False,True
test,578_4.jpg,images/578_4.jpg,578,224,224,True,False,True
test,578_5.jpg,images/578_5.jpg,578,224,224,True,False,True
train,579_1.jpg,images/579_1.jpg,579,224,224,True,False,True
train,579_2.jpg,images/579_2.jpg,579,224,224,True,False,True
train,579_3.jpg,images/579_3.jpg,579,224,224,True,False,True
train,579_4.jpg,images/579_4.jpg,579,224,224,True,False,True
train,579_5.jpg,images/579_5.jpg,579,224,224,True,False,True
test,580_1.jpg,images/580_1.jpg,580,224,224,True,False,True
test,580_2.jpg,images/580_2.jpg,580,224,224,True,False,True
test,580_3.jpg,images/580_3.jpg,580,224,224,True,False,True
test,580_4.jpg,images/580_4.jpg,580,224,224,True,False,True
test,580_5.jpg,images/580_5.jpg,580,224,224,True,False,True
test,580_6.jpg,images/580_6.jpg,580,224,224,True,False,True
test,581_1.jpg,images/581_1.jpg,581,224,224,True,False,True
test,581_2.jpg,images/581_2.jpg,581,224,224,True,False,True
test,581_3.jpg,images/581_3.jpg,581,224,224,True,False,True
test,581_4.jpg,images/581_4.jpg,581,224,224,True,False,True
test,581_5.jpg,images/581_5.jpg,581,224,224,True,False,True
train,582_1.jpg,images/582_1.jpg,582,224,224,True,False,True
train,582_2.jpg,images/582_2.jpg,582,224,224,True,False,True
train,582_3.jpg,images/582_3.jpg,582,224,224,True,False,True
train,582_4.jpg,images/582_4.jpg,582,224,224,True,False,True
train,583_1.jpg,images/583_1.jpg,583,224,224,True,False,True
train,583_2.jpg,images/583_2.jpg,583,224,224,True,False,True
train,583_3.jpg,images/583_3.jpg,583,224,224,True,False,True
train,583_4.jpg,images/583_4.jpg,583,224,224,True,False,True
train,583_5.jpg,images/583_5.jpg,583,224,224,True,False,True
train,584_1.jpg,images/584_1.jpg,584,224,224,True,False,True
train,584_2.jpg,images/584_2.jpg,584,224,224,True,False,True
train,584_3.jpg,images/584_3.jpg,584,224,224,True,False,True
train,584_4.jpg,images/584_4.jpg,584,224,224,True,False,True
train,584_5.jpg,images/584_5.jpg,584,224,224,True,False,True
test,585_1.jpg,images/585_1.jpg,585,224,224,True,False,True
test,585_2.jpg,images/585_2.jpg,585,224,224,True,False,True
test,585_3.jpg,images/585_3.jpg,585,224,224,True,False,True
test,585_4.jpg,images/585_4.jpg,585,224,224,True,False,True
test,585_5.jpg,images/585_5.jpg,585,224,224,True,False,True
test,585_6.jpg,images/585_6.jpg,585,224,224,True,False,True
test,585_7.jpg,images/585_7.jpg,585,224,224,True,False,True
test,585_8.jpg,images/585_8.jpg,585,224,224,True,False,True
test,585_9.jpg,images/585_9.jpg,585,224,224,True,False,True
test,585_10.jpg,images/585_10.jpg,585,224,224,True,False,True
test,585_11.jpg,images/585_11.jpg,585,224,224,True,False,True
test,585_12.jpg,images/585_12.jpg,585,224,224,True,False,True
test,585_13.jpg,images/585_13.jpg,585,224,224,True,False,True
test,585_14.jpg,images/585_14.jpg,585,224,224,True,False,True
train,586_1.jpg,images/586_1.jpg,586,224,224,True,False,True
train,586_2.jpg,images/586_2.jpg,586,224,224,True,False,True
train,586_3.jpg,images/586_3.jpg,586,224,224,True,False,True
train,586_4.jpg,images/586_4.jpg,586,224,224,True,False,True
train,586_5.jpg,images/586_5.jpg,586,224,224,True,False,True
train,586_6.jpg,images/586_6.jpg,586,224,224,True,False,True
test,587_1.jpg,images/587_1.jpg,587,224,224,True,False,True
test,587_2.jpg,images/587_2.jpg,587,224,224,True,False,True
test,587_3.jpg,images/587_3.jpg,587,224,224,True,False,True
test,587_4.jpg,images/587_4.jpg,587,224,224,True,False,True
test,587_5.jpg,images/587_5.jpg,587,224,224,True,False,True
test,587_6.jpg,images/587_6.jpg,587,224,224,True,False,True
test,587_7.jpg,images/587_7.jpg,587,224,224,True,False,True
train,588_1.jpg,images/588_1.jpg,588,224,224,True,False,True
train,588_2.jpg,images/588_2.jpg,588,224,224,True,False,True
train,588_3.jpg,images/588_3.jpg,588,224,224,True,False,True
train,588_4.jpg,images/588_4.jpg,588,224,224,True,False,True
train,589_1.jpg,images/589_1.jpg,589,224,224,True,False,True
train,589_2.jpg,images/589_2.jpg,589,224,224,True,False,True
train,589_3.jpg,images/589_3.jpg,589,224,224,True,False,True
train,589_4.jpg,images/589_4.jpg,589,224,224,True,False,True
train,589_5.jpg,images/589_5.jpg,589,224,224,True,False,True
train,589_6.jpg,images/589_6.jpg,589,224,224,True,False,True
train,590_1.jpg,images/590_1.jpg,590,224,224,True,False,True
train,590_2.jpg,images/590_2.jpg,590,224,224,True,False,True
train,590_3.jpg,images/590_3.jpg,590,224,224,True,False,True
train,590_4.jpg,images/590_4.jpg,590,224,224,True,False,True
train,590_5.jpg,images/590_5.jpg,590,224,224,True,False,True
test,591_1.jpg,images/591_1.jpg,591,224,224,True,False,True
test,591_2.jpg,images/591_2.jpg,591,224,224,True,False,True
test,591_3.jpg,images/591_3.jpg,591,224,224,True,False,True
test,591_4.jpg,images/591_4.jpg,591,224,224,True,False,True
train,592_1.jpg,images/592_1.jpg,592,224,224,True,False,True
train,592_2.jpg,images/592_2.jpg,592,224,224,True,False,True
train,592_3.jpg,images/592_3.jpg,592,224,224,True,False,True
train,592_4.jpg,images/592_4.jpg,592,224,224,True,False,True
train,592_5.jpg,images/592_5.jpg,592,224,224,True,False,True
train,592_6.jpg,images/592_6.jpg,592,224,224,True,False,True
train,592_7.jpg,images/592_7.jpg,592,224,224,True,False,True
train,592_8.jpg,images/592_8.jpg,592,224,224,True,False,True
train,593_1.jpg,images/593_1.jpg,593,224,224,True,False,True
train,593_2.jpg,images/593_2.jpg,593,224,224,True,False,True
train,593_3.jpg,images/593_3.jpg,593,224,224,True,False,True
train,593_4.jpg,images/593_4.jpg,593,224,224,True,False,True
train,594_1.jpg,images/594_1.jpg,594,224,224,True,False,True
train,594_2.jpg,images/594_2.jpg,594,224,224,True,False,True
train,594_3.jpg,images/594_3.jpg,594,224,224,True,False,True
train,594_4.jpg,images/594_4.jpg,594,224,224,True,False,True
train,594_5.jpg,images/594_5.jpg,594,224,224,True,False,True
train,594_6.jpg,images/594_6.jpg,594,224,224,True,False,True
train,594_7.jpg,images/594_7.jpg,594,224,224,True,False,True
test,595_1.jpg,images/595_1.jpg,595,224,224,True,False,True
test,595_2.jpg,images/595_2.jpg,595,224,224,True,False,True
test,595_3.jpg,images/595_3.jpg,595,224,224,True,False,True
test,595_4.jpg,images/595_4.jpg,595,224,224,True,False,True
test,595_5.jpg,images/595_5.jpg,595,224,224,True,False,True
test,596_1.jpg,images/596_1.jpg,596,224,224,True,False,True
test,596_2.jpg,images/596_2.jpg,596,224,224,True,False,True
test,596_3.jpg,images/596_3.jpg,596,224,224,True,False,True
test,596_4.jpg,images/596_4.jpg,596,224,224,True,False,True
test,596_5.jpg,images/596_5.jpg,596,224,224,True,False,True
test,596_6.jpg,images/596_6.jpg,596,224,224,True,False,True
train,597_1.jpg,images/597_1.jpg,597,224,224,True,False,True
train,597_2.jpg,images/597_2.jpg,597,224,224,True,False,True
train,597_3.jpg,images/597_3.jpg,597,224,224,True,False,True
train,597_4.jpg,images/597_4.jpg,597,224,224,True,False,True
train,597_5.jpg,images/597_5.jpg,597,224,224,True,False,True
train,598_1.jpg,images/598_1.jpg,598,224,224,True,False,True
train,598_2.jpg,images/598_2.jpg,598,224,224,True,False,True
train,598_3.jpg,images/598_3.jpg,598,224,224,True,False,True
train,598_4.jpg,images/598_4.jpg,598,224,224,True,False,True
train,598_5.jpg,images/598_5.jpg,598,224,224,True,False,True
train,598_6.jpg,images/598_6.jpg,598,224,224,True,False,True
train,598_7.jpg,images/598_7.jpg,598,224,224,True,False,True
train,598_8.jpg,images/598_8.jpg,598,224,224,True,False,True
train,598_9.jpg,images/598_9.jpg,598,224,224,True,False,True
train,598_10.jpg,images/598_10.jpg,598,224,224,True,False,True
train,598_11.jpg,images/598_11.jpg,598,224,224,True,False,True
train,598_12.jpg,images/598_12.jpg,598,224,224,True,False,True
train,598_13.jpg,images/598_13.jpg,598,224,224,True,False,True
train,598_14.jpg,images/598_14.jpg,598,224,224,True,False,True
train,598_15.jpg,images/598_15.jpg,598,224,224,True,False,True
train,599_1.jpg,images/599_1.jpg,599,224,224,True,False,True
train,599_2.jpg,images/599_2.jpg,599,224,224,True,False,True
train,599_3.jpg,images/599_3.jpg,599,224,224,True,False,True
train,599_4.jpg,images/599_4.jpg,599,224,224,True,False,True
train,599_5.jpg,images/599_5.jpg,599,224,224,True,False,True
train,599_6.jpg,images/599_6.jpg,599,224,224,True,False,True
train,599_7.jpg,images/599_7.jpg,599,224,224,True,False,True
train,599_8.jpg,images/599_8.jpg,599,224,224,True,False,True
train,599_9.jpg,images/599_9.jpg,599,224,224,True,False,True
train,599_10.jpg,images/599_10.jpg,599,224,224,True,False,True
train,599_11.jpg,images/599_11.jpg,599,224,224,True,False,True
train,599_12.jpg,images/599_12.jpg,599,224,224,True,False,True
train,599_13.jpg,images/599_13.jpg,599,224,224,True,False,True
train,599_14.jpg,images/599_14.jpg,599,224,224,True,False,True
train,600_1.jpg,images/600_1.jpg,600,224,224,True,False,True
train,600_2.jpg,images/600_2.jpg,600,224,224,True,False,True
train,600_3.jpg,images/600_3.jpg,600,224,224,True,False,True
train,600_4.jpg,images/600_4.jpg,600,224,224,True,False,True
train,600_5.jpg,images/600_5.jpg,600,224,224,True,False,True
train,600_6.jpg,images/600_6.jpg,600,224,224,True,False,True
train,600_7.jpg,images/600_7.jpg,600,224,224,True,False,True
train,600_8.jpg,images/600_8.jpg,600,224,224,True,False,True
train,600_9.jpg,images/600_9.jpg,600,224,224,True,False,True
train,600_10.jpg,images/600_10.jpg,600,224,224,True,False,True
train,601_1.jpg,images/601_1.jpg,601,224,224,True,False,True
train,601_2.jpg,images/601_2.jpg,601,224,224,True,False,True
train,601_3.jpg,images/601_3.jpg,601,224,224,True,False,True
train,601_4.jpg,images/601_4.jpg,601,224,224,True,False,True
train,601_5.jpg,images/601_5.jpg,601,224,224,True,False,True
train,602_1.jpg,images/602_1.jpg,602,224,224,True,False,True
train,602_2.jpg,images/602_2.jpg,602,224,224,True,False,True
train,602_3.jpg,images/602_3.jpg,602,224,224,True,False,True
train,602_4.jpg,images/602_4.jpg,602,224,224,True,False,True
train,602_5.jpg,images/602_5.jpg,602,224,224,True,False,True
train,602_6.jpg,images/602_6.jpg,602,224,224,True,False,True
train,602_7.jpg,images/602_7.jpg,602,224,224,True,False,True
train,602_8.jpg,images/602_8.jpg,602,224,224,True,False,True
train,602_9.jpg,images/602_9.jpg,602,224,224,True,False,True
train,602_10.jpg,images/602_10.jpg,602,224,224,True,False,True
train,603_1.jpg,images/603_1.jpg,603,224,224,True,False,True
train,603_2.jpg,images/603_2.jpg,603,224,224,True,False,True
train,603_3.jpg,images/603_3.jpg,603,224,224,True,False,True
train,603_4.jpg,images/603_4.jpg,603,224,224,True,False,True
train,603_5.jpg,images/603_5.jpg,603,224,224,True,False,True
train,603_6.jpg,images/603_6.jpg,603,224,224,True,False,True
train,604_1.jpg,images/604_1.jpg,604,224,224,True,False,True
train,604_2.jpg,images/604_2.jpg,604,224,224,True,False,True
train,604_3.jpg,images/604_3.jpg,604,224,224,True,False,True
train,604_4.jpg,images/604_4.jpg,604,224,224,True,False,True
train,604_5.jpg,images/604_5.jpg,604,224,224,True,False,True
train,605_1.jpg,images/605_1.jpg,605,224,224,True,False,True
train,605_2.jpg,images/605_2.jpg,605,224,224,True,False,True
train,605_3.jpg,images/605_3.jpg,605,224,224,True,False,True
train,605_4.jpg,images/605_4.jpg,605,224,224,True,False,True
train,606_1.jpg,images/606_1.jpg,606,224,224,True,False,True
train,606_2.jpg,images/606_2.jpg,606,224,224,True,False,True
train,606_3.jpg,images/606_3.jpg,606,224,224,True,False,True
train,606_4.jpg,images/606_4.jpg,606,224,224,True,False,True
train,607_1.jpg,images/607_1.jpg,607,224,224,True,False,True
train,607_2.jpg,images/607_2.jpg,607,224,224,True,False,True
train,607_3.jpg,images/607_3.jpg,607,224,224,True,False,True
train,607_4.jpg,images/607_4.jpg,607,224,224,True,False,True
train,607_5.jpg,images/607_5.jpg,607,224,224,True,False,True
train,607_6.jpg,images/607_6.jpg,607,224,224,True,False,True
train,607_7.jpg,images/607_7.jpg,607,224,224,True,False,True
train,607_8.jpg,images/607_8.jpg,607,224,224,True,False,True
train,607_9.jpg,images/607_9.jpg,607,224,224,True,False,True
test,608_1.jpg,images/608_1.jpg,608,224,224,True,False,True
test,608_2.jpg,images/608_2.jpg,608,224,224,True,False,True
test,608_3.jpg,images/608_3.jpg,608,224,224,True,False,True
train,609_1.jpg,images/609_1.jpg,609,224,224,True,False,True
train,609_2.jpg,images/609_2.jpg,609,224,224,True,False,True
train,609_3.jpg,images/609_3.jpg,609,224,224,True,False,True
train,609_4.jpg,images/609_4.jpg,609,224,224,True,False,True
train,609_5.jpg,images/609_5.jpg,609,224,224,True,False,True
train,609_6.jpg,images/609_6.jpg,609,224,224,True,False,True
train,609_7.jpg,images/609_7.jpg,609,224,224,True,False,True
train,609_8.jpg,images/609_8.jpg,609,224,224,True,False,True
train,610_1.jpg,images/610_1.jpg,610,224,224,True,False,True
train,610_2.jpg,images/610_2.jpg,610,224,224,True,False,True
train,610_3.jpg,images/610_3.jpg,610,224,224,True,False,True
train,610_4.jpg,images/610_4.jpg,610,224,224,True,False,True
train,610_5.jpg,images/610_5.jpg,610,224,224,True,False,True
train,611_1.jpg,images/611_1.jpg,611,224,224,True,False,True
train,611_2.jpg,images/611_2.jpg,611,224,224,True,False,True
train,611_3.jpg,images/611_3.jpg,611,224,224,True,False,True
train,611_4.jpg,images/611_4.jpg,611,224,224,True,False,True
train,611_5.jpg,images/611_5.jpg,611,224,224,True,False,True
test,612_1.jpg,images/612_1.jpg,612,224,224,True,False,True
test,612_2.jpg,images/612_2.jpg,612,224,224,True,False,True
test,612_3.jpg,images/612_3.jpg,612,224,224,True,False,True
test,612_4.jpg,images/612_4.jpg,612,224,224,True,False,True
test,612_5.jpg,images/612_5.jpg,612,224,224,True,False,True
test,612_6.jpg,images/612_6.jpg,612,224,224,True,False,True
test,612_7.jpg,images/612_7.jpg,612,224,224,True,False,True
test,612_8.jpg,images/612_8.jpg,612,224,224,True,False,True
train,613_1.jpg,images/613_1.jpg,613,224,224,True,False,True
train,613_2.jpg,images/613_2.jpg,613,224,224,True,False,True
train,613_3.jpg,images/613_3.jpg,613,224,224,True,False,True
train,613_4.jpg,images/613_4.jpg,613,224,224,True,False,True
train,613_5.jpg,images/613_5.jpg,613,224,224,True,False,True
train,613_6.jpg,images/613_6.jpg,613,224,224,True,False,True
train,613_7.jpg,images/613_7.jpg,613,224,224,True,False,True
train,613_8.jpg,images/613_8.jpg,613,224,224,True,False,True
train,614_1.jpg,images/614_1.jpg,614,224,224,True,False,True
train,614_2.jpg,images/614_2.jpg,614,224,224,True,False,True
train,614_3.jpg,images/614_3.jpg,614,224,224,True,False,True
train,614_4.jpg,images/614_4.jpg,614,224,224,True,False,True
train,615_1.jpg,images/615_1.jpg,615,224,224,True,False,True
train,615_2.jpg,images/615_2.jpg,615,224,224,True,False,True
train,615_3.jpg,images/615_3.jpg,615,224,224,True,False,True
train,615_4.jpg,images/615_4.jpg,615,224,224,True,False,True
test,616_1.jpg,images/616_1.jpg,616,224,224,True,False,True
test,616_2.jpg,images/616_2.jpg,616,224,224,True,False,True
test,616_3.jpg,images/616_3.jpg,616,224,224,True,False,True
test,616_4.jpg,images/616_4.jpg,616,224,224,True,False,True
test,616_5.jpg,images/616_5.jpg,616,224,224,True,False,True
test,616_6.jpg,images/616_6.jpg,616,224,224,True,False,True
test,616_7.jpg,images/616_7.jpg,616,224,224,True,False,True
test,616_8.jpg,images/616_8.jpg,616,224,224,True,False,True
test,616_9.jpg,images/616_9.jpg,616,224,224,True,False,True
test,616_10.jpg,images/616_10.jpg,616,224,224,True,False,True
test,616_11.jpg,images/616_11.jpg,616,224,224,True,False,True
test,616_12.jpg,images/616_12.jpg,616,224,224,True,False,True
train,617_1.jpg,images/617_1.jpg,617,224,224,True,False,True
train,617_2.jpg,images/617_2.jpg,617,224,224,True,False,True
train,617_3.jpg,images/617_3.jpg,617,224,224,True,False,True
test,618_1.jpg,images/618_1.jpg,618,224,224,True,False,True
test,618_2.jpg,images/618_2.jpg,618,224,224,True,False,True
test,618_3.jpg,images/618_3.jpg,618,224,224,True,False,True
test,618_4.jpg,images/618_4.jpg,618,224,224,True,False,True
test,618_5.jpg,images/618_5.jpg,618,224,224,True,False,True
train,619_1.jpg,images/619_1.jpg,619,224,224,True,False,True
train,619_2.jpg,images/619_2.jpg,619,224,224,True,False,True
train,619_3.jpg,images/619_3.jpg,619,224,224,True,False,True
train,619_4.jpg,images/619_4.jpg,619,224,224,True,False,True
train,619_5.jpg,images/619_5.jpg,619,224,224,True,False,True
train,619_6.jpg,images/619_6.jpg,619,224,224,True,False,True
train,619_7.jpg,images/619_7.jpg,619,224,224,True,False,True
train,619_8.jpg,images/619_8.jpg,619,224,224,True,False,True
train,619_9.jpg,images/619_9.jpg,619,224,224,True,False,True
train,619_10.jpg,images/619_10.jpg,619,224,224,True,False,True
train,619_11.jpg,images/619_11.jpg,619,224,224,True,False,True
train,619_12.jpg,images/619_12.jpg,619,224,224,True,False,True
train,619_13.jpg,images/619_13.jpg,619,224,224,True,False,True
train,619_14.jpg,images/619_14.jpg,619,224,224,True,False,True
train,619_15.jpg,images/619_15.jpg,619,224,224,True,False,True
train,619_16.jpg,images/619_16.jpg,619,224,224,True,False,True
train,619_17.jpg,images/619_17.jpg,619,224,224,True,False,True
train,619_18.jpg,images/619_18.jpg,619,224,224,True,False,True
train,619_19.jpg,images/619_19.jpg,619,224,224,True,False,True
train,619_20.jpg,images/619_20.jpg,619,224,224,True,False,True
train,619_21.jpg,images/619_21.jpg,619,224,224,True,False,True
train,619_22.jpg,images/619_22.jpg,619,224,224,True,False,True
train,619_23.jpg,images/619_23.jpg,619,224,224,True,False,True
train,619_24.jpg,images/619_24.jpg,619,224,224,True,False,True
train,620_1.jpg,images/620_1.jpg,620,224,224,True,False,True
train,620_2.jpg,images/620_2.jpg,620,224,224,True,False,True
train,620_3.jpg,images/620_3.jpg,620,224,224,True,False,True
train,620_4.jpg,images/620_4.jpg,620,224,224,True,False,True
train,620_5.jpg,images/620_5.jpg,620,224,224,True,False,True
train,620_6.jpg,images/620_6.jpg,620,224,224,True,False,True
train,620_7.jpg,images/620_7.jpg,620,224,224,True,False,True
train,621_1.jpg,images/621_1.jpg,621,224,224,True,False,True
train,621_2.jpg,images/621_2.jpg,621,224,224,True,False,True
train,621_3.jpg,images/621_3.jpg,621,224,224,True,False,True
train,621_4.jpg,images/621_4.jpg,621,224,224,True,False,True
train,621_5.jpg,images/621_5.jpg,621,224,224,True,False,True
train,621_6.jpg,images/621_6.jpg,621,224,224,True,False,True
train,621_7.jpg,images/621_7.jpg,621,224,224,True,False,True
train,621_8.jpg,images/621_8.jpg,621,224,224,True,False,True
train,621_9.jpg,images/621_9.jpg,621,224,224,True,False,True
train,621_10.jpg,images/621_10.jpg,621,224,224,True,False,True
train,621_11.jpg,images/621_11.jpg,621,224,224,True,False,True
train,622_1.jpg,images/622_1.jpg,622,224,224,True,False,True
train,622_2.jpg,images/622_2.jpg,622,224,224,True,False,True
train,622_3.jpg,images/622_3.jpg,622,224,224,True,False,True
train,622_4.jpg,images/622_4.jpg,622,224,224,True,False,True
train,622_5.jpg,images/622_5.jpg,622,224,224,True,False,True
train,623_1.jpg,images/623_1.jpg,623,224,224,True,False,True
train,623_2.jpg,images/623_2.jpg,623,224,224,True,False,True
train,623_3.jpg,images/623_3.jpg,623,224,224,True,False,True
train,623_4.jpg,images/623_4.jpg,623,224,224,True,False,True
train,623_5.jpg,images/623_5.jpg,623,224,224,True,False,True
train,623_6.jpg,images/623_6.jpg,623,224,224,True,False,True
train,623_7.jpg,images/623_7.jpg,623,224,224,True,False,True
train,623_8.jpg,images/623_8.jpg,623,224,224,True,False,True
train,623_9.jpg,images/623_9.jpg,623,224,224,True,False,True
train,623_10.jpg,images/623_10.jpg,623,224,224,True,False,True
train,623_11.jpg,images/623_11.jpg,623,224,224,True,False,True
train,623_12.jpg,images/623_12.jpg,623,224,224,True,False,True
train,623_13.jpg,images/623_13.jpg,623,224,224,True,False,True
train,623_14.jpg,images/623_14.jpg,623,224,224,True,False,True
train,623_15.jpg,images/623_15.jpg,623,224,224,True,False,True
train,623_16.jpg,images/623_16.jpg,623,224,224,True,False,True
train,624_1.jpg,images/624_1.jpg,624,224,224,True,False,True
train,624_2.jpg,images/624_2.jpg,624,224,224,True,False,True
train,624_3.jpg,images/624_3.jpg,624,224,224,True,False,True
train,624_4.jpg,images/624_4.jpg,624,224,224,True,False,True
train,624_5.jpg,images/624_5.jpg,624,224,224,True,False,True
train,624_6.jpg,images/624_6.jpg,624,224,224,True,False,True
train,624_7.jpg,images/624_7.jpg,624,224,224,True,False,True
train,624_8.jpg,images/624_8.jpg,624,224,224,True,False,True
train,624_9.jpg,images/624_9.jpg,624,224,224,True,False,True
train,624_10.jpg,images/624_10.jpg,624,224,224,True,False,True
train,624_11.jpg,images/624_11.jpg,624,224,224,True,False,True
train,624_12.jpg,images/624_12.jpg,624,224,224,True,False,True
train,624_13.jpg,images/624_13.jpg,624,224,224,True,False,True
train,624_14.jpg,images/624_14.jpg,624,224,224,True,False,True
train,624_15.jpg,images/624_15.jpg,624,224,224,True,False,True
train,625_1.jpg,images/625_1.jpg,625,224,224,True,False,True
train,625_2.jpg,images/625_2.jpg,625,224,224,True,False,True
train,625_3.jpg,images/625_3.jpg,625,224,224,True,False,True
train,625_4.jpg,images/625_4.jpg,625,224,224,True,False,True
train,626_1.jpg,images/626_1.jpg,626,224,224,True,False,True
train,626_2.jpg,images/626_2.jpg,626,224,224,True,False,True
train,626_3.jpg,images/626_3.jpg,626,224,224,True,False,True
train,626_4.jpg,images/626_4.jpg,626,224,224,True,False,True
train,627_1.jpg,images/627_1.jpg,627,224,224,True,False,True
train,627_2.jpg,images/627_2.jpg,627,224,224,True,False,True
train,627_3.jpg,images/627_3.jpg,627,224,224,True,False,True
train,627_4.jpg,images/627_4.jpg,627,224,224,True,False,True
train,627_5.jpg,images/627_5.jpg,627,224,224,True,False,True
train,627_6.jpg,images/627_6.jpg,627,224,224,True,False,True
train,627_7.jpg,images/627_7.jpg,627,224,224,True,False,True
train,627_8.jpg,images/627_8.jpg,627,224,224,True,False,True
train,627_9.jpg,images/627_9.jpg,627,224,224,True,False,True
train,627_10.jpg,images/627_10.jpg,627,224,224,True,False,True
train,627_11.jpg,images/627_11.jpg,627,224,224,True,False,True
train,627_12.jpg,images/627_12.jpg,627,224,224,True,False,True
train,628_1.jpg,images/628_1.jpg,628,224,224,True,False,True
train,628_2.jpg,images/628_2.jpg,628,224,224,True,False,True
train,628_3.jpg,images/628_3.jpg,628,224,224,True,False,True
train,628_4.jpg,images/628_4.jpg,628,224,224,True,False,True
train,629_1.jpg,images/629_1.jpg,629,224,224,True,False,True
train,629_2.jpg,images/629_2.jpg,629,224,224,True,False,True
train,629_3.jpg,images/629_3.jpg,629,224,224,True,False,True
train,629_4.jpg,images/629_4.jpg,629,224,224,True,False,True
train,630_1.jpg,images/630_1.jpg,630,224,224,True,False,True
train,630_2.jpg,images/630_2.jpg,630,224,224,True,False,True
train,630_3.jpg,images/630_3.jpg,630,224,224,True,False,True
train,630_4.jpg,images/630_4.jpg,630,224,224,True,False,True
train,630_5.jpg,images/630_5.jpg,630,224,224,True,False,True
train,630_6.jpg,images/630_6.jpg,630,224,224,True,False,True
train,630_7.jpg,images/630_7.jpg,630,224,224,True,False,True
train,630_8.jpg,images/630_8.jpg,630,224,224,True,False,True
train,630_9.jpg,images/630_9.jpg,630,224,224,True,False,True
train,630_10.jpg,images/630_10.jpg,630,224,224,True,False,True
train,631_1.jpg,images/631_1.jpg,631,224,224,True,False,True
train,631_2.jpg,images/631_2.jpg,631,224,224,True,False,True
train,631_3.jpg,images/631_3.jpg,631,224,224,True,False,True
train,631_4.jpg,images/631_4.jpg,631,224,224,True,False,True
train,631_5.jpg,images/631_5.jpg,631,224,224,True,False,True
train,632_1.jpg,images/632_1.jpg,632,224,224,True,False,True
train,632_2.jpg,images/632_2.jpg,632,224,224,True,False,True
train,632_3.jpg,images/632_3.jpg,632,224,224,True,False,True
train,632_4.jpg,images/632_4.jpg,632,224,224,True,False,True
train,632_5.jpg,images/632_5.jpg,632,224,224,True,False,True
train,633_1.jpg,images/633_1.jpg,633,224,224,True,False,True
train,633_2.jpg,images/633_2.jpg,633,224,224,True,False,True
train,633_3.jpg,images/633_3.jpg,633,224,224,True,False,True
train,633_4.jpg,images/633_4.jpg,633,224,224,True,False,True
train,633_5.jpg,images/633_5.jpg,633,224,224,True,False,True
train,633_6.jpg,images/633_6.jpg,633,224,224,True,False,True
train,633_7.jpg,images/633_7.jpg,633,224,224,True,False,True
train,633_8.jpg,images/633_8.jpg,633,224,224,True,False,True
train,633_9.jpg,images/633_9.jpg,633,224,224,True,False,True
train,633_10.jpg,images/633_10.jpg,633,224,224,True,False,True
train,634_1.jpg,images/634_1.jpg,634,224,224,True,False,True
train,634_2.jpg,images/634_2.jpg,634,224,224,True,False,True
train,634_3.jpg,images/634_3.jpg,634,224,224,True,False,True
train,635_1.jpg,images/635_1.jpg,635,224,224,True,False,True
train,635_2.jpg,images/635_2.jpg,635,224,224,True,False,True
train,635_3.jpg,images/635_3.jpg,635,224,224,True,False,True
train,635_4.jpg,images/635_4.jpg,635,224,224,True,False,True
train,636_1.jpg,images/636_1.jpg,636,224,224,True,False,True
train,636_2.jpg,images/636_2.jpg,636,224,224,True,False,True
train,636_3.jpg,images/636_3.jpg,636,224,224,True,False,True
train,636_4.jpg,images/636_4.jpg,636,224,224,True,False,True
train,636_5.jpg,images/636_5.jpg,636,224,224,True,False,True
train,637_1.jpg,images/637_1.jpg,637,224,224,True,False,True
train,637_2.jpg,images/637_2.jpg,637,224,224,True,False,True
train,637_3.jpg,images/637_3.jpg,637,224,224,True,False,True
train,638_1.jpg,images/638_1.jpg,638,224,224,True,False,True
train,638_2.jpg,images/638_2.jpg,638,224,224,True,False,True
train,638_3.jpg,images/638_3.jpg,638,224,224,True,False,True
train,638_4.jpg,images/638_4.jpg,638,224,224,True,False,True
train,639_1.jpg,images/639_1.jpg,639,224,224,True,False,True
train,639_2.jpg,images/639_2.jpg,639,224,224,True,False,True
train,639_3.jpg,images/639_3.jpg,639,224,224,True,False,True
train,639_4.jpg,images/639_4.jpg,639,224,224,True,False,True
train,640_1.jpg,images/640_1.jpg,640,224,224,True,False,True
train,640_2.jpg,images/640_2.jpg,640,224,224,True,False,True
train,640_3.jpg,images/640_3.jpg,640,224,224,True,False,True
train,640_4.jpg,images/640_4.jpg,640,224,224,True,False,True
train,640_5.jpg,images/640_5.jpg,640,224,224,True,False,True
train,640_6.jpg,images/640_6.jpg,640,224,224,True,False,True
train,640_7.jpg,images/640_7.jpg,640,224,224,True,False,True
train,640_8.jpg,images/640_8.jpg,640,224,224,True,False,True
train,640_9.jpg,images/640_9.jpg,640,224,224,True,False,True
train,640_10.jpg,images/640_10.jpg,640,224,224,True,False,True
train,640_11.jpg,images/640_11.jpg,640,224,224,True,False,True
train,640_12.jpg,images/640_12.jpg,640,224,224,True,False,True
train,640_13.jpg,images/640_13.jpg,640,224,224,True,False,True
train,640_14.jpg,images/640_14.jpg,640,224,224,True,False,True
train,640_15.jpg,images/640_15.jpg,640,224,224,True,False,True
train,640_16.jpg,images/640_16.jpg,640,224,224,True,False,True
train,641_1.jpg,images/641_1.jpg,641,224,224,True,False,True
train,641_2.jpg,images/641_2.jpg,641,224,224,True,False,True
train,641_3.jpg,images/641_3.jpg,641,224,224,True,False,True
train,641_4.jpg,images/641_4.jpg,641,224,224,True,False,True
train,641_5.jpg,images/641_5.jpg,641,224,224,True,False,True
train,641_6.jpg,images/641_6.jpg,641,224,224,True,False,True
train,641_7.jpg,images/641_7.jpg,641,224,224,True,False,True
train,641_8.jpg,images/641_8.jpg,641,224,224,True,False,True
train,641_9.jpg,images/641_9.jpg,641,224,224,True,False,True
train,642_1.jpg,images/642_1.jpg,642,224,224,True,False,True
train,642_2.jpg,images/642_2.jpg,642,224,224,True,False,True
train,642_3.jpg,images/642_3.jpg,642,224,224,True,False,True
train,642_4.jpg,images/642_4.jpg,642,224,224,True,False,True
train,642_5.jpg,images/642_5.jpg,642,224,224,True,False,True
train,643_1.jpg,images/643_1.jpg,643,224,224,True,False,True
train,643_2.jpg,images/643_2.jpg,643,224,224,True,False,True
train,643_3.jpg,images/643_3.jpg,643,224,224,True,False,True
train,643_4.jpg,images/643_4.jpg,643,224,224,True,False,True
train,643_5.jpg,images/643_5.jpg,643,224,224,True,False,True
train,643_6.jpg,images/643_6.jpg,643,224,224,True,False,True
train,644_1.jpg,images/644_1.jpg,644,224,224,True,False,True
train,644_2.jpg,images/644_2.jpg,644,224,224,True,False,True
train,645_1.jpg,images/645_1.jpg,645,224,224,True,False,True
train,645_2.jpg,images/645_2.jpg,645,224,224,True,False,True
train,645_3.jpg,images/645_3.jpg,645,224,224,True,False,True
train,645_4.jpg,images/645_4.jpg,645,224,224,True,False,True
train,645_5.jpg,images/645_5.jpg,645,224,224,True,False,True
train,646_1.jpg,images/646_1.jpg,646,224,224,True,False,True
train,646_2.jpg,images/646_2.jpg,646,224,224,True,False,True
train,646_3.jpg,images/646_3.jpg,646,224,224,True,False,True
train,646_4.jpg,images/646_4.jpg,646,224,224,True,False,True
train,646_5.jpg,images/646_5.jpg,646,224,224,True,False,True
train,646_6.jpg,images/646_6.jpg,646,224,224,True,False,True
train,646_7.jpg,images/646_7.jpg,646,224,224,True,False,True
train,646_8.jpg,images/646_8.jpg,646,224,224,True,False,True
train,646_9.jpg,images/646_9.jpg,646,224,224,True,False,True
train,646_10.jpg,images/646_10.jpg,646,224,224,True,False,True
train,646_11.jpg,images/646_11.jpg,646,224,224,True,False,True
train,646_12.jpg,images/646_12.jpg,646,224,224,True,False,True
train,646_13.jpg,images/646_13.jpg,646,224,224,True,False,True
train,646_14.jpg,images/646_14.jpg,646,224,224,True,False,True
train,646_15.jpg,images/646_15.jpg,646,224,224,True,False,True
train,646_16.jpg,images/646_16.jpg,646,224,224,True,False,True
train,646_17.jpg,images/646_17.jpg,646,224,224,True,False,True
train,647_1.jpg,images/647_1.jpg,647,224,224,True,False,True
train,647_2.jpg,images/647_2.jpg,647,224,224,True,False,True
train,647_3.jpg,images/647_3.jpg,647,224,224,True,False,True
train,647_4.jpg,images/647_4.jpg,647,224,224,True,False,True
train,647_5.jpg,images/647_5.jpg,647,224,224,True,False,True
train,647_6.jpg,images/647_6.jpg,647,224,224,True,False,True
train,648_1.jpg,images/648_1.jpg,648,224,224,True,False,True
train,648_2.jpg,images/648_2.jpg,648,224,224,True,False,True
train,648_3.jpg,images/648_3.jpg,648,224,224,True,False,True
train,648_4.jpg,images/648_4.jpg,648,224,224,True,False,True
train,648_5.jpg,images/648_5.jpg,648,224,224,True,False,True
test,649_1.jpg,images/649_1.jpg,649,224,224,True,False,True
test,649_2.jpg,images/649_2.jpg,649,224,224,True,False,True
test,649_3.jpg,images/649_3.jpg,649,224,224,True,False,True
test,649_4.jpg,images/649_4.jpg,649,224,224,True,False,True
test,649_5.jpg,images/649_5.jpg,649,224,224,True,False,True
test,650_1.jpg,images/650_1.jpg,650,224,224,True,False,True
test,650_2.jpg,images/650_2.jpg,650,224,224,True,False,True
test,650_3.jpg,images/650_3.jpg,650,224,224,True,False,True
test,650_4.jpg,images/650_4.jpg,650,224,224,True,False,True
test,650_5.jpg,images/650_5.jpg,650,224,224,True,False,True
train,651_1.jpg,images/651_1.jpg,651,224,224,True,False,True
train,651_2.jpg,images/651_2.jpg,651,224,224,True,False,True
train,651_3.jpg,images/651_3.jpg,651,224,224,True,False,True
train,651_4.jpg,images/651_4.jpg,651,224,224,True,False,True
train,651_5.jpg,images/651_5.jpg,651,224,224,True,False,True
train,651_6.jpg,images/651_6.jpg,651,224,224,True,False,True
train,651_7.jpg,images/651_7.jpg,651,224,224,True,False,True
train,652_1.jpg,images/652_1.jpg,652,224,224,True,False,True
train,652_2.jpg,images/652_2.jpg,652,224,224,True,False,True
train,652_3.jpg,images/652_3.jpg,652,224,224,True,False,True
train,652_4.jpg,images/652_4.jpg,652,224,224,True,False,True
train,652_5.jpg,images/652_5.jpg,652,224,224,True,False,True
train,652_6.jpg,images/652_6.jpg,652,224,224,True,False,True
train,652_7.jpg,images/652_7.jpg,652,224,224,True,False,True
train,652_8.jpg,images/652_8.jpg,652,224,224,True,False,True
train,652_9.jpg,images/652_9.jpg,652,224,224,True,False,True
train,652_10.jpg,images/652_10.jpg,652,224,224,True,False,True
train,653_1.jpg,images/653_1.jpg,653,224,224,True,False,True
train,653_2.jpg,images/653_2.jpg,653,224,224,True,False,True
train,653_3.jpg,images/653_3.jpg,653,224,224,True,False,True
train,653_4.jpg,images/653_4.jpg,653,224,224,True,False,True
train,653_5.jpg,images/653_5.jpg,653,224,224,True,False,True
train,653_6.jpg,images/653_6.jpg,653,224,224,True,False,True
train,653_7.jpg,images/653_7.jpg,653,224,224,True,False,True
train,653_8.jpg,images/653_8.jpg,653,224,224,True,False,True
train,653_9.jpg,images/653_9.jpg,653,224,224,True,False,True
train,653_10.jpg,images/653_10.jpg,653,224,224,True,False,True
train,653_11.jpg,images/653_11.jpg,653,224,224,True,False,True
train,653_12.jpg,images/653_12.jpg,653,224,224,True,False,True
test,654_1.jpg,images/654_1.jpg,654,224,224,True,False,True
test,654_2.jpg,images/654_2.jpg,654,224,224,True,False,True
test,654_3.jpg,images/654_3.jpg,654,224,224,True,False,True
test,654_4.jpg,images/654_4.jpg,654,224,224,True,False,True
test,654_5.jpg,images/654_5.jpg,654,224,224,True,False,True
test,654_6.jpg,images/654_6.jpg,654,224,224,True,False,True
train,655_1.jpg,images/655_1.jpg,655,224,224,True,False,True
train,655_2.jpg,images/655_2.jpg,655,224,224,True,False,True
train,655_3.jpg,images/655_3.jpg,655,224,224,True,False,True
train,655_4.jpg,images/655_4.jpg,655,224,224,True,False,True
train,655_5.jpg,images/655_5.jpg,655,224,224,True,False,True
train,656_1.jpg,images/656_1.jpg,656,224,224,True,False,True
train,656_2.jpg,images/656_2.jpg,656,224,224,True,False,True
train,656_3.jpg,images/656_3.jpg,656,224,224,True,False,True
train,656_4.jpg,images/656_4.jpg,656,224,224,True,False,True
train,656_5.jpg,images/656_5.jpg,656,224,224,True,False,True
train,656_6.jpg,images/656_6.jpg,656,224,224,True,False,True
train,656_7.jpg,images/656_7.jpg,656,224,224,True,False,True
train,656_8.jpg,images/656_8.jpg,656,224,224,True,False,True
train,656_9.jpg,images/656_9.jpg,656,224,224,True,False,True
train,656_10.jpg,images/656_10.jpg,656,224,224,True,False,True
train,657_1.jpg,images/657_1.jpg,657,224,224,True,False,True
train,657_2.jpg,images/657_2.jpg,657,224,224,True,False,True
train,657_3.jpg,images/657_3.jpg,657,224,224,True,False,True
train,657_4.jpg,images/657_4.jpg,657,224,224,True,False,True
train,657_5.jpg,images/657_5.jpg,657,224,224,True,False,True
train,657_6.jpg,images/657_6.jpg,657,224,224,True,False,True
train,657_7.jpg,images/657_7.jpg,657,224,224,True,False,True
train,657_8.jpg,images/657_8.jpg,657,224,224,True,False,True
train,658_1.jpg,images/658_1.jpg,658,224,224,True,False,True
train,658_2.jpg,images/658_2.jpg,658,224,224,True,False,True
train,658_3.jpg,images/658_3.jpg,658,224,224,True,False,True
train,658_4.jpg,images/658_4.jpg,658,224,224,True,False,True
train,658_5.jpg,images/658_5.jpg,658,224,224,True,False,True
train,658_6.jpg,images/658_6.jpg,658,224,224,True,False,True
train,659_1.jpg,images/659_1.jpg,659,224,224,True,False,True
train,659_2.jpg,images/659_2.jpg,659,224,224,True,False,True
train,659_3.jpg,images/659_3.jpg,659,224,224,True,False,True
train,659_4.jpg,images/659_4.jpg,659,224,224,True,False,True
train,659_5.jpg,images/659_5.jpg,659,224,224,True,False,True
train,659_6.jpg,images/659_6.jpg,659,224,224,True,False,True
train,659_7.jpg,images/659_7.jpg,659,224,224,True,False,True
train,660_1.jpg,images/660_1.jpg,660,224,224,True,False,True
train,660_2.jpg,images/660_2.jpg,660,224,224,True,False,True
train,660_3.jpg,images/660_3.jpg,660,224,224,True,False,True
train,660_4.jpg,images/660_4.jpg,660,224,224,True,False,True
train,660_5.jpg,images/660_5.jpg,660,224,224,True,False,True
train,660_6.jpg,images/660_6.jpg,660,224,224,True,False,True
train,660_7.jpg,images/660_7.jpg,660,224,224,True,False,True
train,660_8.jpg,images/660_8.jpg,660,224,224,True,False,True
train,660_9.jpg,images/660_9.jpg,660,224,224,True,False,True
train,661_1.jpg,images/661_1.jpg,661,224,224,True,False,True
train,661_2.jpg,images/661_2.jpg,661,224,224,True,False,True
train,661_3.jpg,images/661_3.jpg,661,224,224,True,False,True
train,661_4.jpg,images/661_4.jpg,661,224,224,True,False,True
train,661_5.jpg,images/661_5.jpg,661,224,224,True,False,True
train,662_1.jpg,images/662_1.jpg,662,224,224,True,False,True
train,662_2.jpg,images/662_2.jpg,662,224,224,True,False,True
train,662_3.jpg,images/662_3.jpg,662,224,224,True,False,True
train,662_4.jpg,images/662_4.jpg,662,224,224,True,False,True
train,663_1.jpg,images/663_1.jpg,663,224,224,True,False,True
train,663_2.jpg,images/663_2.jpg,663,224,224,True,False,True
train,663_3.jpg,images/663_3.jpg,663,224,224,True,False,True
train,663_4.jpg,images/663_4.jpg,663,224,224,True,False,True
train,663_5.jpg,images/663_5.jpg,663,224,224,True,False,True
train,663_6.jpg,images/663_6.jpg,663,224,224,True,False,True
train,663_7.jpg,images/663_7.jpg,663,224,224,True,False,True
train,663_8.jpg,images/663_8.jpg,663,224,224,True,False,True
train,663_9.jpg,images/663_9.jpg,663,224,224,True,False,True
train,663_10.jpg,images/663_10.jpg,663,224,224,True,False,True
train,663_11.jpg,images/663_11.jpg,663,224,224,True,False,True
train,663_12.jpg,images/663_12.jpg,663,224,224,True,False,True
train,663_13.jpg,images/663_13.jpg,663,224,224,True,False,True
train,663_14.jpg,images/663_14.jpg,663,224,224,True,False,True
train,663_15.jpg,images/663_15.jpg,663,224,224,True,False,True
train,663_16.jpg,images/663_16.jpg,663,224,224,True,False,True
train,664_1.jpg,images/664_1.jpg,664,224,224,True,False,True
train,664_2.jpg,images/664_2.jpg,664,224,224,True,False,True
train,664_3.jpg,images/664_3.jpg,664,224,224,True,False,True
train,665_1.jpg,images/665_1.jpg,665,224,224,True,False,True
train,665_2.jpg,images/665_2.jpg,665,224,224,True,False,True
train,665_3.jpg,images/665_3.jpg,665,224,224,True,False,True
train,665_4.jpg,images/665_4.jpg,665,224,224,True,False,True
train,665_5.jpg,images/665_5.jpg,665,224,224,True,False,True
train,666_1.jpg,images/666_1.jpg,666,224,224,True,False,True
train,666_2.jpg,images/666_2.jpg,666,224,224,True,False,True
train,666_3.jpg,images/666_3.jpg,666,224,224,True,False,True
train,666_4.jpg,images/666_4.jpg,666,224,224,True,False,True
train,667_1.jpg,images/667_1.jpg,667,224,224,True,False,True
train,667_2.jpg,images/667_2.jpg,667,224,224,True,False,True
train,667_3.jpg,images/667_3.jpg,667,224,224,True,False,True
train,667_4.jpg,images/667_4.jpg,667,224,224,True,False,True
train,667_5.jpg,images/667_5.jpg,667,224,224,True,False,True
train,668_1.jpg,images/668_1.jpg,668,224,224,True,False,True
train,668_2.jpg,images/668_2.jpg,668,224,224,True,False,True
train,668_3.jpg,images/668_3.jpg,668,224,224,True,False,True
train,668_4.jpg,images/668_4.jpg,668,224,224,True,False,True
train,668_5.jpg,images/668_5.jpg,668,224,224,True,False,True
test,669_1.jpg,images/669_1.jpg,669,224,224,True,False,True
test,669_2.jpg,images/669_2.jpg,669,224,224,True,False,True
test,669_3.jpg,images/669_3.jpg,669,224,224,True,False,True
test,669_4.jpg,images/669_4.jpg,669,224,224,True,False,True
test,669_5.jpg,images/669_5.jpg,669,224,224,True,False,True
test,669_6.jpg,images/669_6.jpg,669,224,224,True,False,True
test,669_7.jpg,images/669_7.jpg,669,224,224,True,False,True
test,669_8.jpg,images/669_8.jpg,669,224,224,True,False,True
test,669_9.jpg,images/669_9.jpg,669,224,224,True,False,True
test,669_10.jpg,images/669_10.jpg,669,224,224,True,False,True
test,669_11.jpg,images/669_11.jpg,669,224,224,True,False,True
test,669_12.jpg,images/669_12.jpg,669,224,224,True,False,True
test,669_13.jpg,images/669_13.jpg,669,224,224,True,False,True
test,669_14.jpg,images/669_14.jpg,669,224,224,True,False,True
test,669_15.jpg,images/669_15.jpg,669,224,224,True,False,True
test,669_16.jpg,images/669_16.jpg,669,224,224,True,False,True
train,670_1.jpg,images/670_1.jpg,670,224,224,True,False,True
train,670_2.jpg,images/670_2.jpg,670,224,224,True,False,True
train,670_3.jpg,images/670_3.jpg,670,224,224,True,False,True
train,671_1.jpg,images/671_1.jpg,671,224,224,True,False,True
train,671_2.jpg,images/671_2.jpg,671,224,224,True,False,True
train,671_3.jpg,images/671_3.jpg,671,224,224,True,False,True
train,671_4.jpg,images/671_4.jpg,671,224,224,True,False,True
train,671_5.jpg,images/671_5.jpg,671,224,224,True,False,True
train,672_1.jpg,images/672_1.jpg,672,224,224,True,False,True
train,672_2.jpg,images/672_2.jpg,672,224,224,True,False,True
train,672_3.jpg,images/672_3.jpg,672,224,224,True,False,True
train,672_4.jpg,images/672_4.jpg,672,224,224,True,False,True
train,672_5.jpg,images/672_5.jpg,672,224,224,True,False,True
train,672_6.jpg,images/672_6.jpg,672,224,224,True,False,True
train,673_1.jpg,images/673_1.jpg,673,224,224,True,False,True
train,673_2.jpg,images/673_2.jpg,673,224,224,True,False,True
train,673_3.jpg,images/673_3.jpg,673,224,224,True,False,True
train,673_4.jpg,images/673_4.jpg,673,224,224,True,False,True
train,673_5.jpg,images/673_5.jpg,673,224,224,True,False,True
train,674_1.jpg,images/674_1.jpg,674,224,224,True,False,True
train,674_2.jpg,images/674_2.jpg,674,224,224,True,False,True
train,674_3.jpg,images/674_3.jpg,674,224,224,True,False,True
train,674_4.jpg,images/674_4.jpg,674,224,224,True,False,True
train,674_5.jpg,images/674_5.jpg,674,224,224,True,False,True
train,675_1.jpg,images/675_1.jpg,675,224,224,True,False,True
train,675_2.jpg,images/675_2.jpg,675,224,224,True,False,True
train,675_3.jpg,images/675_3.jpg,675,224,224,True,False,True
train,675_4.jpg,images/675_4.jpg,675,224,224,True,False,True
train,675_5.jpg,images/675_5.jpg,675,224,224,True,False,True
train,676_1.jpg,images/676_1.jpg,676,224,224,True,False,True
train,676_2.jpg,images/676_2.jpg,676,224,224,True,False,True
train,676_3.jpg,images/676_3.jpg,676,224,224,True,False,True
train,676_4.jpg,images/676_4.jpg,676,224,224,True,False,True
train,676_5.jpg,images/676_5.jpg,676,224,224,True,False,True
train,677_1.jpg,images/677_1.jpg,677,224,224,True,False,True
train,677_2.jpg,images/677_2.jpg,677,224,224,True,False,True
train,677_3.jpg,images/677_3.jpg,677,224,224,True,False,True
train,677_4.jpg,images/677_4.jpg,677,224,224,True,False,True
train,677_5.jpg,images/677_5.jpg,677,224,224,True,False,True
train,677_6.jpg,images/677_6.jpg,677,224,224,True,False,True
train,677_7.jpg,images/677_7.jpg,677,224,224,True,False,True
train,677_8.jpg,images/677_8.jpg,677,224,224,True,False,True
train,677_9.jpg,images/677_9.jpg,677,224,224,True,False,True
train,677_10.jpg,images/677_10.jpg,677,224,224,True,False,True
train,677_11.jpg,images/677_11.jpg,677,224,224,True,False,True
train,677_12.jpg,images/677_12.jpg,677,224,224,True,False,True
train,677_13.jpg,images/677_13.jpg,677,224,224,True,False,True
train,678_1.jpg,images/678_1.jpg,678,224,224,True,False,True
train,678_2.jpg,images/678_2.jpg,678,224,224,True,False,True
train,678_3.jpg,images/678_3.jpg,678,224,224,True,False,True
train,678_4.jpg,images/678_4.jpg,678,224,224,True,False,True
train,678_5.jpg,images/678_5.jpg,678,224,224,True,False,True
train,678_6.jpg,images/678_6.jpg,678,224,224,True,False,True
train,678_7.jpg,images/678_7.jpg,678,224,224,True,False,True
train,679_1.jpg,images/679_1.jpg,679,224,224,True,False,True
train,679_2.jpg,images/679_2.jpg,679,224,224,True,False,True
train,679_3.jpg,images/679_3.jpg,679,224,224,True,False,True
train,679_4.jpg,images/679_4.jpg,679,224,224,True,False,True
train,680_1.jpg,images/680_1.jpg,680,224,224,True,False,True
train,680_2.jpg,images/680_2.jpg,680,224,224,True,False,True
train,680_3.jpg,images/680_3.jpg,680,224,224,True,False,True
train,680_4.jpg,images/680_4.jpg,680,224,224,True,False,True
train,681_1.jpg,images/681_1.jpg,681,224,224,True,False,True
train,681_2.jpg,images/681_2.jpg,681,224,224,True,False,True
train,681_3.jpg,images/681_3.jpg,681,224,224,True,False,True
train,681_4.jpg,images/681_4.jpg,681,224,224,True,False,True
train,681_5.jpg,images/681_5.jpg,681,224,224,True,False,True
train,681_6.jpg,images/681_6.jpg,681,224,224,True,False,True
train,681_7.jpg,images/681_7.jpg,681,224,224,True,False,True
train,681_8.jpg,images/681_8.jpg,681,224,224,True,False,True
train,681_9.jpg,images/681_9.jpg,681,224,224,True,False,True
train,682_1.jpg,images/682_1.jpg,682,224,224,True,False,True
train,682_2.jpg,images/682_2.jpg,682,224,224,True,False,True
train,683_1.jpg,images/683_1.jpg,683,224,224,True,False,True
train,683_2.jpg,images/683_2.jpg,683,224,224,True,False,True
train,683_3.jpg,images/683_3.jpg,683,224,224,True,False,True
train,683_4.jpg,images/683_4.jpg,683,224,224,True,False,True
train,684_1.jpg,images/684_1.jpg,684,224,224,True,False,True
train,684_2.jpg,images/684_2.jpg,684,224,224,True,False,True
train,685_1.jpg,images/685_1.jpg,685,224,224,True,False,True
train,685_2.jpg,images/685_2.jpg,685,224,224,True,False,True
train,685_3.jpg,images/685_3.jpg,685,224,224,True,False,True
train,685_4.jpg,images/685_4.jpg,685,224,224,True,False,True
train,685_5.jpg,images/685_5.jpg,685,224,224,True,False,True
train,685_6.jpg,images/685_6.jpg,685,224,224,True,False,True
train,685_7.jpg,images/685_7.jpg,685,224,224,True,False,True
train,685_8.jpg,images/685_8.jpg,685,224,224,True,False,True
train,685_9.jpg,images/685_9.jpg,685,224,224,True,False,True
train,686_1.jpg,images/686_1.jpg,686,224,224,True,False,True
train,686_2.jpg,images/686_2.jpg,686,224,224,True,False,True
train,686_3.jpg,images/686_3.jpg,686,224,224,True,False,True
train,687_1.jpg,images/687_1.jpg,687,224,224,True,False,True
train,687_2.jpg,images/687_2.jpg,687,224,224,True,False,True
train,687_3.jpg,images/687_3.jpg,687,224,224,True,False,True
train,687_4.jpg,images/687_4.jpg,687,224,224,True,False,True
train,687_5.jpg,images/687_5.jpg,687,224,224,True,False,True
train,687_6.jpg,images/687_6.jpg,687,224,224,True,False,True
train,687_7.jpg,images/687_7.jpg,687,224,224,True,False,True
train,688_1.jpg,images/688_1.jpg,688,224,224,True,False,True
train,688_2.jpg,images/688_2.jpg,688,224,224,True,False,True
train,688_3.jpg,images/688_3.jpg,688,224,224,True,False,True
train,688_4.jpg,images/688_4.jpg,688,224,224,True,False,True
train,689_1.jpg,images/689_1.jpg,689,224,224,True,False,True
train,689_2.jpg,images/689_2.jpg,689,224,224,True,False,True
train,689_3.jpg,images/689_3.jpg,689,224,224,True,False,True
train,689_4.jpg,images/689_4.jpg,689,224,224,True,False,True
train,689_5.jpg,images/689_5.jpg,689,224,224,True,False,True
test,690_1.jpg,images/690_1.jpg,690,224,224,True,False,True
test,690_2.jpg,images/690_2.jpg,690,224,224,True,False,True
test,690_3.jpg,images/690_3.jpg,690,224,224,True,False,True
test,690_4.jpg,images/690_4.jpg,690,224,224,True,False,True
test,690_5.jpg,images/690_5.jpg,690,224,224,True,False,True
test,690_6.jpg,images/690_6.jpg,690,224,224,True,False,True
train,691_1.jpg,images/691_1.jpg,691,224,224,True,False,True
train,691_2.jpg,images/691_2.jpg,691,224,224,True,False,True
train,691_3.jpg,images/691_3.jpg,691,224,224,True,False,True
train,691_4.jpg,images/691_4.jpg,691,224,224,True,False,True
train,691_5.jpg,images/691_5.jpg,691,224,224,True,False,True
train,691_6.jpg,images/691_6.jpg,691,224,224,True,False,True
train,691_7.jpg,images/691_7.jpg,691,224,224,True,False,True
train,691_8.jpg,images/691_8.jpg,691,224,224,True,False,True
train,691_9.jpg,images/691_9.jpg,691,224,224,True,False,True
train,692_1.jpg,images/692_1.jpg,692,224,224,True,False,True
train,692_2.jpg,images/692_2.jpg,692,224,224,True,False,True
train,692_3.jpg,images/692_3.jpg,692,224,224,True,False,True
train,692_4.jpg,images/692_4.jpg,692,224,224,True,False,True
train,692_5.jpg,images/692_5.jpg,692,224,224,True,False,True
train,692_6.jpg,images/692_6.jpg,692,224,224,True,False,True
train,692_7.jpg,images/692_7.jpg,692,224,224,True,False,True
train,692_8.jpg,images/692_8.jpg,692,224,224,True,False,True
train,692_9.jpg,images/692_9.jpg,692,224,224,True,False,True
train,693_1.jpg,images/693_1.jpg,693,224,224,True,False,True
train,693_2.jpg,images/693_2.jpg,693,224,224,True,False,True
train,693_3.jpg,images/693_3.jpg,693,224,224,True,False,True
train,693_4.jpg,images/693_4.jpg,693,224,224,True,False,True
train,693_5.jpg,images/693_5.jpg,693,224,224,True,False,True
train,693_6.jpg,images/693_6.jpg,693,224,224,True,False,True
train,694_1.jpg,images/694_1.jpg,694,224,224,True,False,True
train,694_2.jpg,images/694_2.jpg,694,224,224,True,False,True
train,694_3.jpg,images/694_3.jpg,694,224,224,True,False,True
train,694_4.jpg,images/694_4.jpg,694,224,224,True,False,True
train,694_5.jpg,images/694_5.jpg,694,224,224,True,False,True
train,694_6.jpg,images/694_6.jpg,694,224,224,True,False,True
train,694_7.jpg,images/694_7.jpg,694,224,224,True,False,True
train,695_1.jpg,images/695_1.jpg,695,224,224,True,False,True
train,695_2.jpg,images/695_2.jpg,695,224,224,True,False,True
train,695_3.jpg,images/695_3.jpg,695,224,224,True,False,True
train,695_4.jpg,images/695_4.jpg,695,224,224,True,False,True
train,695_5.jpg,images/695_5.jpg,695,224,224,True,False,True
train,695_6.jpg,images/695_6.jpg,695,224,224,True,False,True
train,695_7.jpg,images/695_7.jpg,695,224,224,True,False,True
train,695_8.jpg,images/695_8.jpg,695,224,224,True,False,True
train,695_9.jpg,images/695_9.jpg,695,224,224,True,False,True
train,695_10.jpg,images/695_10.jpg,695,224,224,True,False,True
train,695_11.jpg,images/695_11.jpg,695,224,224,True,False,True
train,695_12.jpg,images/695_12.jpg,695,224,224,True,False,True
train,695_13.jpg,images/695_13.jpg,695,224,224,True,False,True
train,695_14.jpg,images/695_14.jpg,695,224,224,True,False,True
train,696_1.jpg,images/696_1.jpg,696,224,224,True,False,True
train,696_2.jpg,images/696_2.jpg,696,224,224,True,False,True
train,696_3.jpg,images/696_3.jpg,696,224,224,True,False,True
train,696_4.jpg,images/696_4.jpg,696,224,224,True,False,True
train,696_5.jpg,images/696_5.jpg,696,224,224,True,False,True
test,697_1.jpg,images/697_1.jpg,697,224,224,True,False,True
test,697_2.jpg,images/697_2.jpg,697,224,224,True,False,True
test,697_3.jpg,images/697_3.jpg,697,224,224,True,False,True
test,697_4.jpg,images/697_4.jpg,697,224,224,True,False,True
test,697_5.jpg,images/697_5.jpg,697,224,224,True,False,True
test,697_6.jpg,images/697_6.jpg,697,224,224,True,False,True
test,697_7.jpg,images/697_7.jpg,697,224,224,True,False,True
test,697_8.jpg,images/697_8.jpg,697,224,224,True,False,True
test,697_9.jpg,images/697_9.jpg,697,224,224,True,False,True
test,697_10.jpg,images/697_10.jpg,697,224,224,True,False,True
test,697_11.jpg,images/697_11.jpg,697,224,224,True,False,True
test,697_12.jpg,images/697_12.jpg,697,224,224,True,False,True
test,697_13.jpg,images/697_13.jpg,697,224,224,True,False,True
test,697_14.jpg,images/697_14.jpg,697,224,224,True,False,True
test,697_15.jpg,images/697_15.jpg,697,224,224,True,False,True
test,697_16.jpg,images/697_16.jpg,697,224,224,True,False,True
test,697_17.jpg,images/697_17.jpg,697,224,224,True,False,True
test,697_18.jpg,images/697_18.jpg,697,224,224,True,False,True
test,697_19.jpg,images/697_19.jpg,697,224,224,True,False,True
test,697_20.jpg,images/697_20.jpg,697,224,224,True,False,True
test,697_21.jpg,images/697_21.jpg,697,224,224,True,False,True
test,697_22.jpg,images/697_22.jpg,697,224,224,True,False,True
test,697_23.jpg,images/697_23.jpg,697,224,224,True,False,True
test,697_24.jpg,images/697_24.jpg,697,224,224,True,False,True
test,697_25.jpg,images/697_25.jpg,697,224,224,True,False,True
train,698_1.jpg,images/698_1.jpg,698,224,224,True,False,True
train,698_2.jpg,images/698_2.jpg,698,224,224,True,False,True
train,698_3.jpg,images/698_3.jpg,698,224,224,True,False,True
train,698_4.jpg,images/698_4.jpg,698,224,224,True,False,True
train,698_5.jpg,images/698_5.jpg,698,224,224,True,False,True
train,698_6.jpg,images/698_6.jpg,698,224,224,True,False,True
train,698_7.jpg,images/698_7.jpg,698,224,224,True,False,True
train,698_8.jpg,images/698_8.jpg,698,224,224,True,False,True
train,698_9.jpg,images/698_9.jpg,698,224,224,True,False,True
train,698_10.jpg,images/698_10.jpg,698,224,224,True,False,True
train,698_11.jpg,images/698_11.jpg,698,224,224,True,False,True
test,699_1.jpg,images/699_1.jpg,699,224,224,True,False,True
test,699_2.jpg,images/699_2.jpg,699,224,224,True,False,True
test,699_3.jpg,images/699_3.jpg,699,224,224,True,False,True
test,699_4.jpg,images/699_4.jpg,699,224,224,True,False,True
test,699_5.jpg,images/699_5.jpg,699,224,224,True,False,True
test,700_1.jpg,images/700_1.jpg,700,224,224,True,False,True
test,700_2.jpg,images/700_2.jpg,700,224,224,True,False,True
test,700_3.jpg,images/700_3.jpg,700,224,224,True,False,True
test,700_4.jpg,images/700_4.jpg,700,224,224,True,False,True
test,700_5.jpg,images/700_5.jpg,700,224,224,True,False,True
test,700_6.jpg,images/700_6.jpg,700,224,224,True,False,True
train,701_1.jpg,images/701_1.jpg,701,224,224,True,False,True
train,701_2.jpg,images/701_2.jpg,701,224,224,True,False,True
train,701_3.jpg,images/701_3.jpg,701,224,224,True,False,True
train,701_4.jpg,images/701_4.jpg,701,224,224,True,False,True
train,701_5.jpg,images/701_5.jpg,701,224,224,True,False,True
train,701_6.jpg,images/701_6.jpg,701,224,224,True,False,True
train,701_7.jpg,images/701_7.jpg,701,224,224,True,False,True
train,702_1.jpg,images/702_1.jpg,702,224,224,True,False,True
train,702_2.jpg,images/702_2.jpg,702,224,224,True,False,True
train,702_3.jpg,images/702_3.jpg,702,224,224,True,False,True
train,702_4.jpg,images/702_4.jpg,702,224,224,True,False,True
train,702_5.jpg,images/702_5.jpg,702,224,224,True,False,True
train,702_6.jpg,images/702_6.jpg,702,224,224,True,False,True
train,703_1.jpg,images/703_1.jpg,703,224,224,True,False,True
train,703_2.jpg,images/703_2.jpg,703,224,224,True,False,True
train,703_3.jpg,images/703_3.jpg,703,224,224,True,False,True
train,703_4.jpg,images/703_4.jpg,703,224,224,True,False,True
train,703_5.jpg,images/703_5.jpg,703,224,224,True,False,True
train,703_6.jpg,images/703_6.jpg,703,224,224,True,False,True
train,703_7.jpg,images/703_7.jpg,703,224,224,True,False,True
train,704_1.jpg,images/704_1.jpg,704,224,224,True,False,True
train,704_2.jpg,images/704_2.jpg,704,224,224,True,False,True
train,704_3.jpg,images/704_3.jpg,704,224,224,True,False,True
train,704_4.jpg,images/704_4.jpg,704,224,224,True,False,True
train,704_5.jpg,images/704_5.jpg,704,224,224,True,False,True
train,705_1.jpg,images/705_1.jpg,705,224,224,True,False,True
train,705_2.jpg,images/705_2.jpg,705,224,224,True,False,True
train,705_3.jpg,images/705_3.jpg,705,224,224,True,False,True
train,705_4.jpg,images/705_4.jpg,705,224,224,True,False,True
train,705_5.jpg,images/705_5.jpg,705,224,224,True,False,True
train,705_6.jpg,images/705_6.jpg,705,224,224,True,False,True
train,706_1.jpg,images/706_1.jpg,706,224,224,True,False,True
train,706_2.jpg,images/706_2.jpg,706,224,224,True,False,True
train,706_3.jpg,images/706_3.jpg,706,224,224,True,False,True
train,706_4.jpg,images/706_4.jpg,706,224,224,True,False,True
train,706_5.jpg,images/706_5.jpg,706,224,224,True,False,True
test,707_1.jpg,images/707_1.jpg,707,224,224,True,False,True
test,707_2.jpg,images/707_2.jpg,707,224,224,True,False,True
test,707_3.jpg,images/707_3.jpg,707,224,224,True,False,True
test,707_4.jpg,images/707_4.jpg,707,224,224,True,False,True
test,707_5.jpg,images/707_5.jpg,707,224,224,True,False,True
test,707_6.jpg,images/707_6.jpg,707,224,224,True,False,True
test,707_7.jpg,images/707_7.jpg,707,224,224,True,False,True
test,707_8.jpg,images/707_8.jpg,707,224,224,True,False,True
test,707_9.jpg,images/707_9.jpg,707,224,224,True,False,True
test,707_10.jpg,images/707_10.jpg,707,224,224,True,False,True
test,707_11.jpg,images/707_11.jpg,707,224,224,True,False,True
test,707_12.jpg,images/707_12.jpg,707,224,224,True,False,True
test,707_13.jpg,images/707_13.jpg,707,224,224,True,False,True
test,707_14.jpg,images/707_14.jpg,707,224,224,True,False,True
test,707_15.jpg,images/707_15.jpg,707,224,224,True,False,True
test,707_16.jpg,images/707_16.jpg,707,224,224,True,False,True
test,707_17.jpg,images/707_17.jpg,707,224,224,True,False,True
test,707_18.jpg,images/707_18.jpg,707,224,224,True,False,True
test,707_19.jpg,images/707_19.jpg,707,224,224,True,False,True
test,707_20.jpg,images/707_20.jpg,707,224,224,True,False,True
test,707_21.jpg,images/707_21.jpg,707,224,224,True,False,True
test,707_22.jpg,images/707_22.jpg,707,224,224,True,False,True
test,707_23.jpg,images/707_23.jpg,707,224,224,True,False,True
test,707_24.jpg,images/707_24.jpg,707,224,224,True,False,True
test,707_25.jpg,images/707_25.jpg,707,224,224,True,False,True
test,707_26.jpg,images/707_26.jpg,707,224,224,True,False,True
test,707_27.jpg,images/707_27.jpg,707,224,224,True,False,True
train,708_1.jpg,images/708_1.jpg,708,224,224,True,False,True
train,708_2.jpg,images/708_2.jpg,708,224,224,True,False,True
train,708_3.jpg,images/708_3.jpg,708,224,224,True,False,True
train,708_4.jpg,images/708_4.jpg,708,224,224,True,False,True
train,708_5.jpg,images/708_5.jpg,708,224,224,True,False,True
train,708_6.jpg,images/708_6.jpg,708,224,224,True,False,True
train,708_7.jpg,images/708_7.jpg,708,224,224,True,False,True
train,708_8.jpg,images/708_8.jpg,708,224,224,True,False,True
train,708_9.jpg,images/708_9.jpg,708,224,224,True,False,True
train,708_10.jpg,images/708_10.jpg,708,224,224,True,False,True
train,708_11.jpg,images/708_11.jpg,708,224,224,True,False,True
train,708_12.jpg,images/708_12.jpg,708,224,224,True,False,True
train,708_13.jpg,images/708_13.jpg,708,224,224,True,False,True
train,708_14.jpg,images/708_14.jpg,708,224,224,True,False,True
train,708_15.jpg,images/708_15.jpg,708,224,224,True,False,True
train,708_16.jpg,images/708_16.jpg,708,224,224,True,False,True
train,708_17.jpg,images/708_17.jpg,708,224,224,True,False,True
train,708_18.jpg,images/708_18.jpg,708,224,224,True,False,True
train,708_19.jpg,images/708_19.jpg,708,224,224,True,False,True
train,708_20.jpg,images/708_20.jpg,708,224,224,True,False,True
train,708_21.jpg,images/708_21.jpg,708,224,224,True,False,True
train,708_22.jpg,images/708_22.jpg,708,224,224,True,False,True
test,709_1.jpg,images/709_1.jpg,709,224,224,True,False,True
test,709_2.jpg,images/709_2.jpg,709,224,224,True,False,True
test,709_3.jpg,images/709_3.jpg,709,224,224,True,False,True
test,709_4.jpg,images/709_4.jpg,709,224,224,True,False,True
test,709_5.jpg,images/709_5.jpg,709,224,224,True,False,True
test,709_6.jpg,images/709_6.jpg,709,224,224,True,False,True
test,709_7.jpg,images/709_7.jpg,709,224,224,True,False,True
test,709_8.jpg,images/709_8.jpg,709,224,224,True,False,True
test,709_9.jpg,images/709_9.jpg,709,224,224,True,False,True
test,709_10.jpg,images/709_10.jpg,709,224,224,True,False,True
test,709_11.jpg,images/709_11.jpg,709,224,224,True,False,True
test,709_12.jpg,images/709_12.jpg,709,224,224,True,False,True
test,709_13.jpg,images/709_13.jpg,709,224,224,True,False,True
test,709_14.jpg,images/709_14.jpg,709,224,224,True,False,True
test,709_15.jpg,images/709_15.jpg,709,224,224,True,False,True
train,710_1.jpg,images/710_1.jpg,710,224,224,True,False,True
train,710_2.jpg,images/710_2.jpg,710,224,224,True,False,True
train,710_3.jpg,images/710_3.jpg,710,224,224,True,False,True
train,710_4.jpg,images/710_4.jpg,710,224,224,True,False,True
train,710_5.jpg,images/710_5.jpg,710,224,224,True,False,True
train,710_6.jpg,images/710_6.jpg,710,224,224,True,False,True
train,710_7.jpg,images/710_7.jpg,710,224,224,True,False,True
train,710_8.jpg,images/710_8.jpg,710,224,224,True,False,True
train,710_9.jpg,images/710_9.jpg,710,224,224,True,False,True
train,710_10.jpg,images/710_10.jpg,710,224,224,True,False,True
train,710_11.jpg,images/710_11.jpg,710,224,224,True,False,True
test,711_1.jpg,images/711_1.jpg,711,224,224,True,False,True
test,711_2.jpg,images/711_2.jpg,711,224,224,True,False,True
test,711_3.jpg,images/711_3.jpg,711,224,224,True,False,True
test,711_4.jpg,images/711_4.jpg,711,224,224,True,False,True
test,711_5.jpg,images/711_5.jpg,711,224,224,True,False,True
train,712_1.jpg,images/712_1.jpg,712,224,224,True,False,True
train,712_2.jpg,images/712_2.jpg,712,224,224,True,False,True
train,712_3.jpg,images/712_3.jpg,712,224,224,True,False,True
train,712_4.jpg,images/712_4.jpg,712,224,224,True,False,True
train,712_5.jpg,images/712_5.jpg,712,224,224,True,False,True
train,712_6.jpg,images/712_6.jpg,712,224,224,True,False,True
train,712_7.jpg,images/712_7.jpg,712,224,224,True,False,True
train,712_8.jpg,images/712_8.jpg,712,224,224,True,False,True
train,712_9.jpg,images/712_9.jpg,712,224,224,True,False,True
train,712_10.jpg,images/712_10.jpg,712,224,224,True,False,True
train,712_11.jpg,images/712_11.jpg,712,224,224,True,False,True
train,712_12.jpg,images/712_12.jpg,712,224,224,True,False,True
train,712_13.jpg,images/712_13.jpg,712,224,224,True,False,True
train,712_14.jpg,images/712_14.jpg,712,224,224,True,False,True
train,712_15.jpg,images/712_15.jpg,712,224,224,True,False,True
train,712_16.jpg,images/712_16.jpg,712,224,224,True,False,True
train,712_17.jpg,images/712_17.jpg,712,224,224,True,False,True
train,712_18.jpg,images/712_18.jpg,712,224,224,True,False,True
train,713_1.jpg,images/713_1.jpg,713,224,224,True,False,True
train,713_2.jpg,images/713_2.jpg,713,224,224,True,False,True
train,713_3.jpg,images/713_3.jpg,713,224,224,True,False,True
train,713_4.jpg,images/713_4.jpg,713,224,224,True,False,True
train,714_1.jpg,images/714_1.jpg,714,224,224,True,False,True
train,714_2.jpg,images/714_2.jpg,714,224,224,True,False,True
train,714_3.jpg,images/714_3.jpg,714,224,224,True,False,True
train,714_4.jpg,images/714_4.jpg,714,224,224,True,False,True
train,714_5.jpg,images/714_5.jpg,714,224,224,True,False,True
train,714_6.jpg,images/714_6.jpg,714,224,224,True,False,True
train,715_1.jpg,images/715_1.jpg,715,224,224,True,False,True
train,715_2.jpg,images/715_2.jpg,715,224,224,True,False,True
train,715_3.jpg,images/715_3.jpg,715,224,224,True,False,True
train,715_4.jpg,images/715_4.jpg,715,224,224,True,False,True
train,715_5.jpg,images/715_5.jpg,715,224,224,True,False,True
train,715_6.jpg,images/715_6.jpg,715,224,224,True,False,True
train,716_1.jpg,images/716_1.jpg,716,224,224,True,False,True
train,716_2.jpg,images/716_2.jpg,716,224,224,True,False,True
train,716_3.jpg,images/716_3.jpg,716,224,224,True,False,True
train,716_4.jpg,images/716_4.jpg,716,224,224,True,False,True
train,716_5.jpg,images/716_5.jpg,716,224,224,True,False,True
train,716_6.jpg,images/716_6.jpg,716,224,224,True,False,True
train,717_1.jpg,images/717_1.jpg,717,224,224,True,False,True
train,717_2.jpg,images/717_2.jpg,717,224,224,True,False,True
train,717_3.jpg,images/717_3.jpg,717,224,224,True,False,True
train,717_4.jpg,images/717_4.jpg,717,224,224,True,False,True
train,717_5.jpg,images/717_5.jpg,717,224,224,True,False,True
train,717_6.jpg,images/717_6.jpg,717,224,224,True,False,True
train,717_7.jpg,images/717_7.jpg,717,224,224,True,False,True
train,717_8.jpg,images/717_8.jpg,717,224,224,True,False,True
train,717_9.jpg,images/717_9.jpg,717,224,224,True,False,True
train,717_10.jpg,images/717_10.jpg,717,224,224,True,False,True
train,717_11.jpg,images/717_11.jpg,717,224,224,True,False,True
train,718_1.jpg,images/718_1.jpg,718,224,224,True,False,True
train,718_2.jpg,images/718_2.jpg,718,224,224,True,False,True
train,718_3.jpg,images/718_3.jpg,718,224,224,True,False,True
train,718_4.jpg,images/718_4.jpg,718,224,224,True,False,True
train,718_5.jpg,images/718_5.jpg,718,224,224,True,False,True
train,719_1.jpg,images/719_1.jpg,719,224,224,True,False,True
train,719_2.jpg,images/719_2.jpg,719,224,224,True,False,True
train,719_3.jpg,images/719_3.jpg,719,224,224,True,False,True
train,719_4.jpg,images/719_4.jpg,719,224,224,True,False,True
train,719_5.jpg,images/719_5.jpg,719,224,224,True,False,True
test,720_1.jpg,images/720_1.jpg,720,224,224,True,False,True
test,720_2.jpg,images/720_2.jpg,720,224,224,True,False,True
test,720_3.jpg,images/720_3.jpg,720,224,224,True,False,True
test,720_4.jpg,images/720_4.jpg,720,224,224,True,False,True
test,720_5.jpg,images/720_5.jpg,720,224,224,True,False,True
test,720_6.jpg,images/720_6.jpg,720,224,224,True,False,True
test,720_7.jpg,images/720_7.jpg,720,224,224,True,False,True
train,721_1.jpg,images/721_1.jpg,721,224,224,True,False,True
train,721_2.jpg,images/721_2.jpg,721,224,224,True,False,True
train,721_3.jpg,images/721_3.jpg,721,224,224,True,False,True
train,721_4.jpg,images/721_4.jpg,721,224,224,True,False,True
train,721_5.jpg,images/721_5.jpg,721,224,224,True,False,True
train,721_6.jpg,images/721_6.jpg,721,224,224,True,False,True
train,721_7.jpg,images/721_7.jpg,721,224,224,True,False,True
train,721_8.jpg,images/721_8.jpg,721,224,224,True,False,True
train,722_1.jpg,images/722_1.jpg,722,224,224,True,False,True
train,722_2.jpg,images/722_2.jpg,722,224,224,True,False,True
train,722_3.jpg,images/722_3.jpg,722,224,224,True,False,True
train,722_4.jpg,images/722_4.jpg,722,224,224,True,False,True
train,722_5.jpg,images/722_5.jpg,722,224,224,True,False,True
train,722_6.jpg,images/722_6.jpg,722,224,224,True,False,True
train,722_7.jpg,images/722_7.jpg,722,224,224,True,False,True
train,722_8.jpg,images/722_8.jpg,722,224,224,True,False,True
train,722_9.jpg,images/722_9.jpg,722,224,224,True,False,True
train,723_1.jpg,images/723_1.jpg,723,224,224,True,False,True
train,723_2.jpg,images/723_2.jpg,723,224,224,True,False,True
train,723_3.jpg,images/723_3.jpg,723,224,224,True,False,True
train,723_4.jpg,images/723_4.jpg,723,224,224,True,False,True
train,723_5.jpg,images/723_5.jpg,723,224,224,True,False,True
train,723_6.jpg,images/723_6.jpg,723,224,224,True,False,True
train,723_7.jpg,images/723_7.jpg,723,224,224,True,False,True
train,723_8.jpg,images/723_8.jpg,723,224,224,True,False,True
train,723_9.jpg,images/723_9.jpg,723,224,224,True,False,True
train,723_10.jpg,images/723_10.jpg,723,224,224,True,False,True
train,723_11.jpg,images/723_11.jpg,723,224,224,True,False,True
train,723_12.jpg,images/723_12.jpg,723,224,224,True,False,True
train,723_13.jpg,images/723_13.jpg,723,224,224,True,False,True
train,723_14.jpg,images/723_14.jpg,723,224,224,True,False,True
train,723_15.jpg,images/723_15.jpg,723,224,224,True,False,True
train,723_16.jpg,images/723_16.jpg,723,224,224,True,False,True
train,723_17.jpg,images/723_17.jpg,723,224,224,True,False,True
train,723_18.jpg,images/723_18.jpg,723,224,224,True,False,True
test,724_1.jpg,images/724_1.jpg,724,224,224,True,False,True
test,724_2.jpg,images/724_2.jpg,724,224,224,True,False,True
test,724_3.jpg,images/724_3.jpg,724,224,224,True,False,True
test,724_4.jpg,images/724_4.jpg,724,224,224,True,False,True
test,724_5.jpg,images/724_5.jpg,724,224,224,True,False,True
test,724_6.jpg,images/724_6.jpg,724,224,224,True,False,True
test,724_7.jpg,images/724_7.jpg,724,224,224,True,False,True
test,724_8.jpg,images/724_8.jpg,724,224,224,True,False,True
test,724_9.jpg,images/724_9.jpg,724,224,224,True,False,True
test,724_10.jpg,images/724_10.jpg,724,224,224,True,False,True
test,724_11.jpg,images/724_11.jpg,724,224,224,True,False,True
test,724_12.jpg,images/724_12.jpg,724,224,224,True,False,True
test,724_13.jpg,images/724_13.jpg,724,224,224,True,False,True
test,724_14.jpg,images/724_14.jpg,724,224,224,True,False,True
test,724_15.jpg,images/724_15.jpg,724,224,224,True,False,True
test,724_16.jpg,images/724_16.jpg,724,224,224,True,False,True
train,725_1.jpg,images/725_1.jpg,725,224,224,True,False,True
train,725_2.jpg,images/725_2.jpg,725,224,224,True,False,True
train,725_3.jpg,images/725_3.jpg,725,224,224,True,False,True
train,725_4.jpg,images/725_4.jpg,725,224,224,True,False,True
train,725_5.jpg,images/725_5.jpg,725,224,224,True,False,True
train,725_6.jpg,images/725_6.jpg,725,224,224,True,False,True
train,725_7.jpg,images/725_7.jpg,725,224,224,True,False,True
train,726_1.jpg,images/726_1.jpg,726,224,224,True,False,True
train,726_2.jpg,images/726_2.jpg,726,224,224,True,False,True
train,726_3.jpg,images/726_3.jpg,726,224,224,True,False,True
train,726_4.jpg,images/726_4.jpg,726,224,224,True,False,True
train,726_5.jpg,images/726_5.jpg,726,224,224,True,False,True
train,727_1.jpg,images/727_1.jpg,727,224,224,True,False,True
train,727_2.jpg,images/727_2.jpg,727,224,224,True,False,True
train,727_3.jpg,images/727_3.jpg,727,224,224,True,False,True
train,727_4.jpg,images/727_4.jpg,727,224,224,True,False,True
train,727_5.jpg,images/727_5.jpg,727,224,224,True,False,True
train,727_6.jpg,images/727_6.jpg,727,224,224,True,False,True
test,728_1.jpg,images/728_1.jpg,728,224,224,True,False,True
test,728_2.jpg,images/728_2.jpg,728,224,224,True,False,True
test,728_3.jpg,images/728_3.jpg,728,224,224,True,False,True
test,728_4.jpg,images/728_4.jpg,728,224,224,True,False,True
test,728_5.jpg,images/728_5.jpg,728,224,224,True,False,True
test,728_6.jpg,images/728_6.jpg,728,224,224,True,False,True
train,729_1.jpg,images/729_1.jpg,729,224,224,True,False,True
train,729_2.jpg,images/729_2.jpg,729,224,224,True,False,True
train,729_3.jpg,images/729_3.jpg,729,224,224,True,False,True
train,729_4.jpg,images/729_4.jpg,729,224,224,True,False,True
train,729_5.jpg,images/729_5.jpg,729,224,224,True,False,True
train,730_1.jpg,images/730_1.jpg,730,224,224,True,False,True
train,730_2.jpg,images/730_2.jpg,730,224,224,True,False,True
train,730_3.jpg,images/730_3.jpg,730,224,224,True,False,True
train,730_4.jpg,images/730_4.jpg,730,224,224,True,False,True
train,730_5.jpg,images/730_5.jpg,730,224,224,True,False,True
train,730_6.jpg,images/730_6.jpg,730,224,224,True,False,True
test,731_1.jpg,images/731_1.jpg,731,224,224,True,False,True
test,731_2.jpg,images/731_2.jpg,731,224,224,True,False,True
test,731_3.jpg,images/731_3.jpg,731,224,224,True,False,True
test,731_4.jpg,images/731_4.jpg,731,224,224,True,False,True
test,731_5.jpg,images/731_5.jpg,731,224,224,True,False,True
test,731_6.jpg,images/731_6.jpg,731,224,224,True,False,True
test,731_7.jpg,images/731_7.jpg,731,224,224,True,False,True
test,731_8.jpg,images/731_8.jpg,731,224,224,True,False,True
train,732_1.jpg,images/732_1.jpg,732,224,224,True,False,True
train,732_2.jpg,images/732_2.jpg,732,224,224,True,False,True
train,732_3.jpg,images/732_3.jpg,732,224,224,True,False,True
train,732_4.jpg,images/732_4.jpg,732,224,224,True,False,True
train,732_5.jpg,images/732_5.jpg,732,224,224,True,False,True
train,732_6.jpg,images/732_6.jpg,732,224,224,True,False,True
train,732_7.jpg,images/732_7.jpg,732,224,224,True,False,True
test,733_1.jpg,images/733_1.jpg,733,224,224,True,False,True
test,733_2.jpg,images/733_2.jpg,733,224,224,True,False,True
test,733_3.jpg,images/733_3.jpg,733,224,224,True,False,True
test,733_4.jpg,images/733_4.jpg,733,224,224,True,False,True
test,733_5.jpg,images/733_5.jpg,733,224,224,True,False,True
test,733_6.jpg,images/733_6.jpg,733,224,224,True,False,True
test,733_7.jpg,images/733_7.jpg,733,224,224,True,False,True
train,734_1.jpg,images/734_1.jpg,734,224,224,True,False,True
train,734_2.jpg,images/734_2.jpg,734,224,224,True,False,True
train,734_3.jpg,images/734_3.jpg,734,224,224,True,False,True
train,734_4.jpg,images/734_4.jpg,734,224,224,True,False,True
train,734_5.jpg,images/734_5.jpg,734,224,224,True,False,True
train,734_6.jpg,images/734_6.jpg,734,224,224,True,False,True
train,734_7.jpg,images/734_7.jpg,734,224,224,True,False,True
train,734_8.jpg,images/734_8.jpg,734,224,224,True,False,True
train,734_9.jpg,images/734_9.jpg,734,224,224,True,False,True
train,734_10.jpg,images/734_10.jpg,734,224,224,True,False,True
train,734_11.jpg,images/734_11.jpg,734,224,224,True,False,True
train,734_12.jpg,images/734_12.jpg,734,224,224,True,False,True
train,734_13.jpg,images/734_13.jpg,734,224,224,True,False,True
train,734_14.jpg,images/734_14.jpg,734,224,224,True,False,True
train,734_15.jpg,images/734_15.jpg,734,224,224,True,False,True
train,734_16.jpg,images/734_16.jpg,734,224,224,True,False,True
train,734_17.jpg,images/734_17.jpg,734,224,224,True,False,True
train,734_18.jpg,images/734_18.jpg,734,224,224,True,False,True
train,734_19.jpg,images/734_19.jpg,734,224,224,True,False,True
train,734_20.jpg,images/734_20.jpg,734,224,224,True,False,True
train,734_21.jpg,images/734_21.jpg,734,224,224,True,False,True
train,735_1.jpg,images/735_1.jpg,735,224,224,True,False,True
train,735_2.jpg,images/735_2.jpg,735,224,224,True,False,True
train,735_3.jpg,images/735_3.jpg,735,224,224,True,False,True
train,735_4.jpg,images/735_4.jpg,735,224,224,True,False,True
train,735_5.jpg,images/735_5.jpg,735,224,224,True,False,True
train,735_6.jpg,images/735_6.jpg,735,224,224,True,False,True
train,735_7.jpg,images/735_7.jpg,735,224,224,True,False,True
train,735_8.jpg,images/735_8.jpg,735,224,224,True,False,True
train,735_9.jpg,images/735_9.jpg,735,224,224,True,False,True
train,735_10.jpg,images/735_10.jpg,735,224,224,True,False,True
train,735_11.jpg,images/735_11.jpg,735,224,224,True,False,True
train,735_12.jpg,images/735_12.jpg,735,224,224,True,False,True
train,735_13.jpg,images/735_13.jpg,735,224,224,True,False,True
train,735_14.jpg,images/735_14.jpg,735,224,224,True,False,True
train,735_15.jpg,images/735_15.jpg,735,224,224,True,False,True
train,735_16.jpg,images/735_16.jpg,735,224,224,True,False,True
train,735_17.jpg,images/735_17.jpg,735,224,224,True,False,True
train,735_18.jpg,images/735_18.jpg,735,224,224,True,False,True
train,735_19.jpg,images/735_19.jpg,735,224,224,True,False,True
train,735_20.jpg,images/735_20.jpg,735,224,224,True,False,True
train,735_21.jpg,images/735_21.jpg,735,224,224,True,False,True
train,735_22.jpg,images/735_22.jpg,735,224,224,True,False,True
train,735_23.jpg,images/735_23.jpg,735,224,224,True,False,True
train,735_24.jpg,images/735_24.jpg,735,224,224,True,False,True
train,735_25.jpg,images/735_25.jpg,735,224,224,True,False,True
train,735_26.jpg,images/735_26.jpg,735,224,224,True,False,True
train,736_1.jpg,images/736_1.jpg,736,224,224,True,False,True
train,736_2.jpg,images/736_2.jpg,736,224,224,True,False,True
train,736_3.jpg,images/736_3.jpg,736,224,224,True,False,True
train,736_4.jpg,images/736_4.jpg,736,224,224,True,False,True
train,736_5.jpg,images/736_5.jpg,736,224,224,True,False,True
train,736_6.jpg,images/736_6.jpg,736,224,224,True,False,True
train,737_1.jpg,images/737_1.jpg,737,224,224,True,False,True
train,737_2.jpg,images/737_2.jpg,737,224,224,True,False,True
train,737_3.jpg,images/737_3.jpg,737,224,224,True,False,True
train,737_4.jpg,images/737_4.jpg,737,224,224,True,False,True
train,737_5.jpg,images/737_5.jpg,737,224,224,True,False,True
train,738_1.jpg,images/738_1.jpg,738,224,224,True,False,True
train,738_2.jpg,images/738_2.jpg,738,224,224,True,False,True
train,738_3.jpg,images/738_3.jpg,738,224,224,True,False,True
train,739_1.jpg,images/739_1.jpg,739,224,224,True,False,True
train,739_2.jpg,images/739_2.jpg,739,224,224,True,False,True
train,739_3.jpg,images/739_3.jpg,739,224,224,True,False,True
train,739_4.jpg,images/739_4.jpg,739,224,224,True,False,True
train,739_5.jpg,images/739_5.jpg,739,224,224,True,False,True
train,739_6.jpg,images/739_6.jpg,739,224,224,True,False,True
train,739_7.jpg,images/739_7.jpg,739,224,224,True,False,True
train,739_8.jpg,images/739_8.jpg,739,224,224,True,False,True
train,739_9.jpg,images/739_9.jpg,739,224,224,True,False,True
train,740_1.jpg,images/740_1.jpg,740,224,224,True,False,True
train,740_2.jpg,images/740_2.jpg,740,224,224,True,False,True
train,740_3.jpg,images/740_3.jpg,740,224,224,True,False,True
train,740_4.jpg,images/740_4.jpg,740,224,224,True,False,True
train,740_5.jpg,images/740_5.jpg,740,224,224,True,False,True
train,740_6.jpg,images/740_6.jpg,740,224,224,True,False,True
train,741_1.jpg,images/741_1.jpg,741,224,224,True,False,True
train,741_2.jpg,images/741_2.jpg,741,224,224,True,False,True
train,741_3.jpg,images/741_3.jpg,741,224,224,True,False,True
train,741_4.jpg,images/741_4.jpg,741,224,224,True,False,True
train,741_5.jpg,images/741_5.jpg,741,224,224,True,False,True
train,741_6.jpg,images/741_6.jpg,741,224,224,True,False,True
train,741_7.jpg,images/741_7.jpg,741,224,224,True,False,True
train,741_8.jpg,images/741_8.jpg,741,224,224,True,False,True
train,741_9.jpg,images/741_9.jpg,741,224,224,True,False,True
test,742_1.jpg,images/742_1.jpg,742,224,224,True,False,True
test,742_2.jpg,images/742_2.jpg,742,224,224,True,False,True
test,742_3.jpg,images/742_3.jpg,742,224,224,True,False,True
test,742_4.jpg,images/742_4.jpg,742,224,224,True,False,True
test,742_5.jpg,images/742_5.jpg,742,224,224,True,False,True
train,743_1.jpg,images/743_1.jpg,743,224,224,True,False,True
train,743_2.jpg,images/743_2.jpg,743,224,224,True,False,True
train,743_3.jpg,images/743_3.jpg,743,224,224,True,False,True
train,743_4.jpg,images/743_4.jpg,743,224,224,True,False,True
train,743_5.jpg,images/743_5.jpg,743,224,224,True,False,True
test,744_1.jpg,images/744_1.jpg,744,224,224,True,False,True
test,744_2.jpg,images/744_2.jpg,744,224,224,True,False,True
test,744_3.jpg,images/744_3.jpg,744,224,224,True,False,True
test,744_4.jpg,images/744_4.jpg,744,224,224,True,False,True
test,744_5.jpg,images/744_5.jpg,744,224,224,True,False,True
test,744_6.jpg,images/744_6.jpg,744,224,224,True,False,True
test,744_7.jpg,images/744_7.jpg,744,224,224,True,False,True
test,744_8.jpg,images/744_8.jpg,744,224,224,True,False,True
test,744_9.jpg,images/744_9.jpg,744,224,224,True,False,True
train,745_1.jpg,images/745_1.jpg,745,224,224,True,False,True
train,745_2.jpg,images/745_2.jpg,745,224,224,True,False,True
train,745_3.jpg,images/745_3.jpg,745,224,224,True,False,True
train,745_4.jpg,images/745_4.jpg,745,224,224,True,False,True
train,745_5.jpg,images/745_5.jpg,745,224,224,True,False,True
train,745_6.jpg,images/745_6.jpg,745,224,224,True,False,True
train,745_7.jpg,images/745_7.jpg,745,224,224,True,False,True
train,745_8.jpg,images/745_8.jpg,745,224,224,True,False,True
train,745_9.jpg,images/745_9.jpg,745,224,224,True,False,True
train,745_10.jpg,images/745_10.jpg,745,224,224,True,False,True
train,745_11.jpg,images/745_11.jpg,745,224,224,True,False,True
train,745_12.jpg,images/745_12.jpg,745,224,224,True,False,True
train,745_13.jpg,images/745_13.jpg,745,224,224,True,False,True
train,745_14.jpg,images/745_14.jpg,745,224,224,True,False,True
train,745_15.jpg,images/745_15.jpg,745,224,224,True,False,True
train,745_16.jpg,images/745_16.jpg,745,224,224,True,False,True
train,746_1.jpg,images/746_1.jpg,746,224,224,True,False,True
train,746_2.jpg,images/746_2.jpg,746,224,224,True,False,True
train,746_3.jpg,images/746_3.jpg,746,224,224,True,False,True
train,746_4.jpg,images/746_4.jpg,746,224,224,True,False,True
train,746_5.jpg,images/746_5.jpg,746,224,224,True,False,True
train,746_6.jpg,images/746_6.jpg,746,224,224,True,False,True
train,746_7.jpg,images/746_7.jpg,746,224,224,True,False,True
train,746_8.jpg,images/746_8.jpg,746,224,224,True,False,True
train,746_9.jpg,images/746_9.jpg,746,224,224,True,False,True
train,746_10.jpg,images/746_10.jpg,746,224,224,True,False,True
train,746_11.jpg,images/746_11.jpg,746,224,224,True,False,True
train,746_12.jpg,images/746_12.jpg,746,224,224,True,False,True
train,746_13.jpg,images/746_13.jpg,746,224,224,True,False,True
train,746_14.jpg,images/746_14.jpg,746,224,224,True,False,True
train,746_15.jpg,images/746_15.jpg,746,224,224,True,False,True
train,747_1.jpg,images/747_1.jpg,747,224,224,True,False,True
train,747_2.jpg,images/747_2.jpg,747,224,224,True,False,True
train,747_3.jpg,images/747_3.jpg,747,224,224,True,False,True
train,747_4.jpg,images/747_4.jpg,747,224,224,True,False,True
train,747_5.jpg,images/747_5.jpg,747,224,224,True,False,True
train,747_6.jpg,images/747_6.jpg,747,224,224,True,False,True
test,748_1.jpg,images/748_1.jpg,748,224,224,True,False,True
test,748_2.jpg,images/748_2.jpg,748,224,224,True,False,True
test,748_3.jpg,images/748_3.jpg,748,224,224,True,False,True
test,748_4.jpg,images/748_4.jpg,748,224,224,True,False,True
test,748_5.jpg,images/748_5.jpg,748,224,224,True,False,True
test,748_6.jpg,images/748_6.jpg,748,224,224,True,False,True
test,748_7.jpg,images/748_7.jpg,748,224,224,True,False,True
test,748_8.jpg,images/748_8.jpg,748,224,224,True,False,True
test,748_9.jpg,images/748_9.jpg,748,224,224,True,False,True
test,748_10.jpg,images/748_10.jpg,748,224,224,True,False,True
test,748_11.jpg,images/748_11.jpg,748,224,224,True,False,True
test,748_12.jpg,images/748_12.jpg,748,224,224,True,False,True
test,748_13.jpg,images/748_13.jpg,748,224,224,True,False,True
test,748_14.jpg,images/748_14.jpg,748,224,224,True,False,True
train,749_1.jpg,images/749_1.jpg,749,224,224,True,False,True
train,749_2.jpg,images/749_2.jpg,749,224,224,True,False,True
train,749_3.jpg,images/749_3.jpg,749,224,224,True,False,True
train,749_4.jpg,images/749_4.jpg,749,224,224,True,False,True
train,749_5.jpg,images/749_5.jpg,749,224,224,True,False,True
train,749_6.jpg,images/749_6.jpg,749,224,224,True,False,True
test,750_1.jpg,images/750_1.jpg,750,224,224,True,False,True
test,750_2.jpg,images/750_2.jpg,750,224,224,True,False,True
test,750_3.jpg,images/750_3.jpg,750,224,224,True,False,True
test,750_4.jpg,images/750_4.jpg,750,224,224,True,False,True
test,750_5.jpg,images/750_5.jpg,750,224,224,True,False,True
test,750_6.jpg,images/750_6.jpg,750,224,224,True,False,True
test,750_7.jpg,images/750_7.jpg,750,224,224,True,False,True
test,750_8.jpg,images/750_8.jpg,750,224,224,True,False,True
train,751_1.jpg,images/751_1.jpg,751,224,224,True,False,True
train,751_2.jpg,images/751_2.jpg,751,224,224,True,False,True
train,751_3.jpg,images/751_3.jpg,751,224,224,True,False,True
train,751_4.jpg,images/751_4.jpg,751,224,224,True,False,True
train,751_5.jpg,images/751_5.jpg,751,224,224,True,False,True
train,751_6.jpg,images/751_6.jpg,751,224,224,True,False,True
train,752_1.jpg,images/752_1.jpg,752,224,224,True,False,True
train,752_2.jpg,images/752_2.jpg,752,224,224,True,False,True
train,752_3.jpg,images/752_3.jpg,752,224,224,True,False,True
train,752_4.jpg,images/752_4.jpg,752,224,224,True,False,True
train,752_5.jpg,images/752_5.jpg,752,224,224,True,False,True
train,752_6.jpg,images/752_6.jpg,752,224,224,True,False,True
train,753_1.jpg,images/753_1.jpg,753,224,224,True,False,True
train,753_2.jpg,images/753_2.jpg,753,224,224,True,False,True
train,753_3.jpg,images/753_3.jpg,753,224,224,True,False,True
train,753_4.jpg,images/753_4.jpg,753,224,224,True,False,True
train,753_5.jpg,images/753_5.jpg,753,224,224,True,False,True
train,753_6.jpg,images/753_6.jpg,753,224,224,True,False,True
train,753_7.jpg,images/753_7.jpg,753,224,224,True,False,True
train,753_8.jpg,images/753_8.jpg,753,224,224,True,False,True
train,753_9.jpg,images/753_9.jpg,753,224,224,True,False,True
train,753_10.jpg,images/753_10.jpg,753,224,224,True,False,True
train,753_11.jpg,images/753_11.jpg,753,224,224,True,False,True
train,753_12.jpg,images/753_12.jpg,753,224,224,True,False,True
train,753_13.jpg,images/753_13.jpg,753,224,224,True,False,True
train,754_1.jpg,images/754_1.jpg,754,224,224,True,False,True
train,754_2.jpg,images/754_2.jpg,754,224,224,True,False,True
train,754_3.jpg,images/754_3.jpg,754,224,224,True,False,True
train,754_4.jpg,images/754_4.jpg,754,224,224,True,False,True
train,754_5.jpg,images/754_5.jpg,754,224,224,True,False,True
train,754_6.jpg,images/754_6.jpg,754,224,224,True,False,True
train,754_7.jpg,images/754_7.jpg,754,224,224,True,False,True
train,754_8.jpg,images/754_8.jpg,754,224,224,True,False,True
test,755_1.jpg,images/755_1.jpg,755,224,224,True,False,True
test,755_2.jpg,images/755_2.jpg,755,224,224,True,False,True
test,755_3.jpg,images/755_3.jpg,755,224,224,True,False,True
test,755_4.jpg,images/755_4.jpg,755,224,224,True,False,True
test,755_5.jpg,images/755_5.jpg,755,224,224,True,False,True
train,756_1.jpg,images/756_1.jpg,756,224,224,True,False,True
train,756_2.jpg,images/756_2.jpg,756,224,224,True,False,True
train,756_3.jpg,images/756_3.jpg,756,224,224,True,False,True
train,756_4.jpg,images/756_4.jpg,756,224,224,True,False,True
train,756_5.jpg,images/756_5.jpg,756,224,224,True,False,True
train,757_1.jpg,images/757_1.jpg,757,224,224,True,False,True
train,757_2.jpg,images/757_2.jpg,757,224,224,True,False,True
train,757_3.jpg,images/757_3.jpg,757,224,224,True,False,True
train,757_4.jpg,images/757_4.jpg,757,224,224,True,False,True
train,757_5.jpg,images/757_5.jpg,757,224,224,True,False,True
train,757_6.jpg,images/757_6.jpg,757,224,224,True,False,True
train,757_7.jpg,images/757_7.jpg,757,224,224,True,False,True
train,757_8.jpg,images/757_8.jpg,757,224,224,True,False,True
train,758_1.jpg,images/758_1.jpg,758,224,224,True,False,True
train,758_2.jpg,images/758_2.jpg,758,224,224,True,False,True
train,758_3.jpg,images/758_3.jpg,758,224,224,True,False,True
train,758_4.jpg,images/758_4.jpg,758,224,224,True,False,True
train,758_5.jpg,images/758_5.jpg,758,224,224,True,False,True
train,758_6.jpg,images/758_6.jpg,758,224,224,True,False,True
train,759_1.jpg,images/759_1.jpg,759,224,224,True,False,True
train,759_2.jpg,images/759_2.jpg,759,224,224,True,False,True
train,759_3.jpg,images/759_3.jpg,759,224,224,True,False,True
train,759_4.jpg,images/759_4.jpg,759,224,224,True,False,True
train,759_5.jpg,images/759_5.jpg,759,224,224,True,False,True
train,759_6.jpg,images/759_6.jpg,759,224,224,True,False,True
train,760_1.jpg,images/760_1.jpg,760,224,224,True,False,True
train,760_2.jpg,images/760_2.jpg,760,224,224,True,False,True
train,760_3.jpg,images/760_3.jpg,760,224,224,True,False,True
train,760_4.jpg,images/760_4.jpg,760,224,224,True,False,True
train,760_5.jpg,images/760_5.jpg,760,224,224,True,False,True
train,761_1.jpg,images/761_1.jpg,761,224,224,True,False,True
train,761_2.jpg,images/761_2.jpg,761,224,224,True,False,True
train,761_3.jpg,images/761_3.jpg,761,224,224,True,False,True
train,761_4.jpg,images/761_4.jpg,761,224,224,True,False,True
train,761_5.jpg,images/761_5.jpg,761,224,224,True,False,True
train,761_6.jpg,images/761_6.jpg,761,224,224,True,False,True
train,761_7.jpg,images/761_7.jpg,761,224,224,True,False,True
train,762_1.jpg,images/762_1.jpg,762,224,224,True,False,True
train,762_2.jpg,images/762_2.jpg,762,224,224,True,False,True
train,762_3.jpg,images/762_3.jpg,762,224,224,True,False,True
train,762_4.jpg,images/762_4.jpg,762,224,224,True,False,True
train,762_5.jpg,images/762_5.jpg,762,224,224,True,False,True
test,763_1.jpg,images/763_1.jpg,763,224,224,True,False,True
test,763_2.jpg,images/763_2.jpg,763,224,224,True,False,True
test,763_3.jpg,images/763_3.jpg,763,224,224,True,False,True
test,763_4.jpg,images/763_4.jpg,763,224,224,True,False,True
test,763_5.jpg,images/763_5.jpg,763,224,224,True,False,True
test,763_6.jpg,images/763_6.jpg,763,224,224,True,False,True
test,763_7.jpg,images/763_7.jpg,763,224,224,True,False,True
train,764_1.jpg,images/764_1.jpg,764,224,224,True,False,True
train,764_2.jpg,images/764_2.jpg,764,224,224,True,False,True
train,764_3.jpg,images/764_3.jpg,764,224,224,True,False,True
train,764_4.jpg,images/764_4.jpg,764,224,224,True,False,True
train,764_5.jpg,images/764_5.jpg,764,224,224,True,False,True
train,764_6.jpg,images/764_6.jpg,764,224,224,True,False,True
train,765_1.jpg,images/765_1.jpg,765,224,224,True,False,True
train,765_2.jpg,images/765_2.jpg,765,224,224,True,False,True
train,765_3.jpg,images/765_3.jpg,765,224,224,True,False,True
train,765_4.jpg,images/765_4.jpg,765,224,224,True,False,True
train,765_5.jpg,images/765_5.jpg,765,224,224,True,False,True
train,766_1.jpg,images/766_1.jpg,766,224,224,True,False,True
train,766_2.jpg,images/766_2.jpg,766,224,224,True,False,True
train,766_3.jpg,images/766_3.jpg,766,224,224,True,False,True
train,766_4.jpg,images/766_4.jpg,766,224,224,True,False,True
train,766_5.jpg,images/766_5.jpg,766,224,224,True,False,True
train,766_6.jpg,images/766_6.jpg,766,224,224,True,False,True
train,766_7.jpg,images/766_7.jpg,766,224,224,True,False,True
train,766_8.jpg,images/766_8.jpg,766,224,224,True,False,True
train,767_1.jpg,images/767_1.jpg,767,224,224,True,False,True
train,767_2.jpg,images/767_2.jpg,767,224,224,True,False,True
train,767_3.jpg,images/767_3.jpg,767,224,224,True,False,True
train,767_4.jpg,images/767_4.jpg,767,224,224,True,False,True
train,767_5.jpg,images/767_5.jpg,767,224,224,True,False,True
train,767_6.jpg,images/767_6.jpg,767,224,224,True,False,True
train,767_7.jpg,images/767_7.jpg,767,224,224,True,False,True
train,767_8.jpg,images/767_8.jpg,767,224,224,True,False,True
train,767_9.jpg,images/767_9.jpg,767,224,224,True,False,True
train,767_10.jpg,images/767_10.jpg,767,224,224,True,False,True
train,767_11.jpg,images/767_11.jpg,767,224,224,True,False,True
train,767_12.jpg,images/767_12.jpg,767,224,224,True,False,True
train,767_13.jpg,images/767_13.jpg,767,224,224,True,False,True
train,767_14.jpg,images/767_14.jpg,767,224,224,True,False,True
train,767_15.jpg,images/767_15.jpg,767,224,224,True,False,True
train,767_16.jpg,images/767_16.jpg,767,224,224,True,False,True
train,767_17.jpg,images/767_17.jpg,767,224,224,True,False,True
train,767_18.jpg,images/767_18.jpg,767,224,224,True,False,True
train,768_1.jpg,images/768_1.jpg,768,224,224,True,False,True
train,768_2.jpg,images/768_2.jpg,768,224,224,True,False,True
train,768_3.jpg,images/768_3.jpg,768,224,224,True,False,True
train,768_4.jpg,images/768_4.jpg,768,224,224,True,False,True
train,768_5.jpg,images/768_5.jpg,768,224,224,True,False,True
train,768_6.jpg,images/768_6.jpg,768,224,224,True,False,True
train,768_7.jpg,images/768_7.jpg,768,224,224,True,False,True
train,768_8.jpg,images/768_8.jpg,768,224,224,True,False,True
train,768_9.jpg,images/768_9.jpg,768,224,224,True,False,True
train,768_10.jpg,images/768_10.jpg,768,224,224,True,False,True
train,769_1.jpg,images/769_1.jpg,769,224,224,True,False,True
train,769_2.jpg,images/769_2.jpg,769,224,224,True,False,True
train,769_3.jpg,images/769_3.jpg,769,224,224,True,False,True
train,769_4.jpg,images/769_4.jpg,769,224,224,True,False,True
train,769_5.jpg,images/769_5.jpg,769,224,224,True,False,True
train,769_6.jpg,images/769_6.jpg,769,224,224,True,False,True
train,769_7.jpg,images/769_7.jpg,769,224,224,True,False,True
train,769_8.jpg,images/769_8.jpg,769,224,224,True,False,True
train,769_9.jpg,images/769_9.jpg,769,224,224,True,False,True
train,769_10.jpg,images/769_10.jpg,769,224,224,True,False,True
train,769_11.jpg,images/769_11.jpg,769,224,224,True,False,True
train,769_12.jpg,images/769_12.jpg,769,224,224,True,False,True
train,769_13.jpg,images/769_13.jpg,769,224,224,True,False,True
train,769_14.jpg,images/769_14.jpg,769,224,224,True,False,True
train,769_15.jpg,images/769_15.jpg,769,224,224,True,False,True
test,770_1.jpg,images/770_1.jpg,770,224,224,True,False,True
test,770_2.jpg,images/770_2.jpg,770,224,224,True,False,True
test,770_3.jpg,images/770_3.jpg,770,224,224,True,False,True
test,770_4.jpg,images/770_4.jpg,770,224,224,True,False,True
test,770_5.jpg,images/770_5.jpg,770,224,224,True,False,True
test,770_6.jpg,images/770_6.jpg,770,224,224,True,False,True
test,770_7.jpg,images/770_7.jpg,770,224,224,True,False,True
train,771_1.jpg,images/771_1.jpg,771,224,224,True,False,True
train,771_2.jpg,images/771_2.jpg,771,224,224,True,False,True
train,771_3.jpg,images/771_3.jpg,771,224,224,True,False,True
train,771_4.jpg,images/771_4.jpg,771,224,224,True,False,True
train,771_5.jpg,images/771_5.jpg,771,224,224,True,False,True
train,771_6.jpg,images/771_6.jpg,771,224,224,True,False,True
train,771_7.jpg,images/771_7.jpg,771,224,224,True,False,True
train,772_1.jpg,images/772_1.jpg,772,224,224,True,False,True
train,772_2.jpg,images/772_2.jpg,772,224,224,True,False,True
train,772_3.jpg,images/772_3.jpg,772,224,224,True,False,True
train,772_4.jpg,images/772_4.jpg,772,224,224,True,False,True
train,772_5.jpg,images/772_5.jpg,772,224,224,True,False,True
train,772_6.jpg,images/772_6.jpg,772,224,224,True,False,True
train,772_7.jpg,images/772_7.jpg,772,224,224,True,False,True
train,772_8.jpg,images/772_8.jpg,772,224,224,True,False,True
train,772_9.jpg,images/772_9.jpg,772,224,224,True,False,True
train,772_10.jpg,images/772_10.jpg,772,224,224,True,False,True
train,773_1.jpg,images/773_1.jpg,773,224,224,True,False,True
train,773_2.jpg,images/773_2.jpg,773,224,224,True,False,True
train,773_3.jpg,images/773_3.jpg,773,224,224,True,False,True
train,773_4.jpg,images/773_4.jpg,773,224,224,True,False,True
train,773_5.jpg,images/773_5.jpg,773,224,224,True,False,True
train,774_1.jpg,images/774_1.jpg,774,224,224,True,False,True
train,774_2.jpg,images/774_2.jpg,774,224,224,True,False,True
train,774_3.jpg,images/774_3.jpg,774,224,224,True,False,True
train,774_4.jpg,images/774_4.jpg,774,224,224,True,False,True
train,774_5.jpg,images/774_5.jpg,774,224,224,True,False,True
train,774_6.jpg,images/774_6.jpg,774,224,224,True,False,True
train,774_7.jpg,images/774_7.jpg,774,224,224,True,False,True
train,774_8.jpg,images/774_8.jpg,774,224,224,True,False,True
train,774_9.jpg,images/774_9.jpg,774,224,224,True,False,True
train,774_10.jpg,images/774_10.jpg,774,224,224,True,False,True
train,774_11.jpg,images/774_11.jpg,774,224,224,True,False,True
train,774_12.jpg,images/774_12.jpg,774,224,224,True,False,True
train,774_13.jpg,images/774_13.jpg,774,224,224,True,False,True
train,774_14.jpg,images/774_14.jpg,774,224,224,True,False,True
train,775_1.jpg,images/775_1.jpg,775,224,224,True,False,True
train,775_2.jpg,images/775_2.jpg,775,224,224,True,False,True
train,775_3.jpg,images/775_3.jpg,775,224,224,True,False,True
train,775_4.jpg,images/775_4.jpg,775,224,224,True,False,True
train,775_5.jpg,images/775_5.jpg,775,224,224,True,False,True
train,776_1.jpg,images/776_1.jpg,776,224,224,True,False,True
train,776_2.jpg,images/776_2.jpg,776,224,224,True,False,True
train,776_3.jpg,images/776_3.jpg,776,224,224,True,False,True
train,777_1.jpg,images/777_1.jpg,777,224,224,True,False,True
train,777_2.jpg,images/777_2.jpg,777,224,224,True,False,True
train,777_3.jpg,images/777_3.jpg,777,224,224,True,False,True
train,777_4.jpg,images/777_4.jpg,777,224,224,True,False,True
train,777_5.jpg,images/777_5.jpg,777,224,224,True,False,True
train,777_6.jpg,images/777_6.jpg,777,224,224,True,False,True
train,778_1.jpg,images/778_1.jpg,778,224,224,True,False,True
train,778_2.jpg,images/778_2.jpg,778,224,224,True,False,True
train,778_3.jpg,images/778_3.jpg,778,224,224,True,False,True
train,778_4.jpg,images/778_4.jpg,778,224,224,True,False,True
train,778_5.jpg,images/778_5.jpg,778,224,224,True,False,True
train,778_6.jpg,images/778_6.jpg,778,224,224,True,False,True
train,778_7.jpg,images/778_7.jpg,778,224,224,True,False,True
train,779_1.jpg,images/779_1.jpg,779,224,224,True,False,True
train,779_2.jpg,images/779_2.jpg,779,224,224,True,False,True
train,779_3.jpg,images/779_3.jpg,779,224,224,True,False,True
train,779_4.jpg,images/779_4.jpg,779,224,224,True,False,True
train,779_5.jpg,images/779_5.jpg,779,224,224,True,False,True
train,779_6.jpg,images/779_6.jpg,779,224,224,True,False,True
test,780_1.jpg,images/780_1.jpg,780,224,224,True,False,True
test,780_2.jpg,images/780_2.jpg,780,224,224,True,False,True
test,780_3.jpg,images/780_3.jpg,780,224,224,True,False,True
test,780_4.jpg,images/780_4.jpg,780,224,224,True,False,True
test,780_5.jpg,images/780_5.jpg,780,224,224,True,False,True
test,780_6.jpg,images/780_6.jpg,780,224,224,True,False,True
test,780_7.jpg,images/780_7.jpg,780,224,224,True,False,True
train,781_1.jpg,images/781_1.jpg,781,224,224,True,False,True
train,781_2.jpg,images/781_2.jpg,781,224,224,True,False,True
train,781_3.jpg,images/781_3.jpg,781,224,224,True,False,True
train,781_4.jpg,images/781_4.jpg,781,224,224,True,False,True
train,781_5.jpg,images/781_5.jpg,781,224,224,True,False,True
train,781_6.jpg,images/781_6.jpg,781,224,224,True,False,True
train,781_7.jpg,images/781_7.jpg,781,224,224,True,False,True
train,781_8.jpg,images/781_8.jpg,781,224,224,True,False,True
train,781_9.jpg,images/781_9.jpg,781,224,224,True,False,True
train,781_10.jpg,images/781_10.jpg,781,224,224,True,False,True
train,781_11.jpg,images/781_11.jpg,781,224,224,True,False,True
train,781_12.jpg,images/781_12.jpg,781,224,224,True,False,True
train,781_13.jpg,images/781_13.jpg,781,224,224,True,False,True
train,781_14.jpg,images/781_14.jpg,781,224,224,True,False,True
train,781_15.jpg,images/781_15.jpg,781,224,224,True,False,True
train,781_16.jpg,images/781_16.jpg,781,224,224,True,False,True
train,781_17.jpg,images/781_17.jpg,781,224,224,True,False,True
train,781_18.jpg,images/781_18.jpg,781,224,224,True,False,True
train,781_19.jpg,images/781_19.jpg,781,224,224,True,False,True
train,781_20.jpg,images/781_20.jpg,781,224,224,True,False,True
test,782_1.jpg,images/782_1.jpg,782,224,224,True,False,True
test,782_2.jpg,images/782_2.jpg,782,224,224,True,False,True
train,783_1.jpg,images/783_1.jpg,783,224,224,True,False,True
train,783_2.jpg,images/783_2.jpg,783,224,224,True,False,True
train,783_3.jpg,images/783_3.jpg,783,224,224,True,False,True
train,783_4.jpg,images/783_4.jpg,783,224,224,True,False,True
train,783_5.jpg,images/783_5.jpg,783,224,224,True,False,True
train,783_6.jpg,images/783_6.jpg,783,224,224,True,False,True
test,784_1.jpg,images/784_1.jpg,784,224,224,True,False,True
test,784_2.jpg,images/784_2.jpg,784,224,224,True,False,True
test,784_3.jpg,images/784_3.jpg,784,224,224,True,False,True
test,784_4.jpg,images/784_4.jpg,784,224,224,True,False,True
test,784_5.jpg,images/784_5.jpg,784,224,224,True,False,True
test,784_6.jpg,images/784_6.jpg,784,224,224,True,False,True
test,784_7.jpg,images/784_7.jpg,784,224,224,True,False,True
test,784_8.jpg,images/784_8.jpg,784,224,224,True,False,True
train,785_1.jpg,images/785_1.jpg,785,224,224,True,False,True
train,785_2.jpg,images/785_2.jpg,785,224,224,True,False,True
train,785_3.jpg,images/785_3.jpg,785,224,224,True,False,True
train,786_1.jpg,images/786_1.jpg,786,224,224,True,False,True
train,786_2.jpg,images/786_2.jpg,786,224,224,True,False,True
train,786_3.jpg,images/786_3.jpg,786,224,224,True,False,True
train,786_4.jpg,images/786_4.jpg,786,224,224,True,False,True
train,786_5.jpg,images/786_5.jpg,786,224,224,True,False,True
train,786_6.jpg,images/786_6.jpg,786,224,224,True,False,True
train,786_7.jpg,images/786_7.jpg,786,224,224,True,False,True
train,786_8.jpg,images/786_8.jpg,786,224,224,True,False,True
train,787_1.jpg,images/787_1.jpg,787,224,224,True,False,True
train,787_2.jpg,images/787_2.jpg,787,224,224,True,False,True
train,787_3.jpg,images/787_3.jpg,787,224,224,True,False,True
train,787_4.jpg,images/787_4.jpg,787,224,224,True,False,True
train,787_5.jpg,images/787_5.jpg,787,224,224,True,False,True
train,787_6.jpg,images/787_6.jpg,787,224,224,True,False,True
train,787_7.jpg,images/787_7.jpg,787,224,224,True,False,True
train,787_8.jpg,images/787_8.jpg,787,224,224,True,False,True
train,787_9.jpg,images/787_9.jpg,787,224,224,True,False,True
train,787_10.jpg,images/787_10.jpg,787,224,224,True,False,True
train,787_11.jpg,images/787_11.jpg,787,224,224,True,False,True
train,787_12.jpg,images/787_12.jpg,787,224,224,True,False,True
train,787_13.jpg,images/787_13.jpg,787,224,224,True,False,True
train,787_14.jpg,images/787_14.jpg,787,224,224,True,False,True
train,787_15.jpg,images/787_15.jpg,787,224,224,True,False,True
train,787_16.jpg,images/787_16.jpg,787,224,224,True,False,True
train,787_17.jpg,images/787_17.jpg,787,224,224,True,False,True
train,787_18.jpg,images/787_18.jpg,787,224,224,True,False,True
train,787_19.jpg,images/787_19.jpg,787,224,224,True,False,True
train,787_20.jpg,images/787_20.jpg,787,224,224,True,False,True
train,787_21.jpg,images/787_21.jpg,787,224,224,True,False,True
train,788_1.jpg,images/788_1.jpg,788,224,224,True,False,True
train,788_2.jpg,images/788_2.jpg,788,224,224,True,False,True
train,788_3.jpg,images/788_3.jpg,788,224,224,True,False,True
train,788_4.jpg,images/788_4.jpg,788,224,224,True,False,True
train,788_5.jpg,images/788_5.jpg,788,224,224,True,False,True
train,788_6.jpg,images/788_6.jpg,788,224,224,True,False,True
train,788_7.jpg,images/788_7.jpg,788,224,224,True,False,True
train,788_8.jpg,images/788_8.jpg,788,224,224,True,False,True
train,788_9.jpg,images/788_9.jpg,788,224,224,True,False,True
train,788_10.jpg,images/788_10.jpg,788,224,224,True,False,True
train,788_11.jpg,images/788_11.jpg,788,224,224,True,False,True
test,789_1.jpg,images/789_1.jpg,789,224,224,True,False,True
test,789_2.jpg,images/789_2.jpg,789,224,224,True,False,True
test,789_3.jpg,images/789_3.jpg,789,224,224,True,False,True
test,790_1.jpg,images/790_1.jpg,790,224,224,True,False,True
test,790_2.jpg,images/790_2.jpg,790,224,224,True,False,True
test,790_3.jpg,images/790_3.jpg,790,224,224,True,False,True
test,790_4.jpg,images/790_4.jpg,790,224,224,True,False,True
test,790_5.jpg,images/790_5.jpg,790,224,224,True,False,True
test,790_6.jpg,images/790_6.jpg,790,224,224,True,False,True
test,790_7.jpg,images/790_7.jpg,790,224,224,True,False,True
test,790_8.jpg,images/790_8.jpg,790,224,224,True,False,True
test,790_9.jpg,images/790_9.jpg,790,224,224,True,False,True
test,790_10.jpg,images/790_10.jpg,790,224,224,True,False,True
test,790_11.jpg,images/790_11.jpg,790,224,224,True,False,True
test,790_12.jpg,images/790_12.jpg,790,224,224,True,False,True
train,791_1.jpg,images/791_1.jpg,791,224,224,True,False,True
train,791_2.jpg,images/791_2.jpg,791,224,224,True,False,True
train,791_3.jpg,images/791_3.jpg,791,224,224,True,False,True
train,791_4.jpg,images/791_4.jpg,791,224,224,True,False,True
train,791_5.jpg,images/791_5.jpg,791,224,224,True,False,True
train,791_6.jpg,images/791_6.jpg,791,224,224,True,False,True
train,791_7.jpg,images/791_7.jpg,791,224,224,True,False,True
train,791_8.jpg,images/791_8.jpg,791,224,224,True,False,True
train,791_9.jpg,images/791_9.jpg,791,224,224,True,False,True
train,791_10.jpg,images/791_10.jpg,791,224,224,True,False,True
train,791_11.jpg,images/791_11.jpg,791,224,224,True,False,True
train,791_12.jpg,images/791_12.jpg,791,224,224,True,False,True
train,791_13.jpg,images/791_13.jpg,791,224,224,True,False,True
train,791_14.jpg,images/791_14.jpg,791,224,224,True,False,True
train,791_15.jpg,images/791_15.jpg,791,224,224,True,False,True
train,791_16.jpg,images/791_16.jpg,791,224,224,True,False,True
train,791_17.jpg,images/791_17.jpg,791,224,224,True,False,True
train,791_18.jpg,images/791_18.jpg,791,224,224,True,False,True
train,791_19.jpg,images/791_19.jpg,791,224,224,True,False,True
train,791_20.jpg,images/791_20.jpg,791,224,224,True,False,True
train,791_21.jpg,images/791_21.jpg,791,224,224,True,False,True
train,791_22.jpg,images/791_22.jpg,791,224,224,True,False,True
train,791_23.jpg,images/791_23.jpg,791,224,224,True,False,True
train,792_1.jpg,images/792_1.jpg,792,224,224,True,False,True
train,792_2.jpg,images/792_2.jpg,792,224,224,True,False,True
train,792_3.jpg,images/792_3.jpg,792,224,224,True,False,True
train,793_1.jpg,images/793_1.jpg,793,224,224,True,False,True
train,793_2.jpg,images/793_2.jpg,793,224,224,True,False,True
train,793_3.jpg,images/793_3.jpg,793,224,224,True,False,True
train,793_4.jpg,images/793_4.jpg,793,224,224,True,False,True
train,794_1.jpg,images/794_1.jpg,794,224,224,True,False,True
train,794_2.jpg,images/794_2.jpg,794,224,224,True,False,True
train,794_3.jpg,images/794_3.jpg,794,224,224,True,False,True
train,794_4.jpg,images/794_4.jpg,794,224,224,True,False,True
train,794_5.jpg,images/794_5.jpg,794,224,224,True,False,True
train,794_6.jpg,images/794_6.jpg,794,224,224,True,False,True
train,794_7.jpg,images/794_7.jpg,794,224,224,True,False,True
train,794_8.jpg,images/794_8.jpg,794,224,224,True,False,True
train,794_9.jpg,images/794_9.jpg,794,224,224,True,False,True
train,794_10.jpg,images/794_10.jpg,794,224,224,True,False,True
train,794_11.jpg,images/794_11.jpg,794,224,224,True,False,True
train,794_12.jpg,images/794_12.jpg,794,224,224,True,False,True
train,794_13.jpg,images/794_13.jpg,794,224,224,True,False,True
train,795_1.jpg,images/795_1.jpg,795,224,224,True,False,True
train,795_2.jpg,images/795_2.jpg,795,224,224,True,False,True
train,795_3.jpg,images/795_3.jpg,795,224,224,True,False,True
train,795_4.jpg,images/795_4.jpg,795,224,224,True,False,True
train,795_5.jpg,images/795_5.jpg,795,224,224,True,False,True
train,795_6.jpg,images/795_6.jpg,795,224,224,True,False,True
train,795_7.jpg,images/795_7.jpg,795,224,224,True,False,True
train,796_1.jpg,images/796_1.jpg,796,224,224,True,False,True
train,796_2.jpg,images/796_2.jpg,796,224,224,True,False,True
train,796_3.jpg,images/796_3.jpg,796,224,224,True,False,True
train,796_4.jpg,images/796_4.jpg,796,224,224,True,False,True
train,796_5.jpg,images/796_5.jpg,796,224,224,True,False,True
train,796_6.jpg,images/796_6.jpg,796,224,224,True,False,True
train,796_7.jpg,images/796_7.jpg,796,224,224,True,False,True
train,796_8.jpg,images/796_8.jpg,796,224,224,True,False,True
train,796_9.jpg,images/796_9.jpg,796,224,224,True,False,True
train,796_10.jpg,images/796_10.jpg,796,224,224,True,False,True
train,796_11.jpg,images/796_11.jpg,796,224,224,True,False,True
train,796_12.jpg,images/796_12.jpg,796,224,224,True,False,True
train,796_13.jpg,images/796_13.jpg,796,224,224,True,False,True
train,796_14.jpg,images/796_14.jpg,796,224,224,True,False,True
train,796_15.jpg,images/796_15.jpg,796,224,224,True,False,True
train,796_16.jpg,images/796_16.jpg,796,224,224,True,False,True
train,796_17.jpg,images/796_17.jpg,796,224,224,True,False,True
train,796_18.jpg,images/796_18.jpg,796,224,224,True,False,True
train,796_19.jpg,images/796_19.jpg,796,224,224,True,False,True
train,796_20.jpg,images/796_20.jpg,796,224,224,True,False,True
train,796_21.jpg,images/796_21.jpg,796,224,224,True,False,True
train,797_1.jpg,images/797_1.jpg,797,224,224,True,False,True
train,797_2.jpg,images/797_2.jpg,797,224,224,True,False,True
train,797_3.jpg,images/797_3.jpg,797,224,224,True,False,True
train,797_4.jpg,images/797_4.jpg,797,224,224,True,False,True
train,797_5.jpg,images/797_5.jpg,797,224,224,True,False,True
train,797_6.jpg,images/797_6.jpg,797,224,224,True,False,True
train,797_7.jpg,images/797_7.jpg,797,224,224,True,False,True
train,797_8.jpg,images/797_8.jpg,797,224,224,True,False,True
train,797_9.jpg,images/797_9.jpg,797,224,224,True,False,True
train,797_10.jpg,images/797_10.jpg,797,224,224,True,False,True
train,798_1.jpg,images/798_1.jpg,798,224,224,True,False,True
train,798_2.jpg,images/798_2.jpg,798,224,224,True,False,True
train,798_3.jpg,images/798_3.jpg,798,224,224,True,False,True
train,799_1.jpg,images/799_1.jpg,799,224,224,True,False,True
train,799_2.jpg,images/799_2.jpg,799,224,224,True,False,True
train,799_3.jpg,images/799_3.jpg,799,224,224,True,False,True
train,799_4.jpg,images/799_4.jpg,799,224,224,True,False,True
train,799_5.jpg,images/799_5.jpg,799,224,224,True,False,True
train,800_1.jpg,images/800_1.jpg,800,224,224,True,False,True
train,800_2.jpg,images/800_2.jpg,800,224,224,True,False,True
train,800_3.jpg,images/800_3.jpg,800,224,224,True,False,True
train,801_1.jpg,images/801_1.jpg,801,224,224,True,False,True
train,801_2.jpg,images/801_2.jpg,801,224,224,True,False,True
train,801_3.jpg,images/801_3.jpg,801,224,224,True,False,True
train,801_4.jpg,images/801_4.jpg,801,224,224,True,False,True
train,801_5.jpg,images/801_5.jpg,801,224,224,True,False,True
train,802_1.jpg,images/802_1.jpg,802,224,224,True,False,True
train,802_2.jpg,images/802_2.jpg,802,224,224,True,False,True
train,802_3.jpg,images/802_3.jpg,802,224,224,True,False,True
train,802_4.jpg,images/802_4.jpg,802,224,224,True,False,True
train,802_5.jpg,images/802_5.jpg,802,224,224,True,False,True
train,802_6.jpg,images/802_6.jpg,802,224,224,True,False,True
train,802_7.jpg,images/802_7.jpg,802,224,224,True,False,True
train,802_8.jpg,images/802_8.jpg,802,224,224,True,False,True
train,802_9.jpg,images/802_9.jpg,802,224,224,True,False,True
train,802_10.jpg,images/802_10.jpg,802,224,224,True,False,True
train,802_11.jpg,images/802_11.jpg,802,224,224,True,False,True
train,802_12.jpg,images/802_12.jpg,802,224,224,True,False,True
train,802_13.jpg,images/802_13.jpg,802,224,224,True,False,True
train,802_14.jpg,images/802_14.jpg,802,224,224,True,False,True
train,802_15.jpg,images/802_15.jpg,802,224,224,True,False,True
train,802_16.jpg,images/802_16.jpg,802,224,224,True,False,True
train,802_17.jpg,images/802_17.jpg,802,224,224,True,False,True
train,802_18.jpg,images/802_18.jpg,802,224,224,True,False,True
train,802_19.jpg,images/802_19.jpg,802,224,224,True,False,True
train,802_20.jpg,images/802_20.jpg,802,224,224,True,False,True
train,802_21.jpg,images/802_21.jpg,802,224,224,True,False,True
train,802_22.jpg,images/802_22.jpg,802,224,224,True,False,True
train,802_23.jpg,images/802_23.jpg,802,224,224,True,False,True
train,802_24.jpg,images/802_24.jpg,802,224,224,True,False,True
train,802_25.jpg,images/802_25.jpg,802,224,224,True,False,True
train,802_26.jpg,images/802_26.jpg,802,224,224,True,False,True
train,802_27.jpg,images/802_27.jpg,802,224,224,True,False,True
train,802_28.jpg,images/802_28.jpg,802,224,224,True,False,True
train,802_29.jpg,images/802_29.jpg,802,224,224,True,False,True
train,802_30.jpg,images/802_30.jpg,802,224,224,True,False,True
train,802_31.jpg,images/802_31.jpg,802,224,224,True,False,True
train,802_32.jpg,images/802_32.jpg,802,224,224,True,False,True
train,802_33.jpg,images/802_33.jpg,802,224,224,True,False,True
train,802_34.jpg,images/802_34.jpg,802,224,224,True,False,True
train,802_35.jpg,images/802_35.jpg,802,224,224,True,False,True
train,802_36.jpg,images/802_36.jpg,802,224,224,True,False,True
train,802_37.jpg,images/802_37.jpg,802,224,224,True,False,True
train,802_38.jpg,images/802_38.jpg,802,224,224,True,False,True
train,802_39.jpg,images/802_39.jpg,802,224,224,True,False,True
train,802_40.jpg,images/802_40.jpg,802,224,224,True,False,True
train,802_41.jpg,images/802_41.jpg,802,224,224,True,False,True
train,803_1.jpg,images/803_1.jpg,803,224,224,True,False,True
train,803_2.jpg,images/803_2.jpg,803,224,224,True,False,True
train,803_3.jpg,images/803_3.jpg,803,224,224,True,False,True
train,803_4.jpg,images/803_4.jpg,803,224,224,True,False,True
train,803_5.jpg,images/803_5.jpg,803,224,224,True,False,True
train,803_6.jpg,images/803_6.jpg,803,224,224,True,False,True
train,803_7.jpg,images/803_7.jpg,803,224,224,True,False,True
train,803_8.jpg,images/803_8.jpg,803,224,224,True,False,True
train,803_9.jpg,images/803_9.jpg,803,224,224,True,False,True
train,803_10.jpg,images/803_10.jpg,803,224,224,True,False,True
train,803_11.jpg,images/803_11.jpg,803,224,224,True,False,True
train,803_12.jpg,images/803_12.jpg,803,224,224,True,False,True
train,803_13.jpg,images/803_13.jpg,803,224,224,True,False,True
train,804_1.jpg,images/804_1.jpg,804,224,224,True,False,True
train,804_2.jpg,images/804_2.jpg,804,224,224,True,False,True
train,804_3.jpg,images/804_3.jpg,804,224,224,True,False,True
train,804_4.jpg,images/804_4.jpg,804,224,224,True,False,True
train,804_5.jpg,images/804_5.jpg,804,224,224,True,False,True
train,805_1.jpg,images/805_1.jpg,805,224,224,True,False,True
train,805_2.jpg,images/805_2.jpg,805,224,224,True,False,True
train,805_3.jpg,images/805_3.jpg,805,224,224,True,False,True
train,805_4.jpg,images/805_4.jpg,805,224,224,True,False,True
train,805_5.jpg,images/805_5.jpg,805,224,224,True,False,True
train,805_6.jpg,images/805_6.jpg,805,224,224,True,False,True
train,805_7.jpg,images/805_7.jpg,805,224,224,True,False,True
train,805_8.jpg,images/805_8.jpg,805,224,224,True,False,True
train,805_9.jpg,images/805_9.jpg,805,224,224,True,False,True
train,805_10.jpg,images/805_10.jpg,805,224,224,True,False,True
train,805_11.jpg,images/805_11.jpg,805,224,224,True,False,True
train,805_12.jpg,images/805_12.jpg,805,224,224,True,False,True
train,805_13.jpg,images/805_13.jpg,805,224,224,True,False,True
train,806_1.jpg,images/806_1.jpg,806,224,224,True,False,True
train,806_2.jpg,images/806_2.jpg,806,224,224,True,False,True
train,806_3.jpg,images/806_3.jpg,806,224,224,True,False,True
train,806_4.jpg,images/806_4.jpg,806,224,224,True,False,True
train,806_5.jpg,images/806_5.jpg,806,224,224,True,False,True
train,806_6.jpg,images/806_6.jpg,806,224,224,True,False,True
train,806_7.jpg,images/806_7.jpg,806,224,224,True,False,True
train,807_1.jpg,images/807_1.jpg,807,224,224,True,False,True
train,807_2.jpg,images/807_2.jpg,807,224,224,True,False,True
train,807_3.jpg,images/807_3.jpg,807,224,224,True,False,True
train,807_4.jpg,images/807_4.jpg,807,224,224,True,False,True
train,807_5.jpg,images/807_5.jpg,807,224,224,True,False,True
train,807_6.jpg,images/807_6.jpg,807,224,224,True,False,True
train,807_7.jpg,images/807_7.jpg,807,224,224,True,False,True
train,807_8.jpg,images/807_8.jpg,807,224,224,True,False,True
test,808_1.jpg,images/808_1.jpg,808,224,224,True,False,True
test,808_2.jpg,images/808_2.jpg,808,224,224,True,False,True
test,808_3.jpg,images/808_3.jpg,808,224,224,True,False,True
test,808_4.jpg,images/808_4.jpg,808,224,224,True,False,True
test,808_5.jpg,images/808_5.jpg,808,224,224,True,False,True
test,808_6.jpg,images/808_6.jpg,808,224,224,True,False,True
test,808_7.jpg,images/808_7.jpg,808,224,224,True,False,True
test,808_8.jpg,images/808_8.jpg,808,224,224,True,False,True
test,808_9.jpg,images/808_9.jpg,808,224,224,True,False,True
test,808_10.jpg,images/808_10.jpg,808,224,224,True,False,True
test,808_11.jpg,images/808_11.jpg,808,224,224,True,False,True
test,808_12.jpg,images/808_12.jpg,808,224,224,True,False,True
test,808_13.jpg,images/808_13.jpg,808,224,224,True,False,True
test,808_14.jpg,images/808_14.jpg,808,224,224,True,False,True
test,808_15.jpg,images/808_15.jpg,808,224,224,True,False,True
test,808_16.jpg,images/808_16.jpg,808,224,224,True,False,True
test,809_1.jpg,images/809_1.jpg,809,224,224,True,False,True
test,809_2.jpg,images/809_2.jpg,809,224,224,True,False,True
train,810_1.jpg,images/810_1.jpg,810,224,224,True,False,True
train,810_2.jpg,images/810_2.jpg,810,224,224,True,False,True
train,810_3.jpg,images/810_3.jpg,810,224,224,True,False,True
train,810_4.jpg,images/810_4.jpg,810,224,224,True,False,True
train,810_5.jpg,images/810_5.jpg,810,224,224,True,False,True
test,811_1.jpg,images/811_1.jpg,811,224,224,True,False,True
test,811_2.jpg,images/811_2.jpg,811,224,224,True,False,True
test,811_3.jpg,images/811_3.jpg,811,224,224,True,False,True
test,811_4.jpg,images/811_4.jpg,811,224,224,True,False,True
test,811_5.jpg,images/811_5.jpg,811,224,224,True,False,True
test,811_6.jpg,images/811_6.jpg,811,224,224,True,False,True
test,811_7.jpg,images/811_7.jpg,811,224,224,True,False,True
train,812_1.jpg,images/812_1.jpg,812,224,224,True,False,True
train,812_2.jpg,images/812_2.jpg,812,224,224,True,False,True
train,812_3.jpg,images/812_3.jpg,812,224,224,True,False,True
train,812_4.jpg,images/812_4.jpg,812,224,224,True,False,True
test,813_1.jpg,images/813_1.jpg,813,224,224,True,False,True
test,813_2.jpg,images/813_2.jpg,813,224,224,True,False,True
test,813_3.jpg,images/813_3.jpg,813,224,224,True,False,True
test,813_4.jpg,images/813_4.jpg,813,224,224,True,False,True
test,813_5.jpg,images/813_5.jpg,813,224,224,True,False,True
test,813_6.jpg,images/813_6.jpg,813,224,224,True,False,True
test,813_7.jpg,images/813_7.jpg,813,224,224,True,False,True
test,813_8.jpg,images/813_8.jpg,813,224,224,True,False,True
test,813_9.jpg,images/813_9.jpg,813,224,224,True,False,True
train,814_1.jpg,images/814_1.jpg,814,224,224,True,False,True
train,814_2.jpg,images/814_2.jpg,814,224,224,True,False,True
train,814_3.jpg,images/814_3.jpg,814,224,224,True,False,True
train,814_4.jpg,images/814_4.jpg,814,224,224,True,False,True
train,814_5.jpg,images/814_5.jpg,814,224,224,True,False,True
train,814_6.jpg,images/814_6.jpg,814,224,224,True,False,True
train,815_1.jpg,images/815_1.jpg,815,224,224,True,False,True
train,815_2.jpg,images/815_2.jpg,815,224,224,True,False,True
train,815_3.jpg,images/815_3.jpg,815,224,224,True,False,True
train,815_4.jpg,images/815_4.jpg,815,224,224,True,False,True
train,815_5.jpg,images/815_5.jpg,815,224,224,True,False,True
train,815_6.jpg,images/815_6.jpg,815,224,224,True,False,True
test,816_1.jpg,images/816_1.jpg,816,224,224,True,False,True
test,816_2.jpg,images/816_2.jpg,816,224,224,True,False,True
test,816_3.jpg,images/816_3.jpg,816,224,224,True,False,True
test,816_4.jpg,images/816_4.jpg,816,224,224,True,False,True
test,816_5.jpg,images/816_5.jpg,816,224,224,True,False,True
test,816_6.jpg,images/816_6.jpg,816,224,224,True,False,True
test,816_7.jpg,images/816_7.jpg,816,224,224,True,False,True
test,816_8.jpg,images/816_8.jpg,816,224,224,True,False,True
test,816_9.jpg,images/816_9.jpg,816,224,224,True,False,True
test,816_10.jpg,images/816_10.jpg,816,224,224,True,False,True
train,817_1.jpg,images/817_1.jpg,817,224,224,True,False,True
train,817_2.jpg,images/817_2.jpg,817,224,224,True,False,True
train,817_3.jpg,images/817_3.jpg,817,224,224,True,False,True
train,817_4.jpg,images/817_4.jpg,817,224,224,True,False,True
train,817_5.jpg,images/817_5.jpg,817,224,224,True,False,True
train,817_6.jpg,images/817_6.jpg,817,224,224,True,False,True
train,817_7.jpg,images/817_7.jpg,817,224,224,True,False,True
test,818_1.jpg,images/818_1.jpg,818,224,224,True,False,True
test,818_2.jpg,images/818_2.jpg,818,224,224,True,False,True
test,818_3.jpg,images/818_3.jpg,818,224,224,True,False,True
test,818_4.jpg,images/818_4.jpg,818,224,224,True,False,True
test,818_5.jpg,images/818_5.jpg,818,224,224,True,False,True
test,818_6.jpg,images/818_6.jpg,818,224,224,True,False,True
train,819_1.jpg,images/819_1.jpg,819,224,224,True,False,True
train,819_2.jpg,images/819_2.jpg,819,224,224,True,False,True
train,819_3.jpg,images/819_3.jpg,819,224,224,True,False,True
train,819_4.jpg,images/819_4.jpg,819,224,224,True,False,True
train,819_5.jpg,images/819_5.jpg,819,224,224,True,False,True
train,819_6.jpg,images/819_6.jpg,819,224,224,True,False,True
train,819_7.jpg,images/819_7.jpg,819,224,224,True,False,True
train,820_1.jpg,images/820_1.jpg,820,224,224,True,False,True
train,820_2.jpg,images/820_2.jpg,820,224,224,True,False,True
train,820_3.jpg,images/820_3.jpg,820,224,224,True,False,True
train,820_4.jpg,images/820_4.jpg,820,224,224,True,False,True
train,820_5.jpg,images/820_5.jpg,820,224,224,True,False,True
train,821_1.jpg,images/821_1.jpg,821,224,224,True,False,True
train,821_2.jpg,images/821_2.jpg,821,224,224,True,False,True
train,821_3.jpg,images/821_3.jpg,821,224,224,True,False,True
train,821_4.jpg,images/821_4.jpg,821,224,224,True,False,True
train,821_5.jpg,images/821_5.jpg,821,224,224,True,False,True
train,821_6.jpg,images/821_6.jpg,821,224,224,True,False,True
train,821_7.jpg,images/821_7.jpg,821,224,224,True,False,True
train,821_8.jpg,images/821_8.jpg,821,224,224,True,False,True
train,822_1.jpg,images/822_1.jpg,822,224,224,True,False,True
train,822_2.jpg,images/822_2.jpg,822,224,224,True,False,True
train,822_3.jpg,images/822_3.jpg,822,224,224,True,False,True
train,822_4.jpg,images/822_4.jpg,822,224,224,True,False,True
train,822_5.jpg,images/822_5.jpg,822,224,224,True,False,True
train,823_1.jpg,images/823_1.jpg,823,224,224,True,False,True
train,823_2.jpg,images/823_2.jpg,823,224,224,True,False,True
train,824_1.jpg,images/824_1.jpg,824,224,224,True,False,True
train,824_2.jpg,images/824_2.jpg,824,224,224,True,False,True
train,824_3.jpg,images/824_3.jpg,824,224,224,True,False,True
train,824_4.jpg,images/824_4.jpg,824,224,224,True,False,True
train,824_5.jpg,images/824_5.jpg,824,224,224,True,False,True
train,824_6.jpg,images/824_6.jpg,824,224,224,True,False,True
train,824_7.jpg,images/824_7.jpg,824,224,224,True,False,True
train,824_8.jpg,images/824_8.jpg,824,224,224,True,False,True
train,824_9.jpg,images/824_9.jpg,824,224,224,True,False,True
train,824_10.jpg,images/824_10.jpg,824,224,224,True,False,True
train,824_11.jpg,images/824_11.jpg,824,224,224,True,False,True
train,824_12.jpg,images/824_12.jpg,824,224,224,True,False,True
train,824_13.jpg,images/824_13.jpg,824,224,224,True,False,True
train,825_1.jpg,images/825_1.jpg,825,224,224,True,False,True
train,825_2.jpg,images/825_2.jpg,825,224,224,True,False,True
train,825_3.jpg,images/825_3.jpg,825,224,224,True,False,True
train,825_4.jpg,images/825_4.jpg,825,224,224,True,False,True
train,825_5.jpg,images/825_5.jpg,825,224,224,True,False,True
train,826_1.jpg,images/826_1.jpg,826,224,224,True,False,True
train,826_2.jpg,images/826_2.jpg,826,224,224,True,False,True
train,826_3.jpg,images/826_3.jpg,826,224,224,True,False,True
train,826_4.jpg,images/826_4.jpg,826,224,224,True,False,True
test,827_1.jpg,images/827_1.jpg,827,224,224,True,False,True
test,827_2.jpg,images/827_2.jpg,827,224,224,True,False,True
test,827_3.jpg,images/827_3.jpg,827,224,224,True,False,True
test,827_4.jpg,images/827_4.jpg,827,224,224,True,False,True
test,827_5.jpg,images/827_5.jpg,827,224,224,True,False,True
test,827_6.jpg,images/827_6.jpg,827,224,224,True,False,True
test,827_7.jpg,images/827_7.jpg,827,224,224,True,False,True
test,827_8.jpg,images/827_8.jpg,827,224,224,True,False,True
test,827_9.jpg,images/827_9.jpg,827,224,224,True,False,True
test,827_10.jpg,images/827_10.jpg,827,224,224,True,False,True
test,827_11.jpg,images/827_11.jpg,827,224,224,True,False,True
test,827_12.jpg,images/827_12.jpg,827,224,224,True,False,True
test,827_13.jpg,images/827_13.jpg,827,224,224,True,False,True
test,827_14.jpg,images/827_14.jpg,827,224,224,True,False,True
test,827_15.jpg,images/827_15.jpg,827,224,224,True,False,True
test,827_16.jpg,images/827_16.jpg,827,224,224,True,False,True
test,827_17.jpg,images/827_17.jpg,827,224,224,True,False,True
test,827_18.jpg,images/827_18.jpg,827,224,224,True,False,True
test,828_1.jpg,images/828_1.jpg,828,224,224,True,False,True
test,828_2.jpg,images/828_2.jpg,828,224,224,True,False,True
test,828_3.jpg,images/828_3.jpg,828,224,224,True,False,True
test,828_4.jpg,images/828_4.jpg,828,224,224,True,False,True
test,828_5.jpg,images/828_5.jpg,828,224,224,True,False,True
test,828_6.jpg,images/828_6.jpg,828,224,224,True,False,True
test,828_7.jpg,images/828_7.jpg,828,224,224,True,False,True
test,828_8.jpg,images/828_8.jpg,828,224,224,True,False,True
test,828_9.jpg,images/828_9.jpg,828,224,224,True,False,True
test,828_10.jpg,images/828_10.jpg,828,224,224,True,False,True
test,828_11.jpg,images/828_11.jpg,828,224,224,True,False,True
test,828_12.jpg,images/828_12.jpg,828,224,224,True,False,True
test,828_13.jpg,images/828_13.jpg,828,224,224,True,False,True
test,828_14.jpg,images/828_14.jpg,828,224,224,True,False,True
train,829_1.jpg,images/829_1.jpg,829,224,224,True,False,True
train,829_2.jpg,images/829_2.jpg,829,224,224,True,False,True
train,829_3.jpg,images/829_3.jpg,829,224,224,True,False,True
train,829_4.jpg,images/829_4.jpg,829,224,224,True,False,True
train,829_5.jpg,images/829_5.jpg,829,224,224,True,False,True
train,829_6.jpg,images/829_6.jpg,829,224,224,True,False,True
train,829_7.jpg,images/829_7.jpg,829,224,224,True,False,True
train,830_1.jpg,images/830_1.jpg,830,224,224,True,False,True
train,830_2.jpg,images/830_2.jpg,830,224,224,True,False,True
train,830_3.jpg,images/830_3.jpg,830,224,224,True,False,True
train,830_4.jpg,images/830_4.jpg,830,224,224,True,False,True
train,830_5.jpg,images/830_5.jpg,830,224,224,True,False,True
train,830_6.jpg,images/830_6.jpg,830,224,224,True,False,True
train,830_7.jpg,images/830_7.jpg,830,224,224,True,False,True
train,830_8.jpg,images/830_8.jpg,830,224,224,True,False,True
train,830_9.jpg,images/830_9.jpg,830,224,224,True,False,True
train,830_10.jpg,images/830_10.jpg,830,224,224,True,False,True
train,830_11.jpg,images/830_11.jpg,830,224,224,True,False,True
train,830_12.jpg,images/830_12.jpg,830,224,224,True,False,True
train,831_1.jpg,images/831_1.jpg,831,224,224,True,False,True
train,831_2.jpg,images/831_2.jpg,831,224,224,True,False,True
train,831_3.jpg,images/831_3.jpg,831,224,224,True,False,True
train,831_4.jpg,images/831_4.jpg,831,224,224,True,False,True
train,831_5.jpg,images/831_5.jpg,831,224,224,True,False,True
train,831_6.jpg,images/831_6.jpg,831,224,224,True,False,True
train,832_1.jpg,images/832_1.jpg,832,224,224,True,False,True
train,832_2.jpg,images/832_2.jpg,832,224,224,True,False,True
train,832_3.jpg,images/832_3.jpg,832,224,224,True,False,True
train,832_4.jpg,images/832_4.jpg,832,224,224,True,False,True
train,832_5.jpg,images/832_5.jpg,832,224,224,True,False,True
train,832_6.jpg,images/832_6.jpg,832,224,224,True,False,True
train,832_7.jpg,images/832_7.jpg,832,224,224,True,False,True
train,832_8.jpg,images/832_8.jpg,832,224,224,True,False,True
train,832_9.jpg,images/832_9.jpg,832,224,224,True,False,True
train,833_1.jpg,images/833_1.jpg,833,224,224,True,False,True
train,833_2.jpg,images/833_2.jpg,833,224,224,True,False,True
train,833_3.jpg,images/833_3.jpg,833,224,224,True,False,True
train,833_4.jpg,images/833_4.jpg,833,224,224,True,False,True
train,833_5.jpg,images/833_5.jpg,833,224,224,True,False,True
train,833_6.jpg,images/833_6.jpg,833,224,224,True,False,True
train,833_7.jpg,images/833_7.jpg,833,224,224,True,False,True
train,833_8.jpg,images/833_8.jpg,833,224,224,True,False,True
train,833_9.jpg,images/833_9.jpg,833,224,224,True,False,True
train,833_10.jpg,images/833_10.jpg,833,224,224,True,False,True
train,834_1.jpg,images/834_1.jpg,834,224,224,True,False,True
train,834_2.jpg,images/834_2.jpg,834,224,224,True,False,True
train,834_3.jpg,images/834_3.jpg,834,224,224,True,False,True
test,835_1.jpg,images/835_1.jpg,835,224,224,True,False,True
test,835_2.jpg,images/835_2.jpg,835,224,224,True,False,True
test,835_3.jpg,images/835_3.jpg,835,224,224,True,False,True
test,835_4.jpg,images/835_4.jpg,835,224,224,True,False,True
test,835_5.jpg,images/835_5.jpg,835,224,224,True,False,True
test,835_6.jpg,images/835_6.jpg,835,224,224,True,False,True
test,835_7.jpg,images/835_7.jpg,835,224,224,True,False,True
test,835_8.jpg,images/835_8.jpg,835,224,224,True,False,True
test,835_9.jpg,images/835_9.jpg,835,224,224,True,False,True
test,835_10.jpg,images/835_10.jpg,835,224,224,True,False,True
test,835_11.jpg,images/835_11.jpg,835,224,224,True,False,True
train,836_1.jpg,images/836_1.jpg,836,224,224,True,False,True
train,836_2.jpg,images/836_2.jpg,836,224,224,True,False,True
train,836_3.jpg,images/836_3.jpg,836,224,224,True,False,True
train,836_4.jpg,images/836_4.jpg,836,224,224,True,False,True
train,836_5.jpg,images/836_5.jpg,836,224,224,True,False,True
train,836_6.jpg,images/836_6.jpg,836,224,224,True,False,True
train,836_7.jpg,images/836_7.jpg,836,224,224,True,False,True
train,837_1.jpg,images/837_1.jpg,837,224,224,True,False,True
train,837_2.jpg,images/837_2.jpg,837,224,224,True,False,True
train,837_3.jpg,images/837_3.jpg,837,224,224,True,False,True
train,837_4.jpg,images/837_4.jpg,837,224,224,True,False,True
train,837_5.jpg,images/837_5.jpg,837,224,224,True,False,True
train,838_1.jpg,images/838_1.jpg,838,224,224,True,False,True
train,838_2.jpg,images/838_2.jpg,838,224,224,True,False,True
train,838_3.jpg,images/838_3.jpg,838,224,224,True,False,True
train,838_4.jpg,images/838_4.jpg,838,224,224,True,False,True
train,838_5.jpg,images/838_5.jpg,838,224,224,True,False,True
train,839_1.jpg,images/839_1.jpg,839,224,224,True,False,True
train,839_2.jpg,images/839_2.jpg,839,224,224,True,False,True
train,839_3.jpg,images/839_3.jpg,839,224,224,True,False,True
train,839_4.jpg,images/839_4.jpg,839,224,224,True,False,True
train,839_5.jpg,images/839_5.jpg,839,224,224,True,False,True
train,839_6.jpg,images/839_6.jpg,839,224,224,True,False,True
train,839_7.jpg,images/839_7.jpg,839,224,224,True,False,True
train,839_8.jpg,images/839_8.jpg,839,224,224,True,False,True
train,839_9.jpg,images/839_9.jpg,839,224,224,True,False,True
train,839_10.jpg,images/839_10.jpg,839,224,224,True,False,True
train,839_11.jpg,images/839_11.jpg,839,224,224,True,False,True
train,839_12.jpg,images/839_12.jpg,839,224,224,True,False,True
train,839_13.jpg,images/839_13.jpg,839,224,224,True,False,True
train,839_14.jpg,images/839_14.jpg,839,224,224,True,False,True
train,839_15.jpg,images/839_15.jpg,839,224,224,True,False,True
train,839_16.jpg,images/839_16.jpg,839,224,224,True,False,True
train,839_17.jpg,images/839_17.jpg,839,224,224,True,False,True
train,840_1.jpg,images/840_1.jpg,840,224,224,True,False,True
train,840_2.jpg,images/840_2.jpg,840,224,224,True,False,True
train,840_3.jpg,images/840_3.jpg,840,224,224,True,False,True
train,840_4.jpg,images/840_4.jpg,840,224,224,True,False,True
train,840_5.jpg,images/840_5.jpg,840,224,224,True,False,True
train,840_6.jpg,images/840_6.jpg,840,224,224,True,False,True
train,840_7.jpg,images/840_7.jpg,840,224,224,True,False,True
train,840_8.jpg,images/840_8.jpg,840,224,224,True,False,True
train,840_9.jpg,images/840_9.jpg,840,224,224,True,False,True
train,840_10.jpg,images/840_10.jpg,840,224,224,True,False,True
train,840_11.jpg,images/840_11.jpg,840,224,224,True,False,True
train,841_1.jpg,images/841_1.jpg,841,224,224,True,False,True
train,841_2.jpg,images/841_2.jpg,841,224,224,True,False,True
train,841_3.jpg,images/841_3.jpg,841,224,224,True,False,True
train,841_4.jpg,images/841_4.jpg,841,224,224,True,False,True
train,841_5.jpg,images/841_5.jpg,841,224,224,True,False,True
train,841_6.jpg,images/841_6.jpg,841,224,224,True,False,True
train,841_7.jpg,images/841_7.jpg,841,224,224,True,False,True
train,842_1.jpg,images/842_1.jpg,842,224,224,True,False,True
train,842_2.jpg,images/842_2.jpg,842,224,224,True,False,True
train,843_1.jpg,images/843_1.jpg,843,224,224,True,False,True
train,843_2.jpg,images/843_2.jpg,843,224,224,True,False,True
train,843_3.jpg,images/843_3.jpg,843,224,224,True,False,True
train,843_4.jpg,images/843_4.jpg,843,224,224,True,False,True
train,843_5.jpg,images/843_5.jpg,843,224,224,True,False,True
train,843_6.jpg,images/843_6.jpg,843,224,224,True,False,True
train,843_7.jpg,images/843_7.jpg,843,224,224,True,False,True
train,843_8.jpg,images/843_8.jpg,843,224,224,True,False,True
train,843_9.jpg,images/843_9.jpg,843,224,224,True,False,True
train,843_10.jpg,images/843_10.jpg,843,224,224,True,False,True
test,844_1.jpg,images/844_1.jpg,844,224,224,True,False,True
test,844_2.jpg,images/844_2.jpg,844,224,224,True,False,True
test,844_3.jpg,images/844_3.jpg,844,224,224,True,False,True
test,844_4.jpg,images/844_4.jpg,844,224,224,True,False,True
test,844_5.jpg,images/844_5.jpg,844,224,224,True,False,True
train,845_1.jpg,images/845_1.jpg,845,224,224,True,False,True
train,845_2.jpg,images/845_2.jpg,845,224,224,True,False,True
train,845_3.jpg,images/845_3.jpg,845,224,224,True,False,True
train,845_4.jpg,images/845_4.jpg,845,224,224,True,False,True
train,845_5.jpg,images/845_5.jpg,845,224,224,True,False,True
train,846_1.jpg,images/846_1.jpg,846,224,224,True,False,True
train,846_2.jpg,images/846_2.jpg,846,224,224,True,False,True
train,846_3.jpg,images/846_3.jpg,846,224,224,True,False,True
train,846_4.jpg,images/846_4.jpg,846,224,224,True,False,True
train,846_5.jpg,images/846_5.jpg,846,224,224,True,False,True
train,846_6.jpg,images/846_6.jpg,846,224,224,True,False,True
test,847_1.jpg,images/847_1.jpg,847,224,224,True,False,True
test,847_2.jpg,images/847_2.jpg,847,224,224,True,False,True
test,847_3.jpg,images/847_3.jpg,847,224,224,True,False,True
test,847_4.jpg,images/847_4.jpg,847,224,224,True,False,True
test,847_5.jpg,images/847_5.jpg,847,224,224,True,False,True
test,847_6.jpg,images/847_6.jpg,847,224,224,True,False,True
test,847_7.jpg,images/847_7.jpg,847,224,224,True,False,True
test,847_8.jpg,images/847_8.jpg,847,224,224,True,False,True
test,847_9.jpg,images/847_9.jpg,847,224,224,True,False,True
test,848_1.jpg,images/848_1.jpg,848,224,224,True,False,True
test,848_2.jpg,images/848_2.jpg,848,224,224,True,False,True
test,848_3.jpg,images/848_3.jpg,848,224,224,True,False,True
test,848_4.jpg,images/848_4.jpg,848,224,224,True,False,True
test,848_5.jpg,images/848_5.jpg,848,224,224,True,False,True
test,848_6.jpg,images/848_6.jpg,848,224,224,True,False,True
test,849_1.jpg,images/849_1.jpg,849,224,224,True,False,True
test,849_2.jpg,images/849_2.jpg,849,224,224,True,False,True
test,849_3.jpg,images/849_3.jpg,849,224,224,True,False,True
train,850_1.jpg,images/850_1.jpg,850,224,224,True,False,True
train,850_2.jpg,images/850_2.jpg,850,224,224,True,False,True
train,850_3.jpg,images/850_3.jpg,850,224,224,True,False,True
train,850_4.jpg,images/850_4.jpg,850,224,224,True,False,True
train,850_5.jpg,images/850_5.jpg,850,224,224,True,False,True
train,850_6.jpg,images/850_6.jpg,850,224,224,True,False,True
train,850_7.jpg,images/850_7.jpg,850,224,224,True,False,True
test,851_1.jpg,images/851_1.jpg,851,224,224,True,False,True
test,851_2.jpg,images/851_2.jpg,851,224,224,True,False,True
test,852_1.jpg,images/852_1.jpg,852,224,224,True,False,True
test,852_2.jpg,images/852_2.jpg,852,224,224,True,False,True
test,852_3.jpg,images/852_3.jpg,852,224,224,True,False,True
test,852_4.jpg,images/852_4.jpg,852,224,224,True,False,True
test,852_5.jpg,images/852_5.jpg,852,224,224,True,False,True
train,853_1.jpg,images/853_1.jpg,853,224,224,True,False,True
train,853_2.jpg,images/853_2.jpg,853,224,224,True,False,True
train,853_3.jpg,images/853_3.jpg,853,224,224,True,False,True
train,853_4.jpg,images/853_4.jpg,853,224,224,True,False,True
train,853_5.jpg,images/853_5.jpg,853,224,224,True,False,True
train,853_6.jpg,images/853_6.jpg,853,224,224,True,False,True
train,854_1.jpg,images/854_1.jpg,854,224,224,True,False,True
train,854_2.jpg,images/854_2.jpg,854,224,224,True,False,True
train,854_3.jpg,images/854_3.jpg,854,224,224,True,False,True
train,854_4.jpg,images/854_4.jpg,854,224,224,True,False,True
train,854_5.jpg,images/854_5.jpg,854,224,224,True,False,True
train,855_1.jpg,images/855_1.jpg,855,224,224,True,False,True
train,855_2.jpg,images/855_2.jpg,855,224,224,True,False,True
train,855_3.jpg,images/855_3.jpg,855,224,224,True,False,True
train,855_4.jpg,images/855_4.jpg,855,224,224,True,False,True
train,855_5.jpg,images/855_5.jpg,855,224,224,True,False,True
train,855_6.jpg,images/855_6.jpg,855,224,224,True,False,True
train,855_7.jpg,images/855_7.jpg,855,224,224,True,False,True
train,855_8.jpg,images/855_8.jpg,855,224,224,True,False,True
test,856_1.jpg,images/856_1.jpg,856,224,224,True,False,True
test,856_2.jpg,images/856_2.jpg,856,224,224,True,False,True
test,856_3.jpg,images/856_3.jpg,856,224,224,True,False,True
test,857_1.jpg,images/857_1.jpg,857,224,224,True,False,True
test,857_2.jpg,images/857_2.jpg,857,224,224,True,False,True
test,857_3.jpg,images/857_3.jpg,857,224,224,True,False,True
train,858_1.jpg,images/858_1.jpg,858,224,224,True,False,True
train,858_2.jpg,images/858_2.jpg,858,224,224,True,False,True
train,858_3.jpg,images/858_3.jpg,858,224,224,True,False,True
train,858_4.jpg,images/858_4.jpg,858,224,224,True,False,True
train,858_5.jpg,images/858_5.jpg,858,224,224,True,False,True
train,859_1.jpg,images/859_1.jpg,859,224,224,True,False,True
train,859_2.jpg,images/859_2.jpg,859,224,224,True,False,True
train,859_3.jpg,images/859_3.jpg,859,224,224,True,False,True
train,860_1.jpg,images/860_1.jpg,860,224,224,True,False,True
train,860_2.jpg,images/860_2.jpg,860,224,224,True,False,True
train,860_3.jpg,images/860_3.jpg,860,224,224,True,False,True
train,860_4.jpg,images/860_4.jpg,860,224,224,True,False,True
train,860_5.jpg,images/860_5.jpg,860,224,224,True,False,True
train,861_1.jpg,images/861_1.jpg,861,224,224,True,False,True
train,861_2.jpg,images/861_2.jpg,861,224,224,True,False,True
train,861_3.jpg,images/861_3.jpg,861,224,224,True,False,True
train,861_4.jpg,images/861_4.jpg,861,224,224,True,False,True
train,861_5.jpg,images/861_5.jpg,861,224,224,True,False,True
test,862_1.jpg,images/862_1.jpg,862,224,224,True,False,True
test,862_2.jpg,images/862_2.jpg,862,224,224,True,False,True
test,862_3.jpg,images/862_3.jpg,862,224,224,True,False,True
test,862_4.jpg,images/862_4.jpg,862,224,224,True,False,True
test,862_5.jpg,images/862_5.jpg,862,224,224,True,False,True
train,863_1.jpg,images/863_1.jpg,863,224,224,True,False,True
train,863_2.jpg,images/863_2.jpg,863,224,224,True,False,True
train,863_3.jpg,images/863_3.jpg,863,224,224,True,False,True
train,863_4.jpg,images/863_4.jpg,863,224,224,True,False,True
train,863_5.jpg,images/863_5.jpg,863,224,224,True,False,True
train,863_6.jpg,images/863_6.jpg,863,224,224,True,False,True
train,864_1.jpg,images/864_1.jpg,864,224,224,True,False,True
train,864_2.jpg,images/864_2.jpg,864,224,224,True,False,True
train,864_3.jpg,images/864_3.jpg,864,224,224,True,False,True
train,864_4.jpg,images/864_4.jpg,864,224,224,True,False,True
train,864_5.jpg,images/864_5.jpg,864,224,224,True,False,True
train,864_6.jpg,images/864_6.jpg,864,224,224,True,False,True
train,864_7.jpg,images/864_7.jpg,864,224,224,True,False,True
train,865_1.jpg,images/865_1.jpg,865,224,224,True,False,True
train,865_2.jpg,images/865_2.jpg,865,224,224,True,False,True
train,865_3.jpg,images/865_3.jpg,865,224,224,True,False,True
train,865_4.jpg,images/865_4.jpg,865,224,224,True,False,True
train,866_1.jpg,images/866_1.jpg,866,224,224,True,False,True
train,866_2.jpg,images/866_2.jpg,866,224,224,True,False,True
train,866_3.jpg,images/866_3.jpg,866,224,224,True,False,True
train,867_1.jpg,images/867_1.jpg,867,224,224,True,False,True
train,867_2.jpg,images/867_2.jpg,867,224,224,True,False,True
train,867_3.jpg,images/867_3.jpg,867,224,224,True,False,True
train,867_4.jpg,images/867_4.jpg,867,224,224,True,False,True
train,867_5.jpg,images/867_5.jpg,867,224,224,True,False,True
train,867_6.jpg,images/867_6.jpg,867,224,224,True,False,True
train,867_7.jpg,images/867_7.jpg,867,224,224,True,False,True
train,867_8.jpg,images/867_8.jpg,867,224,224,True,False,True
train,868_1.jpg,images/868_1.jpg,868,224,224,True,False,True
train,868_2.jpg,images/868_2.jpg,868,224,224,True,False,True
train,868_3.jpg,images/868_3.jpg,868,224,224,True,False,True
train,868_4.jpg,images/868_4.jpg,868,224,224,True,False,True
train,868_5.jpg,images/868_5.jpg,868,224,224,True,False,True
train,868_6.jpg,images/868_6.jpg,868,224,224,True,False,True
test,869_1.jpg,images/869_1.jpg,869,224,224,True,False,True
test,869_2.jpg,images/869_2.jpg,869,224,224,True,False,True
test,869_3.jpg,images/869_3.jpg,869,224,224,True,False,True
test,869_4.jpg,images/869_4.jpg,869,224,224,True,False,True
train,870_1.jpg,images/870_1.jpg,870,224,224,True,False,True
train,870_2.jpg,images/870_2.jpg,870,224,224,True,False,True
train,870_3.jpg,images/870_3.jpg,870,224,224,True,False,True
train,870_4.jpg,images/870_4.jpg,870,224,224,True,False,True
train,870_5.jpg,images/870_5.jpg,870,224,224,True,False,True
train,870_6.jpg,images/870_6.jpg,870,224,224,True,False,True
train,870_7.jpg,images/870_7.jpg,870,224,224,True,False,True
train,871_1.jpg,images/871_1.jpg,871,224,224,True,False,True
train,871_2.jpg,images/871_2.jpg,871,224,224,True,False,True
train,871_3.jpg,images/871_3.jpg,871,224,224,True,False,True
train,872_1.jpg,images/872_1.jpg,872,224,224,True,False,True
train,872_2.jpg,images/872_2.jpg,872,224,224,True,False,True
train,872_3.jpg,images/872_3.jpg,872,224,224,True,False,True
train,872_4.jpg,images/872_4.jpg,872,224,224,True,False,True
train,872_5.jpg,images/872_5.jpg,872,224,224,True,False,True
train,872_6.jpg,images/872_6.jpg,872,224,224,True,False,True
train,872_7.jpg,images/872_7.jpg,872,224,224,True,False,True
train,872_8.jpg,images/872_8.jpg,872,224,224,True,False,True
train,873_1.jpg,images/873_1.jpg,873,224,224,True,False,True
train,873_2.jpg,images/873_2.jpg,873,224,224,True,False,True
train,873_3.jpg,images/873_3.jpg,873,224,224,True,False,True
train,873_4.jpg,images/873_4.jpg,873,224,224,True,False,True
train,873_5.jpg,images/873_5.jpg,873,224,224,True,False,True
train,873_6.jpg,images/873_6.jpg,873,224,224,True,False,True
train,874_1.jpg,images/874_1.jpg,874,224,224,True,False,True
train,874_2.jpg,images/874_2.jpg,874,224,224,True,False,True
train,874_3.jpg,images/874_3.jpg,874,224,224,True,False,True
train,874_4.jpg,images/874_4.jpg,874,224,224,True,False,True
train,874_5.jpg,images/874_5.jpg,874,224,224,True,False,True
train,874_6.jpg,images/874_6.jpg,874,224,224,True,False,True
train,875_1.jpg,images/875_1.jpg,875,224,224,True,False,True
train,875_2.jpg,images/875_2.jpg,875,224,224,True,False,True
train,875_3.jpg,images/875_3.jpg,875,224,224,True,False,True
train,875_4.jpg,images/875_4.jpg,875,224,224,True,False,True
train,875_5.jpg,images/875_5.jpg,875,224,224,True,False,True
train,876_1.jpg,images/876_1.jpg,876,224,224,True,False,True
train,876_2.jpg,images/876_2.jpg,876,224,224,True,False,True
train,876_3.jpg,images/876_3.jpg,876,224,224,True,False,True
train,876_4.jpg,images/876_4.jpg,876,224,224,True,False,True
train,876_5.jpg,images/876_5.jpg,876,224,224,True,False,True
train,876_6.jpg,images/876_6.jpg,876,224,224,True,False,True
train,876_7.jpg,images/876_7.jpg,876,224,224,True,False,True
train,876_8.jpg,images/876_8.jpg,876,224,224,True,False,True
train,877_1.jpg,images/877_1.jpg,877,224,224,True,False,True
train,877_2.jpg,images/877_2.jpg,877,224,224,True,False,True
train,877_3.jpg,images/877_3.jpg,877,224,224,True,False,True
train,877_4.jpg,images/877_4.jpg,877,224,224,True,False,True
train,877_5.jpg,images/877_5.jpg,877,224,224,True,False,True
train,878_1.jpg,images/878_1.jpg,878,224,224,True,False,True
train,878_2.jpg,images/878_2.jpg,878,224,224,True,False,True
train,878_3.jpg,images/878_3.jpg,878,224,224,True,False,True
train,878_4.jpg,images/878_4.jpg,878,224,224,True,False,True
train,878_5.jpg,images/878_5.jpg,878,224,224,True,False,True
train,878_6.jpg,images/878_6.jpg,878,224,224,True,False,True
train,878_7.jpg,images/878_7.jpg,878,224,224,True,False,True
train,878_8.jpg,images/878_8.jpg,878,224,224,True,False,True
train,879_1.jpg,images/879_1.jpg,879,224,224,True,False,True
train,879_2.jpg,images/879_2.jpg,879,224,224,True,False,True
train,879_3.jpg,images/879_3.jpg,879,224,224,True,False,True
train,879_4.jpg,images/879_4.jpg,879,224,224,True,False,True
train,879_5.jpg,images/879_5.jpg,879,224,224,True,False,True
train,880_1.jpg,images/880_1.jpg,880,224,224,True,False,True
train,880_2.jpg,images/880_2.jpg,880,224,224,True,False,True
train,880_3.jpg,images/880_3.jpg,880,224,224,True,False,True
train,880_4.jpg,images/880_4.jpg,880,224,224,True,False,True
train,880_5.jpg,images/880_5.jpg,880,224,224,True,False,True
train,880_6.jpg,images/880_6.jpg,880,224,224,True,False,True
train,880_7.jpg,images/880_7.jpg,880,224,224,True,False,True
train,881_1.jpg,images/881_1.jpg,881,224,224,True,False,True
train,881_2.jpg,images/881_2.jpg,881,224,224,True,False,True
train,881_3.jpg,images/881_3.jpg,881,224,224,True,False,True
train,881_4.jpg,images/881_4.jpg,881,224,224,True,False,True
train,881_5.jpg,images/881_5.jpg,881,224,224,True,False,True
train,881_6.jpg,images/881_6.jpg,881,224,224,True,False,True
train,882_1.jpg,images/882_1.jpg,882,224,224,True,False,True
train,882_2.jpg,images/882_2.jpg,882,224,224,True,False,True
train,882_3.jpg,images/882_3.jpg,882,224,224,True,False,True
train,882_4.jpg,images/882_4.jpg,882,224,224,True,False,True
train,882_5.jpg,images/882_5.jpg,882,224,224,True,False,True
train,882_6.jpg,images/882_6.jpg,882,224,224,True,False,True
train,883_1.jpg,images/883_1.jpg,883,224,224,True,False,True
train,883_2.jpg,images/883_2.jpg,883,224,224,True,False,True
train,883_3.jpg,images/883_3.jpg,883,224,224,True,False,True
train,883_4.jpg,images/883_4.jpg,883,224,224,True,False,True
train,883_5.jpg,images/883_5.jpg,883,224,224,True,False,True
train,883_6.jpg,images/883_6.jpg,883,224,224,True,False,True
train,883_7.jpg,images/883_7.jpg,883,224,224,True,False,True
train,883_8.jpg,images/883_8.jpg,883,224,224,True,False,True
train,883_9.jpg,images/883_9.jpg,883,224,224,True,False,True
train,884_1.jpg,images/884_1.jpg,884,224,224,True,False,True
train,884_2.jpg,images/884_2.jpg,884,224,224,True,False,True
train,884_3.jpg,images/884_3.jpg,884,224,224,True,False,True
train,884_4.jpg,images/884_4.jpg,884,224,224,True,False,True
train,884_5.jpg,images/884_5.jpg,884,224,224,True,False,True
train,884_6.jpg,images/884_6.jpg,884,224,224,True,False,True
train,884_7.jpg,images/884_7.jpg,884,224,224,True,False,True
train,885_1.jpg,images/885_1.jpg,885,224,224,True,False,True
train,885_2.jpg,images/885_2.jpg,885,224,224,True,False,True
train,885_3.jpg,images/885_3.jpg,885,224,224,True,False,True
train,885_4.jpg,images/885_4.jpg,885,224,224,True,False,True
train,885_5.jpg,images/885_5.jpg,885,224,224,True,False,True
test,886_1.jpg,images/886_1.jpg,886,224,224,True,False,True
test,886_2.jpg,images/886_2.jpg,886,224,224,True,False,True
test,886_3.jpg,images/886_3.jpg,886,224,224,True,False,True
test,886_4.jpg,images/886_4.jpg,886,224,224,True,False,True
test,886_5.jpg,images/886_5.jpg,886,224,224,True,False,True
test,886_6.jpg,images/886_6.jpg,886,224,224,True,False,True
test,887_1.jpg,images/887_1.jpg,887,224,224,True,False,True
test,887_2.jpg,images/887_2.jpg,887,224,224,True,False,True
test,887_3.jpg,images/887_3.jpg,887,224,224,True,False,True
test,887_4.jpg,images/887_4.jpg,887,224,224,True,False,True
test,887_5.jpg,images/887_5.jpg,887,224,224,True,False,True
test,887_6.jpg,images/887_6.jpg,887,224,224,True,False,True
test,887_7.jpg,images/887_7.jpg,887,224,224,True,False,True
test,887_8.jpg,images/887_8.jpg,887,224,224,True,False,True
test,887_9.jpg,images/887_9.jpg,887,224,224,True,False,True
train,888_1.jpg,images/888_1.jpg,888,224,224,True,False,True
train,888_2.jpg,images/888_2.jpg,888,224,224,True,False,True
train,888_3.jpg,images/888_3.jpg,888,224,224,True,False,True
train,888_4.jpg,images/888_4.jpg,888,224,224,True,False,True
train,888_5.jpg,images/888_5.jpg,888,224,224,True,False,True
train,889_1.jpg,images/889_1.jpg,889,224,224,True,False,True
train,889_2.jpg,images/889_2.jpg,889,224,224,True,False,True
train,889_3.jpg,images/889_3.jpg,889,224,224,True,False,True
train,889_4.jpg,images/889_4.jpg,889,224,224,True,False,True
train,889_5.jpg,images/889_5.jpg,889,224,224,True,False,True
train,890_1.jpg,images/890_1.jpg,890,224,224,True,False,True
train,890_2.jpg,images/890_2.jpg,890,224,224,True,False,True
train,890_3.jpg,images/890_3.jpg,890,224,224,True,False,True
test,891_1.jpg,images/891_1.jpg,891,224,224,True,False,True
test,891_2.jpg,images/891_2.jpg,891,224,224,True,False,True
test,891_3.jpg,images/891_3.jpg,891,224,224,True,False,True
test,891_4.jpg,images/891_4.jpg,891,224,224,True,False,True
test,891_5.jpg,images/891_5.jpg,891,224,224,True,False,True
test,891_6.jpg,images/891_6.jpg,891,224,224,True,False,True
test,891_7.jpg,images/891_7.jpg,891,224,224,True,False,True
test,891_8.jpg,images/891_8.jpg,891,224,224,True,False,True
train,892_1.jpg,images/892_1.jpg,892,224,224,True,False,True
train,892_2.jpg,images/892_2.jpg,892,224,224,True,False,True
train,892_3.jpg,images/892_3.jpg,892,224,224,True,False,True
train,892_4.jpg,images/892_4.jpg,892,224,224,True,False,True
train,892_5.jpg,images/892_5.jpg,892,224,224,True,False,True
train,892_6.jpg,images/892_6.jpg,892,224,224,True,False,True
train,892_7.jpg,images/892_7.jpg,892,224,224,True,False,True
train,892_8.jpg,images/892_8.jpg,892,224,224,True,False,True
train,892_9.jpg,images/892_9.jpg,892,224,224,True,False,True
train,892_10.jpg,images/892_10.jpg,892,224,224,True,False,True
train,893_1.jpg,images/893_1.jpg,893,224,224,True,False,True
train,893_2.jpg,images/893_2.jpg,893,224,224,True,False,True
train,893_3.jpg,images/893_3.jpg,893,224,224,True,False,True
train,893_4.jpg,images/893_4.jpg,893,224,224,True,False,True
train,893_5.jpg,images/893_5.jpg,893,224,224,True,False,True
test,894_1.jpg,images/894_1.jpg,894,224,224,True,False,True
test,894_2.jpg,images/894_2.jpg,894,224,224,True,False,True
test,894_3.jpg,images/894_3.jpg,894,224,224,True,False,True
test,894_4.jpg,images/894_4.jpg,894,224,224,True,False,True
test,894_5.jpg,images/894_5.jpg,894,224,224,True,False,True
train,895_1.jpg,images/895_1.jpg,895,224,224,True,False,True
train,895_2.jpg,images/895_2.jpg,895,224,224,True,False,True
train,895_3.jpg,images/895_3.jpg,895,224,224,True,False,True
train,895_4.jpg,images/895_4.jpg,895,224,224,True,False,True
test,896_1.jpg,images/896_1.jpg,896,224,224,True,False,True
test,896_2.jpg,images/896_2.jpg,896,224,224,True,False,True
test,896_3.jpg,images/896_3.jpg,896,224,224,True,False,True
train,897_1.jpg,images/897_1.jpg,897,224,224,True,False,True
train,897_2.jpg,images/897_2.jpg,897,224,224,True,False,True
train,897_3.jpg,images/897_3.jpg,897,224,224,True,False,True
train,898_1.jpg,images/898_1.jpg,898,224,224,True,False,True
train,898_2.jpg,images/898_2.jpg,898,224,224,True,False,True
train,898_3.jpg,images/898_3.jpg,898,224,224,True,False,True
train,898_4.jpg,images/898_4.jpg,898,224,224,True,False,True
train,898_5.jpg,images/898_5.jpg,898,224,224,True,False,True
train,899_1.jpg,images/899_1.jpg,899,224,224,True,False,True
train,899_2.jpg,images/899_2.jpg,899,224,224,True,False,True
train,899_3.jpg,images/899_3.jpg,899,224,224,True,False,True
train,899_4.jpg,images/899_4.jpg,899,224,224,True,False,True
train,899_5.jpg,images/899_5.jpg,899,224,224,True,False,True
train,900_1.jpg,images/900_1.jpg,900,224,224,True,False,True
train,900_2.jpg,images/900_2.jpg,900,224,224,True,False,True
test,901_1.jpg,images/901_1.jpg,901,224,224,True,False,True
test,901_2.jpg,images/901_2.jpg,901,224,224,True,False,True
test,901_3.jpg,images/901_3.jpg,901,224,224,True,False,True
test,901_4.jpg,images/901_4.jpg,901,224,224,True,False,True
train,902_1.jpg,images/902_1.jpg,902,224,224,True,False,True
train,902_2.jpg,images/902_2.jpg,902,224,224,True,False,True
train,902_3.jpg,images/902_3.jpg,902,224,224,True,False,True
train,902_4.jpg,images/902_4.jpg,902,224,224,True,False,True
train,902_5.jpg,images/902_5.jpg,902,224,224,True,False,True
train,903_1.jpg,images/903_1.jpg,903,224,224,True,False,True
train,903_2.jpg,images/903_2.jpg,903,224,224,True,False,True
train,903_3.jpg,images/903_3.jpg,903,224,224,True,False,True
train,903_4.jpg,images/903_4.jpg,903,224,224,True,False,True
train,903_5.jpg,images/903_5.jpg,903,224,224,True,False,True
train,903_6.jpg,images/903_6.jpg,903,224,224,True,False,True
train,904_1.jpg,images/904_1.jpg,904,224,224,True,False,True
train,904_2.jpg,images/904_2.jpg,904,224,224,True,False,True
train,904_3.jpg,images/904_3.jpg,904,224,224,True,False,True
train,904_4.jpg,images/904_4.jpg,904,224,224,True,False,True
train,904_5.jpg,images/904_5.jpg,904,224,224,True,False,True
train,905_1.jpg,images/905_1.jpg,905,224,224,True,False,True
train,905_2.jpg,images/905_2.jpg,905,224,224,True,False,True
train,905_3.jpg,images/905_3.jpg,905,224,224,True,False,True
train,905_4.jpg,images/905_4.jpg,905,224,224,True,False,True
train,905_5.jpg,images/905_5.jpg,905,224,224,True,False,True
train,905_6.jpg,images/905_6.jpg,905,224,224,True,False,True
train,905_7.jpg,images/905_7.jpg,905,224,224,True,False,True
test,906_1.jpg,images/906_1.jpg,906,224,224,True,False,True
test,906_2.jpg,images/906_2.jpg,906,224,224,True,False,True
test,906_3.jpg,images/906_3.jpg,906,224,224,True,False,True
test,906_4.jpg,images/906_4.jpg,906,224,224,True,False,True
test,906_5.jpg,images/906_5.jpg,906,224,224,True,False,True
test,906_6.jpg,images/906_6.jpg,906,224,224,True,False,True
train,907_1.jpg,images/907_1.jpg,907,224,224,True,False,True
train,907_2.jpg,images/907_2.jpg,907,224,224,True,False,True
train,907_3.jpg,images/907_3.jpg,907,224,224,True,False,True
train,907_4.jpg,images/907_4.jpg,907,224,224,True,False,True
train,907_5.jpg,images/907_5.jpg,907,224,224,True,False,True
train,908_1.jpg,images/908_1.jpg,908,224,224,True,False,True
train,908_2.jpg,images/908_2.jpg,908,224,224,True,False,True
train,908_3.jpg,images/908_3.jpg,908,224,224,True,False,True
train,908_4.jpg,images/908_4.jpg,908,224,224,True,False,True
train,908_5.jpg,images/908_5.jpg,908,224,224,True,False,True
train,909_1.jpg,images/909_1.jpg,909,224,224,True,False,True
train,909_2.jpg,images/909_2.jpg,909,224,224,True,False,True
train,909_3.jpg,images/909_3.jpg,909,224,224,True,False,True
train,909_4.jpg,images/909_4.jpg,909,224,224,True,False,True
train,909_5.jpg,images/909_5.jpg,909,224,224,True,False,True
train,909_6.jpg,images/909_6.jpg,909,224,224,True,False,True
test,910_1.jpg,images/910_1.jpg,910,224,224,True,False,True
test,910_2.jpg,images/910_2.jpg,910,224,224,True,False,True
test,910_3.jpg,images/910_3.jpg,910,224,224,True,False,True
test,910_4.jpg,images/910_4.jpg,910,224,224,True,False,True
test,910_5.jpg,images/910_5.jpg,910,224,224,True,False,True
train,911_1.jpg,images/911_1.jpg,911,224,224,True,False,True
train,911_2.jpg,images/911_2.jpg,911,224,224,True,False,True
train,911_3.jpg,images/911_3.jpg,911,224,224,True,False,True
train,911_4.jpg,images/911_4.jpg,911,224,224,True,False,True
train,911_5.jpg,images/911_5.jpg,911,224,224,True,False,True
train,912_1.jpg,images/912_1.jpg,912,224,224,True,False,True
train,912_2.jpg,images/912_2.jpg,912,224,224,True,False,True
train,912_3.jpg,images/912_3.jpg,912,224,224,True,False,True
train,912_4.jpg,images/912_4.jpg,912,224,224,True,False,True
train,912_5.jpg,images/912_5.jpg,912,224,224,True,False,True
train,912_6.jpg,images/912_6.jpg,912,224,224,True,False,True
train,913_1.jpg,images/913_1.jpg,913,224,224,True,False,True
train,913_2.jpg,images/913_2.jpg,913,224,224,True,False,True
train,913_3.jpg,images/913_3.jpg,913,224,224,True,False,True
train,913_4.jpg,images/913_4.jpg,913,224,224,True,False,True
train,913_5.jpg,images/913_5.jpg,913,224,224,True,False,True
train,914_1.jpg,images/914_1.jpg,914,224,224,True,False,True
train,914_2.jpg,images/914_2.jpg,914,224,224,True,False,True
train,914_3.jpg,images/914_3.jpg,914,224,224,True,False,True
train,914_4.jpg,images/914_4.jpg,914,224,224,True,False,True
train,914_5.jpg,images/914_5.jpg,914,224,224,True,False,True
train,914_6.jpg,images/914_6.jpg,914,224,224,True,False,True
test,915_1.jpg,images/915_1.jpg,915,224,224,True,False,True
test,915_2.jpg,images/915_2.jpg,915,224,224,True,False,True
test,915_3.jpg,images/915_3.jpg,915,224,224,True,False,True
test,915_4.jpg,images/915_4.jpg,915,224,224,True,False,True
test,915_5.jpg,images/915_5.jpg,915,224,224,True,False,True
test,915_6.jpg,images/915_6.jpg,915,224,224,True,False,True
train,916_1.jpg,images/916_1.jpg,916,224,224,True,False,True
train,916_2.jpg,images/916_2.jpg,916,224,224,True,False,True
train,916_3.jpg,images/916_3.jpg,916,224,224,True,False,True
train,916_4.jpg,images/916_4.jpg,916,224,224,True,False,True
train,917_1.jpg,images/917_1.jpg,917,224,224,True,False,True
train,917_2.jpg,images/917_2.jpg,917,224,224,True,False,True
train,917_3.jpg,images/917_3.jpg,917,224,224,True,False,True
train,917_4.jpg,images/917_4.jpg,917,224,224,True,False,True
train,917_5.jpg,images/917_5.jpg,917,224,224,True,False,True
train,917_6.jpg,images/917_6.jpg,917,224,224,True,False,True
train,917_7.jpg,images/917_7.jpg,917,224,224,True,False,True
train,917_8.jpg,images/917_8.jpg,917,224,224,True,False,True
train,918_1.jpg,images/918_1.jpg,918,224,224,True,False,True
train,918_2.jpg,images/918_2.jpg,918,224,224,True,False,True
train,918_3.jpg,images/918_3.jpg,918,224,224,True,False,True
train,918_4.jpg,images/918_4.jpg,918,224,224,True,False,True
train,918_5.jpg,images/918_5.jpg,918,224,224,True,False,True
train,918_6.jpg,images/918_6.jpg,918,224,224,True,False,True
train,919_1.jpg,images/919_1.jpg,919,224,224,True,False,True
train,919_2.jpg,images/919_2.jpg,919,224,224,True,False,True
train,919_3.jpg,images/919_3.jpg,919,224,224,True,False,True
train,919_4.jpg,images/919_4.jpg,919,224,224,True,False,True
train,919_5.jpg,images/919_5.jpg,919,224,224,True,False,True
train,920_1.jpg,images/920_1.jpg,920,224,224,True,False,True
train,920_2.jpg,images/920_2.jpg,920,224,224,True,False,True
train,920_3.jpg,images/920_3.jpg,920,224,224,True,False,True
train,920_4.jpg,images/920_4.jpg,920,224,224,True,False,True
train,920_5.jpg,images/920_5.jpg,920,224,224,True,False,True
train,921_1.jpg,images/921_1.jpg,921,224,224,True,False,True
train,921_2.jpg,images/921_2.jpg,921,224,224,True,False,True
train,921_3.jpg,images/921_3.jpg,921,224,224,True,False,True
train,921_4.jpg,images/921_4.jpg,921,224,224,True,False,True
train,921_5.jpg,images/921_5.jpg,921,224,224,True,False,True
train,921_6.jpg,images/921_6.jpg,921,224,224,True,False,True
train,922_1.jpg,images/922_1.jpg,922,224,224,True,False,True
train,922_2.jpg,images/922_2.jpg,922,224,224,True,False,True
train,922_3.jpg,images/922_3.jpg,922,224,224,True,False,True
train,922_4.jpg,images/922_4.jpg,922,224,224,True,False,True
train,922_5.jpg,images/922_5.jpg,922,224,224,True,False,True
train,922_6.jpg,images/922_6.jpg,922,224,224,True,False,True
train,923_1.jpg,images/923_1.jpg,923,224,224,True,False,True
train,923_2.jpg,images/923_2.jpg,923,224,224,True,False,True
train,923_3.jpg,images/923_3.jpg,923,224,224,True,False,True
train,923_4.jpg,images/923_4.jpg,923,224,224,True,False,True
train,923_5.jpg,images/923_5.jpg,923,224,224,True,False,True
train,923_6.jpg,images/923_6.jpg,923,224,224,True,False,True
train,923_7.jpg,images/923_7.jpg,923,224,224,True,False,True
train,924_1.jpg,images/924_1.jpg,924,224,224,True,False,True
train,924_2.jpg,images/924_2.jpg,924,224,224,True,False,True
train,924_3.jpg,images/924_3.jpg,924,224,224,True,False,True
train,924_4.jpg,images/924_4.jpg,924,224,224,True,False,True
train,925_1.jpg,images/925_1.jpg,925,224,224,True,False,True
train,925_2.jpg,images/925_2.jpg,925,224,224,True,False,True
train,925_3.jpg,images/925_3.jpg,925,224,224,True,False,True
train,925_4.jpg,images/925_4.jpg,925,224,224,True,False,True
train,925_5.jpg,images/925_5.jpg,925,224,224,True,False,True
train,925_6.jpg,images/925_6.jpg,925,224,224,True,False,True
train,925_7.jpg,images/925_7.jpg,925,224,224,True,False,True
train,925_8.jpg,images/925_8.jpg,925,224,224,True,False,True
train,926_1.jpg,images/926_1.jpg,926,224,224,True,False,True
train,926_2.jpg,images/926_2.jpg,926,224,224,True,False,True
train,926_3.jpg,images/926_3.jpg,926,224,224,True,False,True
train,927_1.jpg,images/927_1.jpg,927,224,224,True,False,True
train,927_2.jpg,images/927_2.jpg,927,224,224,True,False,True
train,927_3.jpg,images/927_3.jpg,927,224,224,True,False,True
train,927_4.jpg,images/927_4.jpg,927,224,224,True,False,True
train,927_5.jpg,images/927_5.jpg,927,224,224,True,False,True
train,927_6.jpg,images/927_6.jpg,927,224,224,True,False,True
train,927_7.jpg,images/927_7.jpg,927,224,224,True,False,True
train,928_1.jpg,images/928_1.jpg,928,224,224,True,False,True
train,928_2.jpg,images/928_2.jpg,928,224,224,True,False,True
train,928_3.jpg,images/928_3.jpg,928,224,224,True,False,True
train,929_1.jpg,images/929_1.jpg,929,224,224,True,False,True
train,929_2.jpg,images/929_2.jpg,929,224,224,True,False,True
train,929_3.jpg,images/929_3.jpg,929,224,224,True,False,True
train,929_4.jpg,images/929_4.jpg,929,224,224,True,False,True
train,929_5.jpg,images/929_5.jpg,929,224,224,True,False,True
train,929_6.jpg,images/929_6.jpg,929,224,224,True,False,True
train,930_1.jpg,images/930_1.jpg,930,224,224,True,False,True
train,930_2.jpg,images/930_2.jpg,930,224,224,True,False,True
train,930_3.jpg,images/930_3.jpg,930,224,224,True,False,True
train,930_4.jpg,images/930_4.jpg,930,224,224,True,False,True
train,930_5.jpg,images/930_5.jpg,930,224,224,True,False,True
train,930_6.jpg,images/930_6.jpg,930,224,224,True,False,True
train,930_7.jpg,images/930_7.jpg,930,224,224,True,False,True
train,931_1.jpg,images/931_1.jpg,931,224,224,True,False,True
train,931_2.jpg,images/931_2.jpg,931,224,224,True,False,True
train,931_3.jpg,images/931_3.jpg,931,224,224,True,False,True
train,931_4.jpg,images/931_4.jpg,931,224,224,True,False,True
train,931_5.jpg,images/931_5.jpg,931,224,224,True,False,True
test,932_1.jpg,images/932_1.jpg,932,224,224,True,False,True
test,932_2.jpg,images/932_2.jpg,932,224,224,True,False,True
test,932_3.jpg,images/932_3.jpg,932,224,224,True,False,True
test,932_4.jpg,images/932_4.jpg,932,224,224,True,False,True
test,932_5.jpg,images/932_5.jpg,932,224,224,True,False,True
test,932_6.jpg,images/932_6.jpg,932,224,224,True,False,True
test,932_7.jpg,images/932_7.jpg,932,224,224,True,False,True
test,932_8.jpg,images/932_8.jpg,932,224,224,True,False,True
train,933_1.jpg,images/933_1.jpg,933,224,224,True,False,True
train,933_2.jpg,images/933_2.jpg,933,224,224,True,False,True
train,933_3.jpg,images/933_3.jpg,933,224,224,True,False,True
train,933_4.jpg,images/933_4.jpg,933,224,224,True,False,True
train,934_1.jpg,images/934_1.jpg,934,224,224,True,False,True
train,934_2.jpg,images/934_2.jpg,934,224,224,True,False,True
train,934_3.jpg,images/934_3.jpg,934,224,224,True,False,True
test,935_1.jpg,images/935_1.jpg,935,224,224,True,False,True
test,935_2.jpg,images/935_2.jpg,935,224,224,True,False,True
test,935_3.jpg,images/935_3.jpg,935,224,224,True,False,True
test,935_4.jpg,images/935_4.jpg,935,224,224,True,False,True
test,935_5.jpg,images/935_5.jpg,935,224,224,True,False,True
test,935_6.jpg,images/935_6.jpg,935,224,224,True,False,True
test,935_7.jpg,images/935_7.jpg,935,224,224,True,False,True
test,935_8.jpg,images/935_8.jpg,935,224,224,True,False,True
test,935_9.jpg,images/935_9.jpg,935,224,224,True,False,True
train,936_1.jpg,images/936_1.jpg,936,224,224,True,False,True
train,936_2.jpg,images/936_2.jpg,936,224,224,True,False,True
train,936_3.jpg,images/936_3.jpg,936,224,224,True,False,True
train,936_4.jpg,images/936_4.jpg,936,224,224,True,False,True
train,936_5.jpg,images/936_5.jpg,936,224,224,True,False,True
train,936_6.jpg,images/936_6.jpg,936,224,224,True,False,True
train,936_7.jpg,images/936_7.jpg,936,224,224,True,False,True
test,937_1.jpg,images/937_1.jpg,937,224,224,True,False,True
test,937_2.jpg,images/937_2.jpg,937,224,224,True,False,True
test,937_3.jpg,images/937_3.jpg,937,224,224,True,False,True
test,937_4.jpg,images/937_4.jpg,937,224,224,True,False,True
train,938_1.jpg,images/938_1.jpg,938,224,224,True,False,True
train,938_2.jpg,images/938_2.jpg,938,224,224,True,False,True
train,938_3.jpg,images/938_3.jpg,938,224,224,True,False,True
train,938_4.jpg,images/938_4.jpg,938,224,224,True,False,True
train,938_5.jpg,images/938_5.jpg,938,224,224,True,False,True
train,939_1.jpg,images/939_1.jpg,939,224,224,True,False,True
train,939_2.jpg,images/939_2.jpg,939,224,224,True,False,True
train,939_3.jpg,images/939_3.jpg,939,224,224,True,False,True
train,939_4.jpg,images/939_4.jpg,939,224,224,True,False,True
train,940_1.jpg,images/940_1.jpg,940,224,224,True,False,True
train,940_2.jpg,images/940_2.jpg,940,224,224,True,False,True
train,940_3.jpg,images/940_3.jpg,940,224,224,True,False,True
train,940_4.jpg,images/940_4.jpg,940,224,224,True,False,True
train,940_5.jpg,images/940_5.jpg,940,224,224,True,False,True
train,940_6.jpg,images/940_6.jpg,940,224,224,True,False,True
train,940_7.jpg,images/940_7.jpg,940,224,224,True,False,True
train,940_8.jpg,images/940_8.jpg,940,224,224,True,False,True
train,940_9.jpg,images/940_9.jpg,940,224,224,True,False,True
test,941_1.jpg,images/941_1.jpg,941,224,224,True,False,True
test,941_2.jpg,images/941_2.jpg,941,224,224,True,False,True
test,941_3.jpg,images/941_3.jpg,941,224,224,True,False,True
test,941_4.jpg,images/941_4.jpg,941,224,224,True,False,True
test,941_5.jpg,images/941_5.jpg,941,224,224,True,False,True
train,942_1.jpg,images/942_1.jpg,942,224,224,True,False,True
train,942_2.jpg,images/942_2.jpg,942,224,224,True,False,True
train,942_3.jpg,images/942_3.jpg,942,224,224,True,False,True
train,942_4.jpg,images/942_4.jpg,942,224,224,True,False,True
train,942_5.jpg,images/942_5.jpg,942,224,224,True,False,True
test,943_1.jpg,images/943_1.jpg,943,224,224,True,False,True
test,943_2.jpg,images/943_2.jpg,943,224,224,True,False,True
test,943_3.jpg,images/943_3.jpg,943,224,224,True,False,True
test,943_4.jpg,images/943_4.jpg,943,224,224,True,False,True
test,943_5.jpg,images/943_5.jpg,943,224,224,True,False,True
train,944_1.jpg,images/944_1.jpg,944,224,224,True,False,True
train,944_2.jpg,images/944_2.jpg,944,224,224,True,False,True
train,944_3.jpg,images/944_3.jpg,944,224,224,True,False,True
train,944_4.jpg,images/944_4.jpg,944,224,224,True,False,True
train,944_5.jpg,images/944_5.jpg,944,224,224,True,False,True
train,945_1.jpg,images/945_1.jpg,945,224,224,True,False,True
train,945_2.jpg,images/945_2.jpg,945,224,224,True,False,True
train,945_3.jpg,images/945_3.jpg,945,224,224,True,False,True
train,945_4.jpg,images/945_4.jpg,945,224,224,True,False,True
train,946_1.jpg,images/946_1.jpg,946,224,224,True,False,True
train,946_2.jpg,images/946_2.jpg,946,224,224,True,False,True
train,946_3.jpg,images/946_3.jpg,946,224,224,True,False,True
train,946_4.jpg,images/946_4.jpg,946,224,224,True,False,True
train,946_5.jpg,images/946_5.jpg,946,224,224,True,False,True
train,946_6.jpg,images/946_6.jpg,946,224,224,True,False,True
train,947_1.jpg,images/947_1.jpg,947,224,224,True,False,True
train,947_2.jpg,images/947_2.jpg,947,224,224,True,False,True
train,947_3.jpg,images/947_3.jpg,947,224,224,True,False,True
train,948_1.jpg,images/948_1.jpg,948,224,224,True,False,True
train,948_2.jpg,images/948_2.jpg,948,224,224,True,False,True
train,948_3.jpg,images/948_3.jpg,948,224,224,True,False,True
train,948_4.jpg,images/948_4.jpg,948,224,224,True,False,True
train,948_5.jpg,images/948_5.jpg,948,224,224,True,False,True
test,949_1.jpg,images/949_1.jpg,949,224,224,True,False,True
test,949_2.jpg,images/949_2.jpg,949,224,224,True,False,True
test,949_3.jpg,images/949_3.jpg,949,224,224,True,False,True
test,949_4.jpg,images/949_4.jpg,949,224,224,True,False,True
test,949_5.jpg,images/949_5.jpg,949,224,224,True,False,True
test,949_6.jpg,images/949_6.jpg,949,224,224,True,False,True
test,950_1.jpg,images/950_1.jpg,950,224,224,True,False,True
test,950_2.jpg,images/950_2.jpg,950,224,224,True,False,True
test,950_3.jpg,images/950_3.jpg,950,224,224,True,False,True
test,950_4.jpg,images/950_4.jpg,950,224,224,True,False,True
test,950_5.jpg,images/950_5.jpg,950,224,224,True,False,True
test,950_6.jpg,images/950_6.jpg,950,224,224,True,False,True
test,950_7.jpg,images/950_7.jpg,950,224,224,True,False,True
train,951_1.jpg,images/951_1.jpg,951,224,224,True,False,True
train,951_2.jpg,images/951_2.jpg,951,224,224,True,False,True
train,951_3.jpg,images/951_3.jpg,951,224,224,True,False,True
train,951_4.jpg,images/951_4.jpg,951,224,224,True,False,True
train,951_5.jpg,images/951_5.jpg,951,224,224,True,False,True
train,951_6.jpg,images/951_6.jpg,951,224,224,True,False,True
train,952_1.jpg,images/952_1.jpg,952,224,224,True,False,True
train,952_2.jpg,images/952_2.jpg,952,224,224,True,False,True
train,952_3.jpg,images/952_3.jpg,952,224,224,True,False,True
train,952_4.jpg,images/952_4.jpg,952,224,224,True,False,True
train,952_5.jpg,images/952_5.jpg,952,224,224,True,False,True
train,952_6.jpg,images/952_6.jpg,952,224,224,True,False,True
train,952_7.jpg,images/952_7.jpg,952,224,224,True,False,True
train,953_1.jpg,images/953_1.jpg,953,224,224,True,False,True
train,953_2.jpg,images/953_2.jpg,953,224,224,True,False,True
train,953_3.jpg,images/953_3.jpg,953,224,224,True,False,True
train,954_1.jpg,images/954_1.jpg,954,224,224,True,False,True
train,954_2.jpg,images/954_2.jpg,954,224,224,True,False,True
train,954_3.jpg,images/954_3.jpg,954,224,224,True,False,True
train,954_4.jpg,images/954_4.jpg,954,224,224,True,False,True
train,954_5.jpg,images/954_5.jpg,954,224,224,True,False,True
train,954_6.jpg,images/954_6.jpg,954,224,224,True,False,True
train,954_7.jpg,images/954_7.jpg,954,224,224,True,False,True
train,955_1.jpg,images/955_1.jpg,955,224,224,True,False,True
train,955_2.jpg,images/955_2.jpg,955,224,224,True,False,True
train,955_3.jpg,images/955_3.jpg,955,224,224,True,False,True
train,956_1.jpg,images/956_1.jpg,956,224,224,True,False,True
train,956_2.jpg,images/956_2.jpg,956,224,224,True,False,True
train,956_3.jpg,images/956_3.jpg,956,224,224,True,False,True
train,956_4.jpg,images/956_4.jpg,956,224,224,True,False,True
train,956_5.jpg,images/956_5.jpg,956,224,224,True,False,True
train,957_1.jpg,images/957_1.jpg,957,224,224,True,False,True
train,957_2.jpg,images/957_2.jpg,957,224,224,True,False,True
train,957_3.jpg,images/957_3.jpg,957,224,224,True,False,True
train,957_4.jpg,images/957_4.jpg,957,224,224,True,False,True
train,957_5.jpg,images/957_5.jpg,957,224,224,True,False,True
train,958_1.jpg,images/958_1.jpg,958,224,224,True,False,True
train,958_2.jpg,images/958_2.jpg,958,224,224,True,False,True
train,958_3.jpg,images/958_3.jpg,958,224,224,True,False,True
train,958_4.jpg,images/958_4.jpg,958,224,224,True,False,True
train,959_1.jpg,images/959_1.jpg,959,224,224,True,False,True
train,959_2.jpg,images/959_2.jpg,959,224,224,True,False,True
train,959_3.jpg,images/959_3.jpg,959,224,224,True,False,True
train,959_4.jpg,images/959_4.jpg,959,224,224,True,False,True
test,960_1.jpg,images/960_1.jpg,960,224,224,True,False,True
test,960_2.jpg,images/960_2.jpg,960,224,224,True,False,True
test,960_3.jpg,images/960_3.jpg,960,224,224,True,False,True
test,960_4.jpg,images/960_4.jpg,960,224,224,True,False,True
test,960_5.jpg,images/960_5.jpg,960,224,224,True,False,True
test,960_6.jpg,images/960_6.jpg,960,224,224,True,False,True
test,961_1.jpg,images/961_1.jpg,961,224,224,True,False,True
test,961_2.jpg,images/961_2.jpg,961,224,224,True,False,True
test,961_3.jpg,images/961_3.jpg,961,224,224,True,False,True
train,962_1.jpg,images/962_1.jpg,962,224,224,True,False,True
train,962_2.jpg,images/962_2.jpg,962,224,224,True,False,True
train,962_3.jpg,images/962_3.jpg,962,224,224,True,False,True
train,962_4.jpg,images/962_4.jpg,962,224,224,True,False,True
train,962_5.jpg,images/962_5.jpg,962,224,224,True,False,True
train,963_1.jpg,images/963_1.jpg,963,224,224,True,False,True
train,963_2.jpg,images/963_2.jpg,963,224,224,True,False,True
train,963_3.jpg,images/963_3.jpg,963,224,224,True,False,True
train,963_4.jpg,images/963_4.jpg,963,224,224,True,False,True
train,963_5.jpg,images/963_5.jpg,963,224,224,True,False,True
test,964_1.jpg,images/964_1.jpg,964,224,224,True,False,True
test,964_2.jpg,images/964_2.jpg,964,224,224,True,False,True
test,964_3.jpg,images/964_3.jpg,964,224,224,True,False,True
test,965_1.jpg,images/965_1.jpg,965,224,224,True,False,True
test,965_2.jpg,images/965_2.jpg,965,224,224,True,False,True
test,965_3.jpg,images/965_3.jpg,965,224,224,True,False,True
test,965_4.jpg,images/965_4.jpg,965,224,224,True,False,True
train,966_1.jpg,images/966_1.jpg,966,224,224,True,False,True
train,966_2.jpg,images/966_2.jpg,966,224,224,True,False,True
train,966_3.jpg,images/966_3.jpg,966,224,224,True,False,True
train,966_4.jpg,images/966_4.jpg,966,224,224,True,False,True
train,966_5.jpg,images/966_5.jpg,966,224,224,True,False,True
train,967_1.jpg,images/967_1.jpg,967,224,224,True,False,True
train,967_2.jpg,images/967_2.jpg,967,224,224,True,False,True
train,967_3.jpg,images/967_3.jpg,967,224,224,True,False,True
train,967_4.jpg,images/967_4.jpg,967,224,224,True,False,True
train,967_5.jpg,images/967_5.jpg,967,224,224,True,False,True
train,967_6.jpg,images/967_6.jpg,967,224,224,True,False,True
train,968_1.jpg,images/968_1.jpg,968,224,224,True,False,True
train,968_2.jpg,images/968_2.jpg,968,224,224,True,False,True
train,968_3.jpg,images/968_3.jpg,968,224,224,True,False,True
train,968_4.jpg,images/968_4.jpg,968,224,224,True,False,True
train,968_5.jpg,images/968_5.jpg,968,224,224,True,False,True
train,968_6.jpg,images/968_6.jpg,968,224,224,True,False,True
train,968_7.jpg,images/968_7.jpg,968,224,224,True,False,True
train,969_1.jpg,images/969_1.jpg,969,224,224,True,False,True
train,969_2.jpg,images/969_2.jpg,969,224,224,True,False,True
train,969_3.jpg,images/969_3.jpg,969,224,224,True,False,True
train,970_1.jpg,images/970_1.jpg,970,224,224,True,False,True
train,970_2.jpg,images/970_2.jpg,970,224,224,True,False,True
train,970_3.jpg,images/970_3.jpg,970,224,224,True,False,True
train,970_4.jpg,images/970_4.jpg,970,224,224,True,False,True
train,970_5.jpg,images/970_5.jpg,970,224,224,True,False,True
train,970_6.jpg,images/970_6.jpg,970,224,224,True,False,True
train,970_7.jpg,images/970_7.jpg,970,224,224,True,False,True
train,971_1.jpg,images/971_1.jpg,971,224,224,True,False,True
train,971_2.jpg,images/971_2.jpg,971,224,224,True,False,True
train,971_3.jpg,images/971_3.jpg,971,224,224,True,False,True
train,971_4.jpg,images/971_4.jpg,971,224,224,True,False,True
train,972_1.jpg,images/972_1.jpg,972,224,224,True,False,True
train,972_2.jpg,images/972_2.jpg,972,224,224,True,False,True
train,972_3.jpg,images/972_3.jpg,972,224,224,True,False,True
train,972_4.jpg,images/972_4.jpg,972,224,224,True,False,True
train,972_5.jpg,images/972_5.jpg,972,224,224,True,False,True
train,972_6.jpg,images/972_6.jpg,972,224,224,True,False,True
train,973_1.jpg,images/973_1.jpg,973,224,224,True,False,True
train,973_2.jpg,images/973_2.jpg,973,224,224,True,False,True
train,973_3.jpg,images/973_3.jpg,973,224,224,True,False,True
train,973_4.jpg,images/973_4.jpg,973,224,224,True,False,True
train,973_5.jpg,images/973_5.jpg,973,224,224,True,False,True
train,974_1.jpg,images/974_1.jpg,974,224,224,True,False,True
train,974_2.jpg,images/974_2.jpg,974,224,224,True,False,True
train,974_3.jpg,images/974_3.jpg,974,224,224,True,False,True
train,975_1.jpg,images/975_1.jpg,975,224,224,True,False,True
train,975_2.jpg,images/975_2.jpg,975,224,224,True,False,True
train,975_3.jpg,images/975_3.jpg,975,224,224,True,False,True
train,976_1.jpg,images/976_1.jpg,976,224,224,True,False,True
train,976_2.jpg,images/976_2.jpg,976,224,224,True,False,True
train,976_3.jpg,images/976_3.jpg,976,224,224,True,False,True
train,977_1.jpg,images/977_1.jpg,977,224,224,True,False,True
train,977_2.jpg,images/977_2.jpg,977,224,224,True,False,True
train,977_3.jpg,images/977_3.jpg,977,224,224,True,False,True
train,977_4.jpg,images/977_4.jpg,977,224,224,True,False,True
train,977_5.jpg,images/977_5.jpg,977,224,224,True,False,True
train,978_1.jpg,images/978_1.jpg,978,224,224,True,False,True
train,978_2.jpg,images/978_2.jpg,978,224,224,True,False,True
train,978_3.jpg,images/978_3.jpg,978,224,224,True,False,True
train,978_4.jpg,images/978_4.jpg,978,224,224,True,False,True
train,979_1.jpg,images/979_1.jpg,979,224,224,True,False,True
train,979_2.jpg,images/979_2.jpg,979,224,224,True,False,True
train,979_3.jpg,images/979_3.jpg,979,224,224,True,False,True
train,979_4.jpg,images/979_4.jpg,979,224,224,True,False,True
train,979_5.jpg,images/979_5.jpg,979,224,224,True,False,True
test,980_1.jpg,images/980_1.jpg,980,224,224,True,False,True
test,980_2.jpg,images/980_2.jpg,980,224,224,True,False,True
test,980_3.jpg,images/980_3.jpg,980,224,224,True,False,True
test,980_4.jpg,images/980_4.jpg,980,224,224,True,False,True
test,980_5.jpg,images/980_5.jpg,980,224,224,True,False,True
test,980_6.jpg,images/980_6.jpg,980,224,224,True,False,True
test,980_7.jpg,images/980_7.jpg,980,224,224,True,False,True
test,980_8.jpg,images/980_8.jpg,980,224,224,True,False,True
test,980_9.jpg,images/980_9.jpg,980,224,224,True,False,True
train,981_1.jpg,images/981_1.jpg,981,224,224,True,False,True
train,981_2.jpg,images/981_2.jpg,981,224,224,True,False,True
train,981_3.jpg,images/981_3.jpg,981,224,224,True,False,True
train,981_4.jpg,images/981_4.jpg,981,224,224,True,False,True
train,981_5.jpg,images/981_5.jpg,981,224,224,True,False,True
train,981_6.jpg,images/981_6.jpg,981,224,224,True,False,True
train,981_7.jpg,images/981_7.jpg,981,224,224,True,False,True
train,981_8.jpg,images/981_8.jpg,981,224,224,True,False,True
train,981_9.jpg,images/981_9.jpg,981,224,224,True,False,True
test,982_1.jpg,images/982_1.jpg,982,224,224,True,False,True
test,982_2.jpg,images/982_2.jpg,982,224,224,True,False,True
test,982_3.jpg,images/982_3.jpg,982,224,224,True,False,True
test,982_4.jpg,images/982_4.jpg,982,224,224,True,False,True
test,982_5.jpg,images/982_5.jpg,982,224,224,True,False,True
test,983_1.jpg,images/983_1.jpg,983,224,224,True,False,True
test,983_2.jpg,images/983_2.jpg,983,224,224,True,False,True
test,983_3.jpg,images/983_3.jpg,983,224,224,True,False,True
test,983_4.jpg,images/983_4.jpg,983,224,224,True,False,True
test,984_1.jpg,images/984_1.jpg,984,224,224,True,False,True
test,984_2.jpg,images/984_2.jpg,984,224,224,True,False,True
test,984_3.jpg,images/984_3.jpg,984,224,224,True,False,True
test,984_4.jpg,images/984_4.jpg,984,224,224,True,False,True
test,984_5.jpg,images/984_5.jpg,984,224,224,True,False,True
train,985_1.jpg,images/985_1.jpg,985,224,224,True,False,True
train,985_2.jpg,images/985_2.jpg,985,224,224,True,False,True
train,985_3.jpg,images/985_3.jpg,985,224,224,True,False,True
train,985_4.jpg,images/985_4.jpg,985,224,224,True,False,True
train,985_5.jpg,images/985_5.jpg,985,224,224,True,False,True
test,986_1.jpg,images/986_1.jpg,986,224,224,True,False,True
test,986_2.jpg,images/986_2.jpg,986,224,224,True,False,True
test,986_3.jpg,images/986_3.jpg,986,224,224,True,False,True
test,986_4.jpg,images/986_4.jpg,986,224,224,True,False,True
test,986_5.jpg,images/986_5.jpg,986,224,224,True,False,True
train,987_1.jpg,images/987_1.jpg,987,224,224,True,False,True
train,987_2.jpg,images/987_2.jpg,987,224,224,True,False,True
train,987_3.jpg,images/987_3.jpg,987,224,224,True,False,True
train,987_4.jpg,images/987_4.jpg,987,224,224,True,False,True
train,987_5.jpg,images/987_5.jpg,987,224,224,True,False,True
test,988_1.jpg,images/988_1.jpg,988,224,224,True,False,True
test,988_2.jpg,images/988_2.jpg,988,224,224,True,False,True
test,988_3.jpg,images/988_3.jpg,988,224,224,True,False,True
test,988_4.jpg,images/988_4.jpg,988,224,224,True,False,True
test,989_1.jpg,images/989_1.jpg,989,224,224,True,False,True
test,989_2.jpg,images/989_2.jpg,989,224,224,True,False,True
test,989_3.jpg,images/989_3.jpg,989,224,224,True,False,True
test,989_4.jpg,images/989_4.jpg,989,224,224,True,False,True
test,989_5.jpg,images/989_5.jpg,989,224,224,True,False,True
test,989_6.jpg,images/989_6.jpg,989,224,224,True,False,True
test,989_7.jpg,images/989_7.jpg,989,224,224,True,False,True
test,990_1.jpg,images/990_1.jpg,990,224,224,True,False,True
test,990_2.jpg,images/990_2.jpg,990,224,224,True,False,True
test,990_3.jpg,images/990_3.jpg,990,224,224,True,False,True
test,990_4.jpg,images/990_4.jpg,990,224,224,True,False,True
train,991_1.jpg,images/991_1.jpg,991,224,224,True,False,True
train,991_2.jpg,images/991_2.jpg,991,224,224,True,False,True
train,991_3.jpg,images/991_3.jpg,991,224,224,True,False,True
train,991_4.jpg,images/991_4.jpg,991,224,224,True,False,True
train,991_5.jpg,images/991_5.jpg,991,224,224,True,False,True
train,992_1.jpg,images/992_1.jpg,992,224,224,True,False,True
train,992_2.jpg,images/992_2.jpg,992,224,224,True,False,True
train,992_3.jpg,images/992_3.jpg,992,224,224,True,False,True
train,992_4.jpg,images/992_4.jpg,992,224,224,True,False,True
train,992_5.jpg,images/992_5.jpg,992,224,224,True,False,True
test,993_1.jpg,images/993_1.jpg,993,224,224,True,False,True
test,993_2.jpg,images/993_2.jpg,993,224,224,True,False,True
test,993_3.jpg,images/993_3.jpg,993,224,224,True,False,True
test,993_4.jpg,images/993_4.jpg,993,224,224,True,False,True
test,993_5.jpg,images/993_5.jpg,993,224,224,True,False,True
train,994_1.jpg,images/994_1.jpg,994,224,224,True,False,True
train,994_2.jpg,images/994_2.jpg,994,224,224,True,False,True
train,994_3.jpg,images/994_3.jpg,994,224,224,True,False,True
train,994_4.jpg,images/994_4.jpg,994,224,224,True,False,True
train,994_5.jpg,images/994_5.jpg,994,224,224,True,False,True
train,995_1.jpg,images/995_1.jpg,995,224,224,True,False,True
train,995_2.jpg,images/995_2.jpg,995,224,224,True,False,True
train,995_3.jpg,images/995_3.jpg,995,224,224,True,False,True
train,995_4.jpg,images/995_4.jpg,995,224,224,True,False,True
train,995_5.jpg,images/995_5.jpg,995,224,224,True,False,True
train,996_1.jpg,images/996_1.jpg,996,224,224,True,False,True
train,996_2.jpg,images/996_2.jpg,996,224,224,True,False,True
train,996_3.jpg,images/996_3.jpg,996,224,224,True,False,True
train,996_4.jpg,images/996_4.jpg,996,224,224,True,False,True
train,996_5.jpg,images/996_5.jpg,996,224,224,True,False,True
train,997_1.jpg,images/997_1.jpg,997,224,224,True,False,True
train,997_2.jpg,images/997_2.jpg,997,224,224,True,False,True
train,997_3.jpg,images/997_3.jpg,997,224,224,True,False,True
train,997_4.jpg,images/997_4.jpg,997,224,224,True,False,True
train,997_5.jpg,images/997_5.jpg,997,224,224,True,False,True
train,997_6.jpg,images/997_6.jpg,997,224,224,True,False,True
train,997_7.jpg,images/997_7.jpg,997,224,224,True,False,True
train,998_1.jpg,images/998_1.jpg,998,224,224,True,False,True
train,998_2.jpg,images/998_2.jpg,998,224,224,True,False,True
train,998_3.jpg,images/998_3.jpg,998,224,224,True,False,True
train,998_4.jpg,images/998_4.jpg,998,224,224,True,False,True
train,998_5.jpg,images/998_5.jpg,998,224,224,True,False,True
train,999_1.jpg,images/999_1.jpg,999,224,224,True,False,True
train,999_2.jpg,images/999_2.jpg,999,224,224,True,False,True
train,999_3.jpg,images/999_3.jpg,999,224,224,True,False,True
train,999_4.jpg,images/999_4.jpg,999,224,224,True,False,True
train,999_5.jpg,images/999_5.jpg,999,224,224,True,False,True
train,999_6.jpg,images/999_6.jpg,999,224,224,True,False,True
train,1000_1.jpg,images/1000_1.jpg,1000,224,224,True,False,True
train,1000_2.jpg,images/1000_2.jpg,1000,224,224,True,False,True
train,1000_3.jpg,images/1000_3.jpg,1000,224,224,True,False,True
train,1000_4.jpg,images/1000_4.jpg,1000,224,224,True,False,True
train,1000_5.jpg,images/1000_5.jpg,1000,224,224,True,False,True
train,1001_1.jpg,images/1001_1.jpg,1001,224,224,True,False,True
train,1001_2.jpg,images/1001_2.jpg,1001,224,224,True,False,True
train,1001_3.jpg,images/1001_3.jpg,1001,224,224,True,False,True
train,1001_4.jpg,images/1001_4.jpg,1001,224,224,True,False,True
train,1001_5.jpg,images/1001_5.jpg,1001,224,224,True,False,True
train,1002_1.jpg,images/1002_1.jpg,1002,224,224,True,False,True
train,1002_2.jpg,images/1002_2.jpg,1002,224,224,True,False,True
train,1002_3.jpg,images/1002_3.jpg,1002,224,224,True,False,True
train,1002_4.jpg,images/1002_4.jpg,1002,224,224,True,False,True
train,1002_5.jpg,images/1002_5.jpg,1002,224,224,True,False,True
train,1002_6.jpg,images/1002_6.jpg,1002,224,224,True,False,True
train,1003_1.jpg,images/1003_1.jpg,1003,224,224,True,False,True
train,1003_2.jpg,images/1003_2.jpg,1003,224,224,True,False,True
train,1003_3.jpg,images/1003_3.jpg,1003,224,224,True,False,True
train,1003_4.jpg,images/1003_4.jpg,1003,224,224,True,False,True
train,1003_5.jpg,images/1003_5.jpg,1003,224,224,True,False,True
test,1004_1.jpg,images/1004_1.jpg,1004,224,224,True,False,True
test,1004_2.jpg,images/1004_2.jpg,1004,224,224,True,False,True
test,1004_3.jpg,images/1004_3.jpg,1004,224,224,True,False,True
test,1004_4.jpg,images/1004_4.jpg,1004,224,224,True,False,True
test,1004_5.jpg,images/1004_5.jpg,1004,224,224,True,False,True
test,1004_6.jpg,images/1004_6.jpg,1004,224,224,True,False,True
train,1005_1.jpg,images/1005_1.jpg,1005,224,224,True,False,True
train,1005_2.jpg,images/1005_2.jpg,1005,224,224,True,False,True
train,1005_3.jpg,images/1005_3.jpg,1005,224,224,True,False,True
train,1005_4.jpg,images/1005_4.jpg,1005,224,224,True,False,True
train,1005_5.jpg,images/1005_5.jpg,1005,224,224,True,False,True
train,1005_6.jpg,images/1005_6.jpg,1005,224,224,True,False,True
test,1006_1.jpg,images/1006_1.jpg,1006,224,224,True,False,True
test,1006_2.jpg,images/1006_2.jpg,1006,224,224,True,False,True
test,1006_3.jpg,images/1006_3.jpg,1006,224,224,True,False,True
test,1006_4.jpg,images/1006_4.jpg,1006,224,224,True,False,True
test,1006_5.jpg,images/1006_5.jpg,1006,224,224,True,False,True
test,1006_6.jpg,images/1006_6.jpg,1006,224,224,True,False,True
train,1007_1.jpg,images/1007_1.jpg,1007,224,224,True,False,True
train,1007_2.jpg,images/1007_2.jpg,1007,224,224,True,False,True
train,1007_3.jpg,images/1007_3.jpg,1007,224,224,True,False,True
train,1007_4.jpg,images/1007_4.jpg,1007,224,224,True,False,True
train,1007_5.jpg,images/1007_5.jpg,1007,224,224,True,False,True
train,1008_1.jpg,images/1008_1.jpg,1008,224,224,True,False,True
train,1008_2.jpg,images/1008_2.jpg,1008,224,224,True,False,True
train,1008_3.jpg,images/1008_3.jpg,1008,224,224,True,False,True
train,1008_4.jpg,images/1008_4.jpg,1008,224,224,True,False,True
test,1009_1.jpg,images/1009_1.jpg,1009,224,224,True,False,True
test,1009_2.jpg,images/1009_2.jpg,1009,224,224,True,False,True
test,1009_3.jpg,images/1009_3.jpg,1009,224,224,True,False,True
test,1009_4.jpg,images/1009_4.jpg,1009,224,224,True,False,True
test,1009_5.jpg,images/1009_5.jpg,1009,224,224,True,False,True
test,1009_6.jpg,images/1009_6.jpg,1009,224,224,True,False,True
test,1009_7.jpg,images/1009_7.jpg,1009,224,224,True,False,True
test,1009_8.jpg,images/1009_8.jpg,1009,224,224,True,False,True
test,1009_9.jpg,images/1009_9.jpg,1009,224,224,True,False,True
test,1009_10.jpg,images/1009_10.jpg,1009,224,224,True,False,True
train,1010_1.jpg,images/1010_1.jpg,1010,224,224,True,False,True
train,1010_2.jpg,images/1010_2.jpg,1010,224,224,True,False,True
train,1010_3.jpg,images/1010_3.jpg,1010,224,224,True,False,True
train,1010_4.jpg,images/1010_4.jpg,1010,224,224,True,False,True
train,1011_1.jpg,images/1011_1.jpg,1011,224,224,True,False,True
train,1011_2.jpg,images/1011_2.jpg,1011,224,224,True,False,True
train,1011_3.jpg,images/1011_3.jpg,1011,224,224,True,False,True
train,1011_4.jpg,images/1011_4.jpg,1011,224,224,True,False,True
train,1012_1.jpg,images/1012_1.jpg,1012,224,224,True,False,True
train,1012_2.jpg,images/1012_2.jpg,1012,224,224,True,False,True
train,1012_3.jpg,images/1012_3.jpg,1012,224,224,True,False,True
train,1012_4.jpg,images/1012_4.jpg,1012,224,224,True,False,True
train,1012_5.jpg,images/1012_5.jpg,1012,224,224,True,False,True
train,1013_1.jpg,images/1013_1.jpg,1013,224,224,True,False,True
train,1013_2.jpg,images/1013_2.jpg,1013,224,224,True,False,True
train,1013_3.jpg,images/1013_3.jpg,1013,224,224,True,False,True
train,1013_4.jpg,images/1013_4.jpg,1013,224,224,True,False,True
train,1013_5.jpg,images/1013_5.jpg,1013,224,224,True,False,True
train,1014_1.jpg,images/1014_1.jpg,1014,224,224,True,False,True
train,1014_2.jpg,images/1014_2.jpg,1014,224,224,True,False,True
train,1014_3.jpg,images/1014_3.jpg,1014,224,224,True,False,True
test,1015_1.jpg,images/1015_1.jpg,1015,224,224,True,False,True
test,1015_2.jpg,images/1015_2.jpg,1015,224,224,True,False,True
test,1015_3.jpg,images/1015_3.jpg,1015,224,224,True,False,True
test,1015_4.jpg,images/1015_4.jpg,1015,224,224,True,False,True
test,1015_5.jpg,images/1015_5.jpg,1015,224,224,True,False,True
test,1015_6.jpg,images/1015_6.jpg,1015,224,224,True,False,True
test,1015_7.jpg,images/1015_7.jpg,1015,224,224,True,False,True
test,1016_1.jpg,images/1016_1.jpg,1016,224,224,True,False,True
test,1016_2.jpg,images/1016_2.jpg,1016,224,224,True,False,True
test,1016_3.jpg,images/1016_3.jpg,1016,224,224,True,False,True
test,1016_4.jpg,images/1016_4.jpg,1016,224,224,True,False,True
test,1016_5.jpg,images/1016_5.jpg,1016,224,224,True,False,True
train,1017_1.jpg,images/1017_1.jpg,1017,224,224,True,False,True
train,1017_2.jpg,images/1017_2.jpg,1017,224,224,True,False,True
train,1017_3.jpg,images/1017_3.jpg,1017,224,224,True,False,True
train,1017_4.jpg,images/1017_4.jpg,1017,224,224,True,False,True
train,1018_1.jpg,images/1018_1.jpg,1018,224,224,True,False,True
train,1018_2.jpg,images/1018_2.jpg,1018,224,224,True,False,True
train,1018_3.jpg,images/1018_3.jpg,1018,224,224,True,False,True
train,1018_4.jpg,images/1018_4.jpg,1018,224,224,True,False,True
train,1018_5.jpg,images/1018_5.jpg,1018,224,224,True,False,True
train,1019_1.jpg,images/1019_1.jpg,1019,224,224,True,False,True
train,1019_2.jpg,images/1019_2.jpg,1019,224,224,True,False,True
train,1019_3.jpg,images/1019_3.jpg,1019,224,224,True,False,True
train,1019_4.jpg,images/1019_4.jpg,1019,224,224,True,False,True
train,1019_5.jpg,images/1019_5.jpg,1019,224,224,True,False,True
train,1020_1.jpg,images/1020_1.jpg,1020,224,224,True,False,True
train,1020_2.jpg,images/1020_2.jpg,1020,224,224,True,False,True
train,1020_3.jpg,images/1020_3.jpg,1020,224,224,True,False,True
train,1020_4.jpg,images/1020_4.jpg,1020,224,224,True,False,True
train,1020_5.jpg,images/1020_5.jpg,1020,224,224,True,False,True
train,1021_1.jpg,images/1021_1.jpg,1021,224,224,True,False,True
train,1021_2.jpg,images/1021_2.jpg,1021,224,224,True,False,True
train,1021_3.jpg,images/1021_3.jpg,1021,224,224,True,False,True
train,1021_4.jpg,images/1021_4.jpg,1021,224,224,True,False,True
train,1021_5.jpg,images/1021_5.jpg,1021,224,224,True,False,True
train,1021_6.jpg,images/1021_6.jpg,1021,224,224,True,False,True
train,1022_1.jpg,images/1022_1.jpg,1022,224,224,True,False,True
train,1022_2.jpg,images/1022_2.jpg,1022,224,224,True,False,True
train,1022_3.jpg,images/1022_3.jpg,1022,224,224,True,False,True
train,1022_4.jpg,images/1022_4.jpg,1022,224,224,True,False,True
train,1022_5.jpg,images/1022_5.jpg,1022,224,224,True,False,True
train,1022_6.jpg,images/1022_6.jpg,1022,224,224,True,False,True
train,1023_1.jpg,images/1023_1.jpg,1023,224,224,True,False,True
train,1023_2.jpg,images/1023_2.jpg,1023,224,224,True,False,True
train,1023_3.jpg,images/1023_3.jpg,1023,224,224,True,False,True
train,1023_4.jpg,images/1023_4.jpg,1023,224,224,True,False,True
train,1023_5.jpg,images/1023_5.jpg,1023,224,224,True,False,True
train,1023_6.jpg,images/1023_6.jpg,1023,224,224,True,False,True
train,1024_1.jpg,images/1024_1.jpg,1024,224,224,True,False,True
train,1024_2.jpg,images/1024_2.jpg,1024,224,224,True,False,True
train,1024_3.jpg,images/1024_3.jpg,1024,224,224,True,False,True
train,1024_4.jpg,images/1024_4.jpg,1024,224,224,True,False,True
train,1024_5.jpg,images/1024_5.jpg,1024,224,224,True,False,True
train,1025_1.jpg,images/1025_1.jpg,1025,224,224,True,False,True
train,1025_2.jpg,images/1025_2.jpg,1025,224,224,True,False,True
train,1025_3.jpg,images/1025_3.jpg,1025,224,224,True,False,True
train,1025_4.jpg,images/1025_4.jpg,1025,224,224,True,False,True
train,1025_5.jpg,images/1025_5.jpg,1025,224,224,True,False,True
train,1026_1.jpg,images/1026_1.jpg,1026,224,224,True,False,True
train,1026_2.jpg,images/1026_2.jpg,1026,224,224,True,False,True
train,1026_3.jpg,images/1026_3.jpg,1026,224,224,True,False,True
train,1026_4.jpg,images/1026_4.jpg,1026,224,224,True,False,True
test,1027_1.jpg,images/1027_1.jpg,1027,224,224,True,False,True
test,1027_2.jpg,images/1027_2.jpg,1027,224,224,True,False,True
test,1027_3.jpg,images/1027_3.jpg,1027,224,224,True,False,True
test,1027_4.jpg,images/1027_4.jpg,1027,224,224,True,False,True
test,1027_5.jpg,images/1027_5.jpg,1027,224,224,True,False,True
train,1028_1.jpg,images/1028_1.jpg,1028,224,224,True,False,True
train,1028_2.jpg,images/1028_2.jpg,1028,224,224,True,False,True
train,1028_3.jpg,images/1028_3.jpg,1028,224,224,True,False,True
train,1028_4.jpg,images/1028_4.jpg,1028,224,224,True,False,True
train,1028_5.jpg,images/1028_5.jpg,1028,224,224,True,False,True
train,1029_1.jpg,images/1029_1.jpg,1029,224,224,True,False,True
train,1029_2.jpg,images/1029_2.jpg,1029,224,224,True,False,True
train,1029_3.jpg,images/1029_3.jpg,1029,224,224,True,False,True
train,1029_4.jpg,images/1029_4.jpg,1029,224,224,True,False,True
train,1029_5.jpg,images/1029_5.jpg,1029,224,224,True,False,True
train,1029_6.jpg,images/1029_6.jpg,1029,224,224,True,False,True
train,1029_7.jpg,images/1029_7.jpg,1029,224,224,True,False,True
train,1029_8.jpg,images/1029_8.jpg,1029,224,224,True,False,True
train,1029_9.jpg,images/1029_9.jpg,1029,224,224,True,False,True
train,1029_10.jpg,images/1029_10.jpg,1029,224,224,True,False,True
test,1030_1.jpg,images/1030_1.jpg,1030,224,224,True,False,True
test,1030_2.jpg,images/1030_2.jpg,1030,224,224,True,False,True
test,1030_3.jpg,images/1030_3.jpg,1030,224,224,True,False,True
train,1031_1.jpg,images/1031_1.jpg,1031,224,224,True,False,True
train,1031_2.jpg,images/1031_2.jpg,1031,224,224,True,False,True
train,1031_3.jpg,images/1031_3.jpg,1031,224,224,True,False,True
train,1031_4.jpg,images/1031_4.jpg,1031,224,224,True,False,True
train,1031_5.jpg,images/1031_5.jpg,1031,224,224,True,False,True
train,1031_6.jpg,images/1031_6.jpg,1031,224,224,True,False,True
train,1031_7.jpg,images/1031_7.jpg,1031,224,224,True,False,True
train,1032_1.jpg,images/1032_1.jpg,1032,224,224,True,False,True
train,1032_2.jpg,images/1032_2.jpg,1032,224,224,True,False,True
train,1032_3.jpg,images/1032_3.jpg,1032,224,224,True,False,True
train,1032_4.jpg,images/1032_4.jpg,1032,224,224,True,False,True
train,1032_5.jpg,images/1032_5.jpg,1032,224,224,True,False,True
train,1032_6.jpg,images/1032_6.jpg,1032,224,224,True,False,True
train,1032_7.jpg,images/1032_7.jpg,1032,224,224,True,False,True
train,1032_8.jpg,images/1032_8.jpg,1032,224,224,True,False,True
test,1033_1.jpg,images/1033_1.jpg,1033,224,224,True,False,True
test,1033_2.jpg,images/1033_2.jpg,1033,224,224,True,False,True
test,1033_3.jpg,images/1033_3.jpg,1033,224,224,True,False,True
test,1033_4.jpg,images/1033_4.jpg,1033,224,224,True,False,True
test,1033_5.jpg,images/1033_5.jpg,1033,224,224,True,False,True
test,1033_6.jpg,images/1033_6.jpg,1033,224,224,True,False,True
train,1034_1.jpg,images/1034_1.jpg,1034,224,224,True,False,True
train,1034_2.jpg,images/1034_2.jpg,1034,224,224,True,False,True
train,1034_3.jpg,images/1034_3.jpg,1034,224,224,True,False,True
train,1034_4.jpg,images/1034_4.jpg,1034,224,224,True,False,True
train,1034_5.jpg,images/1034_5.jpg,1034,224,224,True,False,True
train,1035_1.jpg,images/1035_1.jpg,1035,224,224,True,False,True
train,1035_2.jpg,images/1035_2.jpg,1035,224,224,True,False,True
train,1035_3.jpg,images/1035_3.jpg,1035,224,224,True,False,True
train,1035_4.jpg,images/1035_4.jpg,1035,224,224,True,False,True
train,1035_5.jpg,images/1035_5.jpg,1035,224,224,True,False,True
train,1036_1.jpg,images/1036_1.jpg,1036,224,224,True,False,True
train,1036_2.jpg,images/1036_2.jpg,1036,224,224,True,False,True
train,1036_3.jpg,images/1036_3.jpg,1036,224,224,True,False,True
train,1036_4.jpg,images/1036_4.jpg,1036,224,224,True,False,True
train,1036_5.jpg,images/1036_5.jpg,1036,224,224,True,False,True
train,1037_1.jpg,images/1037_1.jpg,1037,224,224,True,False,True
train,1037_2.jpg,images/1037_2.jpg,1037,224,224,True,False,True
train,1037_3.jpg,images/1037_3.jpg,1037,224,224,True,False,True
train,1038_1.jpg,images/1038_1.jpg,1038,224,224,True,False,True
train,1038_2.jpg,images/1038_2.jpg,1038,224,224,True,False,True
train,1038_3.jpg,images/1038_3.jpg,1038,224,224,True,False,True
train,1038_4.jpg,images/1038_4.jpg,1038,224,224,True,False,True
train,1038_5.jpg,images/1038_5.jpg,1038,224,224,True,False,True
train,1038_6.jpg,images/1038_6.jpg,1038,224,224,True,False,True
train,1039_1.jpg,images/1039_1.jpg,1039,224,224,True,False,True
train,1039_2.jpg,images/1039_2.jpg,1039,224,224,True,False,True
train,1039_3.jpg,images/1039_3.jpg,1039,224,224,True,False,True
train,1039_4.jpg,images/1039_4.jpg,1039,224,224,True,False,True
train,1039_5.jpg,images/1039_5.jpg,1039,224,224,True,False,True
train,1040_1.jpg,images/1040_1.jpg,1040,224,224,True,False,True
train,1040_2.jpg,images/1040_2.jpg,1040,224,224,True,False,True
train,1040_3.jpg,images/1040_3.jpg,1040,224,224,True,False,True
train,1040_4.jpg,images/1040_4.jpg,1040,224,224,True,False,True
train,1040_5.jpg,images/1040_5.jpg,1040,224,224,True,False,True
train,1040_6.jpg,images/1040_6.jpg,1040,224,224,True,False,True
train,1041_1.jpg,images/1041_1.jpg,1041,224,224,True,False,True
train,1041_2.jpg,images/1041_2.jpg,1041,224,224,True,False,True
train,1041_3.jpg,images/1041_3.jpg,1041,224,224,True,False,True
train,1041_4.jpg,images/1041_4.jpg,1041,224,224,True,False,True
train,1041_5.jpg,images/1041_5.jpg,1041,224,224,True,False,True
train,1041_6.jpg,images/1041_6.jpg,1041,224,224,True,False,True
train,1041_7.jpg,images/1041_7.jpg,1041,224,224,True,False,True
train,1042_1.jpg,images/1042_1.jpg,1042,224,224,True,False,True
train,1042_2.jpg,images/1042_2.jpg,1042,224,224,True,False,True
train,1042_3.jpg,images/1042_3.jpg,1042,224,224,True,False,True
train,1042_4.jpg,images/1042_4.jpg,1042,224,224,True,False,True
train,1042_5.jpg,images/1042_5.jpg,1042,224,224,True,False,True
train,1042_6.jpg,images/1042_6.jpg,1042,224,224,True,False,True
train,1042_7.jpg,images/1042_7.jpg,1042,224,224,True,False,True
train,1042_8.jpg,images/1042_8.jpg,1042,224,224,True,False,True
train,1043_1.jpg,images/1043_1.jpg,1043,224,224,True,False,True
train,1043_2.jpg,images/1043_2.jpg,1043,224,224,True,False,True
train,1043_3.jpg,images/1043_3.jpg,1043,224,224,True,False,True
train,1043_4.jpg,images/1043_4.jpg,1043,224,224,True,False,True
train,1044_1.jpg,images/1044_1.jpg,1044,224,224,True,False,True
train,1044_2.jpg,images/1044_2.jpg,1044,224,224,True,False,True
train,1044_3.jpg,images/1044_3.jpg,1044,224,224,True,False,True
train,1044_4.jpg,images/1044_4.jpg,1044,224,224,True,False,True
train,1044_5.jpg,images/1044_5.jpg,1044,224,224,True,False,True
test,1045_1.jpg,images/1045_1.jpg,1045,224,224,True,False,True
test,1045_2.jpg,images/1045_2.jpg,1045,224,224,True,False,True
test,1045_3.jpg,images/1045_3.jpg,1045,224,224,True,False,True
test,1045_4.jpg,images/1045_4.jpg,1045,224,224,True,False,True
test,1046_1.jpg,images/1046_1.jpg,1046,224,224,True,False,True
test,1046_2.jpg,images/1046_2.jpg,1046,224,224,True,False,True
test,1046_3.jpg,images/1046_3.jpg,1046,224,224,True,False,True
test,1046_4.jpg,images/1046_4.jpg,1046,224,224,True,False,True
test,1046_5.jpg,images/1046_5.jpg,1046,224,224,True,False,True
test,1046_6.jpg,images/1046_6.jpg,1046,224,224,True,False,True
test,1046_7.jpg,images/1046_7.jpg,1046,224,224,True,False,True
train,1047_1.jpg,images/1047_1.jpg,1047,224,224,True,False,True
train,1047_2.jpg,images/1047_2.jpg,1047,224,224,True,False,True
train,1047_3.jpg,images/1047_3.jpg,1047,224,224,True,False,True
train,1047_4.jpg,images/1047_4.jpg,1047,224,224,True,False,True
train,1047_5.jpg,images/1047_5.jpg,1047,224,224,True,False,True
train,1048_1.jpg,images/1048_1.jpg,1048,224,224,True,False,True
train,1048_2.jpg,images/1048_2.jpg,1048,224,224,True,False,True
train,1048_3.jpg,images/1048_3.jpg,1048,224,224,True,False,True
train,1048_4.jpg,images/1048_4.jpg,1048,224,224,True,False,True
train,1048_5.jpg,images/1048_5.jpg,1048,224,224,True,False,True
train,1049_1.jpg,images/1049_1.jpg,1049,224,224,True,False,True
train,1049_2.jpg,images/1049_2.jpg,1049,224,224,True,False,True
train,1049_3.jpg,images/1049_3.jpg,1049,224,224,True,False,True
train,1049_4.jpg,images/1049_4.jpg,1049,224,224,True,False,True
train,1049_5.jpg,images/1049_5.jpg,1049,224,224,True,False,True
train,1050_1.jpg,images/1050_1.jpg,1050,224,224,True,False,True
train,1050_2.jpg,images/1050_2.jpg,1050,224,224,True,False,True
train,1050_3.jpg,images/1050_3.jpg,1050,224,224,True,False,True
train,1050_4.jpg,images/1050_4.jpg,1050,224,224,True,False,True
test,1051_1.jpg,images/1051_1.jpg,1051,224,224,True,False,True
test,1051_2.jpg,images/1051_2.jpg,1051,224,224,True,False,True
test,1051_3.jpg,images/1051_3.jpg,1051,224,224,True,False,True
test,1051_4.jpg,images/1051_4.jpg,1051,224,224,True,False,True
test,1051_5.jpg,images/1051_5.jpg,1051,224,224,True,False,True
train,1052_1.jpg,images/1052_1.jpg,1052,224,224,True,False,True
train,1052_2.jpg,images/1052_2.jpg,1052,224,224,True,False,True
train,1052_3.jpg,images/1052_3.jpg,1052,224,224,True,False,True
train,1052_4.jpg,images/1052_4.jpg,1052,224,224,True,False,True
train,1052_5.jpg,images/1052_5.jpg,1052,224,224,True,False,True
train,1053_1.jpg,images/1053_1.jpg,1053,224,224,True,False,True
train,1053_2.jpg,images/1053_2.jpg,1053,224,224,True,False,True
train,1053_3.jpg,images/1053_3.jpg,1053,224,224,True,False,True
train,1054_1.jpg,images/1054_1.jpg,1054,224,224,True,False,True
train,1054_2.jpg,images/1054_2.jpg,1054,224,224,True,False,True
train,1054_3.jpg,images/1054_3.jpg,1054,224,224,True,False,True
train,1055_1.jpg,images/1055_1.jpg,1055,224,224,True,False,True
train,1055_2.jpg,images/1055_2.jpg,1055,224,224,True,False,True
train,1055_3.jpg,images/1055_3.jpg,1055,224,224,True,False,True
train,1055_4.jpg,images/1055_4.jpg,1055,224,224,True,False,True
train,1056_1.jpg,images/1056_1.jpg,1056,224,224,True,False,True
train,1056_2.jpg,images/1056_2.jpg,1056,224,224,True,False,True
train,1057_1.jpg,images/1057_1.jpg,1057,224,224,True,False,True
train,1057_2.jpg,images/1057_2.jpg,1057,224,224,True,False,True
train,1057_3.jpg,images/1057_3.jpg,1057,224,224,True,False,True
train,1057_4.jpg,images/1057_4.jpg,1057,224,224,True,False,True
train,1057_5.jpg,images/1057_5.jpg,1057,224,224,True,False,True
test,1058_1.jpg,images/1058_1.jpg,1058,224,224,True,False,True
test,1058_2.jpg,images/1058_2.jpg,1058,224,224,True,False,True
test,1058_3.jpg,images/1058_3.jpg,1058,224,224,True,False,True
test,1058_4.jpg,images/1058_4.jpg,1058,224,224,True,False,True
test,1058_5.jpg,images/1058_5.jpg,1058,224,224,True,False,True
train,1059_1.jpg,images/1059_1.jpg,1059,224,224,True,False,True
train,1059_2.jpg,images/1059_2.jpg,1059,224,224,True,False,True
train,1059_3.jpg,images/1059_3.jpg,1059,224,224,True,False,True
train,1059_4.jpg,images/1059_4.jpg,1059,224,224,True,False,True
train,1059_5.jpg,images/1059_5.jpg,1059,224,224,True,False,True
train,1059_6.jpg,images/1059_6.jpg,1059,224,224,True,False,True
train,1060_1.jpg,images/1060_1.jpg,1060,224,224,True,False,True
train,1060_2.jpg,images/1060_2.jpg,1060,224,224,True,False,True
train,1060_3.jpg,images/1060_3.jpg,1060,224,224,True,False,True
train,1060_4.jpg,images/1060_4.jpg,1060,224,224,True,False,True
train,1060_5.jpg,images/1060_5.jpg,1060,224,224,True,False,True
train,1061_1.jpg,images/1061_1.jpg,1061,224,224,True,False,True
train,1061_2.jpg,images/1061_2.jpg,1061,224,224,True,False,True
train,1061_3.jpg,images/1061_3.jpg,1061,224,224,True,False,True
train,1061_4.jpg,images/1061_4.jpg,1061,224,224,True,False,True
train,1061_5.jpg,images/1061_5.jpg,1061,224,224,True,False,True
train,1061_6.jpg,images/1061_6.jpg,1061,224,224,True,False,True
train,1061_7.jpg,images/1061_7.jpg,1061,224,224,True,False,True
train,1061_8.jpg,images/1061_8.jpg,1061,224,224,True,False,True
train,1062_1.jpg,images/1062_1.jpg,1062,224,224,True,False,True
train,1062_2.jpg,images/1062_2.jpg,1062,224,224,True,False,True
train,1062_3.jpg,images/1062_3.jpg,1062,224,224,True,False,True
train,1062_4.jpg,images/1062_4.jpg,1062,224,224,True,False,True
train,1062_5.jpg,images/1062_5.jpg,1062,224,224,True,False,True
train,1063_1.jpg,images/1063_1.jpg,1063,224,224,True,False,True
train,1063_2.jpg,images/1063_2.jpg,1063,224,224,True,False,True
train,1063_3.jpg,images/1063_3.jpg,1063,224,224,True,False,True
train,1063_4.jpg,images/1063_4.jpg,1063,224,224,True,False,True
train,1063_5.jpg,images/1063_5.jpg,1063,224,224,True,False,True
train,1063_6.jpg,images/1063_6.jpg,1063,224,224,True,False,True
train,1064_1.jpg,images/1064_1.jpg,1064,224,224,True,False,True
train,1064_2.jpg,images/1064_2.jpg,1064,224,224,True,False,True
train,1064_3.jpg,images/1064_3.jpg,1064,224,224,True,False,True
train,1064_4.jpg,images/1064_4.jpg,1064,224,224,True,False,True
train,1064_5.jpg,images/1064_5.jpg,1064,224,224,True,False,True
train,1065_1.jpg,images/1065_1.jpg,1065,224,224,True,False,True
train,1065_2.jpg,images/1065_2.jpg,1065,224,224,True,False,True
train,1065_3.jpg,images/1065_3.jpg,1065,224,224,True,False,True
train,1065_4.jpg,images/1065_4.jpg,1065,224,224,True,False,True
train,1066_1.jpg,images/1066_1.jpg,1066,224,224,True,False,True
train,1066_2.jpg,images/1066_2.jpg,1066,224,224,True,False,True
train,1066_3.jpg,images/1066_3.jpg,1066,224,224,True,False,True
train,1066_4.jpg,images/1066_4.jpg,1066,224,224,True,False,True
train,1066_5.jpg,images/1066_5.jpg,1066,224,224,True,False,True
train,1066_6.jpg,images/1066_6.jpg,1066,224,224,True,False,True
train,1067_1.jpg,images/1067_1.jpg,1067,224,224,True,False,True
train,1067_2.jpg,images/1067_2.jpg,1067,224,224,True,False,True
train,1068_1.jpg,images/1068_1.jpg,1068,224,224,True,False,True
train,1068_2.jpg,images/1068_2.jpg,1068,224,224,True,False,True
train,1068_3.jpg,images/1068_3.jpg,1068,224,224,True,False,True
train,1068_4.jpg,images/1068_4.jpg,1068,224,224,True,False,True
train,1068_5.jpg,images/1068_5.jpg,1068,224,224,True,False,True
train,1068_6.jpg,images/1068_6.jpg,1068,224,224,True,False,True
train,1069_1.jpg,images/1069_1.jpg,1069,224,224,True,False,True
train,1069_2.jpg,images/1069_2.jpg,1069,224,224,True,False,True
train,1069_3.jpg,images/1069_3.jpg,1069,224,224,True,False,True
train,1069_4.jpg,images/1069_4.jpg,1069,224,224,True,False,True
train,1069_5.jpg,images/1069_5.jpg,1069,224,224,True,False,True
train,1070_1.jpg,images/1070_1.jpg,1070,224,224,True,False,True
train,1070_2.jpg,images/1070_2.jpg,1070,224,224,True,False,True
train,1070_3.jpg,images/1070_3.jpg,1070,224,224,True,False,True
train,1070_4.jpg,images/1070_4.jpg,1070,224,224,True,False,True
train,1071_1.jpg,images/1071_1.jpg,1071,224,224,True,False,True
train,1071_2.jpg,images/1071_2.jpg,1071,224,224,True,False,True
train,1071_3.jpg,images/1071_3.jpg,1071,224,224,True,False,True
train,1071_4.jpg,images/1071_4.jpg,1071,224,224,True,False,True
train,1071_5.jpg,images/1071_5.jpg,1071,224,224,True,False,True
train,1072_1.jpg,images/1072_1.jpg,1072,224,224,True,False,True
train,1072_2.jpg,images/1072_2.jpg,1072,224,224,True,False,True
train,1072_3.jpg,images/1072_3.jpg,1072,224,224,True,False,True
test,1073_1.jpg,images/1073_1.jpg,1073,224,224,True,False,True
test,1073_2.jpg,images/1073_2.jpg,1073,224,224,True,False,True
test,1073_3.jpg,images/1073_3.jpg,1073,224,224,True,False,True
test,1073_4.jpg,images/1073_4.jpg,1073,224,224,True,False,True
test,1074_1.jpg,images/1074_1.jpg,1074,224,224,True,False,True
test,1074_2.jpg,images/1074_2.jpg,1074,224,224,True,False,True
test,1074_3.jpg,images/1074_3.jpg,1074,224,224,True,False,True
test,1074_4.jpg,images/1074_4.jpg,1074,224,224,True,False,True
test,1074_5.jpg,images/1074_5.jpg,1074,224,224,True,False,True
test,1074_6.jpg,images/1074_6.jpg,1074,224,224,True,False,True
test,1074_7.jpg,images/1074_7.jpg,1074,224,224,True,False,True
train,1075_1.jpg,images/1075_1.jpg,1075,224,224,True,False,True
train,1075_2.jpg,images/1075_2.jpg,1075,224,224,True,False,True
train,1075_3.jpg,images/1075_3.jpg,1075,224,224,True,False,True
train,1076_1.jpg,images/1076_1.jpg,1076,224,224,True,False,True
train,1076_2.jpg,images/1076_2.jpg,1076,224,224,True,False,True
train,1076_3.jpg,images/1076_3.jpg,1076,224,224,True,False,True
train,1076_4.jpg,images/1076_4.jpg,1076,224,224,True,False,True
train,1076_5.jpg,images/1076_5.jpg,1076,224,224,True,False,True
train,1076_6.jpg,images/1076_6.jpg,1076,224,224,True,False,True
train,1077_1.jpg,images/1077_1.jpg,1077,224,224,True,False,True
train,1077_2.jpg,images/1077_2.jpg,1077,224,224,True,False,True
train,1077_3.jpg,images/1077_3.jpg,1077,224,224,True,False,True
train,1077_4.jpg,images/1077_4.jpg,1077,224,224,True,False,True
train,1078_1.jpg,images/1078_1.jpg,1078,224,224,True,False,True
train,1078_2.jpg,images/1078_2.jpg,1078,224,224,True,False,True
train,1078_3.jpg,images/1078_3.jpg,1078,224,224,True,False,True
train,1078_4.jpg,images/1078_4.jpg,1078,224,224,True,False,True
train,1078_5.jpg,images/1078_5.jpg,1078,224,224,True,False,True
train,1078_6.jpg,images/1078_6.jpg,1078,224,224,True,False,True
train,1079_1.jpg,images/1079_1.jpg,1079,224,224,True,False,True
train,1079_2.jpg,images/1079_2.jpg,1079,224,224,True,False,True
train,1079_3.jpg,images/1079_3.jpg,1079,224,224,True,False,True
train,1079_4.jpg,images/1079_4.jpg,1079,224,224,True,False,True
train,1079_5.jpg,images/1079_5.jpg,1079,224,224,True,False,True
train,1079_6.jpg,images/1079_6.jpg,1079,224,224,True,False,True
train,1080_1.jpg,images/1080_1.jpg,1080,224,224,True,False,True
train,1080_2.jpg,images/1080_2.jpg,1080,224,224,True,False,True
train,1080_3.jpg,images/1080_3.jpg,1080,224,224,True,False,True
train,1080_4.jpg,images/1080_4.jpg,1080,224,224,True,False,True
train,1080_5.jpg,images/1080_5.jpg,1080,224,224,True,False,True
test,1081_1.jpg,images/1081_1.jpg,1081,224,224,True,False,True
test,1081_2.jpg,images/1081_2.jpg,1081,224,224,True,False,True
train,1082_1.jpg,images/1082_1.jpg,1082,224,224,True,False,True
train,1082_2.jpg,images/1082_2.jpg,1082,224,224,True,False,True
train,1082_3.jpg,images/1082_3.jpg,1082,224,224,True,False,True
train,1082_4.jpg,images/1082_4.jpg,1082,224,224,True,False,True
train,1082_5.jpg,images/1082_5.jpg,1082,224,224,True,False,True
train,1083_1.jpg,images/1083_1.jpg,1083,224,224,True,False,True
train,1083_2.jpg,images/1083_2.jpg,1083,224,224,True,False,True
train,1083_3.jpg,images/1083_3.jpg,1083,224,224,True,False,True
train,1083_4.jpg,images/1083_4.jpg,1083,224,224,True,False,True
train,1083_5.jpg,images/1083_5.jpg,1083,224,224,True,False,True
train,1084_1.jpg,images/1084_1.jpg,1084,224,224,True,False,True
train,1084_2.jpg,images/1084_2.jpg,1084,224,224,True,False,True
train,1084_3.jpg,images/1084_3.jpg,1084,224,224,True,False,True
test,1085_1.jpg,images/1085_1.jpg,1085,224,224,True,False,True
test,1085_2.jpg,images/1085_2.jpg,1085,224,224,True,False,True
test,1085_3.jpg,images/1085_3.jpg,1085,224,224,True,False,True
test,1085_4.jpg,images/1085_4.jpg,1085,224,224,True,False,True
train,1086_1.jpg,images/1086_1.jpg,1086,224,224,True,False,True
train,1086_2.jpg,images/1086_2.jpg,1086,224,224,True,False,True
train,1086_3.jpg,images/1086_3.jpg,1086,224,224,True,False,True
train,1086_4.jpg,images/1086_4.jpg,1086,224,224,True,False,True
train,1086_5.jpg,images/1086_5.jpg,1086,224,224,True,False,True
train,1087_1.jpg,images/1087_1.jpg,1087,224,224,True,False,True
train,1087_2.jpg,images/1087_2.jpg,1087,224,224,True,False,True
train,1087_3.jpg,images/1087_3.jpg,1087,224,224,True,False,True
train,1087_4.jpg,images/1087_4.jpg,1087,224,224,True,False,True
train,1087_5.jpg,images/1087_5.jpg,1087,224,224,True,False,True
train,1087_6.jpg,images/1087_6.jpg,1087,224,224,True,False,True
train,1088_1.jpg,images/1088_1.jpg,1088,224,224,True,False,True
train,1088_2.jpg,images/1088_2.jpg,1088,224,224,True,False,True
train,1088_3.jpg,images/1088_3.jpg,1088,224,224,True,False,True
train,1088_4.jpg,images/1088_4.jpg,1088,224,224,True,False,True
train,1088_5.jpg,images/1088_5.jpg,1088,224,224,True,False,True
train,1088_6.jpg,images/1088_6.jpg,1088,224,224,True,False,True
train,1088_7.jpg,images/1088_7.jpg,1088,224,224,True,False,True
train,1089_1.jpg,images/1089_1.jpg,1089,224,224,True,False,True
train,1089_2.jpg,images/1089_2.jpg,1089,224,224,True,False,True
train,1089_3.jpg,images/1089_3.jpg,1089,224,224,True,False,True
train,1089_4.jpg,images/1089_4.jpg,1089,224,224,True,False,True
train,1089_5.jpg,images/1089_5.jpg,1089,224,224,True,False,True
train,1090_1.jpg,images/1090_1.jpg,1090,224,224,True,False,True
train,1090_2.jpg,images/1090_2.jpg,1090,224,224,True,False,True
train,1090_3.jpg,images/1090_3.jpg,1090,224,224,True,False,True
train,1090_4.jpg,images/1090_4.jpg,1090,224,224,True,False,True
train,1090_5.jpg,images/1090_5.jpg,1090,224,224,True,False,True
train,1090_6.jpg,images/1090_6.jpg,1090,224,224,True,False,True
test,1091_1.jpg,images/1091_1.jpg,1091,224,224,True,False,True
test,1091_2.jpg,images/1091_2.jpg,1091,224,224,True,False,True
test,1091_3.jpg,images/1091_3.jpg,1091,224,224,True,False,True
test,1091_4.jpg,images/1091_4.jpg,1091,224,224,True,False,True
train,1092_1.jpg,images/1092_1.jpg,1092,224,224,True,False,True
train,1092_2.jpg,images/1092_2.jpg,1092,224,224,True,False,True
train,1092_3.jpg,images/1092_3.jpg,1092,224,224,True,False,True
train,1092_4.jpg,images/1092_4.jpg,1092,224,224,True,False,True
train,1092_5.jpg,images/1092_5.jpg,1092,224,224,True,False,True
train,1093_1.jpg,images/1093_1.jpg,1093,224,224,True,False,True
train,1093_2.jpg,images/1093_2.jpg,1093,224,224,True,False,True
train,1093_3.jpg,images/1093_3.jpg,1093,224,224,True,False,True
train,1093_4.jpg,images/1093_4.jpg,1093,224,224,True,False,True
train,1094_1.jpg,images/1094_1.jpg,1094,224,224,True,False,True
train,1094_2.jpg,images/1094_2.jpg,1094,224,224,True,False,True
train,1094_3.jpg,images/1094_3.jpg,1094,224,224,True,False,True
train,1094_4.jpg,images/1094_4.jpg,1094,224,224,True,False,True
train,1094_5.jpg,images/1094_5.jpg,1094,224,224,True,False,True
train,1095_1.jpg,images/1095_1.jpg,1095,224,224,True,False,True
train,1095_2.jpg,images/1095_2.jpg,1095,224,224,True,False,True
train,1095_3.jpg,images/1095_3.jpg,1095,224,224,True,False,True
train,1095_4.jpg,images/1095_4.jpg,1095,224,224,True,False,True
train,1095_5.jpg,images/1095_5.jpg,1095,224,224,True,False,True
train,1095_6.jpg,images/1095_6.jpg,1095,224,224,True,False,True
test,1096_1.jpg,images/1096_1.jpg,1096,224,224,True,False,True
test,1096_2.jpg,images/1096_2.jpg,1096,224,224,True,False,True
test,1096_3.jpg,images/1096_3.jpg,1096,224,224,True,False,True
test,1096_4.jpg,images/1096_4.jpg,1096,224,224,True,False,True
test,1096_5.jpg,images/1096_5.jpg,1096,224,224,True,False,True
train,1097_1.jpg,images/1097_1.jpg,1097,224,224,True,False,True
train,1097_2.jpg,images/1097_2.jpg,1097,224,224,True,False,True
train,1097_3.jpg,images/1097_3.jpg,1097,224,224,True,False,True
train,1098_1.jpg,images/1098_1.jpg,1098,224,224,True,False,True
train,1098_2.jpg,images/1098_2.jpg,1098,224,224,True,False,True
train,1098_3.jpg,images/1098_3.jpg,1098,224,224,True,False,True
train,1098_4.jpg,images/1098_4.jpg,1098,224,224,True,False,True
train,1098_5.jpg,images/1098_5.jpg,1098,224,224,True,False,True
train,1099_1.jpg,images/1099_1.jpg,1099,224,224,True,False,True
train,1099_2.jpg,images/1099_2.jpg,1099,224,224,True,False,True
train,1099_3.jpg,images/1099_3.jpg,1099,224,224,True,False,True
train,1099_4.jpg,images/1099_4.jpg,1099,224,224,True,False,True
train,1099_5.jpg,images/1099_5.jpg,1099,224,224,True,False,True
test,1100_1.jpg,images/1100_1.jpg,1100,224,224,True,False,True
test,1100_2.jpg,images/1100_2.jpg,1100,224,224,True,False,True
test,1100_3.jpg,images/1100_3.jpg,1100,224,224,True,False,True
test,1100_4.jpg,images/1100_4.jpg,1100,224,224,True,False,True
test,1100_5.jpg,images/1100_5.jpg,1100,224,224,True,False,True
test,1100_6.jpg,images/1100_6.jpg,1100,224,224,True,False,True
test,1100_7.jpg,images/1100_7.jpg,1100,224,224,True,False,True
train,1101_1.jpg,images/1101_1.jpg,1101,224,224,True,False,True
train,1101_2.jpg,images/1101_2.jpg,1101,224,224,True,False,True
train,1101_3.jpg,images/1101_3.jpg,1101,224,224,True,False,True
train,1101_4.jpg,images/1101_4.jpg,1101,224,224,True,False,True
train,1101_5.jpg,images/1101_5.jpg,1101,224,224,True,False,True
train,1102_1.jpg,images/1102_1.jpg,1102,224,224,True,False,True
train,1102_2.jpg,images/1102_2.jpg,1102,224,224,True,False,True
train,1102_3.jpg,images/1102_3.jpg,1102,224,224,True,False,True
train,1102_4.jpg,images/1102_4.jpg,1102,224,224,True,False,True
train,1102_5.jpg,images/1102_5.jpg,1102,224,224,True,False,True
train,1103_1.jpg,images/1103_1.jpg,1103,224,224,True,False,True
train,1103_2.jpg,images/1103_2.jpg,1103,224,224,True,False,True
train,1104_1.jpg,images/1104_1.jpg,1104,224,224,True,False,True
train,1104_2.jpg,images/1104_2.jpg,1104,224,224,True,False,True
train,1104_3.jpg,images/1104_3.jpg,1104,224,224,True,False,True
train,1104_4.jpg,images/1104_4.jpg,1104,224,224,True,False,True
test,1105_1.jpg,images/1105_1.jpg,1105,224,224,True,False,True
test,1105_2.jpg,images/1105_2.jpg,1105,224,224,True,False,True
test,1105_3.jpg,images/1105_3.jpg,1105,224,224,True,False,True
test,1105_4.jpg,images/1105_4.jpg,1105,224,224,True,False,True
train,1106_1.jpg,images/1106_1.jpg,1106,224,224,True,False,True
train,1106_2.jpg,images/1106_2.jpg,1106,224,224,True,False,True
train,1106_3.jpg,images/1106_3.jpg,1106,224,224,True,False,True
train,1106_4.jpg,images/1106_4.jpg,1106,224,224,True,False,True
train,1107_1.jpg,images/1107_1.jpg,1107,224,224,True,False,True
train,1107_2.jpg,images/1107_2.jpg,1107,224,224,True,False,True
train,1107_3.jpg,images/1107_3.jpg,1107,224,224,True,False,True
train,1108_1.jpg,images/1108_1.jpg,1108,224,224,True,False,True
train,1108_2.jpg,images/1108_2.jpg,1108,224,224,True,False,True
train,1108_3.jpg,images/1108_3.jpg,1108,224,224,True,False,True
train,1108_4.jpg,images/1108_4.jpg,1108,224,224,True,False,True
train,1108_5.jpg,images/1108_5.jpg,1108,224,224,True,False,True
train,1108_6.jpg,images/1108_6.jpg,1108,224,224,True,False,True
train,1109_1.jpg,images/1109_1.jpg,1109,224,224,True,False,True
train,1109_2.jpg,images/1109_2.jpg,1109,224,224,True,False,True
train,1109_3.jpg,images/1109_3.jpg,1109,224,224,True,False,True
train,1109_4.jpg,images/1109_4.jpg,1109,224,224,True,False,True
train,1109_5.jpg,images/1109_5.jpg,1109,224,224,True,False,True
train,1110_1.jpg,images/1110_1.jpg,1110,224,224,True,False,True
train,1110_2.jpg,images/1110_2.jpg,1110,224,224,True,False,True
test,1111_1.jpg,images/1111_1.jpg,1111,224,224,True,False,True
test,1111_2.jpg,images/1111_2.jpg,1111,224,224,True,False,True
test,1111_3.jpg,images/1111_3.jpg,1111,224,224,True,False,True
test,1111_4.jpg,images/1111_4.jpg,1111,224,224,True,False,True
test,1111_5.jpg,images/1111_5.jpg,1111,224,224,True,False,True
train,1112_1.jpg,images/1112_1.jpg,1112,224,224,True,False,True
train,1112_2.jpg,images/1112_2.jpg,1112,224,224,True,False,True
train,1112_3.jpg,images/1112_3.jpg,1112,224,224,True,False,True
train,1112_4.jpg,images/1112_4.jpg,1112,224,224,True,False,True
train,1112_5.jpg,images/1112_5.jpg,1112,224,224,True,False,True
train,1113_1.jpg,images/1113_1.jpg,1113,224,224,True,False,True
train,1113_2.jpg,images/1113_2.jpg,1113,224,224,True,False,True
train,1113_3.jpg,images/1113_3.jpg,1113,224,224,True,False,True
train,1113_4.jpg,images/1113_4.jpg,1113,224,224,True,False,True
train,1113_5.jpg,images/1113_5.jpg,1113,224,224,True,False,True
train,1113_6.jpg,images/1113_6.jpg,1113,224,224,True,False,True
train,1114_1.jpg,images/1114_1.jpg,1114,224,224,True,False,True
train,1114_2.jpg,images/1114_2.jpg,1114,224,224,True,False,True
train,1114_3.jpg,images/1114_3.jpg,1114,224,224,True,False,True
train,1114_4.jpg,images/1114_4.jpg,1114,224,224,True,False,True
train,1114_5.jpg,images/1114_5.jpg,1114,224,224,True,False,True
train,1114_6.jpg,images/1114_6.jpg,1114,224,224,True,False,True
test,1115_1.jpg,images/1115_1.jpg,1115,224,224,True,False,True
test,1115_2.jpg,images/1115_2.jpg,1115,224,224,True,False,True
test,1115_3.jpg,images/1115_3.jpg,1115,224,224,True,False,True
test,1115_4.jpg,images/1115_4.jpg,1115,224,224,True,False,True
test,1115_5.jpg,images/1115_5.jpg,1115,224,224,True,False,True
train,1116_1.jpg,images/1116_1.jpg,1116,224,224,True,False,True
train,1116_2.jpg,images/1116_2.jpg,1116,224,224,True,False,True
train,1116_3.jpg,images/1116_3.jpg,1116,224,224,True,False,True
train,1116_4.jpg,images/1116_4.jpg,1116,224,224,True,False,True
train,1116_5.jpg,images/1116_5.jpg,1116,224,224,True,False,True
train,1116_6.jpg,images/1116_6.jpg,1116,224,224,True,False,True
test,1117_1.jpg,images/1117_1.jpg,1117,224,224,True,False,True
test,1117_2.jpg,images/1117_2.jpg,1117,224,224,True,False,True
test,1117_3.jpg,images/1117_3.jpg,1117,224,224,True,False,True
test,1117_4.jpg,images/1117_4.jpg,1117,224,224,True,False,True
train,1118_1.jpg,images/1118_1.jpg,1118,224,224,True,False,True
train,1118_2.jpg,images/1118_2.jpg,1118,224,224,True,False,True
train,1118_3.jpg,images/1118_3.jpg,1118,224,224,True,False,True
train,1119_1.jpg,images/1119_1.jpg,1119,224,224,True,False,True
train,1119_2.jpg,images/1119_2.jpg,1119,224,224,True,False,True
train,1119_3.jpg,images/1119_3.jpg,1119,224,224,True,False,True
train,1119_4.jpg,images/1119_4.jpg,1119,224,224,True,False,True
train,1120_1.jpg,images/1120_1.jpg,1120,224,224,True,False,True
train,1120_2.jpg,images/1120_2.jpg,1120,224,224,True,False,True
train,1120_3.jpg,images/1120_3.jpg,1120,224,224,True,False,True
train,1120_4.jpg,images/1120_4.jpg,1120,224,224,True,False,True
train,1120_5.jpg,images/1120_5.jpg,1120,224,224,True,False,True
train,1121_1.jpg,images/1121_1.jpg,1121,224,224,True,False,True
train,1121_2.jpg,images/1121_2.jpg,1121,224,224,True,False,True
train,1121_3.jpg,images/1121_3.jpg,1121,224,224,True,False,True
train,1122_1.jpg,images/1122_1.jpg,1122,224,224,True,False,True
train,1122_2.jpg,images/1122_2.jpg,1122,224,224,True,False,True
train,1123_1.jpg,images/1123_1.jpg,1123,224,224,True,False,True
train,1123_2.jpg,images/1123_2.jpg,1123,224,224,True,False,True
train,1123_3.jpg,images/1123_3.jpg,1123,224,224,True,False,True
train,1124_1.jpg,images/1124_1.jpg,1124,224,224,True,False,True
train,1124_2.jpg,images/1124_2.jpg,1124,224,224,True,False,True
train,1124_3.jpg,images/1124_3.jpg,1124,224,224,True,False,True
train,1124_4.jpg,images/1124_4.jpg,1124,224,224,True,False,True
train,1125_1.jpg,images/1125_1.jpg,1125,224,224,True,False,True
train,1125_2.jpg,images/1125_2.jpg,1125,224,224,True,False,True
train,1125_3.jpg,images/1125_3.jpg,1125,224,224,True,False,True
train,1125_4.jpg,images/1125_4.jpg,1125,224,224,True,False,True
test,1126_1.jpg,images/1126_1.jpg,1126,224,224,True,False,True
test,1126_2.jpg,images/1126_2.jpg,1126,224,224,True,False,True
test,1126_3.jpg,images/1126_3.jpg,1126,224,224,True,False,True
train,1127_1.jpg,images/1127_1.jpg,1127,224,224,True,False,True
train,1127_2.jpg,images/1127_2.jpg,1127,224,224,True,False,True
train,1127_3.jpg,images/1127_3.jpg,1127,224,224,True,False,True
train,1127_4.jpg,images/1127_4.jpg,1127,224,224,True,False,True
test,1128_1.jpg,images/1128_1.jpg,1128,224,224,True,False,True
test,1128_2.jpg,images/1128_2.jpg,1128,224,224,True,False,True
test,1128_3.jpg,images/1128_3.jpg,1128,224,224,True,False,True
test,1128_4.jpg,images/1128_4.jpg,1128,224,224,True,False,True
test,1129_1.jpg,images/1129_1.jpg,1129,224,224,True,False,True
test,1129_2.jpg,images/1129_2.jpg,1129,224,224,True,False,True
test,1129_3.jpg,images/1129_3.jpg,1129,224,224,True,False,True
test,1129_4.jpg,images/1129_4.jpg,1129,224,224,True,False,True
train,1130_1.jpg,images/1130_1.jpg,1130,224,224,True,False,True
train,1130_2.jpg,images/1130_2.jpg,1130,224,224,True,False,True
train,1130_3.jpg,images/1130_3.jpg,1130,224,224,True,False,True
test,1131_1.jpg,images/1131_1.jpg,1131,224,224,True,False,True
test,1131_2.jpg,images/1131_2.jpg,1131,224,224,True,False,True
test,1131_3.jpg,images/1131_3.jpg,1131,224,224,True,False,True
test,1131_4.jpg,images/1131_4.jpg,1131,224,224,True,False,True
test,1132_1.jpg,images/1132_1.jpg,1132,224,224,True,False,True
test,1132_2.jpg,images/1132_2.jpg,1132,224,224,True,False,True
test,1132_3.jpg,images/1132_3.jpg,1132,224,224,True,False,True
test,1132_4.jpg,images/1132_4.jpg,1132,224,224,True,False,True
train,1133_1.jpg,images/1133_1.jpg,1133,224,224,True,False,True
train,1133_2.jpg,images/1133_2.jpg,1133,224,224,True,False,True
train,1133_3.jpg,images/1133_3.jpg,1133,224,224,True,False,True
train,1133_4.jpg,images/1133_4.jpg,1133,224,224,True,False,True
train,1133_5.jpg,images/1133_5.jpg,1133,224,224,True,False,True
train,1133_6.jpg,images/1133_6.jpg,1133,224,224,True,False,True
train,1133_7.jpg,images/1133_7.jpg,1133,224,224,True,False,True
train,1134_1.jpg,images/1134_1.jpg,1134,224,224,True,False,True
train,1134_2.jpg,images/1134_2.jpg,1134,224,224,True,False,True
train,1135_1.jpg,images/1135_1.jpg,1135,224,224,True,False,True
train,1135_2.jpg,images/1135_2.jpg,1135,224,224,True,False,True
train,1135_3.jpg,images/1135_3.jpg,1135,224,224,True,False,True
train,1135_4.jpg,images/1135_4.jpg,1135,224,224,True,False,True
train,1135_5.jpg,images/1135_5.jpg,1135,224,224,True,False,True
train,1136_1.jpg,images/1136_1.jpg,1136,224,224,True,False,True
train,1136_2.jpg,images/1136_2.jpg,1136,224,224,True,False,True
test,1137_1.jpg,images/1137_1.jpg,1137,224,224,True,False,True
test,1137_2.jpg,images/1137_2.jpg,1137,224,224,True,False,True
test,1137_3.jpg,images/1137_3.jpg,1137,224,224,True,False,True
test,1137_4.jpg,images/1137_4.jpg,1137,224,224,True,False,True
test,1137_5.jpg,images/1137_5.jpg,1137,224,224,True,False,True
train,1138_1.jpg,images/1138_1.jpg,1138,224,224,True,False,True
train,1138_2.jpg,images/1138_2.jpg,1138,224,224,True,False,True
train,1138_3.jpg,images/1138_3.jpg,1138,224,224,True,False,True
train,1139_1.jpg,images/1139_1.jpg,1139,224,224,True,False,True
train,1139_2.jpg,images/1139_2.jpg,1139,224,224,True,False,True
train,1139_3.jpg,images/1139_3.jpg,1139,224,224,True,False,True
train,1140_1.jpg,images/1140_1.jpg,1140,224,224,True,False,True
train,1140_2.jpg,images/1140_2.jpg,1140,224,224,True,False,True
train,1140_3.jpg,images/1140_3.jpg,1140,224,224,True,False,True
train,1140_4.jpg,images/1140_4.jpg,1140,224,224,True,False,True
train,1140_5.jpg,images/1140_5.jpg,1140,224,224,True,False,True
train,1140_6.jpg,images/1140_6.jpg,1140,224,224,True,False,True
train,1141_1.jpg,images/1141_1.jpg,1141,224,224,True,False,True
train,1141_2.jpg,images/1141_2.jpg,1141,224,224,True,False,True
train,1141_3.jpg,images/1141_3.jpg,1141,224,224,True,False,True
train,1141_4.jpg,images/1141_4.jpg,1141,224,224,True,False,True
train,1141_5.jpg,images/1141_5.jpg,1141,224,224,True,False,True
train,1141_6.jpg,images/1141_6.jpg,1141,224,224,True,False,True
train,1142_1.jpg,images/1142_1.jpg,1142,224,224,True,False,True
train,1142_2.jpg,images/1142_2.jpg,1142,224,224,True,False,True
train,1142_3.jpg,images/1142_3.jpg,1142,224,224,True,False,True
train,1142_4.jpg,images/1142_4.jpg,1142,224,224,True,False,True
train,1142_5.jpg,images/1142_5.jpg,1142,224,224,True,False,True
train,1142_6.jpg,images/1142_6.jpg,1142,224,224,True,False,True
test,1143_1.jpg,images/1143_1.jpg,1143,224,224,True,False,True
test,1143_2.jpg,images/1143_2.jpg,1143,224,224,True,False,True
test,1143_3.jpg,images/1143_3.jpg,1143,224,224,True,False,True
test,1143_4.jpg,images/1143_4.jpg,1143,224,224,True,False,True
test,1144_1.jpg,images/1144_1.jpg,1144,224,224,True,False,True
test,1144_2.jpg,images/1144_2.jpg,1144,224,224,True,False,True
test,1144_3.jpg,images/1144_3.jpg,1144,224,224,True,False,True
test,1144_4.jpg,images/1144_4.jpg,1144,224,224,True,False,True
test,1144_5.jpg,images/1144_5.jpg,1144,224,224,True,False,True
train,1145_1.jpg,images/1145_1.jpg,1145,224,224,True,False,True
train,1145_2.jpg,images/1145_2.jpg,1145,224,224,True,False,True
train,1145_3.jpg,images/1145_3.jpg,1145,224,224,True,False,True
test,1146_1.jpg,images/1146_1.jpg,1146,224,224,True,False,True
test,1146_2.jpg,images/1146_2.jpg,1146,224,224,True,False,True
train,1147_1.jpg,images/1147_1.jpg,1147,224,224,True,False,True
train,1147_2.jpg,images/1147_2.jpg,1147,224,224,True,False,True
train,1147_3.jpg,images/1147_3.jpg,1147,224,224,True,False,True
train,1148_1.jpg,images/1148_1.jpg,1148,224,224,True,False,True
train,1148_2.jpg,images/1148_2.jpg,1148,224,224,True,False,True
train,1148_3.jpg,images/1148_3.jpg,1148,224,224,True,False,True
train,1148_4.jpg,images/1148_4.jpg,1148,224,224,True,False,True
train,1148_5.jpg,images/1148_5.jpg,1148,224,224,True,False,True
train,1149_1.jpg,images/1149_1.jpg,1149,224,224,True,False,True
train,1149_2.jpg,images/1149_2.jpg,1149,224,224,True,False,True
train,1149_3.jpg,images/1149_3.jpg,1149,224,224,True,False,True
train,1150_1.jpg,images/1150_1.jpg,1150,224,224,True,False,True
train,1150_2.jpg,images/1150_2.jpg,1150,224,224,True,False,True
train,1150_3.jpg,images/1150_3.jpg,1150,224,224,True,False,True
train,1150_4.jpg,images/1150_4.jpg,1150,224,224,True,False,True
train,1150_5.jpg,images/1150_5.jpg,1150,224,224,True,False,True
test,1151_1.jpg,images/1151_1.jpg,1151,224,224,True,False,True
test,1151_2.jpg,images/1151_2.jpg,1151,224,224,True,False,True
test,1151_3.jpg,images/1151_3.jpg,1151,224,224,True,False,True
test,1151_4.jpg,images/1151_4.jpg,1151,224,224,True,False,True
test,1151_5.jpg,images/1151_5.jpg,1151,224,224,True,False,True
test,1151_6.jpg,images/1151_6.jpg,1151,224,224,True,False,True
train,1152_1.jpg,images/1152_1.jpg,1152,224,224,True,False,True
train,1152_2.jpg,images/1152_2.jpg,1152,224,224,True,False,True
train,1152_3.jpg,images/1152_3.jpg,1152,224,224,True,False,True
train,1152_4.jpg,images/1152_4.jpg,1152,224,224,True,False,True
train,1152_5.jpg,images/1152_5.jpg,1152,224,224,True,False,True
train,1152_6.jpg,images/1152_6.jpg,1152,224,224,True,False,True
test,1153_1.jpg,images/1153_1.jpg,1153,224,224,True,False,True
test,1153_2.jpg,images/1153_2.jpg,1153,224,224,True,False,True
test,1153_3.jpg,images/1153_3.jpg,1153,224,224,True,False,True
test,1153_4.jpg,images/1153_4.jpg,1153,224,224,True,False,True
test,1153_5.jpg,images/1153_5.jpg,1153,224,224,True,False,True
test,1153_6.jpg,images/1153_6.jpg,1153,224,224,True,False,True
train,1154_1.jpg,images/1154_1.jpg,1154,224,224,True,False,True
train,1154_2.jpg,images/1154_2.jpg,1154,224,224,True,False,True
train,1154_3.jpg,images/1154_3.jpg,1154,224,224,True,False,True
train,1154_4.jpg,images/1154_4.jpg,1154,224,224,True,False,True
train,1154_5.jpg,images/1154_5.jpg,1154,224,224,True,False,True
train,1154_6.jpg,images/1154_6.jpg,1154,224,224,True,False,True
train,1155_1.jpg,images/1155_1.jpg,1155,224,224,True,False,True
train,1155_2.jpg,images/1155_2.jpg,1155,224,224,True,False,True
train,1155_3.jpg,images/1155_3.jpg,1155,224,224,True,False,True
train,1155_4.jpg,images/1155_4.jpg,1155,224,224,True,False,True
train,1155_5.jpg,images/1155_5.jpg,1155,224,224,True,False,True
train,1155_6.jpg,images/1155_6.jpg,1155,224,224,True,False,True
train,1156_1.jpg,images/1156_1.jpg,1156,224,224,True,False,True
train,1156_2.jpg,images/1156_2.jpg,1156,224,224,True,False,True
train,1156_3.jpg,images/1156_3.jpg,1156,224,224,True,False,True
train,1156_4.jpg,images/1156_4.jpg,1156,224,224,True,False,True
train,1156_5.jpg,images/1156_5.jpg,1156,224,224,True,False,True
train,1156_6.jpg,images/1156_6.jpg,1156,224,224,True,False,True
train,1157_1.jpg,images/1157_1.jpg,1157,224,224,True,False,True
train,1157_2.jpg,images/1157_2.jpg,1157,224,224,True,False,True
train,1157_3.jpg,images/1157_3.jpg,1157,224,224,True,False,True
test,1158_1.jpg,images/1158_1.jpg,1158,224,224,True,False,True
test,1158_2.jpg,images/1158_2.jpg,1158,224,224,True,False,True
test,1158_3.jpg,images/1158_3.jpg,1158,224,224,True,False,True
test,1158_4.jpg,images/1158_4.jpg,1158,224,224,True,False,True
test,1158_5.jpg,images/1158_5.jpg,1158,224,224,True,False,True
test,1158_6.jpg,images/1158_6.jpg,1158,224,224,True,False,True
train,1159_1.jpg,images/1159_1.jpg,1159,224,224,True,False,True
train,1159_2.jpg,images/1159_2.jpg,1159,224,224,True,False,True
train,1159_3.jpg,images/1159_3.jpg,1159,224,224,True,False,True
train,1159_4.jpg,images/1159_4.jpg,1159,224,224,True,False,True
train,1159_5.jpg,images/1159_5.jpg,1159,224,224,True,False,True
train,1159_6.jpg,images/1159_6.jpg,1159,224,224,True,False,True
test,1160_1.jpg,images/1160_1.jpg,1160,224,224,True,False,True
test,1160_2.jpg,images/1160_2.jpg,1160,224,224,True,False,True
test,1160_3.jpg,images/1160_3.jpg,1160,224,224,True,False,True
test,1160_4.jpg,images/1160_4.jpg,1160,224,224,True,False,True
test,1160_5.jpg,images/1160_5.jpg,1160,224,224,True,False,True
test,1160_6.jpg,images/1160_6.jpg,1160,224,224,True,False,True
train,1161_1.jpg,images/1161_1.jpg,1161,224,224,True,False,True
train,1161_2.jpg,images/1161_2.jpg,1161,224,224,True,False,True
train,1161_3.jpg,images/1161_3.jpg,1161,224,224,True,False,True
train,1161_4.jpg,images/1161_4.jpg,1161,224,224,True,False,True
train,1161_5.jpg,images/1161_5.jpg,1161,224,224,True,False,True
train,1162_1.jpg,images/1162_1.jpg,1162,224,224,True,False,True
train,1162_2.jpg,images/1162_2.jpg,1162,224,224,True,False,True
train,1162_3.jpg,images/1162_3.jpg,1162,224,224,True,False,True
train,1162_4.jpg,images/1162_4.jpg,1162,224,224,True,False,True
train,1163_1.jpg,images/1163_1.jpg,1163,224,224,True,False,True
train,1163_2.jpg,images/1163_2.jpg,1163,224,224,True,False,True
train,1163_3.jpg,images/1163_3.jpg,1163,224,224,True,False,True
train,1163_4.jpg,images/1163_4.jpg,1163,224,224,True,False,True
train,1163_5.jpg,images/1163_5.jpg,1163,224,224,True,False,True
train,1164_1.jpg,images/1164_1.jpg,1164,224,224,True,False,True
train,1164_2.jpg,images/1164_2.jpg,1164,224,224,True,False,True
train,1164_3.jpg,images/1164_3.jpg,1164,224,224,True,False,True
train,1164_4.jpg,images/1164_4.jpg,1164,224,224,True,False,True
train,1164_5.jpg,images/1164_5.jpg,1164,224,224,True,False,True
train,1165_1.jpg,images/1165_1.jpg,1165,224,224,True,False,True
train,1165_2.jpg,images/1165_2.jpg,1165,224,224,True,False,True
train,1165_3.jpg,images/1165_3.jpg,1165,224,224,True,False,True
train,1165_4.jpg,images/1165_4.jpg,1165,224,224,True,False,True
train,1165_5.jpg,images/1165_5.jpg,1165,224,224,True,False,True
train,1166_1.jpg,images/1166_1.jpg,1166,224,224,True,False,True
train,1166_2.jpg,images/1166_2.jpg,1166,224,224,True,False,True
train,1166_3.jpg,images/1166_3.jpg,1166,224,224,True,False,True
train,1166_4.jpg,images/1166_4.jpg,1166,224,224,True,False,True
train,1167_1.jpg,images/1167_1.jpg,1167,224,224,True,False,True
train,1167_2.jpg,images/1167_2.jpg,1167,224,224,True,False,True
train,1167_3.jpg,images/1167_3.jpg,1167,224,224,True,False,True
train,1167_4.jpg,images/1167_4.jpg,1167,224,224,True,False,True
train,1167_5.jpg,images/1167_5.jpg,1167,224,224,True,False,True
train,1167_6.jpg,images/1167_6.jpg,1167,224,224,True,False,True
train,1167_7.jpg,images/1167_7.jpg,1167,224,224,True,False,True
train,1167_8.jpg,images/1167_8.jpg,1167,224,224,True,False,True
train,1168_1.jpg,images/1168_1.jpg,1168,224,224,True,False,True
train,1168_2.jpg,images/1168_2.jpg,1168,224,224,True,False,True
train,1168_3.jpg,images/1168_3.jpg,1168,224,224,True,False,True
train,1168_4.jpg,images/1168_4.jpg,1168,224,224,True,False,True
train,1168_5.jpg,images/1168_5.jpg,1168,224,224,True,False,True
train,1168_6.jpg,images/1168_6.jpg,1168,224,224,True,False,True
train,1169_1.jpg,images/1169_1.jpg,1169,224,224,True,False,True
train,1169_2.jpg,images/1169_2.jpg,1169,224,224,True,False,True
train,1169_3.jpg,images/1169_3.jpg,1169,224,224,True,False,True
train,1169_4.jpg,images/1169_4.jpg,1169,224,224,True,False,True
train,1170_1.jpg,images/1170_1.jpg,1170,224,224,True,False,True
train,1170_2.jpg,images/1170_2.jpg,1170,224,224,True,False,True
train,1170_3.jpg,images/1170_3.jpg,1170,224,224,True,False,True
train,1170_4.jpg,images/1170_4.jpg,1170,224,224,True,False,True
train,1170_5.jpg,images/1170_5.jpg,1170,224,224,True,False,True
train,1170_6.jpg,images/1170_6.jpg,1170,224,224,True,False,True
train,1171_1.jpg,images/1171_1.jpg,1171,224,224,True,False,True
train,1171_2.jpg,images/1171_2.jpg,1171,224,224,True,False,True
train,1171_3.jpg,images/1171_3.jpg,1171,224,224,True,False,True
train,1171_4.jpg,images/1171_4.jpg,1171,224,224,True,False,True
train,1172_1.jpg,images/1172_1.jpg,1172,224,224,True,False,True
train,1172_2.jpg,images/1172_2.jpg,1172,224,224,True,False,True
train,1172_3.jpg,images/1172_3.jpg,1172,224,224,True,False,True
train,1172_4.jpg,images/1172_4.jpg,1172,224,224,True,False,True
test,1173_1.jpg,images/1173_1.jpg,1173,224,224,True,False,True
test,1173_2.jpg,images/1173_2.jpg,1173,224,224,True,False,True
test,1173_3.jpg,images/1173_3.jpg,1173,224,224,True,False,True
test,1173_4.jpg,images/1173_4.jpg,1173,224,224,True,False,True
train,1174_1.jpg,images/1174_1.jpg,1174,224,224,True,False,True
train,1174_2.jpg,images/1174_2.jpg,1174,224,224,True,False,True
train,1174_3.jpg,images/1174_3.jpg,1174,224,224,True,False,True
train,1175_1.jpg,images/1175_1.jpg,1175,224,224,True,False,True
train,1175_2.jpg,images/1175_2.jpg,1175,224,224,True,False,True
train,1175_3.jpg,images/1175_3.jpg,1175,224,224,True,False,True
train,1175_4.jpg,images/1175_4.jpg,1175,224,224,True,False,True
train,1176_1.jpg,images/1176_1.jpg,1176,224,224,True,False,True
train,1176_2.jpg,images/1176_2.jpg,1176,224,224,True,False,True
train,1176_3.jpg,images/1176_3.jpg,1176,224,224,True,False,True
train,1176_4.jpg,images/1176_4.jpg,1176,224,224,True,False,True
train,1176_5.jpg,images/1176_5.jpg,1176,224,224,True,False,True
test,1177_1.jpg,images/1177_1.jpg,1177,224,224,True,False,True
test,1177_2.jpg,images/1177_2.jpg,1177,224,224,True,False,True
test,1177_3.jpg,images/1177_3.jpg,1177,224,224,True,False,True
test,1178_1.jpg,images/1178_1.jpg,1178,224,224,True,False,True
test,1178_2.jpg,images/1178_2.jpg,1178,224,224,True,False,True
test,1178_3.jpg,images/1178_3.jpg,1178,224,224,True,False,True
test,1178_4.jpg,images/1178_4.jpg,1178,224,224,True,False,True
test,1178_5.jpg,images/1178_5.jpg,1178,224,224,True,False,True
train,1179_1.jpg,images/1179_1.jpg,1179,224,224,True,False,True
train,1179_2.jpg,images/1179_2.jpg,1179,224,224,True,False,True
train,1179_3.jpg,images/1179_3.jpg,1179,224,224,True,False,True
train,1179_4.jpg,images/1179_4.jpg,1179,224,224,True,False,True
train,1179_5.jpg,images/1179_5.jpg,1179,224,224,True,False,True
train,1179_6.jpg,images/1179_6.jpg,1179,224,224,True,False,True
train,1179_7.jpg,images/1179_7.jpg,1179,224,224,True,False,True
train,1179_8.jpg,images/1179_8.jpg,1179,224,224,True,False,True
train,1180_1.jpg,images/1180_1.jpg,1180,224,224,True,False,True
train,1180_2.jpg,images/1180_2.jpg,1180,224,224,True,False,True
train,1180_3.jpg,images/1180_3.jpg,1180,224,224,True,False,True
train,1180_4.jpg,images/1180_4.jpg,1180,224,224,True,False,True
train,1181_1.jpg,images/1181_1.jpg,1181,224,224,True,False,True
train,1181_2.jpg,images/1181_2.jpg,1181,224,224,True,False,True
train,1181_3.jpg,images/1181_3.jpg,1181,224,224,True,False,True
train,1181_4.jpg,images/1181_4.jpg,1181,224,224,True,False,True
train,1181_5.jpg,images/1181_5.jpg,1181,224,224,True,False,True
train,1181_6.jpg,images/1181_6.jpg,1181,224,224,True,False,True
train,1182_1.jpg,images/1182_1.jpg,1182,224,224,True,False,True
train,1182_2.jpg,images/1182_2.jpg,1182,224,224,True,False,True
train,1182_3.jpg,images/1182_3.jpg,1182,224,224,True,False,True
train,1182_4.jpg,images/1182_4.jpg,1182,224,224,True,False,True
train,1182_5.jpg,images/1182_5.jpg,1182,224,224,True,False,True
train,1182_6.jpg,images/1182_6.jpg,1182,224,224,True,False,True
train,1183_1.jpg,images/1183_1.jpg,1183,224,224,True,False,True
train,1183_2.jpg,images/1183_2.jpg,1183,224,224,True,False,True
train,1183_3.jpg,images/1183_3.jpg,1183,224,224,True,False,True
train,1183_4.jpg,images/1183_4.jpg,1183,224,224,True,False,True
train,1183_5.jpg,images/1183_5.jpg,1183,224,224,True,False,True
train,1184_1.jpg,images/1184_1.jpg,1184,224,224,True,False,True
train,1184_2.jpg,images/1184_2.jpg,1184,224,224,True,False,True
train,1184_3.jpg,images/1184_3.jpg,1184,224,224,True,False,True
train,1184_4.jpg,images/1184_4.jpg,1184,224,224,True,False,True
test,1185_1.jpg,images/1185_1.jpg,1185,224,224,True,False,True
test,1185_2.jpg,images/1185_2.jpg,1185,224,224,True,False,True
test,1185_3.jpg,images/1185_3.jpg,1185,224,224,True,False,True
test,1185_4.jpg,images/1185_4.jpg,1185,224,224,True,False,True
test,1185_5.jpg,images/1185_5.jpg,1185,224,224,True,False,True
test,1186_1.jpg,images/1186_1.jpg,1186,224,224,True,False,True
test,1186_2.jpg,images/1186_2.jpg,1186,224,224,True,False,True
test,1187_1.jpg,images/1187_1.jpg,1187,224,224,True,False,True
test,1187_2.jpg,images/1187_2.jpg,1187,224,224,True,False,True
test,1187_3.jpg,images/1187_3.jpg,1187,224,224,True,False,True
test,1187_4.jpg,images/1187_4.jpg,1187,224,224,True,False,True
train,1188_1.jpg,images/1188_1.jpg,1188,224,224,True,False,True
train,1188_2.jpg,images/1188_2.jpg,1188,224,224,True,False,True
train,1188_3.jpg,images/1188_3.jpg,1188,224,224,True,False,True
test,1189_1.jpg,images/1189_1.jpg,1189,224,224,True,False,True
test,1189_2.jpg,images/1189_2.jpg,1189,224,224,True,False,True
train,1190_1.jpg,images/1190_1.jpg,1190,224,224,True,False,True
train,1190_2.jpg,images/1190_2.jpg,1190,224,224,True,False,True
train,1190_3.jpg,images/1190_3.jpg,1190,224,224,True,False,True
train,1191_1.jpg,images/1191_1.jpg,1191,224,224,True,False,True
train,1191_2.jpg,images/1191_2.jpg,1191,224,224,True,False,True
train,1191_3.jpg,images/1191_3.jpg,1191,224,224,True,False,True
train,1192_1.jpg,images/1192_1.jpg,1192,224,224,True,False,True
train,1192_2.jpg,images/1192_2.jpg,1192,224,224,True,False,True
train,1192_3.jpg,images/1192_3.jpg,1192,224,224,True,False,True
train,1192_4.jpg,images/1192_4.jpg,1192,224,224,True,False,True
train,1192_5.jpg,images/1192_5.jpg,1192,224,224,True,False,True
train,1192_6.jpg,images/1192_6.jpg,1192,224,224,True,False,True
train,1192_7.jpg,images/1192_7.jpg,1192,224,224,True,False,True
train,1193_1.jpg,images/1193_1.jpg,1193,224,224,True,False,True
train,1193_2.jpg,images/1193_2.jpg,1193,224,224,True,False,True
train,1193_3.jpg,images/1193_3.jpg,1193,224,224,True,False,True
train,1193_4.jpg,images/1193_4.jpg,1193,224,224,True,False,True
train,1193_5.jpg,images/1193_5.jpg,1193,224,224,True,False,True
train,1193_6.jpg,images/1193_6.jpg,1193,224,224,True,False,True
train,1194_1.jpg,images/1194_1.jpg,1194,224,224,True,False,True
train,1194_2.jpg,images/1194_2.jpg,1194,224,224,True,False,True
train,1194_3.jpg,images/1194_3.jpg,1194,224,224,True,False,True
train,1194_4.jpg,images/1194_4.jpg,1194,224,224,True,False,True
train,1195_1.jpg,images/1195_1.jpg,1195,224,224,True,False,True
train,1195_2.jpg,images/1195_2.jpg,1195,224,224,True,False,True
train,1195_3.jpg,images/1195_3.jpg,1195,224,224,True,False,True
train,1195_4.jpg,images/1195_4.jpg,1195,224,224,True,False,True
train,1196_1.jpg,images/1196_1.jpg,1196,224,224,True,False,True
train,1196_2.jpg,images/1196_2.jpg,1196,224,224,True,False,True
train,1196_3.jpg,images/1196_3.jpg,1196,224,224,True,False,True
train,1197_1.jpg,images/1197_1.jpg,1197,224,224,True,False,True
train,1197_2.jpg,images/1197_2.jpg,1197,224,224,True,False,True
train,1197_3.jpg,images/1197_3.jpg,1197,224,224,True,False,True
train,1197_4.jpg,images/1197_4.jpg,1197,224,224,True,False,True
train,1197_5.jpg,images/1197_5.jpg,1197,224,224,True,False,True
train,1197_6.jpg,images/1197_6.jpg,1197,224,224,True,False,True
test,1198_1.jpg,images/1198_1.jpg,1198,224,224,True,False,True
test,1198_2.jpg,images/1198_2.jpg,1198,224,224,True,False,True
test,1198_3.jpg,images/1198_3.jpg,1198,224,224,True,False,True
test,1198_4.jpg,images/1198_4.jpg,1198,224,224,True,False,True
test,1198_5.jpg,images/1198_5.jpg,1198,224,224,True,False,True
test,1198_6.jpg,images/1198_6.jpg,1198,224,224,True,False,True
train,1199_1.jpg,images/1199_1.jpg,1199,224,224,True,False,True
train,1199_2.jpg,images/1199_2.jpg,1199,224,224,True,False,True
train,1199_3.jpg,images/1199_3.jpg,1199,224,224,True,False,True
train,1199_4.jpg,images/1199_4.jpg,1199,224,224,True,False,True
test,1200_1.jpg,images/1200_1.jpg,1200,224,224,True,False,True
test,1200_2.jpg,images/1200_2.jpg,1200,224,224,True,False,True
test,1200_3.jpg,images/1200_3.jpg,1200,224,224,True,False,True
test,1200_4.jpg,images/1200_4.jpg,1200,224,224,True,False,True
train,1201_1.jpg,images/1201_1.jpg,1201,224,224,True,False,True
train,1201_2.jpg,images/1201_2.jpg,1201,224,224,True,False,True
train,1201_3.jpg,images/1201_3.jpg,1201,224,224,True,False,True
train,1201_4.jpg,images/1201_4.jpg,1201,224,224,True,False,True
train,1201_5.jpg,images/1201_5.jpg,1201,224,224,True,False,True
train,1201_6.jpg,images/1201_6.jpg,1201,224,224,True,False,True
test,1202_1.jpg,images/1202_1.jpg,1202,224,224,True,False,True
test,1202_2.jpg,images/1202_2.jpg,1202,224,224,True,False,True
test,1202_3.jpg,images/1202_3.jpg,1202,224,224,True,False,True
test,1202_4.jpg,images/1202_4.jpg,1202,224,224,True,False,True
test,1202_5.jpg,images/1202_5.jpg,1202,224,224,True,False,True
train,1203_1.jpg,images/1203_1.jpg,1203,224,224,True,False,True
train,1203_2.jpg,images/1203_2.jpg,1203,224,224,True,False,True
train,1203_3.jpg,images/1203_3.jpg,1203,224,224,True,False,True
train,1203_4.jpg,images/1203_4.jpg,1203,224,224,True,False,True
train,1203_5.jpg,images/1203_5.jpg,1203,224,224,True,False,True
train,1204_1.jpg,images/1204_1.jpg,1204,224,224,True,False,True
train,1204_2.jpg,images/1204_2.jpg,1204,224,224,True,False,True
train,1204_3.jpg,images/1204_3.jpg,1204,224,224,True,False,True
train,1204_4.jpg,images/1204_4.jpg,1204,224,224,True,False,True
train,1205_1.jpg,images/1205_1.jpg,1205,224,224,True,False,True
train,1205_2.jpg,images/1205_2.jpg,1205,224,224,True,False,True
train,1205_3.jpg,images/1205_3.jpg,1205,224,224,True,False,True
train,1205_4.jpg,images/1205_4.jpg,1205,224,224,True,False,True
train,1205_5.jpg,images/1205_5.jpg,1205,224,224,True,False,True
train,1205_6.jpg,images/1205_6.jpg,1205,224,224,True,False,True
train,1205_7.jpg,images/1205_7.jpg,1205,224,224,True,False,True
train,1205_8.jpg,images/1205_8.jpg,1205,224,224,True,False,True
train,1205_9.jpg,images/1205_9.jpg,1205,224,224,True,False,True
train,1205_10.jpg,images/1205_10.jpg,1205,224,224,True,False,True
train,1206_1.jpg,images/1206_1.jpg,1206,224,224,True,False,True
train,1206_2.jpg,images/1206_2.jpg,1206,224,224,True,False,True
train,1206_3.jpg,images/1206_3.jpg,1206,224,224,True,False,True
train,1206_4.jpg,images/1206_4.jpg,1206,224,224,True,False,True
train,1206_5.jpg,images/1206_5.jpg,1206,224,224,True,False,True
train,1206_6.jpg,images/1206_6.jpg,1206,224,224,True,False,True
train,1207_1.jpg,images/1207_1.jpg,1207,224,224,True,False,True
train,1207_2.jpg,images/1207_2.jpg,1207,224,224,True,False,True
train,1207_3.jpg,images/1207_3.jpg,1207,224,224,True,False,True
train,1207_4.jpg,images/1207_4.jpg,1207,224,224,True,False,True
train,1207_5.jpg,images/1207_5.jpg,1207,224,224,True,False,True
train,1208_1.jpg,images/1208_1.jpg,1208,224,224,True,False,True
train,1208_2.jpg,images/1208_2.jpg,1208,224,224,True,False,True
train,1208_3.jpg,images/1208_3.jpg,1208,224,224,True,False,True
train,1208_4.jpg,images/1208_4.jpg,1208,224,224,True,False,True
train,1208_5.jpg,images/1208_5.jpg,1208,224,224,True,False,True
train,1208_6.jpg,images/1208_6.jpg,1208,224,224,True,False,True
train,1209_1.jpg,images/1209_1.jpg,1209,224,224,True,False,True
train,1209_2.jpg,images/1209_2.jpg,1209,224,224,True,False,True
train,1209_3.jpg,images/1209_3.jpg,1209,224,224,True,False,True
train,1209_4.jpg,images/1209_4.jpg,1209,224,224,True,False,True
train,1210_1.jpg,images/1210_1.jpg,1210,224,224,True,False,True
train,1210_2.jpg,images/1210_2.jpg,1210,224,224,True,False,True
train,1210_3.jpg,images/1210_3.jpg,1210,224,224,True,False,True
train,1211_1.jpg,images/1211_1.jpg,1211,224,224,True,False,True
train,1211_2.jpg,images/1211_2.jpg,1211,224,224,True,False,True
train,1211_3.jpg,images/1211_3.jpg,1211,224,224,True,False,True
train,1211_4.jpg,images/1211_4.jpg,1211,224,224,True,False,True
train,1212_1.jpg,images/1212_1.jpg,1212,224,224,True,False,True
train,1212_2.jpg,images/1212_2.jpg,1212,224,224,True,False,True
train,1212_3.jpg,images/1212_3.jpg,1212,224,224,True,False,True
train,1212_4.jpg,images/1212_4.jpg,1212,224,224,True,False,True
test,1213_1.jpg,images/1213_1.jpg,1213,224,224,True,False,True
test,1213_2.jpg,images/1213_2.jpg,1213,224,224,True,False,True
test,1213_3.jpg,images/1213_3.jpg,1213,224,224,True,False,True
test,1213_4.jpg,images/1213_4.jpg,1213,224,224,True,False,True
test,1213_5.jpg,images/1213_5.jpg,1213,224,224,True,False,True
train,1214_1.jpg,images/1214_1.jpg,1214,224,224,True,False,True
train,1214_2.jpg,images/1214_2.jpg,1214,224,224,True,False,True
train,1214_3.jpg,images/1214_3.jpg,1214,224,224,True,False,True
train,1214_4.jpg,images/1214_4.jpg,1214,224,224,True,False,True
test,1215_1.jpg,images/1215_1.jpg,1215,224,224,True,False,True
test,1215_2.jpg,images/1215_2.jpg,1215,224,224,True,False,True
test,1215_3.jpg,images/1215_3.jpg,1215,224,224,True,False,True
test,1215_4.jpg,images/1215_4.jpg,1215,224,224,True,False,True
test,1216_1.jpg,images/1216_1.jpg,1216,224,224,True,False,True
test,1216_2.jpg,images/1216_2.jpg,1216,224,224,True,False,True
test,1216_3.jpg,images/1216_3.jpg,1216,224,224,True,False,True
test,1216_4.jpg,images/1216_4.jpg,1216,224,224,True,False,True
test,1216_5.jpg,images/1216_5.jpg,1216,224,224,True,False,True
test,1216_6.jpg,images/1216_6.jpg,1216,224,224,True,False,True
train,1217_1.jpg,images/1217_1.jpg,1217,224,224,True,False,True
train,1217_2.jpg,images/1217_2.jpg,1217,224,224,True,False,True
train,1217_3.jpg,images/1217_3.jpg,1217,224,224,True,False,True
train,1217_4.jpg,images/1217_4.jpg,1217,224,224,True,False,True
train,1218_1.jpg,images/1218_1.jpg,1218,224,224,True,False,True
train,1218_2.jpg,images/1218_2.jpg,1218,224,224,True,False,True
train,1218_3.jpg,images/1218_3.jpg,1218,224,224,True,False,True
train,1218_4.jpg,images/1218_4.jpg,1218,224,224,True,False,True
train,1218_5.jpg,images/1218_5.jpg,1218,224,224,True,False,True
train,1219_1.jpg,images/1219_1.jpg,1219,224,224,True,False,True
train,1219_2.jpg,images/1219_2.jpg,1219,224,224,True,False,True
train,1219_3.jpg,images/1219_3.jpg,1219,224,224,True,False,True
train,1219_4.jpg,images/1219_4.jpg,1219,224,224,True,False,True
train,1219_5.jpg,images/1219_5.jpg,1219,224,224,True,False,True
train,1219_6.jpg,images/1219_6.jpg,1219,224,224,True,False,True
train,1220_1.jpg,images/1220_1.jpg,1220,224,224,True,False,True
train,1220_2.jpg,images/1220_2.jpg,1220,224,224,True,False,True
train,1220_3.jpg,images/1220_3.jpg,1220,224,224,True,False,True
train,1220_4.jpg,images/1220_4.jpg,1220,224,224,True,False,True
train,1221_1.jpg,images/1221_1.jpg,1221,224,224,True,False,True
train,1221_2.jpg,images/1221_2.jpg,1221,224,224,True,False,True
train,1221_3.jpg,images/1221_3.jpg,1221,224,224,True,False,True
train,1221_4.jpg,images/1221_4.jpg,1221,224,224,True,False,True
test,1222_1.jpg,images/1222_1.jpg,1222,224,224,True,False,True
test,1222_2.jpg,images/1222_2.jpg,1222,224,224,True,False,True
test,1222_3.jpg,images/1222_3.jpg,1222,224,224,True,False,True
test,1222_4.jpg,images/1222_4.jpg,1222,224,224,True,False,True
train,1223_1.jpg,images/1223_1.jpg,1223,224,224,True,False,True
train,1223_2.jpg,images/1223_2.jpg,1223,224,224,True,False,True
train,1223_3.jpg,images/1223_3.jpg,1223,224,224,True,False,True
train,1223_4.jpg,images/1223_4.jpg,1223,224,224,True,False,True
train,1224_1.jpg,images/1224_1.jpg,1224,224,224,True,False,True
train,1224_2.jpg,images/1224_2.jpg,1224,224,224,True,False,True
train,1224_3.jpg,images/1224_3.jpg,1224,224,224,True,False,True
train,1224_4.jpg,images/1224_4.jpg,1224,224,224,True,False,True
train,1224_5.jpg,images/1224_5.jpg,1224,224,224,True,False,True
train,1224_6.jpg,images/1224_6.jpg,1224,224,224,True,False,True
test,1225_1.jpg,images/1225_1.jpg,1225,224,224,True,False,True
test,1225_2.jpg,images/1225_2.jpg,1225,224,224,True,False,True
test,1225_3.jpg,images/1225_3.jpg,1225,224,224,True,False,True
test,1225_4.jpg,images/1225_4.jpg,1225,224,224,True,False,True
test,1225_5.jpg,images/1225_5.jpg,1225,224,224,True,False,True
train,1226_1.jpg,images/1226_1.jpg,1226,224,224,True,False,True
train,1226_2.jpg,images/1226_2.jpg,1226,224,224,True,False,True
train,1226_3.jpg,images/1226_3.jpg,1226,224,224,True,False,True
train,1227_1.jpg,images/1227_1.jpg,1227,224,224,True,False,True
train,1227_2.jpg,images/1227_2.jpg,1227,224,224,True,False,True
train,1227_3.jpg,images/1227_3.jpg,1227,224,224,True,False,True
train,1227_4.jpg,images/1227_4.jpg,1227,224,224,True,False,True
train,1227_5.jpg,images/1227_5.jpg,1227,224,224,True,False,True
test,1228_1.jpg,images/1228_1.jpg,1228,224,224,True,False,True
test,1228_2.jpg,images/1228_2.jpg,1228,224,224,True,False,True
test,1229_1.jpg,images/1229_1.jpg,1229,224,224,True,False,True
test,1229_2.jpg,images/1229_2.jpg,1229,224,224,True,False,True
train,1230_1.jpg,images/1230_1.jpg,1230,224,224,True,False,True
train,1230_2.jpg,images/1230_2.jpg,1230,224,224,True,False,True
train,1230_3.jpg,images/1230_3.jpg,1230,224,224,True,False,True
train,1230_4.jpg,images/1230_4.jpg,1230,224,224,True,False,True
train,1230_5.jpg,images/1230_5.jpg,1230,224,224,True,False,True
train,1231_1.jpg,images/1231_1.jpg,1231,224,224,True,False,True
train,1231_2.jpg,images/1231_2.jpg,1231,224,224,True,False,True
train,1231_3.jpg,images/1231_3.jpg,1231,224,224,True,False,True
train,1232_1.jpg,images/1232_1.jpg,1232,224,224,True,False,True
train,1232_2.jpg,images/1232_2.jpg,1232,224,224,True,False,True
train,1232_3.jpg,images/1232_3.jpg,1232,224,224,True,False,True
train,1232_4.jpg,images/1232_4.jpg,1232,224,224,True,False,True
train,1233_1.jpg,images/1233_1.jpg,1233,224,224,True,False,True
train,1233_2.jpg,images/1233_2.jpg,1233,224,224,True,False,True
train,1233_3.jpg,images/1233_3.jpg,1233,224,224,True,False,True
train,1233_4.jpg,images/1233_4.jpg,1233,224,224,True,False,True
train,1234_1.jpg,images/1234_1.jpg,1234,224,224,True,False,True
train,1234_2.jpg,images/1234_2.jpg,1234,224,224,True,False,True
train,1234_3.jpg,images/1234_3.jpg,1234,224,224,True,False,True
train,1234_4.jpg,images/1234_4.jpg,1234,224,224,True,False,True
train,1234_5.jpg,images/1234_5.jpg,1234,224,224,True,False,True
train,1234_6.jpg,images/1234_6.jpg,1234,224,224,True,False,True
train,1234_7.jpg,images/1234_7.jpg,1234,224,224,True,False,True
train,1234_8.jpg,images/1234_8.jpg,1234,224,224,True,False,True
train,1234_9.jpg,images/1234_9.jpg,1234,224,224,True,False,True
train,1234_10.jpg,images/1234_10.jpg,1234,224,224,True,False,True
train,1234_11.jpg,images/1234_11.jpg,1234,224,224,True,False,True
train,1234_12.jpg,images/1234_12.jpg,1234,224,224,True,False,True
train,1234_13.jpg,images/1234_13.jpg,1234,224,224,True,False,True
train,1234_14.jpg,images/1234_14.jpg,1234,224,224,True,False,True
train,1234_15.jpg,images/1234_15.jpg,1234,224,224,True,False,True
train,1234_16.jpg,images/1234_16.jpg,1234,224,224,True,False,True
train,1234_17.jpg,images/1234_17.jpg,1234,224,224,True,False,True
train,1234_18.jpg,images/1234_18.jpg,1234,224,224,True,False,True
train,1235_1.jpg,images/1235_1.jpg,1235,224,224,True,False,True
train,1235_2.jpg,images/1235_2.jpg,1235,224,224,True,False,True
train,1235_3.jpg,images/1235_3.jpg,1235,224,224,True,False,True
train,1235_4.jpg,images/1235_4.jpg,1235,224,224,True,False,True
train,1236_1.jpg,images/1236_1.jpg,1236,224,224,True,False,True
train,1236_2.jpg,images/1236_2.jpg,1236,224,224,True,False,True
train,1236_3.jpg,images/1236_3.jpg,1236,224,224,True,False,True
train,1237_1.jpg,images/1237_1.jpg,1237,224,224,True,False,True
train,1237_2.jpg,images/1237_2.jpg,1237,224,224,True,False,True
train,1237_3.jpg,images/1237_3.jpg,1237,224,224,True,False,True
train,1237_4.jpg,images/1237_4.jpg,1237,224,224,True,False,True
train,1237_5.jpg,images/1237_5.jpg,1237,224,224,True,False,True
train,1238_1.jpg,images/1238_1.jpg,1238,224,224,True,False,True
train,1238_2.jpg,images/1238_2.jpg,1238,224,224,True,False,True
train,1238_3.jpg,images/1238_3.jpg,1238,224,224,True,False,True
train,1238_4.jpg,images/1238_4.jpg,1238,224,224,True,False,True
test,1239_1.jpg,images/1239_1.jpg,1239,224,224,True,False,True
test,1239_2.jpg,images/1239_2.jpg,1239,224,224,True,False,True
test,1239_3.jpg,images/1239_3.jpg,1239,224,224,True,False,True
test,1239_4.jpg,images/1239_4.jpg,1239,224,224,True,False,True
train,1240_1.jpg,images/1240_1.jpg,1240,224,224,True,False,True
train,1240_2.jpg,images/1240_2.jpg,1240,224,224,True,False,True
train,1240_3.jpg,images/1240_3.jpg,1240,224,224,True,False,True
train,1240_4.jpg,images/1240_4.jpg,1240,224,224,True,False,True
test,1241_1.jpg,images/1241_1.jpg,1241,224,224,True,False,True
test,1241_2.jpg,images/1241_2.jpg,1241,224,224,True,False,True
test,1241_3.jpg,images/1241_3.jpg,1241,224,224,True,False,True
test,1241_4.jpg,images/1241_4.jpg,1241,224,224,True,False,True
test,1241_5.jpg,images/1241_5.jpg,1241,224,224,True,False,True
test,1242_1.jpg,images/1242_1.jpg,1242,224,224,True,False,True
test,1242_2.jpg,images/1242_2.jpg,1242,224,224,True,False,True
test,1242_3.jpg,images/1242_3.jpg,1242,224,224,True,False,True
test,1242_4.jpg,images/1242_4.jpg,1242,224,224,True,False,True
test,1242_5.jpg,images/1242_5.jpg,1242,224,224,True,False,True
test,1243_1.jpg,images/1243_1.jpg,1243,224,224,True,False,True
test,1243_2.jpg,images/1243_2.jpg,1243,224,224,True,False,True
test,1243_3.jpg,images/1243_3.jpg,1243,224,224,True,False,True
test,1243_4.jpg,images/1243_4.jpg,1243,224,224,True,False,True
test,1243_5.jpg,images/1243_5.jpg,1243,224,224,True,False,True
test,1243_6.jpg,images/1243_6.jpg,1243,224,224,True,False,True
train,1244_1.jpg,images/1244_1.jpg,1244,224,224,True,False,True
train,1244_2.jpg,images/1244_2.jpg,1244,224,224,True,False,True
train,1244_3.jpg,images/1244_3.jpg,1244,224,224,True,False,True
train,1245_1.jpg,images/1245_1.jpg,1245,224,224,True,False,True
train,1245_2.jpg,images/1245_2.jpg,1245,224,224,True,False,True
train,1245_3.jpg,images/1245_3.jpg,1245,224,224,True,False,True
train,1245_4.jpg,images/1245_4.jpg,1245,224,224,True,False,True
train,1245_5.jpg,images/1245_5.jpg,1245,224,224,True,False,True
train,1245_6.jpg,images/1245_6.jpg,1245,224,224,True,False,True
test,1246_1.jpg,images/1246_1.jpg,1246,224,224,True,False,True
test,1246_2.jpg,images/1246_2.jpg,1246,224,224,True,False,True
test,1246_3.jpg,images/1246_3.jpg,1246,224,224,True,False,True
test,1246_4.jpg,images/1246_4.jpg,1246,224,224,True,False,True
train,1247_1.jpg,images/1247_1.jpg,1247,224,224,True,False,True
train,1247_2.jpg,images/1247_2.jpg,1247,224,224,True,False,True
train,1247_3.jpg,images/1247_3.jpg,1247,224,224,True,False,True
train,1247_4.jpg,images/1247_4.jpg,1247,224,224,True,False,True
train,1247_5.jpg,images/1247_5.jpg,1247,224,224,True,False,True
train,1247_6.jpg,images/1247_6.jpg,1247,224,224,True,False,True
test,1248_1.jpg,images/1248_1.jpg,1248,224,224,True,False,True
test,1248_2.jpg,images/1248_2.jpg,1248,224,224,True,False,True
test,1248_3.jpg,images/1248_3.jpg,1248,224,224,True,False,True
test,1248_4.jpg,images/1248_4.jpg,1248,224,224,True,False,True
test,1248_5.jpg,images/1248_5.jpg,1248,224,224,True,False,True
test,1248_6.jpg,images/1248_6.jpg,1248,224,224,True,False,True
train,1249_1.jpg,images/1249_1.jpg,1249,224,224,True,False,True
train,1249_2.jpg,images/1249_2.jpg,1249,224,224,True,False,True
train,1249_3.jpg,images/1249_3.jpg,1249,224,224,True,False,True
train,1249_4.jpg,images/1249_4.jpg,1249,224,224,True,False,True
train,1249_5.jpg,images/1249_5.jpg,1249,224,224,True,False,True
train,1250_1.jpg,images/1250_1.jpg,1250,224,224,True,False,True
train,1250_2.jpg,images/1250_2.jpg,1250,224,224,True,False,True
train,1250_3.jpg,images/1250_3.jpg,1250,224,224,True,False,True
train,1250_4.jpg,images/1250_4.jpg,1250,224,224,True,False,True
train,1250_5.jpg,images/1250_5.jpg,1250,224,224,True,False,True
train,1251_1.jpg,images/1251_1.jpg,1251,224,224,True,False,True
train,1251_2.jpg,images/1251_2.jpg,1251,224,224,True,False,True
train,1251_3.jpg,images/1251_3.jpg,1251,224,224,True,False,True
train,1251_4.jpg,images/1251_4.jpg,1251,224,224,True,False,True
train,1251_5.jpg,images/1251_5.jpg,1251,224,224,True,False,True
train,1251_6.jpg,images/1251_6.jpg,1251,224,224,True,False,True
train,1252_1.jpg,images/1252_1.jpg,1252,224,224,True,False,True
train,1252_2.jpg,images/1252_2.jpg,1252,224,224,True,False,True
train,1252_3.jpg,images/1252_3.jpg,1252,224,224,True,False,True
train,1252_4.jpg,images/1252_4.jpg,1252,224,224,True,False,True
test,1253_1.jpg,images/1253_1.jpg,1253,224,224,True,False,True
test,1253_2.jpg,images/1253_2.jpg,1253,224,224,True,False,True
test,1253_3.jpg,images/1253_3.jpg,1253,224,224,True,False,True
test,1253_4.jpg,images/1253_4.jpg,1253,224,224,True,False,True
test,1253_5.jpg,images/1253_5.jpg,1253,224,224,True,False,True
test,1253_6.jpg,images/1253_6.jpg,1253,224,224,True,False,True
train,1254_1.jpg,images/1254_1.jpg,1254,224,224,True,False,True
train,1254_2.jpg,images/1254_2.jpg,1254,224,224,True,False,True
train,1255_1.jpg,images/1255_1.jpg,1255,224,224,True,False,True
train,1255_2.jpg,images/1255_2.jpg,1255,224,224,True,False,True
train,1255_3.jpg,images/1255_3.jpg,1255,224,224,True,False,True
train,1255_4.jpg,images/1255_4.jpg,1255,224,224,True,False,True
train,1255_5.jpg,images/1255_5.jpg,1255,224,224,True,False,True
train,1255_6.jpg,images/1255_6.jpg,1255,224,224,True,False,True
train,1256_1.jpg,images/1256_1.jpg,1256,224,224,True,False,True
train,1256_2.jpg,images/1256_2.jpg,1256,224,224,True,False,True
train,1256_3.jpg,images/1256_3.jpg,1256,224,224,True,False,True
test,1257_1.jpg,images/1257_1.jpg,1257,224,224,True,False,True
test,1257_2.jpg,images/1257_2.jpg,1257,224,224,True,False,True
test,1258_1.jpg,images/1258_1.jpg,1258,224,224,True,False,True
test,1258_2.jpg,images/1258_2.jpg,1258,224,224,True,False,True
test,1258_3.jpg,images/1258_3.jpg,1258,224,224,True,False,True
test,1259_1.jpg,images/1259_1.jpg,1259,224,224,True,False,True
test,1259_2.jpg,images/1259_2.jpg,1259,224,224,True,False,True
test,1259_3.jpg,images/1259_3.jpg,1259,224,224,True,False,True
test,1259_4.jpg,images/1259_4.jpg,1259,224,224,True,False,True
train,1260_1.jpg,images/1260_1.jpg,1260,224,224,True,False,True
train,1260_2.jpg,images/1260_2.jpg,1260,224,224,True,False,True
train,1260_3.jpg,images/1260_3.jpg,1260,224,224,True,False,True
train,1260_4.jpg,images/1260_4.jpg,1260,224,224,True,False,True
train,1260_5.jpg,images/1260_5.jpg,1260,224,224,True,False,True
train,1261_1.jpg,images/1261_1.jpg,1261,224,224,True,False,True
train,1261_2.jpg,images/1261_2.jpg,1261,224,224,True,False,True
train,1261_3.jpg,images/1261_3.jpg,1261,224,224,True,False,True
train,1261_4.jpg,images/1261_4.jpg,1261,224,224,True,False,True
test,1262_1.jpg,images/1262_1.jpg,1262,224,224,True,False,True
test,1262_2.jpg,images/1262_2.jpg,1262,224,224,True,False,True
test,1262_3.jpg,images/1262_3.jpg,1262,224,224,True,False,True
train,1263_1.jpg,images/1263_1.jpg,1263,224,224,True,False,True
train,1263_2.jpg,images/1263_2.jpg,1263,224,224,True,False,True
train,1264_1.jpg,images/1264_1.jpg,1264,224,224,True,False,True
train,1264_2.jpg,images/1264_2.jpg,1264,224,224,True,False,True
train,1264_3.jpg,images/1264_3.jpg,1264,224,224,True,False,True
train,1264_4.jpg,images/1264_4.jpg,1264,224,224,True,False,True
train,1264_5.jpg,images/1264_5.jpg,1264,224,224,True,False,True
train,1264_6.jpg,images/1264_6.jpg,1264,224,224,True,False,True
test,1265_1.jpg,images/1265_1.jpg,1265,224,224,True,False,True
test,1265_2.jpg,images/1265_2.jpg,1265,224,224,True,False,True
test,1265_3.jpg,images/1265_3.jpg,1265,224,224,True,False,True
test,1265_4.jpg,images/1265_4.jpg,1265,224,224,True,False,True
test,1265_5.jpg,images/1265_5.jpg,1265,224,224,True,False,True
train,1266_1.jpg,images/1266_1.jpg,1266,224,224,True,False,True
train,1266_2.jpg,images/1266_2.jpg,1266,224,224,True,False,True
train,1266_3.jpg,images/1266_3.jpg,1266,224,224,True,False,True
train,1266_4.jpg,images/1266_4.jpg,1266,224,224,True,False,True
train,1266_5.jpg,images/1266_5.jpg,1266,224,224,True,False,True
train,1267_1.jpg,images/1267_1.jpg,1267,224,224,True,False,True
train,1267_2.jpg,images/1267_2.jpg,1267,224,224,True,False,True
train,1267_3.jpg,images/1267_3.jpg,1267,224,224,True,False,True
train,1267_4.jpg,images/1267_4.jpg,1267,224,224,True,False,True
train,1268_1.jpg,images/1268_1.jpg,1268,224,224,True,False,True
train,1268_2.jpg,images/1268_2.jpg,1268,224,224,True,False,True
train,1268_3.jpg,images/1268_3.jpg,1268,224,224,True,False,True
train,1268_4.jpg,images/1268_4.jpg,1268,224,224,True,False,True
train,1268_5.jpg,images/1268_5.jpg,1268,224,224,True,False,True
train,1268_6.jpg,images/1268_6.jpg,1268,224,224,True,False,True
train,1269_1.jpg,images/1269_1.jpg,1269,224,224,True,False,True
train,1269_2.jpg,images/1269_2.jpg,1269,224,224,True,False,True
train,1269_3.jpg,images/1269_3.jpg,1269,224,224,True,False,True
train,1270_1.jpg,images/1270_1.jpg,1270,224,224,True,False,True
train,1270_2.jpg,images/1270_2.jpg,1270,224,224,True,False,True
train,1270_3.jpg,images/1270_3.jpg,1270,224,224,True,False,True
train,1270_4.jpg,images/1270_4.jpg,1270,224,224,True,False,True
train,1271_1.jpg,images/1271_1.jpg,1271,224,224,True,False,True
train,1271_2.jpg,images/1271_2.jpg,1271,224,224,True,False,True
train,1271_3.jpg,images/1271_3.jpg,1271,224,224,True,False,True
train,1272_1.jpg,images/1272_1.jpg,1272,224,224,True,False,True
train,1272_2.jpg,images/1272_2.jpg,1272,224,224,True,False,True
train,1272_3.jpg,images/1272_3.jpg,1272,224,224,True,False,True
train,1273_1.jpg,images/1273_1.jpg,1273,224,224,True,False,True
train,1273_2.jpg,images/1273_2.jpg,1273,224,224,True,False,True
train,1273_3.jpg,images/1273_3.jpg,1273,224,224,True,False,True
train,1273_4.jpg,images/1273_4.jpg,1273,224,224,True,False,True
train,1273_5.jpg,images/1273_5.jpg,1273,224,224,True,False,True
train,1273_6.jpg,images/1273_6.jpg,1273,224,224,True,False,True
train,1274_1.jpg,images/1274_1.jpg,1274,224,224,True,False,True
train,1274_2.jpg,images/1274_2.jpg,1274,224,224,True,False,True
train,1274_3.jpg,images/1274_3.jpg,1274,224,224,True,False,True
train,1274_4.jpg,images/1274_4.jpg,1274,224,224,True,False,True
train,1274_5.jpg,images/1274_5.jpg,1274,224,224,True,False,True
train,1275_1.jpg,images/1275_1.jpg,1275,224,224,True,False,True
train,1275_2.jpg,images/1275_2.jpg,1275,224,224,True,False,True
train,1275_3.jpg,images/1275_3.jpg,1275,224,224,True,False,True
train,1275_4.jpg,images/1275_4.jpg,1275,224,224,True,False,True
train,1276_1.jpg,images/1276_1.jpg,1276,224,224,True,False,True
train,1276_2.jpg,images/1276_2.jpg,1276,224,224,True,False,True
train,1276_3.jpg,images/1276_3.jpg,1276,224,224,True,False,True
train,1277_1.jpg,images/1277_1.jpg,1277,224,224,True,False,True
train,1277_2.jpg,images/1277_2.jpg,1277,224,224,True,False,True
train,1277_3.jpg,images/1277_3.jpg,1277,224,224,True,False,True
train,1277_4.jpg,images/1277_4.jpg,1277,224,224,True,False,True
train,1277_5.jpg,images/1277_5.jpg,1277,224,224,True,False,True
train,1277_6.jpg,images/1277_6.jpg,1277,224,224,True,False,True
train,1277_7.jpg,images/1277_7.jpg,1277,224,224,True,False,True
train,1277_8.jpg,images/1277_8.jpg,1277,224,224,True,False,True
train,1277_9.jpg,images/1277_9.jpg,1277,224,224,True,False,True
train,1277_10.jpg,images/1277_10.jpg,1277,224,224,True,False,True
train,1277_11.jpg,images/1277_11.jpg,1277,224,224,True,False,True
train,1277_12.jpg,images/1277_12.jpg,1277,224,224,True,False,True
train,1277_13.jpg,images/1277_13.jpg,1277,224,224,True,False,True
train,1277_14.jpg,images/1277_14.jpg,1277,224,224,True,False,True
train,1278_1.jpg,images/1278_1.jpg,1278,224,224,True,False,True
train,1278_2.jpg,images/1278_2.jpg,1278,224,224,True,False,True
train,1278_3.jpg,images/1278_3.jpg,1278,224,224,True,False,True
train,1278_4.jpg,images/1278_4.jpg,1278,224,224,True,False,True
train,1278_5.jpg,images/1278_5.jpg,1278,224,224,True,False,True
train,1278_6.jpg,images/1278_6.jpg,1278,224,224,True,False,True
train,1279_1.jpg,images/1279_1.jpg,1279,224,224,True,False,True
train,1279_2.jpg,images/1279_2.jpg,1279,224,224,True,False,True
train,1279_3.jpg,images/1279_3.jpg,1279,224,224,True,False,True
train,1280_1.jpg,images/1280_1.jpg,1280,224,224,True,False,True
train,1280_2.jpg,images/1280_2.jpg,1280,224,224,True,False,True
train,1280_3.jpg,images/1280_3.jpg,1280,224,224,True,False,True
train,1281_1.jpg,images/1281_1.jpg,1281,224,224,True,False,True
train,1281_2.jpg,images/1281_2.jpg,1281,224,224,True,False,True
train,1281_3.jpg,images/1281_3.jpg,1281,224,224,True,False,True
test,1282_1.jpg,images/1282_1.jpg,1282,224,224,True,False,True
test,1282_2.jpg,images/1282_2.jpg,1282,224,224,True,False,True
test,1282_3.jpg,images/1282_3.jpg,1282,224,224,True,False,True
test,1282_4.jpg,images/1282_4.jpg,1282,224,224,True,False,True
test,1282_5.jpg,images/1282_5.jpg,1282,224,224,True,False,True
train,1283_1.jpg,images/1283_1.jpg,1283,224,224,True,False,True
train,1283_2.jpg,images/1283_2.jpg,1283,224,224,True,False,True
train,1283_3.jpg,images/1283_3.jpg,1283,224,224,True,False,True
train,1283_4.jpg,images/1283_4.jpg,1283,224,224,True,False,True
train,1283_5.jpg,images/1283_5.jpg,1283,224,224,True,False,True
test,1284_1.jpg,images/1284_1.jpg,1284,224,224,True,False,True
test,1284_2.jpg,images/1284_2.jpg,1284,224,224,True,False,True
test,1284_3.jpg,images/1284_3.jpg,1284,224,224,True,False,True
test,1284_4.jpg,images/1284_4.jpg,1284,224,224,True,False,True
test,1284_5.jpg,images/1284_5.jpg,1284,224,224,True,False,True
test,1284_6.jpg,images/1284_6.jpg,1284,224,224,True,False,True
train,1285_1.jpg,images/1285_1.jpg,1285,224,224,True,False,True
train,1285_2.jpg,images/1285_2.jpg,1285,224,224,True,False,True
train,1285_3.jpg,images/1285_3.jpg,1285,224,224,True,False,True
train,1285_4.jpg,images/1285_4.jpg,1285,224,224,True,False,True
train,1285_5.jpg,images/1285_5.jpg,1285,224,224,True,False,True
train,1285_6.jpg,images/1285_6.jpg,1285,224,224,True,False,True
train,1285_7.jpg,images/1285_7.jpg,1285,224,224,True,False,True
train,1286_1.jpg,images/1286_1.jpg,1286,224,224,True,False,True
train,1286_2.jpg,images/1286_2.jpg,1286,224,224,True,False,True
train,1286_3.jpg,images/1286_3.jpg,1286,224,224,True,False,True
train,1286_4.jpg,images/1286_4.jpg,1286,224,224,True,False,True
train,1286_5.jpg,images/1286_5.jpg,1286,224,224,True,False,True
train,1286_6.jpg,images/1286_6.jpg,1286,224,224,True,False,True
train,1287_1.jpg,images/1287_1.jpg,1287,224,224,True,False,True
train,1287_2.jpg,images/1287_2.jpg,1287,224,224,True,False,True
train,1287_3.jpg,images/1287_3.jpg,1287,224,224,True,False,True
train,1288_1.jpg,images/1288_1.jpg,1288,224,224,True,False,True
train,1288_2.jpg,images/1288_2.jpg,1288,224,224,True,False,True
train,1288_3.jpg,images/1288_3.jpg,1288,224,224,True,False,True
train,1289_1.jpg,images/1289_1.jpg,1289,224,224,True,False,True
train,1289_2.jpg,images/1289_2.jpg,1289,224,224,True,False,True
train,1289_3.jpg,images/1289_3.jpg,1289,224,224,True,False,True
train,1289_4.jpg,images/1289_4.jpg,1289,224,224,True,False,True
train,1289_5.jpg,images/1289_5.jpg,1289,224,224,True,False,True
train,1289_6.jpg,images/1289_6.jpg,1289,224,224,True,False,True
train,1290_1.jpg,images/1290_1.jpg,1290,224,224,True,False,True
train,1290_2.jpg,images/1290_2.jpg,1290,224,224,True,False,True
train,1290_3.jpg,images/1290_3.jpg,1290,224,224,True,False,True
train,1290_4.jpg,images/1290_4.jpg,1290,224,224,True,False,True
train,1290_5.jpg,images/1290_5.jpg,1290,224,224,True,False,True
test,1291_1.jpg,images/1291_1.jpg,1291,224,224,True,False,True
test,1291_2.jpg,images/1291_2.jpg,1291,224,224,True,False,True
train,1292_1.jpg,images/1292_1.jpg,1292,224,224,True,False,True
train,1292_2.jpg,images/1292_2.jpg,1292,224,224,True,False,True
train,1292_3.jpg,images/1292_3.jpg,1292,224,224,True,False,True
train,1293_1.jpg,images/1293_1.jpg,1293,224,224,True,False,True
train,1293_2.jpg,images/1293_2.jpg,1293,224,224,True,False,True
train,1294_1.jpg,images/1294_1.jpg,1294,224,224,True,False,True
train,1294_2.jpg,images/1294_2.jpg,1294,224,224,True,False,True
train,1294_3.jpg,images/1294_3.jpg,1294,224,224,True,False,True
train,1294_4.jpg,images/1294_4.jpg,1294,224,224,True,False,True
train,1294_5.jpg,images/1294_5.jpg,1294,224,224,True,False,True
train,1295_1.jpg,images/1295_1.jpg,1295,224,224,True,False,True
train,1295_2.jpg,images/1295_2.jpg,1295,224,224,True,False,True
train,1295_3.jpg,images/1295_3.jpg,1295,224,224,True,False,True
train,1295_4.jpg,images/1295_4.jpg,1295,224,224,True,False,True
train,1295_5.jpg,images/1295_5.jpg,1295,224,224,True,False,True
train,1295_6.jpg,images/1295_6.jpg,1295,224,224,True,False,True
train,1296_1.jpg,images/1296_1.jpg,1296,224,224,True,False,True
train,1296_2.jpg,images/1296_2.jpg,1296,224,224,True,False,True
train,1296_3.jpg,images/1296_3.jpg,1296,224,224,True,False,True
train,1296_4.jpg,images/1296_4.jpg,1296,224,224,True,False,True
train,1297_1.jpg,images/1297_1.jpg,1297,224,224,True,False,True
train,1297_2.jpg,images/1297_2.jpg,1297,224,224,True,False,True
train,1297_3.jpg,images/1297_3.jpg,1297,224,224,True,False,True
train,1297_4.jpg,images/1297_4.jpg,1297,224,224,True,False,True
train,1297_5.jpg,images/1297_5.jpg,1297,224,224,True,False,True
train,1298_1.jpg,images/1298_1.jpg,1298,224,224,True,False,True
train,1298_2.jpg,images/1298_2.jpg,1298,224,224,True,False,True
train,1298_3.jpg,images/1298_3.jpg,1298,224,224,True,False,True
train,1298_4.jpg,images/1298_4.jpg,1298,224,224,True,False,True
train,1298_5.jpg,images/1298_5.jpg,1298,224,224,True,False,True
train,1299_1.jpg,images/1299_1.jpg,1299,224,224,True,False,True
train,1299_2.jpg,images/1299_2.jpg,1299,224,224,True,False,True
train,1299_3.jpg,images/1299_3.jpg,1299,224,224,True,False,True
train,1299_4.jpg,images/1299_4.jpg,1299,224,224,True,False,True
train,1299_5.jpg,images/1299_5.jpg,1299,224,224,True,False,True
train,1300_1.jpg,images/1300_1.jpg,1300,224,224,True,False,True
train,1300_2.jpg,images/1300_2.jpg,1300,224,224,True,False,True
train,1300_3.jpg,images/1300_3.jpg,1300,224,224,True,False,True
train,1300_4.jpg,images/1300_4.jpg,1300,224,224,True,False,True
train,1300_5.jpg,images/1300_5.jpg,1300,224,224,True,False,True
train,1301_1.jpg,images/1301_1.jpg,1301,224,224,True,False,True
train,1301_2.jpg,images/1301_2.jpg,1301,224,224,True,False,True
train,1301_3.jpg,images/1301_3.jpg,1301,224,224,True,False,True
train,1301_4.jpg,images/1301_4.jpg,1301,224,224,True,False,True
train,1302_1.jpg,images/1302_1.jpg,1302,224,224,True,False,True
train,1302_2.jpg,images/1302_2.jpg,1302,224,224,True,False,True
train,1302_3.jpg,images/1302_3.jpg,1302,224,224,True,False,True
train,1302_4.jpg,images/1302_4.jpg,1302,224,224,True,False,True
train,1302_5.jpg,images/1302_5.jpg,1302,224,224,True,False,True
train,1302_6.jpg,images/1302_6.jpg,1302,224,224,True,False,True
train,1303_1.jpg,images/1303_1.jpg,1303,224,224,True,False,True
train,1303_2.jpg,images/1303_2.jpg,1303,224,224,True,False,True
train,1303_3.jpg,images/1303_3.jpg,1303,224,224,True,False,True
train,1303_4.jpg,images/1303_4.jpg,1303,224,224,True,False,True
train,1303_5.jpg,images/1303_5.jpg,1303,224,224,True,False,True
test,1304_1.jpg,images/1304_1.jpg,1304,224,224,True,False,True
test,1304_2.jpg,images/1304_2.jpg,1304,224,224,True,False,True
test,1304_3.jpg,images/1304_3.jpg,1304,224,224,True,False,True
test,1304_4.jpg,images/1304_4.jpg,1304,224,224,True,False,True
test,1304_5.jpg,images/1304_5.jpg,1304,224,224,True,False,True
train,1305_1.jpg,images/1305_1.jpg,1305,224,224,True,False,True
train,1305_2.jpg,images/1305_2.jpg,1305,224,224,True,False,True
train,1305_3.jpg,images/1305_3.jpg,1305,224,224,True,False,True
train,1306_1.jpg,images/1306_1.jpg,1306,224,224,True,False,True
train,1306_2.jpg,images/1306_2.jpg,1306,224,224,True,False,True
train,1306_3.jpg,images/1306_3.jpg,1306,224,224,True,False,True
train,1306_4.jpg,images/1306_4.jpg,1306,224,224,True,False,True
test,1307_1.jpg,images/1307_1.jpg,1307,224,224,True,False,True
test,1307_2.jpg,images/1307_2.jpg,1307,224,224,True,False,True
test,1307_3.jpg,images/1307_3.jpg,1307,224,224,True,False,True
test,1307_4.jpg,images/1307_4.jpg,1307,224,224,True,False,True
test,1307_5.jpg,images/1307_5.jpg,1307,224,224,True,False,True
train,1308_1.jpg,images/1308_1.jpg,1308,224,224,True,False,True
train,1308_2.jpg,images/1308_2.jpg,1308,224,224,True,False,True
train,1308_3.jpg,images/1308_3.jpg,1308,224,224,True,False,True
train,1308_4.jpg,images/1308_4.jpg,1308,224,224,True,False,True
train,1308_5.jpg,images/1308_5.jpg,1308,224,224,True,False,True
train,1309_1.jpg,images/1309_1.jpg,1309,224,224,True,False,True
train,1309_2.jpg,images/1309_2.jpg,1309,224,224,True,False,True
train,1309_3.jpg,images/1309_3.jpg,1309,224,224,True,False,True
train,1309_4.jpg,images/1309_4.jpg,1309,224,224,True,False,True
train,1309_5.jpg,images/1309_5.jpg,1309,224,224,True,False,True
train,1309_6.jpg,images/1309_6.jpg,1309,224,224,True,False,True
train,1310_1.jpg,images/1310_1.jpg,1310,224,224,True,False,True
train,1310_2.jpg,images/1310_2.jpg,1310,224,224,True,False,True
train,1310_3.jpg,images/1310_3.jpg,1310,224,224,True,False,True
train,1310_4.jpg,images/1310_4.jpg,1310,224,224,True,False,True
train,1310_5.jpg,images/1310_5.jpg,1310,224,224,True,False,True
train,1311_1.jpg,images/1311_1.jpg,1311,224,224,True,False,True
train,1311_2.jpg,images/1311_2.jpg,1311,224,224,True,False,True
train,1311_3.jpg,images/1311_3.jpg,1311,224,224,True,False,True
train,1311_4.jpg,images/1311_4.jpg,1311,224,224,True,False,True
train,1311_5.jpg,images/1311_5.jpg,1311,224,224,True,False,True
train,1311_6.jpg,images/1311_6.jpg,1311,224,224,True,False,True
train,1312_1.jpg,images/1312_1.jpg,1312,224,224,True,False,True
train,1312_2.jpg,images/1312_2.jpg,1312,224,224,True,False,True
train,1312_3.jpg,images/1312_3.jpg,1312,224,224,True,False,True
train,1312_4.jpg,images/1312_4.jpg,1312,224,224,True,False,True
train,1313_1.jpg,images/1313_1.jpg,1313,224,224,True,False,True
train,1313_2.jpg,images/1313_2.jpg,1313,224,224,True,False,True
train,1313_3.jpg,images/1313_3.jpg,1313,224,224,True,False,True
train,1313_4.jpg,images/1313_4.jpg,1313,224,224,True,False,True
train,1313_5.jpg,images/1313_5.jpg,1313,224,224,True,False,True
test,1314_1.jpg,images/1314_1.jpg,1314,224,224,True,False,True
test,1314_2.jpg,images/1314_2.jpg,1314,224,224,True,False,True
test,1314_3.jpg,images/1314_3.jpg,1314,224,224,True,False,True
test,1314_4.jpg,images/1314_4.jpg,1314,224,224,True,False,True
test,1314_5.jpg,images/1314_5.jpg,1314,224,224,True,False,True
test,1314_6.jpg,images/1314_6.jpg,1314,224,224,True,False,True
train,1315_1.jpg,images/1315_1.jpg,1315,224,224,True,False,True
train,1315_2.jpg,images/1315_2.jpg,1315,224,224,True,False,True
train,1315_3.jpg,images/1315_3.jpg,1315,224,224,True,False,True
train,1316_1.jpg,images/1316_1.jpg,1316,224,224,True,False,True
train,1316_2.jpg,images/1316_2.jpg,1316,224,224,True,False,True
train,1316_3.jpg,images/1316_3.jpg,1316,224,224,True,False,True
test,1317_1.jpg,images/1317_1.jpg,1317,224,224,True,False,True
test,1317_2.jpg,images/1317_2.jpg,1317,224,224,True,False,True
test,1317_3.jpg,images/1317_3.jpg,1317,224,224,True,False,True
train,1318_1.jpg,images/1318_1.jpg,1318,224,224,True,False,True
train,1318_2.jpg,images/1318_2.jpg,1318,224,224,True,False,True
train,1318_3.jpg,images/1318_3.jpg,1318,224,224,True,False,True
train,1318_4.jpg,images/1318_4.jpg,1318,224,224,True,False,True
train,1319_1.jpg,images/1319_1.jpg,1319,224,224,True,False,True
train,1319_2.jpg,images/1319_2.jpg,1319,224,224,True,False,True
train,1319_3.jpg,images/1319_3.jpg,1319,224,224,True,False,True
train,1319_4.jpg,images/1319_4.jpg,1319,224,224,True,False,True
train,1319_5.jpg,images/1319_5.jpg,1319,224,224,True,False,True
train,1319_6.jpg,images/1319_6.jpg,1319,224,224,True,False,True
test,1320_1.jpg,images/1320_1.jpg,1320,224,224,True,False,True
test,1320_2.jpg,images/1320_2.jpg,1320,224,224,True,False,True
test,1320_3.jpg,images/1320_3.jpg,1320,224,224,True,False,True
test,1320_4.jpg,images/1320_4.jpg,1320,224,224,True,False,True
test,1321_1.jpg,images/1321_1.jpg,1321,224,224,True,False,True
test,1321_2.jpg,images/1321_2.jpg,1321,224,224,True,False,True
test,1321_3.jpg,images/1321_3.jpg,1321,224,224,True,False,True
test,1321_4.jpg,images/1321_4.jpg,1321,224,224,True,False,True
test,1321_5.jpg,images/1321_5.jpg,1321,224,224,True,False,True
test,1321_6.jpg,images/1321_6.jpg,1321,224,224,True,False,True
test,1321_7.jpg,images/1321_7.jpg,1321,224,224,True,False,True
test,1321_8.jpg,images/1321_8.jpg,1321,224,224,True,False,True
train,1322_1.jpg,images/1322_1.jpg,1322,224,224,True,False,True
train,1322_2.jpg,images/1322_2.jpg,1322,224,224,True,False,True
train,1322_3.jpg,images/1322_3.jpg,1322,224,224,True,False,True
train,1322_4.jpg,images/1322_4.jpg,1322,224,224,True,False,True
train,1322_5.jpg,images/1322_5.jpg,1322,224,224,True,False,True
test,1323_1.jpg,images/1323_1.jpg,1323,224,224,True,False,True
test,1323_2.jpg,images/1323_2.jpg,1323,224,224,True,False,True
test,1323_3.jpg,images/1323_3.jpg,1323,224,224,True,False,True
test,1324_1.jpg,images/1324_1.jpg,1324,224,224,True,False,True
test,1324_2.jpg,images/1324_2.jpg,1324,224,224,True,False,True
test,1324_3.jpg,images/1324_3.jpg,1324,224,224,True,False,True
test,1324_4.jpg,images/1324_4.jpg,1324,224,224,True,False,True
test,1324_5.jpg,images/1324_5.jpg,1324,224,224,True,False,True
test,1324_6.jpg,images/1324_6.jpg,1324,224,224,True,False,True
train,1325_1.jpg,images/1325_1.jpg,1325,224,224,True,False,True
train,1325_2.jpg,images/1325_2.jpg,1325,224,224,True,False,True
train,1325_3.jpg,images/1325_3.jpg,1325,224,224,True,False,True
train,1325_4.jpg,images/1325_4.jpg,1325,224,224,True,False,True
train,1325_5.jpg,images/1325_5.jpg,1325,224,224,True,False,True
train,1326_1.jpg,images/1326_1.jpg,1326,224,224,True,False,True
train,1326_2.jpg,images/1326_2.jpg,1326,224,224,True,False,True
train,1326_3.jpg,images/1326_3.jpg,1326,224,224,True,False,True
train,1326_4.jpg,images/1326_4.jpg,1326,224,224,True,False,True
train,1326_5.jpg,images/1326_5.jpg,1326,224,224,True,False,True
train,1326_6.jpg,images/1326_6.jpg,1326,224,224,True,False,True
train,1327_1.jpg,images/1327_1.jpg,1327,224,224,True,False,True
train,1327_2.jpg,images/1327_2.jpg,1327,224,224,True,False,True
train,1328_1.jpg,images/1328_1.jpg,1328,224,224,True,False,True
train,1328_2.jpg,images/1328_2.jpg,1328,224,224,True,False,True
train,1328_3.jpg,images/1328_3.jpg,1328,224,224,True,False,True
train,1328_4.jpg,images/1328_4.jpg,1328,224,224,True,False,True
train,1328_5.jpg,images/1328_5.jpg,1328,224,224,True,False,True
train,1328_6.jpg,images/1328_6.jpg,1328,224,224,True,False,True
train,1329_1.jpg,images/1329_1.jpg,1329,224,224,True,False,True
train,1329_2.jpg,images/1329_2.jpg,1329,224,224,True,False,True
train,1329_3.jpg,images/1329_3.jpg,1329,224,224,True,False,True
train,1330_1.jpg,images/1330_1.jpg,1330,224,224,True,False,True
train,1330_2.jpg,images/1330_2.jpg,1330,224,224,True,False,True
train,1331_1.jpg,images/1331_1.jpg,1331,224,224,True,False,True
train,1331_2.jpg,images/1331_2.jpg,1331,224,224,True,False,True
train,1331_3.jpg,images/1331_3.jpg,1331,224,224,True,False,True
train,1331_4.jpg,images/1331_4.jpg,1331,224,224,True,False,True
train,1331_5.jpg,images/1331_5.jpg,1331,224,224,True,False,True
train,1331_6.jpg,images/1331_6.jpg,1331,224,224,True,False,True
train,1332_1.jpg,images/1332_1.jpg,1332,224,224,True,False,True
train,1332_2.jpg,images/1332_2.jpg,1332,224,224,True,False,True
train,1332_3.jpg,images/1332_3.jpg,1332,224,224,True,False,True
train,1332_4.jpg,images/1332_4.jpg,1332,224,224,True,False,True
train,1332_5.jpg,images/1332_5.jpg,1332,224,224,True,False,True
test,1333_1.jpg,images/1333_1.jpg,1333,224,224,True,False,True
test,1333_2.jpg,images/1333_2.jpg,1333,224,224,True,False,True
test,1333_3.jpg,images/1333_3.jpg,1333,224,224,True,False,True
test,1333_4.jpg,images/1333_4.jpg,1333,224,224,True,False,True
test,1333_5.jpg,images/1333_5.jpg,1333,224,224,True,False,True
test,1333_6.jpg,images/1333_6.jpg,1333,224,224,True,False,True
train,1334_1.jpg,images/1334_1.jpg,1334,224,224,True,False,True
train,1334_2.jpg,images/1334_2.jpg,1334,224,224,True,False,True
train,1334_3.jpg,images/1334_3.jpg,1334,224,224,True,False,True
train,1334_4.jpg,images/1334_4.jpg,1334,224,224,True,False,True
train,1334_5.jpg,images/1334_5.jpg,1334,224,224,True,False,True
train,1335_1.jpg,images/1335_1.jpg,1335,224,224,True,False,True
train,1335_2.jpg,images/1335_2.jpg,1335,224,224,True,False,True
train,1335_3.jpg,images/1335_3.jpg,1335,224,224,True,False,True
train,1336_1.jpg,images/1336_1.jpg,1336,224,224,True,False,True
train,1336_2.jpg,images/1336_2.jpg,1336,224,224,True,False,True
train,1336_3.jpg,images/1336_3.jpg,1336,224,224,True,False,True
train,1337_1.jpg,images/1337_1.jpg,1337,224,224,True,False,True
train,1337_2.jpg,images/1337_2.jpg,1337,224,224,True,False,True
train,1338_1.jpg,images/1338_1.jpg,1338,224,224,True,False,True
train,1338_2.jpg,images/1338_2.jpg,1338,224,224,True,False,True
test,1339_1.jpg,images/1339_1.jpg,1339,224,224,True,False,True
test,1339_2.jpg,images/1339_2.jpg,1339,224,224,True,False,True
test,1340_1.jpg,images/1340_1.jpg,1340,224,224,True,False,True
test,1340_2.jpg,images/1340_2.jpg,1340,224,224,True,False,True
test,1340_3.jpg,images/1340_3.jpg,1340,224,224,True,False,True
test,1340_4.jpg,images/1340_4.jpg,1340,224,224,True,False,True
test,1340_5.jpg,images/1340_5.jpg,1340,224,224,True,False,True
train,1341_1.jpg,images/1341_1.jpg,1341,224,224,True,False,True
train,1341_2.jpg,images/1341_2.jpg,1341,224,224,True,False,True
train,1341_3.jpg,images/1341_3.jpg,1341,224,224,True,False,True
train,1341_4.jpg,images/1341_4.jpg,1341,224,224,True,False,True
train,1341_5.jpg,images/1341_5.jpg,1341,224,224,True,False,True
train,1342_1.jpg,images/1342_1.jpg,1342,224,224,True,False,True
train,1342_2.jpg,images/1342_2.jpg,1342,224,224,True,False,True
train,1342_3.jpg,images/1342_3.jpg,1342,224,224,True,False,True
train,1342_4.jpg,images/1342_4.jpg,1342,224,224,True,False,True
train,1342_5.jpg,images/1342_5.jpg,1342,224,224,True,False,True
train,1342_6.jpg,images/1342_6.jpg,1342,224,224,True,False,True
train,1343_1.jpg,images/1343_1.jpg,1343,224,224,True,False,True
train,1343_2.jpg,images/1343_2.jpg,1343,224,224,True,False,True
train,1343_3.jpg,images/1343_3.jpg,1343,224,224,True,False,True
train,1344_1.jpg,images/1344_1.jpg,1344,224,224,True,False,True
train,1344_2.jpg,images/1344_2.jpg,1344,224,224,True,False,True
train,1344_3.jpg,images/1344_3.jpg,1344,224,224,True,False,True
train,1344_4.jpg,images/1344_4.jpg,1344,224,224,True,False,True
train,1345_1.jpg,images/1345_1.jpg,1345,224,224,True,False,True
train,1345_2.jpg,images/1345_2.jpg,1345,224,224,True,False,True
train,1345_3.jpg,images/1345_3.jpg,1345,224,224,True,False,True
train,1345_4.jpg,images/1345_4.jpg,1345,224,224,True,False,True
train,1345_5.jpg,images/1345_5.jpg,1345,224,224,True,False,True
train,1346_1.jpg,images/1346_1.jpg,1346,224,224,True,False,True
train,1346_2.jpg,images/1346_2.jpg,1346,224,224,True,False,True
train,1346_3.jpg,images/1346_3.jpg,1346,224,224,True,False,True
train,1346_4.jpg,images/1346_4.jpg,1346,224,224,True,False,True
train,1346_5.jpg,images/1346_5.jpg,1346,224,224,True,False,True
train,1346_6.jpg,images/1346_6.jpg,1346,224,224,True,False,True
train,1347_1.jpg,images/1347_1.jpg,1347,224,224,True,False,True
train,1347_2.jpg,images/1347_2.jpg,1347,224,224,True,False,True
train,1347_3.jpg,images/1347_3.jpg,1347,224,224,True,False,True
train,1348_1.jpg,images/1348_1.jpg,1348,224,224,True,False,True
train,1348_2.jpg,images/1348_2.jpg,1348,224,224,True,False,True
train,1348_3.jpg,images/1348_3.jpg,1348,224,224,True,False,True
train,1348_4.jpg,images/1348_4.jpg,1348,224,224,True,False,True
train,1348_5.jpg,images/1348_5.jpg,1348,224,224,True,False,True
train,1349_1.jpg,images/1349_1.jpg,1349,224,224,True,False,True
train,1349_2.jpg,images/1349_2.jpg,1349,224,224,True,False,True
train,1349_3.jpg,images/1349_3.jpg,1349,224,224,True,False,True
train,1349_4.jpg,images/1349_4.jpg,1349,224,224,True,False,True
train,1349_5.jpg,images/1349_5.jpg,1349,224,224,True,False,True
train,1349_6.jpg,images/1349_6.jpg,1349,224,224,True,False,True
train,1349_7.jpg,images/1349_7.jpg,1349,224,224,True,False,True
train,1349_8.jpg,images/1349_8.jpg,1349,224,224,True,False,True
train,1349_9.jpg,images/1349_9.jpg,1349,224,224,True,False,True
train,1349_10.jpg,images/1349_10.jpg,1349,224,224,True,False,True
train,1349_11.jpg,images/1349_11.jpg,1349,224,224,True,False,True
train,1349_12.jpg,images/1349_12.jpg,1349,224,224,True,False,True
train,1350_1.jpg,images/1350_1.jpg,1350,224,224,True,False,True
train,1350_2.jpg,images/1350_2.jpg,1350,224,224,True,False,True
train,1350_3.jpg,images/1350_3.jpg,1350,224,224,True,False,True
train,1350_4.jpg,images/1350_4.jpg,1350,224,224,True,False,True
train,1350_5.jpg,images/1350_5.jpg,1350,224,224,True,False,True
train,1350_6.jpg,images/1350_6.jpg,1350,224,224,True,False,True
train,1351_1.jpg,images/1351_1.jpg,1351,224,224,True,False,True
train,1351_2.jpg,images/1351_2.jpg,1351,224,224,True,False,True
train,1351_3.jpg,images/1351_3.jpg,1351,224,224,True,False,True
train,1351_4.jpg,images/1351_4.jpg,1351,224,224,True,False,True
train,1351_5.jpg,images/1351_5.jpg,1351,224,224,True,False,True
train,1352_1.jpg,images/1352_1.jpg,1352,224,224,True,False,True
train,1352_2.jpg,images/1352_2.jpg,1352,224,224,True,False,True
train,1352_3.jpg,images/1352_3.jpg,1352,224,224,True,False,True
train,1352_4.jpg,images/1352_4.jpg,1352,224,224,True,False,True
train,1352_5.jpg,images/1352_5.jpg,1352,224,224,True,False,True
train,1352_6.jpg,images/1352_6.jpg,1352,224,224,True,False,True
train,1353_1.jpg,images/1353_1.jpg,1353,224,224,True,False,True
train,1353_2.jpg,images/1353_2.jpg,1353,224,224,True,False,True
train,1354_1.jpg,images/1354_1.jpg,1354,224,224,True,False,True
train,1354_2.jpg,images/1354_2.jpg,1354,224,224,True,False,True
train,1354_3.jpg,images/1354_3.jpg,1354,224,224,True,False,True
train,1354_4.jpg,images/1354_4.jpg,1354,224,224,True,False,True
train,1354_5.jpg,images/1354_5.jpg,1354,224,224,True,False,True
train,1354_6.jpg,images/1354_6.jpg,1354,224,224,True,False,True
train,1355_1.jpg,images/1355_1.jpg,1355,224,224,True,False,True
train,1355_2.jpg,images/1355_2.jpg,1355,224,224,True,False,True
train,1355_3.jpg,images/1355_3.jpg,1355,224,224,True,False,True
train,1355_4.jpg,images/1355_4.jpg,1355,224,224,True,False,True
train,1355_5.jpg,images/1355_5.jpg,1355,224,224,True,False,True
train,1355_6.jpg,images/1355_6.jpg,1355,224,224,True,False,True
train,1356_1.jpg,images/1356_1.jpg,1356,224,224,True,False,True
train,1356_2.jpg,images/1356_2.jpg,1356,224,224,True,False,True
train,1356_3.jpg,images/1356_3.jpg,1356,224,224,True,False,True
train,1356_4.jpg,images/1356_4.jpg,1356,224,224,True,False,True
train,1357_1.jpg,images/1357_1.jpg,1357,224,224,True,False,True
train,1357_2.jpg,images/1357_2.jpg,1357,224,224,True,False,True
train,1357_3.jpg,images/1357_3.jpg,1357,224,224,True,False,True
train,1357_4.jpg,images/1357_4.jpg,1357,224,224,True,False,True
train,1357_5.jpg,images/1357_5.jpg,1357,224,224,True,False,True
train,1358_1.jpg,images/1358_1.jpg,1358,224,224,True,False,True
train,1358_2.jpg,images/1358_2.jpg,1358,224,224,True,False,True
train,1358_3.jpg,images/1358_3.jpg,1358,224,224,True,False,True
train,1358_4.jpg,images/1358_4.jpg,1358,224,224,True,False,True
train,1358_5.jpg,images/1358_5.jpg,1358,224,224,True,False,True
train,1358_6.jpg,images/1358_6.jpg,1358,224,224,True,False,True
train,1359_1.jpg,images/1359_1.jpg,1359,224,224,True,False,True
train,1359_2.jpg,images/1359_2.jpg,1359,224,224,True,False,True
train,1359_3.jpg,images/1359_3.jpg,1359,224,224,True,False,True
train,1359_4.jpg,images/1359_4.jpg,1359,224,224,True,False,True
train,1359_5.jpg,images/1359_5.jpg,1359,224,224,True,False,True
train,1359_6.jpg,images/1359_6.jpg,1359,224,224,True,False,True
train,1360_1.jpg,images/1360_1.jpg,1360,224,224,True,False,True
train,1360_2.jpg,images/1360_2.jpg,1360,224,224,True,False,True
train,1360_3.jpg,images/1360_3.jpg,1360,224,224,True,False,True
train,1360_4.jpg,images/1360_4.jpg,1360,224,224,True,False,True
train,1360_5.jpg,images/1360_5.jpg,1360,224,224,True,False,True
train,1360_6.jpg,images/1360_6.jpg,1360,224,224,True,False,True
train,1361_1.jpg,images/1361_1.jpg,1361,224,224,True,False,True
train,1361_2.jpg,images/1361_2.jpg,1361,224,224,True,False,True
train,1361_3.jpg,images/1361_3.jpg,1361,224,224,True,False,True
train,1361_4.jpg,images/1361_4.jpg,1361,224,224,True,False,True
test,1362_1.jpg,images/1362_1.jpg,1362,224,224,True,False,True
test,1362_2.jpg,images/1362_2.jpg,1362,224,224,True,False,True
test,1362_3.jpg,images/1362_3.jpg,1362,224,224,True,False,True
test,1362_4.jpg,images/1362_4.jpg,1362,224,224,True,False,True
test,1362_5.jpg,images/1362_5.jpg,1362,224,224,True,False,True
train,1363_1.jpg,images/1363_1.jpg,1363,224,224,True,False,True
train,1363_2.jpg,images/1363_2.jpg,1363,224,224,True,False,True
train,1363_3.jpg,images/1363_3.jpg,1363,224,224,True,False,True
train,1363_4.jpg,images/1363_4.jpg,1363,224,224,True,False,True
train,1363_5.jpg,images/1363_5.jpg,1363,224,224,True,False,True
train,1364_1.jpg,images/1364_1.jpg,1364,224,224,True,False,True
train,1364_2.jpg,images/1364_2.jpg,1364,224,224,True,False,True
train,1364_3.jpg,images/1364_3.jpg,1364,224,224,True,False,True
train,1364_4.jpg,images/1364_4.jpg,1364,224,224,True,False,True
train,1364_5.jpg,images/1364_5.jpg,1364,224,224,True,False,True
train,1365_1.jpg,images/1365_1.jpg,1365,224,224,True,False,True
train,1365_2.jpg,images/1365_2.jpg,1365,224,224,True,False,True
train,1365_3.jpg,images/1365_3.jpg,1365,224,224,True,False,True
train,1366_1.jpg,images/1366_1.jpg,1366,224,224,True,False,True
train,1366_2.jpg,images/1366_2.jpg,1366,224,224,True,False,True
train,1367_1.jpg,images/1367_1.jpg,1367,224,224,True,False,True
train,1367_2.jpg,images/1367_2.jpg,1367,224,224,True,False,True
train,1367_3.jpg,images/1367_3.jpg,1367,224,224,True,False,True
train,1367_4.jpg,images/1367_4.jpg,1367,224,224,True,False,True
train,1368_1.jpg,images/1368_1.jpg,1368,224,224,True,False,True
train,1368_2.jpg,images/1368_2.jpg,1368,224,224,True,False,True
train,1368_3.jpg,images/1368_3.jpg,1368,224,224,True,False,True
train,1368_4.jpg,images/1368_4.jpg,1368,224,224,True,False,True
train,1368_5.jpg,images/1368_5.jpg,1368,224,224,True,False,True
train,1369_1.jpg,images/1369_1.jpg,1369,224,224,True,False,True
train,1369_2.jpg,images/1369_2.jpg,1369,224,224,True,False,True
train,1369_3.jpg,images/1369_3.jpg,1369,224,224,True,False,True
train,1369_4.jpg,images/1369_4.jpg,1369,224,224,True,False,True
train,1369_5.jpg,images/1369_5.jpg,1369,224,224,True,False,True
train,1370_1.jpg,images/1370_1.jpg,1370,224,224,True,False,True
train,1370_2.jpg,images/1370_2.jpg,1370,224,224,True,False,True
train,1370_3.jpg,images/1370_3.jpg,1370,224,224,True,False,True
train,1371_1.jpg,images/1371_1.jpg,1371,224,224,True,False,True
train,1371_2.jpg,images/1371_2.jpg,1371,224,224,True,False,True
train,1371_3.jpg,images/1371_3.jpg,1371,224,224,True,False,True
train,1371_4.jpg,images/1371_4.jpg,1371,224,224,True,False,True
train,1371_5.jpg,images/1371_5.jpg,1371,224,224,True,False,True
train,1371_6.jpg,images/1371_6.jpg,1371,224,224,True,False,True
train,1371_7.jpg,images/1371_7.jpg,1371,224,224,True,False,True
train,1371_8.jpg,images/1371_8.jpg,1371,224,224,True,False,True
train,1371_9.jpg,images/1371_9.jpg,1371,224,224,True,False,True
train,1371_10.jpg,images/1371_10.jpg,1371,224,224,True,False,True
train,1371_11.jpg,images/1371_11.jpg,1371,224,224,True,False,True
train,1371_12.jpg,images/1371_12.jpg,1371,224,224,True,False,True
train,1371_13.jpg,images/1371_13.jpg,1371,224,224,True,False,True
train,1372_1.jpg,images/1372_1.jpg,1372,224,224,True,False,True
train,1372_2.jpg,images/1372_2.jpg,1372,224,224,True,False,True
train,1372_3.jpg,images/1372_3.jpg,1372,224,224,True,False,True
train,1372_4.jpg,images/1372_4.jpg,1372,224,224,True,False,True
train,1372_5.jpg,images/1372_5.jpg,1372,224,224,True,False,True
train,1373_1.jpg,images/1373_1.jpg,1373,224,224,True,False,True
train,1373_2.jpg,images/1373_2.jpg,1373,224,224,True,False,True
train,1373_3.jpg,images/1373_3.jpg,1373,224,224,True,False,True
train,1373_4.jpg,images/1373_4.jpg,1373,224,224,True,False,True
train,1373_5.jpg,images/1373_5.jpg,1373,224,224,True,False,True
train,1374_1.jpg,images/1374_1.jpg,1374,224,224,True,False,True
train,1374_2.jpg,images/1374_2.jpg,1374,224,224,True,False,True
train,1375_1.jpg,images/1375_1.jpg,1375,224,224,True,False,True
train,1375_2.jpg,images/1375_2.jpg,1375,224,224,True,False,True
train,1375_3.jpg,images/1375_3.jpg,1375,224,224,True,False,True
train,1375_4.jpg,images/1375_4.jpg,1375,224,224,True,False,True
train,1375_5.jpg,images/1375_5.jpg,1375,224,224,True,False,True
train,1375_6.jpg,images/1375_6.jpg,1375,224,224,True,False,True
train,1375_7.jpg,images/1375_7.jpg,1375,224,224,True,False,True
train,1375_8.jpg,images/1375_8.jpg,1375,224,224,True,False,True
train,1375_9.jpg,images/1375_9.jpg,1375,224,224,True,False,True
train,1376_1.jpg,images/1376_1.jpg,1376,224,224,True,False,True
train,1376_2.jpg,images/1376_2.jpg,1376,224,224,True,False,True
test,1377_1.jpg,images/1377_1.jpg,1377,224,224,True,False,True
test,1377_2.jpg,images/1377_2.jpg,1377,224,224,True,False,True
test,1377_3.jpg,images/1377_3.jpg,1377,224,224,True,False,True
test,1377_4.jpg,images/1377_4.jpg,1377,224,224,True,False,True
test,1377_5.jpg,images/1377_5.jpg,1377,224,224,True,False,True
train,1378_1.jpg,images/1378_1.jpg,1378,224,224,True,False,True
train,1378_2.jpg,images/1378_2.jpg,1378,224,224,True,False,True
train,1378_3.jpg,images/1378_3.jpg,1378,224,224,True,False,True
train,1378_4.jpg,images/1378_4.jpg,1378,224,224,True,False,True
train,1378_5.jpg,images/1378_5.jpg,1378,224,224,True,False,True
test,1379_1.jpg,images/1379_1.jpg,1379,224,224,True,False,True
test,1379_2.jpg,images/1379_2.jpg,1379,224,224,True,False,True
test,1379_3.jpg,images/1379_3.jpg,1379,224,224,True,False,True
test,1379_4.jpg,images/1379_4.jpg,1379,224,224,True,False,True
train,1380_1.jpg,images/1380_1.jpg,1380,224,224,True,False,True
train,1380_2.jpg,images/1380_2.jpg,1380,224,224,True,False,True
train,1380_3.jpg,images/1380_3.jpg,1380,224,224,True,False,True
train,1380_4.jpg,images/1380_4.jpg,1380,224,224,True,False,True
train,1380_5.jpg,images/1380_5.jpg,1380,224,224,True,False,True
train,1381_1.jpg,images/1381_1.jpg,1381,224,224,True,False,True
train,1381_2.jpg,images/1381_2.jpg,1381,224,224,True,False,True
train,1381_3.jpg,images/1381_3.jpg,1381,224,224,True,False,True
train,1381_4.jpg,images/1381_4.jpg,1381,224,224,True,False,True
train,1381_5.jpg,images/1381_5.jpg,1381,224,224,True,False,True
train,1382_1.jpg,images/1382_1.jpg,1382,224,224,True,False,True
train,1382_2.jpg,images/1382_2.jpg,1382,224,224,True,False,True
train,1382_3.jpg,images/1382_3.jpg,1382,224,224,True,False,True
train,1382_4.jpg,images/1382_4.jpg,1382,224,224,True,False,True
train,1382_5.jpg,images/1382_5.jpg,1382,224,224,True,False,True
train,1382_6.jpg,images/1382_6.jpg,1382,224,224,True,False,True
train,1382_7.jpg,images/1382_7.jpg,1382,224,224,True,False,True
train,1382_8.jpg,images/1382_8.jpg,1382,224,224,True,False,True
train,1382_9.jpg,images/1382_9.jpg,1382,224,224,True,False,True
train,1382_10.jpg,images/1382_10.jpg,1382,224,224,True,False,True
train,1382_11.jpg,images/1382_11.jpg,1382,224,224,True,False,True
train,1382_12.jpg,images/1382_12.jpg,1382,224,224,True,False,True
train,1382_13.jpg,images/1382_13.jpg,1382,224,224,True,False,True
train,1383_1.jpg,images/1383_1.jpg,1383,224,224,True,False,True
train,1383_2.jpg,images/1383_2.jpg,1383,224,224,True,False,True
train,1383_3.jpg,images/1383_3.jpg,1383,224,224,True,False,True
train,1383_4.jpg,images/1383_4.jpg,1383,224,224,True,False,True
train,1383_5.jpg,images/1383_5.jpg,1383,224,224,True,False,True
train,1384_1.jpg,images/1384_1.jpg,1384,224,224,True,False,True
train,1384_2.jpg,images/1384_2.jpg,1384,224,224,True,False,True
train,1384_3.jpg,images/1384_3.jpg,1384,224,224,True,False,True
train,1384_4.jpg,images/1384_4.jpg,1384,224,224,True,False,True
train,1384_5.jpg,images/1384_5.jpg,1384,224,224,True,False,True
train,1385_1.jpg,images/1385_1.jpg,1385,224,224,True,False,True
train,1385_2.jpg,images/1385_2.jpg,1385,224,224,True,False,True
train,1385_3.jpg,images/1385_3.jpg,1385,224,224,True,False,True
train,1385_4.jpg,images/1385_4.jpg,1385,224,224,True,False,True
train,1385_5.jpg,images/1385_5.jpg,1385,224,224,True,False,True
train,1386_1.jpg,images/1386_1.jpg,1386,224,224,True,False,True
train,1386_2.jpg,images/1386_2.jpg,1386,224,224,True,False,True
train,1386_3.jpg,images/1386_3.jpg,1386,224,224,True,False,True
train,1386_4.jpg,images/1386_4.jpg,1386,224,224,True,False,True
train,1386_5.jpg,images/1386_5.jpg,1386,224,224,True,False,True
train,1386_6.jpg,images/1386_6.jpg,1386,224,224,True,False,True
train,1386_7.jpg,images/1386_7.jpg,1386,224,224,True,False,True
test,1387_1.jpg,images/1387_1.jpg,1387,224,224,True,False,True
test,1387_2.jpg,images/1387_2.jpg,1387,224,224,True,False,True
test,1387_3.jpg,images/1387_3.jpg,1387,224,224,True,False,True
test,1387_4.jpg,images/1387_4.jpg,1387,224,224,True,False,True
test,1387_5.jpg,images/1387_5.jpg,1387,224,224,True,False,True
test,1387_6.jpg,images/1387_6.jpg,1387,224,224,True,False,True
test,1387_7.jpg,images/1387_7.jpg,1387,224,224,True,False,True
test,1387_8.jpg,images/1387_8.jpg,1387,224,224,True,False,True
train,1388_1.jpg,images/1388_1.jpg,1388,224,224,True,False,True
train,1388_2.jpg,images/1388_2.jpg,1388,224,224,True,False,True
train,1388_3.jpg,images/1388_3.jpg,1388,224,224,True,False,True
train,1388_4.jpg,images/1388_4.jpg,1388,224,224,True,False,True
train,1388_5.jpg,images/1388_5.jpg,1388,224,224,True,False,True
train,1389_1.jpg,images/1389_1.jpg,1389,224,224,True,False,True
train,1389_2.jpg,images/1389_2.jpg,1389,224,224,True,False,True
train,1389_3.jpg,images/1389_3.jpg,1389,224,224,True,False,True
train,1389_4.jpg,images/1389_4.jpg,1389,224,224,True,False,True
train,1389_5.jpg,images/1389_5.jpg,1389,224,224,True,False,True
train,1390_1.jpg,images/1390_1.jpg,1390,224,224,True,False,True
train,1390_2.jpg,images/1390_2.jpg,1390,224,224,True,False,True
train,1390_3.jpg,images/1390_3.jpg,1390,224,224,True,False,True
train,1390_4.jpg,images/1390_4.jpg,1390,224,224,True,False,True
train,1390_5.jpg,images/1390_5.jpg,1390,224,224,True,False,True
train,1391_1.jpg,images/1391_1.jpg,1391,224,224,True,False,True
train,1391_2.jpg,images/1391_2.jpg,1391,224,224,True,False,True
train,1391_3.jpg,images/1391_3.jpg,1391,224,224,True,False,True
train,1391_4.jpg,images/1391_4.jpg,1391,224,224,True,False,True
train,1391_5.jpg,images/1391_5.jpg,1391,224,224,True,False,True
train,1391_6.jpg,images/1391_6.jpg,1391,224,224,True,False,True
train,1392_1.jpg,images/1392_1.jpg,1392,224,224,True,False,True
train,1392_2.jpg,images/1392_2.jpg,1392,224,224,True,False,True
train,1392_3.jpg,images/1392_3.jpg,1392,224,224,True,False,True
train,1392_4.jpg,images/1392_4.jpg,1392,224,224,True,False,True
train,1392_5.jpg,images/1392_5.jpg,1392,224,224,True,False,True
train,1392_6.jpg,images/1392_6.jpg,1392,224,224,True,False,True
