split,filename,relpath,dog_id,camera,sequence,frame,width,height,aspect_ratio,filesize_bytes
train,100_c1s6_1.jpg,train/100_c1s6_1.jpg,100,1,6,1,161,142,1.1338,6138
train,100_c1s6_5.jpg,train/100_c1s6_5.jpg,100,1,6,5,59,84,0.7024,2098
train,100_c2s5_7.jpg,train/100_c2s5_7.jpg,100,2,5,7,60,82,0.7317,2084
train,100_c3s2_2.jpg,train/100_c3s2_2.jpg,100,3,2,2,183,163,1.1227,14821
train,100_c3s5_8.jpg,train/100_c3s5_8.jpg,100,3,5,8,59,82,0.7195,2064
train,100_c4s1_0.jpg,train/100_c4s1_0.jpg,100,4,1,0,110,105,1.0476,7823
train,100_c4s4_6.jpg,train/100_c4s4_6.jpg,100,4,4,6,64,88,0.7273,2156
train,100_c4s5_6.jpg,train/100_c4s5_6.jpg,100,4,5,6,53,73,0.726,2102
train,100_c5s1_3.jpg,train/100_c5s1_3.jpg,100,5,1,3,108,103,1.0485,7410
train,100_c5s1_4.jpg,train/100_c5s1_4.jpg,100,5,1,4,115,90,1.2778,7127
train,100_c5s3_9.jpg,train/100_c5s3_9.jpg,100,5,3,9,190,157,1.2102,7729
train,101_c1s3_6.jpg,train/101_c1s3_6.jpg,101,1,3,6,208,161,1.2919,10102
train,101_c2s3_3.jpg,train/101_c2s3_3.jpg,101,2,3,3,205,183,1.1202,13817
train,101_c3s1_4.jpg,train/101_c3s1_4.jpg,101,3,1,4,184,165,1.1152,10157
train,101_c3s3_8.jpg,train/101_c3s3_8.jpg,101,3,3,8,96,178,0.5393,6364
train,101_c4s1_5.jpg,train/101_c4s1_5.jpg,101,4,1,5,210,177,1.1864,14304
train,101_c5s4_1.jpg,train/101_c5s4_1.jpg,101,5,4,1,151,175,0.8629,13536
train,101_c5s6_0.jpg,train/101_c5s6_0.jpg,101,5,6,0,358,223,1.6054,30238
train,101_c6s2_2.jpg,train/101_c6s2_2.jpg,101,6,2,2,98,116,0.8448,5595
train,102_c1s3_4.jpg,train/102_c1s3_4.jpg,102,1,3,4,94,181,0.5193,8083
train,102_c2s2_0.jpg,train/102_c2s2_0.jpg,102,2,2,0,94,181,0.5193,7771
train,102_c2s4_1.jpg,train/102_c2s4_1.jpg,102,2,4,1,88,166,0.5301,5354
train,102_c3s2_6.jpg,train/102_c3s2_6.jpg,102,3,2,6,89,169,0.5266,7094
train,102_c5s1_5.jpg,train/102_c5s1_5.jpg,102,5,1,5,87,172,0.5058,7139
train,102_c5s3_3.jpg,train/102_c5s3_3.jpg,102,5,3,3,90,172,0.5233,7507
train,103_c3s2_2.jpg,train/103_c3s2_2.jpg,103,3,2,2,174,316,0.5506,17013
train,103_c3s4_0.jpg,train/103_c3s4_0.jpg,103,3,4,0,292,237,1.2321,17755
train,103_c4s1_1.jpg,train/103_c4s1_1.jpg,103,4,1,1,217,275,0.7891,16199
train,103_c4s2_4.jpg,train/103_c4s2_4.jpg,103,4,2,4,267,286,0.9336,17638
train,103_c5s1_8.jpg,train/103_c5s1_8.jpg,103,5,1,8,214,330,0.6485,19175
train,103_c5s4_7.jpg,train/103_c5s4_7.jpg,103,5,4,7,250,194,1.2887,12796
train,103_c5s6_5.jpg,train/103_c5s6_5.jpg,103,5,6,5,213,290,0.7345,19403
train,103_c6s3_3.jpg,train/103_c6s3_3.jpg,103,6,3,3,207,369,0.561,20371
train,104_c1s5_8.jpg,train/104_c1s5_8.jpg,104,1,5,8,175,136,1.2868,15603
train,104_c2s1_3.jpg,train/104_c2s1_3.jpg,104,2,1,3,206,146,1.411,19502
train,104_c2s4_0.jpg,train/104_c2s4_0.jpg,104,2,4,0,73,93,0.7849,4913
train,104_c2s6_2.jpg,train/104_c2s6_2.jpg,104,2,6,2,86,155,0.5548,8923
train,104_c3s2_4.jpg,train/104_c3s2_4.jpg,104,3,2,4,147,149,0.9866,14636
train,104_c3s3_1.jpg,train/104_c3s3_1.jpg,104,3,3,1,185,144,1.2847,7714
train,104_c4s1_7.jpg,train/104_c4s1_7.jpg,104,4,1,7,231,192,1.2031,24394
train,104_c4s4_7.jpg,train/104_c4s4_7.jpg,104,4,4,7,70,102,0.6863,5472
train,104_c4s5_6.jpg,train/104_c4s5_6.jpg,104,4,5,6,69,102,0.6765,5567
train,104_c4s6_4.jpg,train/104_c4s6_4.jpg,104,4,6,4,54,96,0.5625,3889
train,104_c4s6_5.jpg,train/104_c4s6_5.jpg,104,4,6,5,70,141,0.4965,6598
train,104_c5s6_6.jpg,train/104_c5s6_6.jpg,104,5,6,6,291,227,1.2819,31172
train,108_c2s1_7.jpg,train/108_c2s1_7.jpg,108,2,1,7,114,244,0.4672,8588
train,108_c2s2_8.jpg,train/108_c2s2_8.jpg,108,2,2,8,120,233,0.515,7816
train,108_c3s3_3.jpg,train/108_c3s3_3.jpg,108,3,3,3,558,391,1.4271,42665
train,108_c3s5_2.jpg,train/108_c3s5_2.jpg,108,3,5,2,121,122,0.9918,5060
train,108_c4s5_9.jpg,train/108_c4s5_9.jpg,108,4,5,9,113,228,0.4956,5893
train,108_c5s5_1.jpg,train/108_c5s5_1.jpg,108,5,5,1,116,273,0.4249,7528
train,108_c5s6_4.jpg,train/108_c5s6_4.jpg,108,5,6,4,181,391,0.4629,18188
train,108_c6s5_0.jpg,train/108_c6s5_0.jpg,108,6,5,0,114,130,0.8769,5340
train,108_c6s5_6.jpg,train/108_c6s5_6.jpg,108,6,5,6,123,137,0.8978,5237
train,110_c1s2_4.jpg,train/110_c1s2_4.jpg,110,1,2,4,54,97,0.5567,3434
train,110_c1s5_9.jpg,train/110_c1s5_9.jpg,110,1,5,9,335,204,1.6422,25164
train,110_c2s1_1.jpg,train/110_c2s1_1.jpg,110,2,1,1,368,230,1.6,29570
train,110_c2s3_8.jpg,train/110_c2s3_8.jpg,110,2,3,8,159,161,0.9876,4149
train,110_c2s4_3.jpg,train/110_c2s4_3.jpg,110,2,4,3,140,140,1.0,8607
train,110_c3s4_4.jpg,train/110_c3s4_4.jpg,110,3,4,4,124,110,1.1273,3274
train,110_c4s6_0.jpg,train/110_c4s6_0.jpg,110,4,6,0,452,262,1.7252,18648
train,110_c5s2_2.jpg,train/110_c5s2_2.jpg,110,5,2,2,454,261,1.7395,17243
train,110_c5s2_5.jpg,train/110_c5s2_5.jpg,110,5,2,5,109,90,1.2111,2582
train,110_c6s2_0.jpg,train/110_c6s2_0.jpg,110,6,2,0,66,113,0.5841,4337
train,110_c6s2_6.jpg,train/110_c6s2_6.jpg,110,6,2,6,101,94,1.0745,2310
train,110_c6s2_7.jpg,train/110_c6s2_7.jpg,110,6,2,7,188,161,1.1677,6098
train,115_c1s2_3.jpg,train/115_c1s2_3.jpg,115,1,2,3,122,145,0.8414,3381
train,115_c1s4_4.jpg,train/115_c1s4_4.jpg,115,1,4,4,123,142,0.8662,3406
train,115_c1s4_7.jpg,train/115_c1s4_7.jpg,115,1,4,7,156,156,1.0,5276
train,115_c3s4_0.jpg,train/115_c3s4_0.jpg,115,3,4,0,202,161,1.2547,15193
train,115_c4s2_8.jpg,train/115_c4s2_8.jpg,115,4,2,8,216,161,1.3416,10204
train,115_c5s3_2.jpg,train/115_c5s3_2.jpg,115,5,3,2,106,133,0.797,3187
train,115_c5s3_5.jpg,train/115_c5s3_5.jpg,115,5,3,5,144,150,0.96,4500
train,115_c5s5_9.jpg,train/115_c5s5_9.jpg,115,5,5,9,138,187,0.738,11218
train,115_c6s4_1.jpg,train/115_c6s4_1.jpg,115,6,4,1,190,188,1.0106,15890
train,117_c1s6_4.jpg,train/117_c1s6_4.jpg,117,1,6,4,111,303,0.3663,6406
train,117_c2s2_6.jpg,train/117_c2s2_6.jpg,117,2,2,6,132,287,0.4599,15881
train,117_c2s5_1.jpg,train/117_c2s5_1.jpg,117,2,5,1,106,100,1.06,5171
train,117_c2s6_3.jpg,train/117_c2s6_3.jpg,117,2,6,3,97,113,0.8584,2407
train,117_c3s2_1.jpg,train/117_c3s2_1.jpg,117,3,2,1,393,239,1.6444,12565
train,117_c3s4_5.jpg,train/117_c3s4_5.jpg,117,3,4,5,240,253,0.9486,19320
train,117_c4s2_9.jpg,train/117_c4s2_9.jpg,117,4,2,9,87,135,0.6444,6624
train,117_c4s4_7.jpg,train/117_c4s4_7.jpg,117,4,4,7,200,183,1.0929,6429
train,117_c4s6_8.jpg,train/117_c4s6_8.jpg,117,4,6,8,143,184,0.7772,9662
train,117_c5s3_4.jpg,train/117_c5s3_4.jpg,117,5,3,4,113,110,1.0273,6837
train,117_c5s4_0.jpg,train/117_c5s4_0.jpg,117,5,4,0,309,298,1.0369,15256
train,117_c5s5_9.jpg,train/117_c5s5_9.jpg,117,5,5,9,127,189,0.672,10008
train,117_c6s1_2.jpg,train/117_c6s1_2.jpg,117,6,1,2,151,230,0.6565,7293
train,117_c6s2_8.jpg,train/117_c6s2_8.jpg,117,6,2,8,191,149,1.2819,12069
train,118_c1s4_7.jpg,train/118_c1s4_7.jpg,118,1,4,7,350,210,1.6667,13145
train,118_c1s6_0.jpg,train/118_c1s6_0.jpg,118,1,6,0,435,392,1.1097,19006
train,118_c1s6_4.jpg,train/118_c1s6_4.jpg,118,1,6,4,239,173,1.3815,13959
train,118_c2s1_5.jpg,train/118_c2s1_5.jpg,118,2,1,5,500,333,1.5015,21807
train,118_c2s2_6.jpg,train/118_c2s2_6.jpg,118,2,2,6,236,171,1.3801,14615
train,118_c2s3_6.jpg,train/118_c2s3_6.jpg,118,2,3,6,439,281,1.5623,19543
train,118_c2s5_1.jpg,train/118_c2s5_1.jpg,118,2,5,1,274,181,1.5138,17690
train,118_c2s6_3.jpg,train/118_c2s6_3.jpg,118,2,6,3,258,214,1.2056,14847
train,118_c3s4_5.jpg,train/118_c3s4_5.jpg,118,3,4,5,217,178,1.2191,13520
train,118_c4s3_2.jpg,train/118_c4s3_2.jpg,118,4,3,2,524,365,1.4356,22826
train,118_c4s3_3.jpg,train/118_c4s3_3.jpg,118,4,3,3,246,175,1.4057,14685
train,118_c5s3_4.jpg,train/118_c5s3_4.jpg,118,5,3,4,153,162,0.9444,5724
train,118_c6s1_2.jpg,train/118_c6s1_2.jpg,118,6,1,2,262,184,1.4239,17510
train,118_c6s2_8.jpg,train/118_c6s2_8.jpg,118,6,2,8,241,197,1.2234,8678
train,121_c2s1_2.jpg,train/121_c2s1_2.jpg,121,2,1,2,477,251,1.9004,15259
train,121_c2s4_4.jpg,train/121_c2s4_4.jpg,121,2,4,4,260,220,1.1818,10290
train,121_c3s3_1.jpg,train/121_c3s3_1.jpg,121,3,3,1,541,262,2.0649,18758
train,121_c6s5_0.jpg,train/121_c6s5_0.jpg,121,6,5,0,406,379,1.0712,17088
train,121_c6s5_5.jpg,train/121_c6s5_5.jpg,121,6,5,5,255,178,1.4326,8558
train,121_c6s5_6.jpg,train/121_c6s5_6.jpg,121,6,5,6,138,170,0.8118,4025
train,122_c2s2_0.jpg,train/122_c2s2_0.jpg,122,2,2,0,99,110,0.9,3719
train,122_c2s4_6.jpg,train/122_c2s4_6.jpg,122,2,4,6,103,107,0.9626,5108
train,122_c2s6_2.jpg,train/122_c2s6_2.jpg,122,2,6,2,182,155,1.1742,12052
train,122_c3s1_7.jpg,train/122_c3s1_7.jpg,122,3,1,7,109,107,1.0187,5464
train,122_c3s2_8.jpg,train/122_c3s2_8.jpg,122,3,2,8,107,107,1.0,5132
train,122_c5s4_9.jpg,train/122_c5s4_9.jpg,122,5,4,9,103,109,0.945,5088
train,122_c5s6_1.jpg,train/122_c5s6_1.jpg,122,5,6,1,156,167,0.9341,8066
train,122_c6s2_4.jpg,train/122_c6s2_4.jpg,122,6,2,4,171,198,0.8636,9405
train,122_c6s5_5.jpg,train/122_c6s5_5.jpg,122,6,5,5,157,219,0.7169,14387
train,123_c1s3_0.jpg,train/123_c1s3_0.jpg,123,1,3,0,212,154,1.3766,9285
train,123_c1s6_9.jpg,train/123_c1s6_9.jpg,123,1,6,9,264,162,1.6296,9166
train,123_c3s2_2.jpg,train/123_c3s2_2.jpg,123,3,2,2,209,151,1.3841,7855
train,123_c3s5_3.jpg,train/123_c3s5_3.jpg,123,3,5,3,202,140,1.4429,8624
train,123_c3s5_8.jpg,train/123_c3s5_8.jpg,123,3,5,8,258,160,1.6125,10338
train,123_c4s1_5.jpg,train/123_c4s1_5.jpg,123,4,1,5,195,145,1.3448,7655
train,123_c4s1_6.jpg,train/123_c4s1_6.jpg,123,4,1,6,241,158,1.5253,10352
train,123_c4s5_1.jpg,train/123_c4s5_1.jpg,123,4,5,1,261,180,1.45,11596
train,123_c6s6_4.jpg,train/123_c6s6_4.jpg,123,6,6,4,201,146,1.3767,8426
train,126_c1s3_4.jpg,train/126_c1s3_4.jpg,126,1,3,4,172,117,1.4701,9515
train,126_c1s3_7.jpg,train/126_c1s3_7.jpg,126,1,3,7,296,294,1.0068,13026
train,126_c1s6_3.jpg,train/126_c1s6_3.jpg,126,1,6,3,204,136,1.5,13191
train,126_c2s2_6.jpg,train/126_c2s2_6.jpg,126,2,2,6,275,284,0.9683,11280
train,126_c3s6_1.jpg,train/126_c3s6_1.jpg,126,3,6,1,272,279,0.9749,11680
train,126_c4s2_5.jpg,train/126_c4s2_5.jpg,126,4,2,5,193,126,1.5317,11107
train,126_c5s5_0.jpg,train/126_c5s5_0.jpg,126,5,5,0,162,96,1.6875,6296
train,126_c6s1_2.jpg,train/126_c6s1_2.jpg,126,6,1,2,191,121,1.5785,10518
train,126_c6s4_8.jpg,train/126_c6s4_8.jpg,126,6,4,8,300,296,1.0135,15453
train,127_c1s4_2.jpg,train/127_c1s4_2.jpg,127,1,4,2,106,53,2.0,1832
train,127_c1s4_6.jpg,train/127_c1s4_6.jpg,127,1,4,6,101,111,0.9099,6520
train,127_c1s6_1.jpg,train/127_c1s6_1.jpg,127,1,6,1,116,52,2.2308,1763
train,127_c2s2_5.jpg,train/127_c2s2_5.jpg,127,2,2,5,100,112,0.8929,6361
train,127_c2s3_3.jpg,train/127_c2s3_3.jpg,127,2,3,3,101,112,0.9018,6791
train,127_c4s1_8.jpg,train/127_c4s1_8.jpg,127,4,1,8,108,116,0.931,7588
train,127_c4s4_4.jpg,train/127_c4s4_4.jpg,127,4,4,4,104,115,0.9043,6387
train,127_c4s6_0.jpg,train/127_c4s6_0.jpg,127,4,6,0,108,50,2.16,1834
train,127_c6s1_7.jpg,train/127_c6s1_7.jpg,127,6,1,7,105,114,0.9211,6743
train,128_c1s4_4.jpg,train/128_c1s4_4.jpg,128,1,4,4,298,294,1.0136,13699
train,128_c3s1_6.jpg,train/128_c3s1_6.jpg,128,3,1,6,251,263,0.9544,9394
train,128_c4s3_3.jpg,train/128_c4s3_3.jpg,128,4,3,3,368,330,1.1152,17025
train,128_c4s4_7.jpg,train/128_c4s4_7.jpg,128,4,4,7,70,195,0.359,2559
train,128_c5s1_1.jpg,train/128_c5s1_1.jpg,128,5,1,1,205,572,0.3584,9695
train,128_c5s5_0.jpg,train/128_c5s5_0.jpg,128,5,5,0,129,215,0.6,4442
train,128_c5s5_5.jpg,train/128_c5s5_5.jpg,128,5,5,5,345,304,1.1349,21360
train,12_c1s3_8.jpg,train/12_c1s3_8.jpg,12,1,3,8,253,216,1.1713,16343
train,12_c2s1_4.jpg,train/12_c2s1_4.jpg,12,2,1,4,127,243,0.5226,5358
train,12_c3s2_6.jpg,train/12_c3s2_6.jpg,12,3,2,6,127,273,0.4652,4875
train,12_c3s6_3.jpg,train/12_c3s6_3.jpg,12,3,6,3,242,239,1.0126,7744
train,12_c3s6_9.jpg,train/12_c3s6_9.jpg,12,3,6,9,300,247,1.2146,22718
train,12_c4s4_2.jpg,train/12_c4s4_2.jpg,12,4,4,2,192,332,0.5783,8017
train,12_c5s1_1.jpg,train/12_c5s1_1.jpg,12,5,1,1,241,291,0.8282,20019
train,12_c5s2_0.jpg,train/12_c5s2_0.jpg,12,5,2,0,163,193,0.8446,5760
train,12_c5s2_5.jpg,train/12_c5s2_5.jpg,12,5,2,5,177,221,0.8009,6476
train,130_c1s3_5.jpg,train/130_c1s3_5.jpg,130,1,3,5,54,103,0.5243,1405
train,130_c2s1_2.jpg,train/130_c2s1_2.jpg,130,2,1,2,111,98,1.1327,2079
train,130_c3s2_1.jpg,train/130_c3s2_1.jpg,130,3,2,1,112,90,1.2444,1997
train,130_c4s1_7.jpg,train/130_c4s1_7.jpg,130,4,1,7,122,85,1.4353,2048
train,130_c4s4_3.jpg,train/130_c4s4_3.jpg,130,4,4,3,114,106,1.0755,2406
train,130_c5s5_4.jpg,train/130_c5s5_4.jpg,130,5,5,4,77,151,0.5099,2104
train,130_c6s3_6.jpg,train/130_c6s3_6.jpg,130,6,3,6,52,102,0.5098,1491
train,131_c1s5_6.jpg,train/131_c1s5_6.jpg,131,1,5,6,139,124,1.121,3436
train,131_c1s6_3.jpg,train/131_c1s6_3.jpg,131,1,6,3,103,148,0.6959,5607
train,131_c2s1_3.jpg,train/131_c2s1_3.jpg,131,2,1,3,263,347,0.7579,51395
train,131_c2s4_1.jpg,train/131_c2s4_1.jpg,131,2,4,1,587,294,1.9966,63560
train,131_c3s2_7.jpg,train/131_c3s2_7.jpg,131,3,2,7,214,203,1.0542,20923
train,131_c3s2_8.jpg,train/131_c3s2_8.jpg,131,3,2,8,345,213,1.6197,14722
train,131_c3s5_0.jpg,train/131_c3s5_0.jpg,131,3,5,0,380,323,1.1765,35418
train,131_c3s5_2.jpg,train/131_c3s5_2.jpg,131,3,5,2,79,243,0.3251,7542
train,131_c3s6_4.jpg,train/131_c3s6_4.jpg,131,3,6,4,163,85,1.9176,4535
train,131_c4s1_4.jpg,train/131_c4s1_4.jpg,131,4,1,4,223,209,1.067,8553
train,131_c4s4_2.jpg,train/131_c4s4_2.jpg,131,4,4,2,276,404,0.6832,57728
train,131_c4s4_5.jpg,train/131_c4s4_5.jpg,131,4,4,5,151,94,1.6064,6121
train,131_c5s3_8.jpg,train/131_c5s3_8.jpg,131,5,3,8,472,273,1.7289,50000
train,131_c5s3_9.jpg,train/131_c5s3_9.jpg,131,5,3,9,252,290,0.869,24638
train,131_c5s4_5.jpg,train/131_c5s4_5.jpg,131,5,4,5,219,156,1.4038,5977
train,131_c6s4_7.jpg,train/131_c6s4_7.jpg,131,6,4,7,195,199,0.9799,5864
train,132_c1s5_6.jpg,train/132_c1s5_6.jpg,132,1,5,6,106,80,1.325,1910
train,132_c2s1_3.jpg,train/132_c2s1_3.jpg,132,2,1,3,222,235,0.9447,26885
train,132_c2s5_6.jpg,train/132_c2s5_6.jpg,132,2,5,6,127,87,1.4598,3438
train,132_c3s2_7.jpg,train/132_c3s2_7.jpg,132,3,2,7,112,77,1.4545,4580
train,132_c4s1_4.jpg,train/132_c4s1_4.jpg,132,4,1,4,123,204,0.6029,5994
train,132_c4s4_2.jpg,train/132_c4s4_2.jpg,132,4,4,2,212,309,0.6861,30079
train,132_c5s3_8.jpg,train/132_c5s3_8.jpg,132,5,3,8,140,81,1.7284,5176
train,132_c5s3_9.jpg,train/132_c5s3_9.jpg,132,5,3,9,269,226,1.1903,7554
train,132_c5s4_5.jpg,train/132_c5s4_5.jpg,132,5,4,5,125,202,0.6188,5743
train,132_c5s6_0.jpg,train/132_c5s6_0.jpg,132,5,6,0,218,373,0.5845,11956
train,132_c6s4_7.jpg,train/132_c6s4_7.jpg,132,6,4,7,130,212,0.6132,4331
train,132_c6s6_1.jpg,train/132_c6s6_1.jpg,132,6,6,1,83,266,0.312,9613
train,133_c1s1_6.jpg,train/133_c1s1_6.jpg,133,1,1,6,121,103,1.1748,3520
train,133_c2s1_7.jpg,train/133_c2s1_7.jpg,133,2,1,7,129,111,1.1622,3354
train,133_c2s1_9.jpg,train/133_c2s1_9.jpg,133,2,1,9,122,104,1.1731,3403
train,133_c3s4_1.jpg,train/133_c3s4_1.jpg,133,3,4,1,133,107,1.243,3371
train,133_c4s2_5.jpg,train/133_c4s2_5.jpg,133,4,2,5,85,76,1.1184,2252
train,133_c4s3_0.jpg,train/133_c4s3_0.jpg,133,4,3,0,80,76,1.0526,2053
train,133_c4s4_3.jpg,train/133_c4s4_3.jpg,133,4,4,3,160,144,1.1111,4681
train,133_c4s6_2.jpg,train/133_c4s6_2.jpg,133,4,6,2,163,143,1.1399,4731
train,133_c5s4_8.jpg,train/133_c5s4_8.jpg,133,5,4,8,123,105,1.1714,3636
train,134_c1s6_7.jpg,train/134_c1s6_7.jpg,134,1,6,7,159,185,0.8595,5864
train,134_c2s5_8.jpg,train/134_c2s5_8.jpg,134,2,5,8,153,223,0.6861,9020
train,134_c4s4_2.jpg,train/134_c4s4_2.jpg,134,4,4,2,251,234,1.0726,13377
train,134_c5s2_5.jpg,train/134_c5s2_5.jpg,134,5,2,5,173,190,0.9105,20277
train,134_c5s5_1.jpg,train/134_c5s5_1.jpg,134,5,5,1,259,288,0.8993,16440
train,134_c5s5_3.jpg,train/134_c5s5_3.jpg,134,5,5,3,164,197,0.8325,9441
train,134_c5s5_4.jpg,train/134_c5s5_4.jpg,134,5,5,4,152,184,0.8261,7046
train,134_c6s2_9.jpg,train/134_c6s2_9.jpg,134,6,2,9,264,308,0.8571,16320
train,134_c6s5_6.jpg,train/134_c6s5_6.jpg,134,6,5,6,147,210,0.7,7345
train,135_c1s1_4.jpg,train/135_c1s1_4.jpg,135,1,1,4,438,637,0.6876,18899
train,135_c2s3_2.jpg,train/135_c2s3_2.jpg,135,2,3,2,106,237,0.4473,4774
train,135_c3s5_3.jpg,train/135_c3s5_3.jpg,135,3,5,3,229,500,0.458,15494
train,135_c4s2_6.jpg,train/135_c4s2_6.jpg,135,4,2,6,396,358,1.1061,18874
train,135_c4s6_8.jpg,train/135_c4s6_8.jpg,135,4,6,8,535,292,1.8322,39070
train,135_c5s1_0.jpg,train/135_c5s1_0.jpg,135,5,1,0,92,144,0.6389,3605
train,135_c5s5_5.jpg,train/135_c5s5_5.jpg,135,5,5,5,525,523,1.0038,40684
train,135_c6s1_1.jpg,train/135_c6s1_1.jpg,135,6,1,1,501,316,1.5854,54066
train,135_c6s4_7.jpg,train/135_c6s4_7.jpg,135,6,4,7,294,223,1.3184,11282
train,136_c1s2_6.jpg,train/136_c1s2_6.jpg,136,1,2,6,106,107,0.9907,6371
train,136_c1s4_8.jpg,train/136_c1s4_8.jpg,136,1,4,8,120,118,1.0169,5753
train,136_c1s6_2.jpg,train/136_c1s6_2.jpg,136,1,6,2,259,168,1.5417,15646
train,136_c2s4_7.jpg,train/136_c2s4_7.jpg,136,2,4,7,95,122,0.7787,5081
train,136_c2s5_0.jpg,train/136_c2s5_0.jpg,136,2,5,0,114,88,1.2955,4664
train,136_c4s1_4.jpg,train/136_c4s1_4.jpg,136,4,1,4,350,211,1.6588,33620
train,136_c5s2_9.jpg,train/136_c5s2_9.jpg,136,5,2,9,141,136,1.0368,9063
train,136_c6s3_5.jpg,train/136_c6s3_5.jpg,136,6,3,5,303,214,1.4159,30436
train,136_c6s4_3.jpg,train/136_c6s4_3.jpg,136,6,4,3,267,263,1.0152,26393
train,138_c1s5_0.jpg,train/138_c1s5_0.jpg,138,1,5,0,152,282,0.539,19539
train,138_c3s6_8.jpg,train/138_c3s6_8.jpg,138,3,6,8,126,275,0.4582,17790
train,138_c4s1_10.jpg,train/138_c4s1_10.jpg,138,4,1,10,148,314,0.4713,17300
train,138_c4s3_2.jpg,train/138_c4s3_2.jpg,138,4,3,2,139,277,0.5018,14431
train,138_c5s6_3.jpg,train/138_c5s6_3.jpg,138,5,6,3,154,300,0.5133,23284
train,138_c6s3_7.jpg,train/138_c6s3_7.jpg,138,6,3,7,138,318,0.434,22835
train,138_c6s3_9.jpg,train/138_c6s3_9.jpg,138,6,3,9,159,270,0.5889,20543
train,139_c1s6_1.jpg,train/139_c1s6_1.jpg,139,1,6,1,166,141,1.1773,5851
train,139_c1s6_5.jpg,train/139_c1s6_5.jpg,139,1,6,5,101,115,0.8783,6820
train,139_c3s2_2.jpg,train/139_c3s2_2.jpg,139,3,2,2,160,171,0.9357,5889
train,139_c3s5_8.jpg,train/139_c3s5_8.jpg,139,3,5,8,74,113,0.6549,5294
train,139_c4s1_0.jpg,train/139_c4s1_0.jpg,139,4,1,0,116,91,1.2747,3546
train,139_c4s4_6.jpg,train/139_c4s4_6.jpg,139,4,4,6,61,109,0.5596,2377
train,139_c4s4_7.jpg,train/139_c4s4_7.jpg,139,4,4,7,83,77,1.0779,2728
train,139_c4s5_6.jpg,train/139_c4s5_6.jpg,139,4,5,6,85,71,1.1972,2613
train,139_c5s1_3.jpg,train/139_c5s1_3.jpg,139,5,1,3,106,81,1.3086,2997
train,139_c5s1_4.jpg,train/139_c5s1_4.jpg,139,5,1,4,140,98,1.4286,4247
train,139_c5s3_9.jpg,train/139_c5s3_9.jpg,139,5,3,9,211,137,1.5401,7257
train,140_c2s4_3.jpg,train/140_c2s4_3.jpg,140,2,4,3,159,117,1.359,2674
train,140_c2s4_5.jpg,train/140_c2s4_5.jpg,140,2,4,5,134,88,1.5227,1849
train,140_c2s5_9.jpg,train/140_c2s5_9.jpg,140,2,5,9,144,129,1.1163,2551
train,140_c3s4_0.jpg,train/140_c3s4_0.jpg,140,3,4,0,160,120,1.3333,2865
train,140_c3s5_0.jpg,train/140_c3s5_0.jpg,140,3,5,0,174,175,0.9943,5153
train,140_c4s4_7.jpg,train/140_c4s4_7.jpg,140,4,4,7,154,123,1.252,2819
train,140_c4s6_6.jpg,train/140_c4s6_6.jpg,140,4,6,6,173,126,1.373,2721
train,140_c6s1_10.jpg,train/140_c6s1_10.jpg,140,6,1,10,163,132,1.2348,3203
train,140_c6s2_8.jpg,train/140_c6s2_8.jpg,140,6,2,8,153,123,1.2439,2708
train,141_c1s1_11.jpg,train/141_c1s1_11.jpg,141,1,1,11,134,225,0.5956,10010
train,141_c2s2_3.jpg,train/141_c2s2_3.jpg,141,2,2,3,87,123,0.7073,2306
train,141_c2s5_9.jpg,train/141_c2s5_9.jpg,141,2,5,9,94,152,0.6184,2615
train,141_c3s3_1.jpg,train/141_c3s3_1.jpg,141,3,3,1,137,213,0.6432,10446
train,141_c3s3_10.jpg,train/141_c3s3_10.jpg,141,3,3,10,178,157,1.1338,4344
train,141_c4s1_12.jpg,train/141_c4s1_12.jpg,141,4,1,12,146,233,0.6266,13732
train,141_c4s3_8.jpg,train/141_c4s3_8.jpg,141,4,3,8,75,153,0.4902,2280
train,142_c1s4_0.jpg,train/142_c1s4_0.jpg,142,1,4,0,178,199,0.8945,7267
train,142_c2s5_12.jpg,train/142_c2s5_12.jpg,142,2,5,12,104,244,0.4262,5582
train,142_c5s3_2.jpg,train/142_c5s3_2.jpg,142,5,3,2,117,242,0.4835,6229
train,142_c6s2_7.jpg,train/142_c6s2_7.jpg,142,6,2,7,179,212,0.8443,8027
train,142_c6s4_3.jpg,train/142_c6s4_3.jpg,142,6,4,3,123,242,0.5083,6513
train,143_c1s5_1.jpg,train/143_c1s5_1.jpg,143,1,5,1,174,231,0.7532,14050
train,143_c2s1_0.jpg,train/143_c2s1_0.jpg,143,2,1,0,154,151,1.0199,11160
train,143_c2s2_6.jpg,train/143_c2s2_6.jpg,143,2,2,6,106,127,0.8346,2568
train,143_c4s1_3.jpg,train/143_c4s1_3.jpg,143,4,1,3,174,144,1.2083,4753
train,143_c4s2_4.jpg,train/143_c4s2_4.jpg,143,4,2,4,92,158,0.5823,3303
train,143_c4s5_5.jpg,train/143_c4s5_5.jpg,143,4,5,5,176,124,1.4194,3373
train,144_c1s1_2.jpg,train/144_c1s1_2.jpg,144,1,1,2,113,142,0.7958,10105
train,144_c1s5_8.jpg,train/144_c1s5_8.jpg,144,1,5,8,32,46,0.6957,1238
train,144_c1s6_1.jpg,train/144_c1s6_1.jpg,144,1,6,1,84,107,0.785,7009
train,144_c2s1_3.jpg,train/144_c2s1_3.jpg,144,2,1,3,119,180,0.6611,10556
train,144_c3s1_4.jpg,train/144_c3s1_4.jpg,144,3,1,4,100,229,0.4367,11248
train,144_c6s1_0.jpg,train/144_c6s1_0.jpg,144,6,1,0,80,78,1.0256,4819
train,145_c1s3_2.jpg,train/145_c1s3_2.jpg,145,1,3,2,189,210,0.9,20851
train,145_c1s5_8.jpg,train/145_c1s5_8.jpg,145,1,5,8,99,164,0.6037,11882
train,145_c1s6_5.jpg,train/145_c1s6_5.jpg,145,1,6,5,75,132,0.5682,3332
train,145_c2s3_0.jpg,train/145_c2s3_0.jpg,145,2,3,0,89,166,0.5361,9849
train,145_c2s4_0.jpg,train/145_c2s4_0.jpg,145,2,4,0,93,128,0.7266,8837
train,145_c2s5_7.jpg,train/145_c2s5_7.jpg,145,2,5,7,62,133,0.4662,2856
train,145_c2s6_2.jpg,train/145_c2s6_2.jpg,145,2,6,2,121,159,0.761,12942
train,145_c3s2_2.jpg,train/145_c3s2_2.jpg,145,3,2,2,166,137,1.2117,5191
train,145_c3s2_4.jpg,train/145_c3s2_4.jpg,145,3,2,4,85,158,0.538,9189
train,145_c3s3_1.jpg,train/145_c3s3_1.jpg,145,3,3,1,189,179,1.0559,8653
train,145_c3s5_8.jpg,train/145_c3s5_8.jpg,145,3,5,8,81,136,0.5956,3480
train,145_c4s1_0.jpg,train/145_c4s1_0.jpg,145,4,1,0,99,90,1.1,3091
train,145_c4s1_7.jpg,train/145_c4s1_7.jpg,145,4,1,7,144,220,0.6545,15891
train,145_c4s4_6.jpg,train/145_c4s4_6.jpg,145,4,4,6,71,135,0.5259,3119
train,145_c4s4_7.jpg,train/145_c4s4_7.jpg,145,4,4,7,107,132,0.8106,9984
train,145_c4s5_6.jpg,train/145_c4s5_6.jpg,145,4,5,6,191,115,1.6609,14519
train,145_c4s6_4.jpg,train/145_c4s6_4.jpg,145,4,6,4,172,131,1.313,15493
train,145_c4s6_5.jpg,train/145_c4s6_5.jpg,145,4,6,5,255,172,1.4826,26726
train,145_c5s1_3.jpg,train/145_c5s1_3.jpg,145,5,1,3,53,101,0.5248,2184
train,145_c5s1_4.jpg,train/145_c5s1_4.jpg,145,5,1,4,139,90,1.5444,3914
train,145_c5s2_3.jpg,train/145_c5s2_3.jpg,145,5,2,3,210,194,1.0825,21802
train,145_c5s5_1.jpg,train/145_c5s5_1.jpg,145,5,5,1,208,197,1.0558,20438
train,145_c5s6_6.jpg,train/145_c5s6_6.jpg,145,5,6,6,181,235,0.7702,9946
train,145_c6s6_9.jpg,train/145_c6s6_9.jpg,145,6,6,9,262,217,1.2074,27941
train,148_c1s3_14.jpg,train/148_c1s3_14.jpg,148,1,3,14,216,347,0.6225,6159
train,148_c1s4_1.jpg,train/148_c1s4_1.jpg,148,1,4,1,377,261,1.4444,7898
train,148_c2s1_3.jpg,train/148_c2s1_3.jpg,148,2,1,3,235,232,1.0129,4061
train,148_c2s4_13.jpg,train/148_c2s4_13.jpg,148,2,4,13,216,347,0.6225,6233
train,148_c2s5_15.jpg,train/148_c2s5_15.jpg,148,2,5,15,216,347,0.6225,6221
train,148_c2s6_11.jpg,train/148_c2s6_11.jpg,148,2,6,11,213,346,0.6156,6319
train,148_c3s3_12.jpg,train/148_c3s3_12.jpg,148,3,3,12,213,345,0.6174,6170
train,148_c3s3_9.jpg,train/148_c3s3_9.jpg,148,3,3,9,227,349,0.6504,6587
train,148_c3s4_10.jpg,train/148_c3s4_10.jpg,148,3,4,10,230,341,0.6745,6393
train,148_c4s4_2.jpg,train/148_c4s4_2.jpg,148,4,4,2,236,276,0.8551,5266
train,148_c4s5_6.jpg,train/148_c4s5_6.jpg,148,4,5,6,212,348,0.6092,5966
train,148_c5s3_7.jpg,train/148_c5s3_7.jpg,148,5,3,7,228,337,0.6766,6344
train,148_c5s5_5.jpg,train/148_c5s5_5.jpg,148,5,5,5,255,230,1.1087,4680
train,148_c5s5_8.jpg,train/148_c5s5_8.jpg,148,5,5,8,239,336,0.7113,6357
train,149_c1s2_14.jpg,train/149_c1s2_14.jpg,149,1,2,14,270,335,0.806,12495
train,149_c1s4_11.jpg,train/149_c1s4_11.jpg,149,1,4,11,302,309,0.9773,11132
train,149_c2s3_0.jpg,train/149_c2s3_0.jpg,149,2,3,0,543,501,1.0838,19867
train,149_c3s1_12.jpg,train/149_c3s1_12.jpg,149,3,1,12,254,335,0.7582,10936
train,149_c3s2_4.jpg,train/149_c3s2_4.jpg,149,3,2,4,287,255,1.1255,7747
train,149_c3s3_6.jpg,train/149_c3s3_6.jpg,149,3,3,6,280,301,0.9302,8601
train,149_c4s4_1.jpg,train/149_c4s4_1.jpg,149,4,4,1,457,465,0.9828,16893
train,149_c5s1_7.jpg,train/149_c5s1_7.jpg,149,5,1,7,311,349,0.8911,10087
train,149_c5s2_3.jpg,train/149_c5s2_3.jpg,149,5,2,3,404,405,0.9975,14095
train,149_c5s3_9.jpg,train/149_c5s3_9.jpg,149,5,3,9,283,340,0.8324,12468
train,149_c6s3_5.jpg,train/149_c6s3_5.jpg,149,6,3,5,286,255,1.1216,8865
train,149_c6s4_2.jpg,train/149_c6s4_2.jpg,149,6,4,2,451,408,1.1054,14587
train,149_c6s5_13.jpg,train/149_c6s5_13.jpg,149,6,5,13,275,329,0.8359,13093
train,14_c1s4_3.jpg,train/14_c1s4_3.jpg,14,1,4,3,89,82,1.0854,2146
train,14_c1s4_5.jpg,train/14_c1s4_5.jpg,14,1,4,5,327,362,0.9033,23458
train,14_c2s2_4.jpg,train/14_c2s2_4.jpg,14,2,2,4,325,258,1.2597,22156
train,14_c2s2_5.jpg,train/14_c2s2_5.jpg,14,2,2,5,85,99,0.8586,2951
train,14_c2s6_1.jpg,train/14_c2s6_1.jpg,14,2,6,1,116,265,0.4377,7407
train,14_c2s6_3.jpg,train/14_c2s6_3.jpg,14,2,6,3,325,338,0.9615,49606
train,14_c2s6_6.jpg,train/14_c2s6_6.jpg,14,2,6,6,435,364,1.1951,61617
train,14_c4s4_5.jpg,train/14_c4s4_5.jpg,14,4,4,5,170,334,0.509,28796
train,14_c4s5_3.jpg,train/14_c4s5_3.jpg,14,4,5,3,192,255,0.7529,13640
train,14_c4s5_6.jpg,train/14_c4s5_6.jpg,14,4,5,6,327,337,0.9703,57168
train,14_c5s2_4.jpg,train/14_c5s2_4.jpg,14,5,2,4,270,285,0.9474,33547
train,14_c5s5_2.jpg,train/14_c5s5_2.jpg,14,5,5,2,478,359,1.3315,73139
train,14_c6s2_7.jpg,train/14_c6s2_7.jpg,14,6,2,7,386,337,1.1454,77216
train,14_c6s6_0.jpg,train/14_c6s6_0.jpg,14,6,6,0,132,208,0.6346,16193
train,14_c6s6_4.jpg,train/14_c6s6_4.jpg,14,6,6,4,94,89,1.0562,2956
train,150_c1s2_10.jpg,train/150_c1s2_10.jpg,150,1,2,10,469,368,1.2745,23670
train,150_c1s4_4.jpg,train/150_c1s4_4.jpg,150,1,4,4,258,331,0.7795,14163
train,150_c2s3_2.jpg,train/150_c2s3_2.jpg,150,2,3,2,390,405,0.963,21071
train,150_c2s4_0.jpg,train/150_c2s4_0.jpg,150,2,4,0,231,280,0.825,8543
train,150_c3s1_14.jpg,train/150_c3s1_14.jpg,150,3,1,14,519,434,1.1959,27488
train,150_c3s2_3.jpg,train/150_c3s2_3.jpg,150,3,2,3,346,360,0.9611,21022
train,150_c4s2_13.jpg,train/150_c4s2_13.jpg,150,4,2,13,611,445,1.373,36728
train,150_c4s2_7.jpg,train/150_c4s2_7.jpg,150,4,2,7,358,303,1.1815,14494
train,150_c5s2_1.jpg,train/150_c5s2_1.jpg,150,5,2,1,282,308,0.9156,10403
train,150_c5s2_12.jpg,train/150_c5s2_12.jpg,150,5,2,12,455,405,1.1235,22537
train,150_c5s5_9.jpg,train/150_c5s5_9.jpg,150,5,5,9,363,319,1.1379,14011
train,150_c6s1_11.jpg,train/150_c6s1_11.jpg,150,6,1,11,544,441,1.2336,30175
train,150_c6s6_5.jpg,train/150_c6s6_5.jpg,150,6,6,5,279,331,0.8429,14531
train,151_c1s3_6.jpg,train/151_c1s3_6.jpg,151,1,3,6,267,201,1.3284,9602
train,151_c1s6_1.jpg,train/151_c1s6_1.jpg,151,1,6,1,302,224,1.3482,8765
train,151_c3s5_4.jpg,train/151_c3s5_4.jpg,151,3,5,4,331,182,1.8187,9110
train,151_c3s6_5.jpg,train/151_c3s6_5.jpg,151,3,6,5,267,214,1.2477,8511
train,151_c4s1_11.jpg,train/151_c4s1_11.jpg,151,4,1,11,108,197,0.5482,4015
train,151_c4s3_8.jpg,train/151_c4s3_8.jpg,151,4,3,8,278,226,1.2301,10661
train,151_c4s4_3.jpg,train/151_c4s4_3.jpg,151,4,4,3,330,191,1.7277,9940
train,151_c4s5_0.jpg,train/151_c4s5_0.jpg,151,4,5,0,282,217,1.2995,9786
train,151_c5s2_13.jpg,train/151_c5s2_13.jpg,151,5,2,13,178,139,1.2806,4773
train,151_c5s3_2.jpg,train/151_c5s3_2.jpg,151,5,3,2,341,212,1.6085,9909
train,151_c5s5_10.jpg,train/151_c5s5_10.jpg,151,5,5,10,101,186,0.543,4136
train,151_c6s2_9.jpg,train/151_c6s2_9.jpg,151,6,2,9,162,146,1.1096,5043
train,153_c1s1_4.jpg,train/153_c1s1_4.jpg,153,1,1,4,199,137,1.4526,3367
train,153_c1s5_9.jpg,train/153_c1s5_9.jpg,153,1,5,9,168,167,1.006,3529
train,153_c2s1_12.jpg,train/153_c2s1_12.jpg,153,2,1,12,194,148,1.3108,3564
train,153_c2s4_10.jpg,train/153_c2s4_10.jpg,153,2,4,10,250,178,1.4045,4339
train,153_c3s4_0.jpg,train/153_c3s4_0.jpg,153,3,4,0,188,152,1.2368,3276
train,153_c3s4_8.jpg,train/153_c3s4_8.jpg,153,3,4,8,171,165,1.0364,3583
train,153_c3s6_13.jpg,train/153_c3s6_13.jpg,153,3,6,13,165,156,1.0577,3427
train,153_c4s3_3.jpg,train/153_c4s3_3.jpg,153,4,3,3,187,143,1.3077,3319
train,153_c4s5_11.jpg,train/153_c4s5_11.jpg,153,4,5,11,187,148,1.2635,3262
train,153_c5s4_2.jpg,train/153_c5s4_2.jpg,153,5,4,2,190,151,1.2583,3368
train,153_c5s5_6.jpg,train/153_c5s5_6.jpg,153,5,5,6,152,155,0.9806,3065
train,153_c6s6_5.jpg,train/153_c6s6_5.jpg,153,6,6,5,187,140,1.3357,3280
train,154_c1s3_0.jpg,train/154_c1s3_0.jpg,154,1,3,0,131,124,1.0565,4488
train,154_c1s4_7.jpg,train/154_c1s4_7.jpg,154,1,4,7,126,118,1.0678,4499
train,154_c1s6_3.jpg,train/154_c1s6_3.jpg,154,1,6,3,125,113,1.1062,4352
train,154_c3s3_2.jpg,train/154_c3s3_2.jpg,154,3,3,2,123,115,1.0696,4368
train,154_c3s3_5.jpg,train/154_c3s3_5.jpg,154,3,3,5,123,112,1.0982,4199
train,154_c5s1_6.jpg,train/154_c5s1_6.jpg,154,5,1,6,130,119,1.0924,4898
train,154_c6s5_1.jpg,train/154_c6s5_1.jpg,154,6,5,1,126,114,1.1053,4571
train,155_c2s1_3.jpg,train/155_c2s1_3.jpg,155,2,1,3,213,216,0.9861,7310
train,155_c2s4_0.jpg,train/155_c2s4_0.jpg,155,2,4,0,166,156,1.0641,4756
train,155_c3s1_1.jpg,train/155_c3s1_1.jpg,155,3,1,1,183,168,1.0893,5867
train,155_c3s6_9.jpg,train/155_c3s6_9.jpg,155,3,6,9,200,162,1.2346,5924
train,155_c4s5_2.jpg,train/155_c4s5_2.jpg,155,4,5,2,187,183,1.0219,5870
train,155_c5s1_4.jpg,train/155_c5s1_4.jpg,155,5,1,4,100,230,0.4348,4055
train,155_c5s5_5.jpg,train/155_c5s5_5.jpg,155,5,5,5,100,230,0.4348,4289
train,155_c6s2_8.jpg,train/155_c6s2_8.jpg,155,6,2,8,178,157,1.1338,5488
train,155_c6s4_7.jpg,train/155_c6s4_7.jpg,155,6,4,7,168,151,1.1126,4707
train,159_c2s4_0.jpg,train/159_c2s4_0.jpg,159,2,4,0,151,104,1.4519,3805
train,159_c2s4_8.jpg,train/159_c2s4_8.jpg,159,2,4,8,153,114,1.3421,3779
train,159_c2s5_7.jpg,train/159_c2s5_7.jpg,159,2,5,7,167,126,1.3254,3847
train,159_c2s6_3.jpg,train/159_c2s6_3.jpg,159,2,6,3,117,94,1.2447,2967
train,159_c3s5_5.jpg,train/159_c3s5_5.jpg,159,3,5,5,121,110,1.1,2955
train,159_c3s5_9.jpg,train/159_c3s5_9.jpg,159,3,5,9,114,88,1.2955,2371
train,159_c3s6_10.jpg,train/159_c3s6_10.jpg,159,3,6,10,149,102,1.4608,3782
train,159_c6s5_11.jpg,train/159_c6s5_11.jpg,159,6,5,11,123,99,1.2424,3363
train,159_c6s6_2.jpg,train/159_c6s6_2.jpg,159,6,6,2,135,101,1.3366,3428
train,159_c6s6_6.jpg,train/159_c6s6_6.jpg,159,6,6,6,132,115,1.1478,3334
train,15_c1s4_3.jpg,train/15_c1s4_3.jpg,15,1,4,3,177,400,0.4425,11820
train,15_c2s2_5.jpg,train/15_c2s2_5.jpg,15,2,2,5,83,288,0.2882,6712
train,15_c2s4_0.jpg,train/15_c2s4_0.jpg,15,2,4,0,311,344,0.9041,20073
train,15_c4s2_1.jpg,train/15_c4s2_1.jpg,15,4,2,1,276,321,0.8598,45717
train,15_c4s5_6.jpg,train/15_c4s5_6.jpg,15,4,5,6,344,390,0.8821,73631
train,15_c5s2_9.jpg,train/15_c5s2_9.jpg,15,5,2,9,301,332,0.9066,52391
train,15_c5s3_2.jpg,train/15_c5s3_2.jpg,15,5,3,2,436,398,1.0955,28697
train,15_c6s5_8.jpg,train/15_c6s5_8.jpg,15,6,5,8,397,344,1.1541,70808
train,15_c6s6_4.jpg,train/15_c6s6_4.jpg,15,6,6,4,128,139,0.9209,9119
train,165_c1s3_4.jpg,train/165_c1s3_4.jpg,165,1,3,4,527,504,1.0456,19160
train,165_c1s6_0.jpg,train/165_c1s6_0.jpg,165,1,6,0,436,550,0.7927,17304
train,165_c2s1_9.jpg,train/165_c2s1_9.jpg,165,2,1,9,565,442,1.2783,15230
train,165_c2s2_2.jpg,train/165_c2s2_2.jpg,165,2,2,2,506,538,0.9405,19088
train,165_c2s2_8.jpg,train/165_c2s2_8.jpg,165,2,2,8,447,458,0.976,13453
train,165_c2s5_15.jpg,train/165_c2s5_15.jpg,165,2,5,15,631,630,1.0016,25957
train,165_c2s5_5.jpg,train/165_c2s5_5.jpg,165,2,5,5,473,546,0.8663,16811
train,165_c3s1_14.jpg,train/165_c3s1_14.jpg,165,3,1,14,618,605,1.0215,22378
train,165_c4s1_7.jpg,train/165_c4s1_7.jpg,165,4,1,7,427,496,0.8609,14112
train,165_c4s4_1.jpg,train/165_c4s4_1.jpg,165,4,4,1,481,563,0.8544,20623
train,165_c6s2_11.jpg,train/165_c6s2_11.jpg,165,6,2,11,588,539,1.0909,20531
train,165_c6s3_3.jpg,train/165_c6s3_3.jpg,165,6,3,3,502,504,0.996,14630
train,165_c6s5_12.jpg,train/165_c6s5_12.jpg,165,6,5,12,622,592,1.0507,19987
train,165_c6s5_6.jpg,train/165_c6s5_6.jpg,165,6,5,6,406,505,0.804,15715
train,168_c1s4_8.jpg,train/168_c1s4_8.jpg,168,1,4,8,469,260,1.8038,22279
train,168_c3s5_2.jpg,train/168_c3s5_2.jpg,168,3,5,2,566,418,1.3541,21706
train,168_c4s6_0.jpg,train/168_c4s6_0.jpg,168,4,6,0,498,626,0.7955,22099
train,168_c5s2_5.jpg,train/168_c5s2_5.jpg,168,5,2,5,459,255,1.8,22546
train,168_c5s3_6.jpg,train/168_c5s3_6.jpg,168,5,3,6,399,219,1.8219,16995
train,168_c5s3_7.jpg,train/168_c5s3_7.jpg,168,5,3,7,515,264,1.9508,18507
train,168_c6s5_3.jpg,train/168_c6s5_3.jpg,168,6,5,3,466,498,0.9357,22827
train,168_c6s6_4.jpg,train/168_c6s6_4.jpg,168,6,6,4,454,478,0.9498,21071
train,169_c1s1_12.jpg,train/169_c1s1_12.jpg,169,1,1,12,625,428,1.4603,26810
train,169_c1s1_3.jpg,train/169_c1s1_3.jpg,169,1,1,3,523,435,1.2023,25290
train,169_c1s3_10.jpg,train/169_c1s3_10.jpg,169,1,3,10,682,440,1.55,29566
train,169_c1s6_13.jpg,train/169_c1s6_13.jpg,169,1,6,13,682,440,1.55,33156
train,169_c2s1_0.jpg,train/169_c2s1_0.jpg,169,2,1,0,503,411,1.2238,21876
train,169_c2s5_1.jpg,train/169_c2s5_1.jpg,169,2,5,1,501,426,1.1761,22516
train,169_c2s5_9.jpg,train/169_c2s5_9.jpg,169,2,5,9,625,401,1.5586,25724
train,169_c3s2_11.jpg,train/169_c3s2_11.jpg,169,3,2,11,674,416,1.6202,27364
train,169_c3s4_15.jpg,train/169_c3s4_15.jpg,169,3,4,15,662,470,1.4085,35056
train,169_c3s4_6.jpg,train/169_c3s4_6.jpg,169,3,4,6,611,466,1.3112,33704
train,169_c4s1_2.jpg,train/169_c4s1_2.jpg,169,4,1,2,514,450,1.1422,25811
train,169_c4s2_7.jpg,train/169_c4s2_7.jpg,169,4,2,7,614,467,1.3148,34450
train,169_c4s3_14.jpg,train/169_c4s3_14.jpg,169,4,3,14,665,465,1.4301,35512
train,169_c5s2_4.jpg,train/169_c5s2_4.jpg,169,5,2,4,537,447,1.2013,26397
train,171_c2s5_7.jpg,train/171_c2s5_7.jpg,171,2,5,7,359,394,0.9112,14413
train,171_c4s4_0.jpg,train/171_c4s4_0.jpg,171,4,4,0,257,284,0.9049,10112
train,171_c4s5_2.jpg,train/171_c4s5_2.jpg,171,4,5,2,284,316,0.8987,11318
train,171_c5s1_6.jpg,train/171_c5s1_6.jpg,171,5,1,6,396,394,1.0051,14712
train,171_c5s3_1.jpg,train/171_c5s3_1.jpg,171,5,3,1,296,303,0.9769,12359
train,171_c5s5_3.jpg,train/171_c5s5_3.jpg,171,5,5,3,325,362,0.8978,14291
train,171_c6s3_8.jpg,train/171_c6s3_8.jpg,171,6,3,8,306,381,0.8031,14962
train,171_c6s4_9.jpg,train/171_c6s4_9.jpg,171,6,4,9,296,372,0.7957,16288
train,171_c6s6_5.jpg,train/171_c6s6_5.jpg,171,6,6,5,382,401,0.9526,15883
train,172_c1s1_11.jpg,train/172_c1s1_11.jpg,172,1,1,11,1303,1201,1.0849,145363
train,172_c1s4_0.jpg,train/172_c1s4_0.jpg,172,1,4,0,534,427,1.2506,18884
train,172_c1s4_7.jpg,train/172_c1s4_7.jpg,172,1,4,7,1123,889,1.2632,70852
train,172_c1s6_12.jpg,train/172_c1s6_12.jpg,172,1,6,12,1333,1094,1.2185,136114
train,172_c2s6_14.jpg,train/172_c2s6_14.jpg,172,2,6,14,1210,760,1.5921,82394
train,172_c2s6_2.jpg,train/172_c2s6_2.jpg,172,2,6,2,582,504,1.1548,20474
train,172_c2s6_9.jpg,train/172_c2s6_9.jpg,172,2,6,9,1160,950,1.2211,77930
train,172_c3s4_15.jpg,train/172_c3s4_15.jpg,172,3,4,15,1067,674,1.5831,88777
train,172_c3s6_13.jpg,train/172_c3s6_13.jpg,172,3,6,13,1433,999,1.4344,150561
train,172_c4s4_6.jpg,train/172_c4s4_6.jpg,172,4,4,6,728,889,0.8189,53784
train,172_c5s3_3.jpg,train/172_c5s3_3.jpg,172,5,3,3,611,518,1.1795,24264
train,172_c5s3_8.jpg,train/172_c5s3_8.jpg,172,5,3,8,1197,1036,1.1554,92880
train,172_c6s1_10.jpg,train/172_c6s1_10.jpg,172,6,1,10,1155,1172,0.9855,101890
train,172_c6s6_5.jpg,train/172_c6s6_5.jpg,172,6,6,5,618,736,0.8397,39849
train,174_c1s3_5.jpg,train/174_c1s3_5.jpg,174,1,3,5,565,593,0.9528,45424
train,174_c1s5_7.jpg,train/174_c1s5_7.jpg,174,1,5,7,597,631,0.9461,56349
train,174_c2s1_12.jpg,train/174_c2s1_12.jpg,174,2,1,12,599,457,1.3107,30607
train,174_c2s2_10.jpg,train/174_c2s2_10.jpg,174,2,2,10,459,352,1.304,19725
train,174_c2s2_15.jpg,train/174_c2s2_15.jpg,174,2,2,15,557,479,1.1628,29573
train,174_c2s3_6.jpg,train/174_c2s3_6.jpg,174,2,3,6,649,591,1.0981,56646
train,174_c2s4_1.jpg,train/174_c2s4_1.jpg,174,2,4,1,623,427,1.459,27539
train,174_c3s4_13.jpg,train/174_c3s4_13.jpg,174,3,4,13,592,459,1.2898,32078
train,174_c4s2_8.jpg,train/174_c4s2_8.jpg,174,4,2,8,452,314,1.4395,17501
train,174_c4s4_14.jpg,train/174_c4s4_14.jpg,174,4,4,14,574,469,1.2239,30977
train,174_c5s1_2.jpg,train/174_c5s1_2.jpg,174,5,1,2,665,447,1.4877,36796
train,174_c5s4_9.jpg,train/174_c5s4_9.jpg,174,5,4,9,479,323,1.483,18832
train,174_c6s1_3.jpg,train/174_c6s1_3.jpg,174,6,1,3,623,547,1.1389,40668
train,174_c6s4_4.jpg,train/174_c6s4_4.jpg,174,6,4,4,577,557,1.0359,44374
train,175_c1s1_0.jpg,train/175_c1s1_0.jpg,175,1,1,0,384,340,1.1294,13328
train,175_c1s2_4.jpg,train/175_c1s2_4.jpg,175,1,2,4,352,386,0.9119,16778
train,175_c1s4_6.jpg,train/175_c1s4_6.jpg,175,1,4,6,370,389,0.9512,16751
train,175_c1s5_10.jpg,train/175_c1s5_10.jpg,175,1,5,10,450,442,1.0181,18437
train,175_c1s5_7.jpg,train/175_c1s5_7.jpg,175,1,5,7,379,386,0.9819,13050
train,175_c1s6_11.jpg,train/175_c1s6_11.jpg,175,1,6,11,459,447,1.0268,22759
train,175_c2s3_5.jpg,train/175_c2s3_5.jpg,175,2,3,5,333,391,0.8517,12127
train,175_c2s4_15.jpg,train/175_c2s4_15.jpg,175,2,4,15,527,505,1.0436,27137
train,175_c3s1_14.jpg,train/175_c3s1_14.jpg,175,3,1,14,516,492,1.0488,28828
train,175_c5s1_1.jpg,train/175_c5s1_1.jpg,175,5,1,1,369,357,1.0336,13498
train,175_c6s2_13.jpg,train/175_c6s2_13.jpg,175,6,2,13,484,467,1.0364,26629
train,175_c6s3_8.jpg,train/175_c6s3_8.jpg,175,6,3,8,370,384,0.9635,15975
train,175_c6s5_2.jpg,train/175_c6s5_2.jpg,175,6,5,2,372,362,1.0276,15338
train,175_c6s5_3.jpg,train/175_c6s5_3.jpg,175,6,5,3,357,379,0.942,16574
train,177_c1s1_3.jpg,train/177_c1s1_3.jpg,177,1,1,3,1808,1071,1.6881,94176
train,177_c1s2_0.jpg,train/177_c1s2_0.jpg,177,1,2,0,1006,743,1.354,43907
train,177_c2s6_8.jpg,train/177_c2s6_8.jpg,177,2,6,8,660,809,0.8158,30161
train,177_c2s6_9.jpg,train/177_c2s6_9.jpg,177,2,6,9,882,871,1.0126,44278
train,177_c3s1_1.jpg,train/177_c3s1_1.jpg,177,3,1,1,1116,955,1.1686,56932
train,177_c3s6_6.jpg,train/177_c3s6_6.jpg,177,3,6,6,873,896,0.9743,38768
train,177_c4s1_10.jpg,train/177_c4s1_10.jpg,177,4,1,10,842,851,0.9894,40417
train,177_c4s2_2.jpg,train/177_c4s2_2.jpg,177,4,2,2,1132,1378,0.8215,61397
train,177_c5s1_7.jpg,train/177_c5s1_7.jpg,177,5,1,7,696,799,0.8711,32948
train,177_c5s2_12.jpg,train/177_c5s2_12.jpg,177,5,2,12,855,884,0.9672,41921
train,177_c5s2_4.jpg,train/177_c5s2_4.jpg,177,5,2,4,1037,1042,0.9952,53114
train,177_c5s5_11.jpg,train/177_c5s5_11.jpg,177,5,5,11,876,846,1.0355,50125
train,178_c1s3_10.jpg,train/178_c1s3_10.jpg,178,1,3,10,1068,664,1.6084,62853
train,178_c1s4_6.jpg,train/178_c1s4_6.jpg,178,1,4,6,716,805,0.8894,45255
train,178_c1s6_15.jpg,train/178_c1s6_15.jpg,178,1,6,15,658,733,0.8977,39679
train,178_c2s2_12.jpg,train/178_c2s2_12.jpg,178,2,2,12,776,801,0.9688,50859
train,178_c2s6_8.jpg,train/178_c2s6_8.jpg,178,2,6,8,1040,915,1.1366,84431
train,178_c3s3_9.jpg,train/178_c3s3_9.jpg,178,3,3,9,953,656,1.4527,48204
train,178_c3s4_13.jpg,train/178_c3s4_13.jpg,178,3,4,13,437,837,0.5221,43993
train,178_c4s3_4.jpg,train/178_c4s3_4.jpg,178,4,3,4,719,592,1.2145,40849
train,178_c4s3_7.jpg,train/178_c4s3_7.jpg,178,4,3,7,427,820,0.5207,39031
train,178_c4s5_5.jpg,train/178_c4s5_5.jpg,178,4,5,5,730,599,1.2187,26799
train,178_c4s6_14.jpg,train/178_c4s6_14.jpg,178,4,6,14,588,869,0.6766,45019
train,178_c5s3_1.jpg,train/178_c5s3_1.jpg,178,5,3,1,688,517,1.3308,17525
train,178_c6s1_0.jpg,train/178_c6s1_0.jpg,178,6,1,0,665,625,1.064,18952
train,178_c6s6_11.jpg,train/178_c6s6_11.jpg,178,6,6,11,906,750,1.208,55557
train,181_c1s1_1.jpg,train/181_c1s1_1.jpg,181,1,1,1,542,355,1.5268,31816
train,181_c1s2_0.jpg,train/181_c1s2_0.jpg,181,1,2,0,542,354,1.5311,35212
train,181_c1s2_9.jpg,train/181_c1s2_9.jpg,181,1,2,9,621,378,1.6429,41734
train,181_c2s1_11.jpg,train/181_c2s1_11.jpg,181,2,1,11,706,427,1.6534,53024
train,181_c2s1_5.jpg,train/181_c2s1_5.jpg,181,2,1,5,837,491,1.7047,68709
train,181_c2s5_2.jpg,train/181_c2s5_2.jpg,181,2,5,2,753,442,1.7036,51396
train,181_c4s1_13.jpg,train/181_c4s1_13.jpg,181,4,1,13,722,421,1.715,54298
train,181_c4s3_6.jpg,train/181_c4s3_6.jpg,181,4,3,6,740,496,1.4919,58735
train,181_c4s4_14.jpg,train/181_c4s4_14.jpg,181,4,4,14,727,407,1.7862,49099
train,181_c4s5_7.jpg,train/181_c4s5_7.jpg,181,4,5,7,581,360,1.6139,37992
train,181_c4s5_8.jpg,train/181_c4s5_8.jpg,181,4,5,8,601,362,1.6602,42273
train,181_c5s2_4.jpg,train/181_c5s2_4.jpg,181,5,2,4,842,447,1.8837,69672
train,181_c6s3_12.jpg,train/181_c6s3_12.jpg,181,6,3,12,708,414,1.7101,55875
train,182_c1s5_13.jpg,train/182_c1s5_13.jpg,182,1,5,13,452,450,1.0044,19143
train,182_c2s1_6.jpg,train/182_c2s1_6.jpg,182,2,1,6,488,531,0.919,28528
train,182_c2s4_14.jpg,train/182_c2s4_14.jpg,182,2,4,14,435,463,0.9395,20701
train,182_c2s6_1.jpg,train/182_c2s6_1.jpg,182,2,6,1,1112,850,1.3082,97973
train,182_c3s5_12.jpg,train/182_c3s5_12.jpg,182,3,5,12,748,824,0.9078,55837
train,182_c4s3_2.jpg,train/182_c4s3_2.jpg,182,4,3,2,1117,865,1.2913,79543
train,182_c4s5_0.jpg,train/182_c4s5_0.jpg,182,4,5,0,763,845,0.903,58722
train,182_c4s5_4.jpg,train/182_c4s5_4.jpg,182,4,5,4,981,926,1.0594,89746
train,182_c4s5_9.jpg,train/182_c4s5_9.jpg,182,4,5,9,452,476,0.9496,18440
train,182_c5s2_8.jpg,train/182_c5s2_8.jpg,182,5,2,8,460,481,0.9563,24594
train,182_c5s4_5.jpg,train/182_c5s4_5.jpg,182,5,4,5,514,578,0.8893,30998
train,182_c5s4_7.jpg,train/182_c5s4_7.jpg,182,5,4,7,948,911,1.0406,84734
train,182_c6s2_10.jpg,train/182_c6s2_10.jpg,182,6,2,10,411,457,0.8993,17118
train,182_c6s2_11.jpg,train/182_c6s2_11.jpg,182,6,2,11,388,455,0.8527,18510
train,186_c2s3_7.jpg,train/186_c2s3_7.jpg,186,2,3,7,419,347,1.2075,14215
train,186_c2s4_3.jpg,train/186_c2s4_3.jpg,186,2,4,3,578,398,1.4523,19089
train,186_c2s6_6.jpg,train/186_c2s6_6.jpg,186,2,6,6,442,363,1.2176,21410
train,186_c3s1_8.jpg,train/186_c3s1_8.jpg,186,3,1,8,395,327,1.208,18667
train,186_c4s4_4.jpg,train/186_c4s4_4.jpg,186,4,4,4,568,360,1.5778,30198
train,186_c5s4_0.jpg,train/186_c5s4_0.jpg,186,5,4,0,403,340,1.1853,21067
train,186_c5s6_1.jpg,train/186_c5s6_1.jpg,186,5,6,1,485,349,1.3897,22691
train,186_c5s6_2.jpg,train/186_c5s6_2.jpg,186,5,6,2,532,376,1.4149,26026
train,186_c6s2_5.jpg,train/186_c6s2_5.jpg,186,6,2,5,501,394,1.2716,29583
train,187_c1s3_6.jpg,train/187_c1s3_6.jpg,187,1,3,6,626,896,0.6987,51678
train,187_c1s6_1.jpg,train/187_c1s6_1.jpg,187,1,6,1,591,611,0.9673,29613
train,187_c1s6_12.jpg,train/187_c1s6_12.jpg,187,1,6,12,673,788,0.8541,30346
train,187_c2s4_10.jpg,train/187_c2s4_10.jpg,187,2,4,10,1053,872,1.2076,92521
train,187_c2s5_0.jpg,train/187_c2s5_0.jpg,187,2,5,0,537,558,0.9624,26668
train,187_c2s5_2.jpg,train/187_c2s5_2.jpg,187,2,5,2,988,755,1.3086,43518
train,187_c3s1_4.jpg,train/187_c3s1_4.jpg,187,3,1,4,1177,955,1.2325,75057
train,187_c3s1_7.jpg,train/187_c3s1_7.jpg,187,3,1,7,419,1067,0.3927,49769
train,187_c3s5_3.jpg,train/187_c3s5_3.jpg,187,3,5,3,1231,888,1.3863,93390
train,187_c6s5_5.jpg,train/187_c6s5_5.jpg,187,6,5,5,599,603,0.9934,30881
train,187_c6s6_9.jpg,train/187_c6s6_9.jpg,187,6,6,9,1119,894,1.2517,83055
train,188_c1s1_3.jpg,train/188_c1s1_3.jpg,188,1,1,3,437,301,1.4518,12859
train,188_c1s2_8.jpg,train/188_c1s2_8.jpg,188,1,2,8,437,329,1.3283,11820
train,188_c1s3_6.jpg,train/188_c1s3_6.jpg,188,1,3,6,417,317,1.3155,10692
train,188_c2s2_7.jpg,train/188_c2s2_7.jpg,188,2,2,7,432,322,1.3416,11320
train,188_c2s4_1.jpg,train/188_c2s4_1.jpg,188,2,4,1,394,306,1.2876,11568
train,188_c5s1_0.jpg,train/188_c5s1_0.jpg,188,5,1,0,493,360,1.3694,15562
train,188_c5s6_4.jpg,train/188_c5s6_4.jpg,188,5,6,4,385,255,1.5098,10097
train,188_c6s4_2.jpg,train/188_c6s4_2.jpg,188,6,4,2,463,312,1.484,13021
train,19_c1s1_11.jpg,train/19_c1s1_11.jpg,19,1,1,11,104,261,0.3985,4587
train,19_c1s3_6.jpg,train/19_c1s3_6.jpg,19,1,3,6,219,333,0.6577,30179
train,19_c2s2_3.jpg,train/19_c2s2_3.jpg,19,2,2,3,53,141,0.3759,1878
train,19_c2s5_4.jpg,train/19_c2s5_4.jpg,19,2,5,4,361,249,1.4498,11282
train,19_c2s5_9.jpg,train/19_c2s5_9.jpg,19,2,5,9,158,174,0.908,4730
train,19_c3s3_1.jpg,train/19_c3s3_1.jpg,19,3,3,1,249,271,0.9188,23361
train,19_c3s3_10.jpg,train/19_c3s3_10.jpg,19,3,3,10,292,190,1.5368,8132
train,19_c3s5_0.jpg,train/19_c3s5_0.jpg,19,3,5,0,129,188,0.6862,8249
train,19_c4s1_12.jpg,train/19_c4s1_12.jpg,19,4,1,12,111,256,0.4336,5844
train,19_c4s3_8.jpg,train/19_c4s3_8.jpg,19,4,3,8,158,162,0.9753,10721
train,19_c5s4_2.jpg,train/19_c5s4_2.jpg,19,5,4,2,78,175,0.4457,2810
train,19_c5s5_5.jpg,train/19_c5s5_5.jpg,19,5,5,5,254,199,1.2764,17638
train,21_c1s2_8.jpg,train/21_c1s2_8.jpg,21,1,2,8,287,198,1.4495,15613
train,21_c1s6_7.jpg,train/21_c1s6_7.jpg,21,1,6,7,266,181,1.4696,17884
train,21_c1s6_9.jpg,train/21_c1s6_9.jpg,21,1,6,9,345,215,1.6047,23869
train,21_c2s1_2.jpg,train/21_c2s1_2.jpg,21,2,1,2,371,275,1.3491,28850
train,21_c2s3_1.jpg,train/21_c2s3_1.jpg,21,2,3,1,393,249,1.5783,24731
train,21_c3s3_6.jpg,train/21_c3s3_6.jpg,21,3,3,6,261,178,1.4663,17641
train,21_c4s2_0.jpg,train/21_c4s2_0.jpg,21,4,2,0,336,229,1.4672,22055
train,21_c4s3_4.jpg,train/21_c4s3_4.jpg,21,4,3,4,364,283,1.2862,29156
train,21_c5s2_3.jpg,train/21_c5s2_3.jpg,21,5,2,3,394,316,1.2468,32422
train,22_c3s4_5.jpg,train/22_c3s4_5.jpg,22,3,4,5,133,122,1.0902,6498
train,22_c3s5_7.jpg,train/22_c3s5_7.jpg,22,3,5,7,126,127,0.9921,5904
train,22_c5s5_1.jpg,train/22_c5s5_1.jpg,22,5,5,1,122,123,0.9919,5505
train,22_c5s5_4.jpg,train/22_c5s5_4.jpg,22,5,5,4,126,133,0.9474,5829
train,22_c5s5_8.jpg,train/22_c5s5_8.jpg,22,5,5,8,129,131,0.9847,6773
train,22_c6s1_6.jpg,train/22_c6s1_6.jpg,22,6,1,6,117,108,1.0833,4616
train,22_c6s3_3.jpg,train/22_c6s3_3.jpg,22,6,3,3,127,113,1.1239,5251
train,22_c6s4_0.jpg,train/22_c6s4_0.jpg,22,6,4,0,119,126,0.9444,5458
train,24_c1s2_6.jpg,train/24_c1s2_6.jpg,24,1,2,6,164,190,0.8632,7162
train,24_c2s1_0.jpg,train/24_c2s1_0.jpg,24,2,1,0,143,207,0.6908,7053
train,24_c2s3_7.jpg,train/24_c2s3_7.jpg,24,2,3,7,111,216,0.5139,5807
train,24_c3s1_1.jpg,train/24_c3s1_1.jpg,24,3,1,1,160,192,0.8333,12855
train,24_c3s1_5.jpg,train/24_c3s1_5.jpg,24,3,1,5,141,189,0.746,5137
train,24_c3s3_3.jpg,train/24_c3s3_3.jpg,24,3,3,3,139,173,0.8035,12994
train,24_c4s4_4.jpg,train/24_c4s4_4.jpg,24,4,4,4,140,186,0.7527,5554
train,24_c4s5_3.jpg,train/24_c4s5_3.jpg,24,4,5,3,115,172,0.6686,10471
train,24_c5s3_2.jpg,train/24_c5s3_2.jpg,24,5,3,2,144,188,0.766,12700
train,24_c6s1_1.jpg,train/24_c6s1_1.jpg,24,6,1,1,178,176,1.0114,5405
train,25_c2s3_7.jpg,train/25_c2s3_7.jpg,25,2,3,7,164,114,1.4386,5751
train,25_c2s4_3.jpg,train/25_c2s4_3.jpg,25,2,4,3,159,116,1.3707,7605
train,25_c3s6_6.jpg,train/25_c3s6_6.jpg,25,3,6,6,172,119,1.4454,6829
train,25_c4s2_4.jpg,train/25_c4s2_4.jpg,25,4,2,4,174,122,1.4262,9545
train,25_c4s6_1.jpg,train/25_c4s6_1.jpg,25,4,6,1,172,119,1.4454,6939
train,25_c5s4_2.jpg,train/25_c5s4_2.jpg,25,5,4,2,173,126,1.373,7459
train,25_c6s3_5.jpg,train/25_c6s3_5.jpg,25,6,3,5,172,122,1.4098,7653
train,26_c1s2_7.jpg,train/26_c1s2_7.jpg,26,1,2,7,251,197,1.2741,15356
train,26_c3s2_5.jpg,train/26_c3s2_5.jpg,26,3,2,5,172,186,0.9247,7965
train,26_c4s1_8.jpg,train/26_c4s1_8.jpg,26,4,1,8,238,183,1.3005,13256
train,26_c4s3_4.jpg,train/26_c4s3_4.jpg,26,4,3,4,133,138,0.9638,4062
train,26_c4s4_3.jpg,train/26_c4s4_3.jpg,26,4,4,3,242,226,1.0708,34794
train,26_c5s1_0.jpg,train/26_c5s1_0.jpg,26,5,1,0,196,186,1.0538,11323
train,26_c6s5_1.jpg,train/26_c6s5_1.jpg,26,6,5,1,165,176,0.9375,6462
train,26_c6s6_2.jpg,train/26_c6s6_2.jpg,26,6,6,2,247,200,1.235,11714
train,27_c2s5_0.jpg,train/27_c2s5_0.jpg,27,2,5,0,146,160,0.9125,3884
train,27_c3s4_6.jpg,train/27_c3s4_6.jpg,27,3,4,6,142,155,0.9161,3861
train,27_c4s1_4.jpg,train/27_c4s1_4.jpg,27,4,1,4,153,162,0.9444,3645
train,27_c6s3_2.jpg,train/27_c6s3_2.jpg,27,6,3,2,158,161,0.9814,3852
train,27_c6s4_1.jpg,train/27_c6s4_1.jpg,27,6,4,1,159,159,1.0,4136
train,27_c6s6_3.jpg,train/27_c6s6_3.jpg,27,6,6,3,160,164,0.9756,4308
train,28_c2s4_3.jpg,train/28_c2s4_3.jpg,28,2,4,3,200,183,1.0929,9851
train,28_c3s5_2.jpg,train/28_c3s5_2.jpg,28,3,5,2,201,179,1.1229,9801
train,28_c4s1_1.jpg,train/28_c4s1_1.jpg,28,4,1,1,209,177,1.1808,9151
train,28_c5s1_5.jpg,train/28_c5s1_5.jpg,28,5,1,5,306,157,1.949,11288
train,28_c5s6_6.jpg,train/28_c5s6_6.jpg,28,5,6,6,226,178,1.2697,10247
train,28_c6s2_7.jpg,train/28_c6s2_7.jpg,28,6,2,7,214,176,1.2159,9654
train,28_c6s6_4.jpg,train/28_c6s6_4.jpg,28,6,6,4,229,147,1.5578,8828
train,28_c6s6_8.jpg,train/28_c6s6_8.jpg,28,6,6,8,241,175,1.3771,11357
train,29_c1s6_1.jpg,train/29_c1s6_1.jpg,29,1,6,1,77,64,1.2031,1735
train,29_c2s3_4.jpg,train/29_c2s3_4.jpg,29,2,3,4,76,59,1.2881,1628
train,29_c2s3_6.jpg,train/29_c2s3_6.jpg,29,2,3,6,79,57,1.386,1553
train,29_c3s2_3.jpg,train/29_c3s2_3.jpg,29,3,2,3,87,61,1.4262,1833
train,29_c3s6_9.jpg,train/29_c3s6_9.jpg,29,3,6,9,67,50,1.34,1440
train,29_c4s5_8.jpg,train/29_c4s5_8.jpg,29,4,5,8,66,52,1.2692,1482
train,29_c4s6_7.jpg,train/29_c4s6_7.jpg,29,4,6,7,78,54,1.4444,2529
train,29_c6s6_2.jpg,train/29_c6s6_2.jpg,29,6,6,2,87,60,1.45,1817
train,29_c6s6_5.jpg,train/29_c6s6_5.jpg,29,6,6,5,89,59,1.5085,1863
train,2_c1s4_2.jpg,train/2_c1s4_2.jpg,2,1,4,2,112,138,0.8116,3476
train,2_c2s1_1.jpg,train/2_c2s1_1.jpg,2,2,1,1,106,122,0.8689,3291
train,2_c2s6_3.jpg,train/2_c2s6_3.jpg,2,2,6,3,116,150,0.7733,4183
train,2_c3s2_4.jpg,train/2_c3s2_4.jpg,2,3,2,4,124,161,0.7702,4807
train,2_c4s1_0.jpg,train/2_c4s1_0.jpg,2,4,1,0,55,99,0.5556,1970
train,2_c4s5_7.jpg,train/2_c4s5_7.jpg,2,4,5,7,98,211,0.4645,8402
train,2_c5s1_8.jpg,train/2_c5s1_8.jpg,2,5,1,8,121,248,0.4879,9926
train,2_c6s1_6.jpg,train/2_c6s1_6.jpg,2,6,1,6,86,182,0.4725,3365
train,2_c6s1_9.jpg,train/2_c6s1_9.jpg,2,6,1,9,73,117,0.6239,2687
train,30_c2s2_6.jpg,train/30_c2s2_6.jpg,30,2,2,6,142,119,1.1933,2325
train,30_c2s3_3.jpg,train/30_c2s3_3.jpg,30,2,3,3,335,281,1.1922,6024
train,30_c2s3_5.jpg,train/30_c2s3_5.jpg,30,2,3,5,199,93,2.1398,2408
train,30_c3s4_7.jpg,train/30_c3s4_7.jpg,30,3,4,7,132,99,1.3333,2375
train,30_c3s5_1.jpg,train/30_c3s5_1.jpg,30,3,5,1,177,487,0.3634,18430
train,30_c3s6_0.jpg,train/30_c3s6_0.jpg,30,3,6,0,285,386,0.7383,16718
train,30_c4s2_4.jpg,train/30_c4s2_4.jpg,30,4,2,4,224,196,1.1429,4606
train,30_c5s3_2.jpg,train/30_c5s3_2.jpg,30,5,3,2,272,442,0.6154,19153
train,33_c1s6_0.jpg,train/33_c1s6_0.jpg,33,1,6,0,395,607,0.6507,56380
train,33_c2s2_4.jpg,train/33_c2s2_4.jpg,33,2,2,4,204,658,0.31,11710
train,33_c2s5_5.jpg,train/33_c2s5_5.jpg,33,2,5,5,318,590,0.539,35041
train,33_c3s4_7.jpg,train/33_c3s4_7.jpg,33,3,4,7,257,648,0.3966,30180
train,33_c5s3_6.jpg,train/33_c5s3_6.jpg,33,5,3,6,257,645,0.3984,26856
train,33_c6s6_1.jpg,train/33_c6s6_1.jpg,33,6,6,1,239,640,0.3734,12942
train,33_c6s6_2.jpg,train/33_c6s6_2.jpg,33,6,6,2,266,745,0.357,33205
train,43_c1s2_7.jpg,train/43_c1s2_7.jpg,43,1,2,7,129,117,1.1026,2600
train,43_c2s2_5.jpg,train/43_c2s2_5.jpg,43,2,2,5,99,60,1.65,1750
train,43_c2s5_6.jpg,train/43_c2s5_6.jpg,43,2,5,6,154,157,0.9809,2916
train,43_c3s2_2.jpg,train/43_c3s2_2.jpg,43,3,2,2,102,93,1.0968,2021
train,43_c4s5_0.jpg,train/43_c4s5_0.jpg,43,4,5,0,329,276,1.192,8094
train,43_c4s5_1.jpg,train/43_c4s5_1.jpg,43,4,5,1,548,303,1.8086,12045
train,43_c4s6_3.jpg,train/43_c4s6_3.jpg,43,4,6,3,90,100,0.9,2003
train,43_c5s6_4.jpg,train/43_c5s6_4.jpg,43,5,6,4,101,72,1.4028,1748
train,44_c1s1_2.jpg,train/44_c1s1_2.jpg,44,1,1,2,401,490,0.8184,38193
train,44_c1s1_3.jpg,train/44_c1s1_3.jpg,44,1,1,3,592,425,1.3929,36820
train,44_c2s1_6.jpg,train/44_c2s1_6.jpg,44,2,1,6,174,256,0.6797,7467
train,44_c2s2_4.jpg,train/44_c2s2_4.jpg,44,2,2,4,310,322,0.9627,14116
train,44_c3s3_8.jpg,train/44_c3s3_8.jpg,44,3,3,8,121,210,0.5762,5432
train,44_c4s6_5.jpg,train/44_c4s6_5.jpg,44,4,6,5,198,273,0.7253,9518
train,44_c5s5_1.jpg,train/44_c5s5_1.jpg,44,5,5,1,205,358,0.5726,32137
train,44_c6s5_7.jpg,train/44_c6s5_7.jpg,44,6,5,7,144,231,0.6234,5695
train,45_c2s5_1.jpg,train/45_c2s5_1.jpg,45,2,5,1,294,261,1.1264,38698
train,45_c3s2_5.jpg,train/45_c3s2_5.jpg,45,3,2,5,382,608,0.6283,89607
train,45_c3s3_0.jpg,train/45_c3s3_0.jpg,45,3,3,0,309,286,1.0804,45970
train,45_c3s5_2.jpg,train/45_c3s5_2.jpg,45,3,5,2,301,248,1.2137,38887
train,45_c3s5_3.jpg,train/45_c3s5_3.jpg,45,3,5,3,319,246,1.2967,36494
train,45_c3s6_4.jpg,train/45_c3s6_4.jpg,45,3,6,4,124,302,0.4106,8986
train,45_c4s6_6.jpg,train/45_c4s6_6.jpg,45,4,6,6,583,491,1.1874,112970
train,45_c5s1_7.jpg,train/45_c5s1_7.jpg,45,5,1,7,609,411,1.4818,111986
train,46_c1s1_13.jpg,train/46_c1s1_13.jpg,46,1,1,13,190,246,0.7724,9536
train,46_c2s4_10.jpg,train/46_c2s4_10.jpg,46,2,4,10,152,193,0.7876,5633
train,46_c2s4_11.jpg,train/46_c2s4_11.jpg,46,2,4,11,175,158,1.1076,6057
train,46_c2s4_4.jpg,train/46_c2s4_4.jpg,46,2,4,4,183,185,0.9892,7263
train,46_c3s3_7.jpg,train/46_c3s3_7.jpg,46,3,3,7,216,211,1.0237,12666
train,46_c5s2_5.jpg,train/46_c5s2_5.jpg,46,5,2,5,200,274,0.7299,12042
train,46_c5s4_12.jpg,train/46_c5s4_12.jpg,46,5,4,12,174,224,0.7768,8304
train,46_c6s1_6.jpg,train/46_c6s1_6.jpg,46,6,1,6,199,250,0.796,12071
train,46_c6s3_0.jpg,train/46_c6s3_0.jpg,46,6,3,0,142,126,1.127,4472
train,48_c1s6_0.jpg,train/48_c1s6_0.jpg,48,1,6,0,62,65,0.9538,1671
train,48_c2s1_4.jpg,train/48_c2s1_4.jpg,48,2,1,4,168,256,0.6562,15748
train,48_c3s2_2.jpg,train/48_c3s2_2.jpg,48,3,2,2,179,259,0.6911,19162
train,48_c3s2_6.jpg,train/48_c3s2_6.jpg,48,3,2,6,331,244,1.3566,23872
train,48_c3s6_7.jpg,train/48_c3s6_7.jpg,48,3,6,7,298,244,1.2213,27617
train,48_c4s5_5.jpg,train/48_c4s5_5.jpg,48,4,5,5,181,239,0.7573,16165
train,48_c4s6_8.jpg,train/48_c4s6_8.jpg,48,4,6,8,254,249,1.0201,22012
train,48_c6s3_0.jpg,train/48_c6s3_0.jpg,48,6,3,0,80,197,0.4061,3353
train,48_c6s3_1.jpg,train/48_c6s3_1.jpg,48,6,3,1,198,259,0.7645,21105
train,49_c1s6_0.jpg,train/49_c1s6_0.jpg,49,1,6,0,197,233,0.8455,19581
train,49_c2s3_5.jpg,train/49_c2s3_5.jpg,49,2,3,5,103,227,0.4537,11625
train,49_c2s4_3.jpg,train/49_c2s4_3.jpg,49,2,4,3,139,321,0.433,19746
train,49_c2s5_7.jpg,train/49_c2s5_7.jpg,49,2,5,7,198,242,0.8182,19059
train,49_c3s5_1.jpg,train/49_c3s5_1.jpg,49,3,5,1,192,243,0.7901,18403
train,49_c4s4_4.jpg,train/49_c4s4_4.jpg,49,4,4,4,162,228,0.7105,17822
train,49_c4s6_3.jpg,train/49_c4s6_3.jpg,49,4,6,3,238,197,1.2081,9895
train,49_c6s5_2.jpg,train/49_c6s5_2.jpg,49,6,5,2,146,280,0.5214,17892
train,51_c1s1_0.jpg,train/51_c1s1_0.jpg,51,1,1,0,109,108,1.0093,5063
train,51_c2s5_6.jpg,train/51_c2s5_6.jpg,51,2,5,6,69,132,0.5227,5531
train,51_c3s1_1.jpg,train/51_c3s1_1.jpg,51,3,1,1,113,110,1.0273,5363
train,51_c3s2_4.jpg,train/51_c3s2_4.jpg,51,3,2,4,124,131,0.9466,8893
train,51_c4s6_7.jpg,train/51_c4s6_7.jpg,51,4,6,7,65,127,0.5118,2756
train,51_c5s3_3.jpg,train/51_c5s3_3.jpg,51,5,3,3,115,111,1.036,6328
train,51_c6s5_2.jpg,train/51_c6s5_2.jpg,51,6,5,2,118,106,1.1132,5701
train,56_c1s6_1.jpg,train/56_c1s6_1.jpg,56,1,6,1,170,138,1.2319,5033
train,56_c2s5_5.jpg,train/56_c2s5_5.jpg,56,2,5,5,493,442,1.1154,31871
train,56_c4s1_4.jpg,train/56_c4s1_4.jpg,56,4,1,4,254,157,1.6178,18613
train,56_c4s4_1.jpg,train/56_c4s4_1.jpg,56,4,4,1,183,226,0.8097,8241
train,56_c4s5_3.jpg,train/56_c4s5_3.jpg,56,4,5,3,294,198,1.4848,22072
train,56_c4s6_6.jpg,train/56_c4s6_6.jpg,56,4,6,6,485,589,0.8234,51438
train,56_c5s3_2.jpg,train/56_c5s3_2.jpg,56,5,3,2,400,259,1.5444,30328
train,56_c6s6_0.jpg,train/56_c6s6_0.jpg,56,6,6,0,123,123,1.0,4597
train,5_c1s5_1.jpg,train/5_c1s5_1.jpg,5,1,5,1,141,359,0.3928,10121
train,5_c1s6_0.jpg,train/5_c1s6_0.jpg,5,1,6,0,132,342,0.386,10172
train,5_c3s4_8.jpg,train/5_c3s4_8.jpg,5,3,4,8,125,298,0.4195,9051
train,5_c3s6_4.jpg,train/5_c3s6_4.jpg,5,3,6,4,109,286,0.3811,8271
train,5_c3s6_7.jpg,train/5_c3s6_7.jpg,5,3,6,7,116,269,0.4312,6907
train,5_c4s4_2.jpg,train/5_c4s4_2.jpg,5,4,4,2,132,323,0.4087,10311
train,5_c5s5_5.jpg,train/5_c5s5_5.jpg,5,5,5,5,112,277,0.4043,7495
train,5_c6s6_6.jpg,train/5_c6s6_6.jpg,5,6,6,6,146,288,0.5069,17983
train,60_c1s6_2.jpg,train/60_c1s6_2.jpg,60,1,6,2,66,58,1.1379,1456
train,60_c2s4_0.jpg,train/60_c2s4_0.jpg,60,2,4,0,61,61,1.0,1322
train,60_c3s3_6.jpg,train/60_c3s3_6.jpg,60,3,3,6,53,87,0.6092,1642
train,60_c5s4_5.jpg,train/60_c5s4_5.jpg,60,5,4,5,31,63,0.4921,972
train,60_c5s5_1.jpg,train/60_c5s5_1.jpg,60,5,5,1,66,61,1.082,1671
train,60_c6s5_3.jpg,train/60_c6s5_3.jpg,60,6,5,3,31,65,0.4769,1082
train,63_c1s5_2.jpg,train/63_c1s5_2.jpg,63,1,5,2,295,265,1.1132,23166
train,63_c1s6_1.jpg,train/63_c1s6_1.jpg,63,1,6,1,396,339,1.1681,46263
train,63_c2s1_5.jpg,train/63_c2s1_5.jpg,63,2,1,5,249,363,0.686,25214
train,63_c2s3_7.jpg,train/63_c2s3_7.jpg,63,2,3,7,455,422,1.0782,47874
train,63_c5s5_6.jpg,train/63_c5s5_6.jpg,63,5,5,6,308,425,0.7247,36787
train,63_c6s5_3.jpg,train/63_c6s5_3.jpg,63,6,5,3,263,264,0.9962,22607
train,63_c6s5_4.jpg,train/63_c6s5_4.jpg,63,6,5,4,284,347,0.8184,29629
train,65_c1s1_9.jpg,train/65_c1s1_9.jpg,65,1,1,9,210,175,1.2,4986
train,65_c1s4_1.jpg,train/65_c1s4_1.jpg,65,1,4,1,94,166,0.5663,2308
train,65_c2s2_4.jpg,train/65_c2s2_4.jpg,65,2,2,4,191,134,1.4254,3316
train,65_c2s5_12.jpg,train/65_c2s5_12.jpg,65,2,5,12,139,118,1.178,2313
train,65_c2s6_5.jpg,train/65_c2s6_5.jpg,65,2,6,5,85,92,0.9239,3199
train,65_c3s2_3.jpg,train/65_c3s2_3.jpg,65,3,2,3,161,104,1.5481,2717
train,65_c3s3_7.jpg,train/65_c3s3_7.jpg,65,3,3,7,115,138,0.8333,3036
train,65_c4s3_2.jpg,train/65_c4s3_2.jpg,65,4,3,2,134,153,0.8758,2914
train,65_c4s5_10.jpg,train/65_c4s5_10.jpg,65,4,5,10,196,122,1.6066,3324
train,65_c5s3_6.jpg,train/65_c5s3_6.jpg,65,5,3,6,116,136,0.8529,2677
train,65_c5s4_8.jpg,train/65_c5s4_8.jpg,65,5,4,8,110,133,0.8271,2703
train,65_c6s6_11.jpg,train/65_c6s6_11.jpg,65,6,6,11,88,113,0.7788,2994
train,66_c1s2_3.jpg,train/66_c1s2_3.jpg,66,1,2,3,90,129,0.6977,4994
train,66_c1s2_4.jpg,train/66_c1s2_4.jpg,66,1,2,4,87,139,0.6259,4461
train,66_c1s5_0.jpg,train/66_c1s5_0.jpg,66,1,5,0,55,72,0.7639,2415
train,66_c2s3_5.jpg,train/66_c2s3_5.jpg,66,2,3,5,101,133,0.7594,3122
train,66_c2s6_6.jpg,train/66_c2s6_6.jpg,66,2,6,6,61,83,0.7349,2668
train,66_c4s6_1.jpg,train/66_c4s6_1.jpg,66,4,6,1,116,113,1.0265,5457
train,66_c5s5_2.jpg,train/66_c5s5_2.jpg,66,5,5,2,109,124,0.879,3719
train,66_c6s2_7.jpg,train/66_c6s2_7.jpg,66,6,2,7,85,113,0.7522,3821
train,66_c6s5_8.jpg,train/66_c6s5_8.jpg,66,6,5,8,107,121,0.8843,4806
train,68_c3s1_8.jpg,train/68_c3s1_8.jpg,68,3,1,8,291,338,0.8609,11338
train,68_c3s4_2.jpg,train/68_c3s4_2.jpg,68,3,4,2,105,95,1.1053,2555
train,68_c3s6_3.jpg,train/68_c3s6_3.jpg,68,3,6,3,64,115,0.5565,3725
train,68_c4s1_6.jpg,train/68_c4s1_6.jpg,68,4,1,6,124,323,0.3839,6037
train,68_c4s5_0.jpg,train/68_c4s5_0.jpg,68,4,5,0,95,91,1.044,1973
train,68_c4s5_5.jpg,train/68_c4s5_5.jpg,68,4,5,5,108,244,0.4426,4071
train,68_c6s2_7.jpg,train/68_c6s2_7.jpg,68,6,2,7,179,307,0.5831,6611
train,68_c6s3_1.jpg,train/68_c6s3_1.jpg,68,6,3,1,94,99,0.9495,2183
train,6_c2s5_6.jpg,train/6_c2s5_6.jpg,6,2,5,6,187,210,0.8905,9296
train,6_c3s4_1.jpg,train/6_c3s4_1.jpg,6,3,4,1,159,188,0.8457,6498
train,6_c4s1_8.jpg,train/6_c4s1_8.jpg,6,4,1,8,194,199,0.9749,9197
train,6_c4s6_2.jpg,train/6_c4s6_2.jpg,6,4,6,2,159,200,0.795,7383
train,6_c4s6_3.jpg,train/6_c4s6_3.jpg,6,4,6,3,165,189,0.873,7442
train,6_c4s6_5.jpg,train/6_c4s6_5.jpg,6,4,6,5,191,201,0.9502,9061
train,6_c5s3_0.jpg,train/6_c5s3_0.jpg,6,5,3,0,171,131,1.3053,12545
train,6_c6s1_4.jpg,train/6_c6s1_4.jpg,6,6,1,4,175,187,0.9358,6379
train,70_c1s3_3.jpg,train/70_c1s3_3.jpg,70,1,3,3,105,111,0.9459,3887
train,70_c2s4_1.jpg,train/70_c2s4_1.jpg,70,2,4,1,95,116,0.819,3841
train,70_c3s2_4.jpg,train/70_c3s2_4.jpg,70,3,2,4,83,76,1.0921,3390
train,70_c3s2_5.jpg,train/70_c3s2_5.jpg,70,3,2,5,86,115,0.7478,3518
train,70_c4s3_7.jpg,train/70_c4s3_7.jpg,70,4,3,7,84,110,0.7636,4031
train,70_c6s6_2.jpg,train/70_c6s6_2.jpg,70,6,6,2,106,112,0.9464,4071
train,70_c6s6_6.jpg,train/70_c6s6_6.jpg,70,6,6,6,86,116,0.7414,3604
train,71_c1s5_1.jpg,train/71_c1s5_1.jpg,71,1,5,1,187,221,0.8462,8380
train,71_c2s2_6.jpg,train/71_c2s2_6.jpg,71,2,2,6,83,126,0.6587,2112
train,71_c2s4_2.jpg,train/71_c2s4_2.jpg,71,2,4,2,93,145,0.6414,3434
train,71_c4s1_3.jpg,train/71_c4s1_3.jpg,71,4,1,3,82,151,0.543,6297
train,71_c4s2_4.jpg,train/71_c4s2_4.jpg,71,4,2,4,92,124,0.7419,2901
train,71_c4s5_5.jpg,train/71_c4s5_5.jpg,71,4,5,5,80,130,0.6154,3724
train,71_c4s6_7.jpg,train/71_c4s6_7.jpg,71,4,6,7,141,90,1.5667,3326
train,73_c1s1_2.jpg,train/73_c1s1_2.jpg,73,1,1,2,164,145,1.131,7023
train,73_c1s5_8.jpg,train/73_c1s5_8.jpg,73,1,5,8,44,49,0.898,1809
train,73_c1s6_1.jpg,train/73_c1s6_1.jpg,73,1,6,1,156,148,1.0541,6989
train,73_c1s6_6.jpg,train/73_c1s6_6.jpg,73,1,6,6,251,169,1.4852,12039
train,73_c2s1_3.jpg,train/73_c2s1_3.jpg,73,2,1,3,176,156,1.1282,6727
train,73_c4s6_5.jpg,train/73_c4s6_5.jpg,73,4,6,5,273,192,1.4219,22236
train,73_c6s1_0.jpg,train/73_c6s1_0.jpg,73,6,1,0,144,154,0.9351,6513
train,73_c6s4_7.jpg,train/73_c6s4_7.jpg,73,6,4,7,93,103,0.9029,4091
train,78_c1s1_8.jpg,train/78_c1s1_8.jpg,78,1,1,8,152,141,1.078,7163
train,78_c1s3_4.jpg,train/78_c1s3_4.jpg,78,1,3,4,135,110,1.2273,5050
train,78_c2s1_1.jpg,train/78_c2s1_1.jpg,78,2,1,1,125,119,1.0504,5376
train,78_c2s2_0.jpg,train/78_c2s2_0.jpg,78,2,2,0,117,114,1.0263,5130
train,78_c3s3_5.jpg,train/78_c3s3_5.jpg,78,3,3,5,139,122,1.1393,5265
train,78_c3s6_2.jpg,train/78_c3s6_2.jpg,78,3,6,2,132,108,1.2222,6831
train,78_c4s5_3.jpg,train/78_c4s5_3.jpg,78,4,5,3,136,110,1.2364,4147
train,78_c6s4_6.jpg,train/78_c6s4_6.jpg,78,6,4,6,143,128,1.1172,5286
train,80_c1s2_8.jpg,train/80_c1s2_8.jpg,80,1,2,8,148,221,0.6697,10334
train,80_c1s3_3.jpg,train/80_c1s3_3.jpg,80,1,3,3,156,232,0.6724,10499
train,80_c2s3_6.jpg,train/80_c2s3_6.jpg,80,2,3,6,121,195,0.6205,8583
train,80_c2s3_7.jpg,train/80_c2s3_7.jpg,80,2,3,7,101,193,0.5233,7086
train,80_c2s5_5.jpg,train/80_c2s5_5.jpg,80,2,5,5,82,193,0.4249,3218
train,80_c3s1_1.jpg,train/80_c3s1_1.jpg,80,3,1,1,176,239,0.7364,8358
train,80_c3s1_2.jpg,train/80_c3s1_2.jpg,80,3,1,2,189,168,1.125,4686
train,80_c3s3_4.jpg,train/80_c3s3_4.jpg,80,3,3,4,190,178,1.0674,5764
train,80_c4s1_8.jpg,train/80_c4s1_8.jpg,80,4,1,8,103,189,0.545,3354
train,80_c4s4_1.jpg,train/80_c4s4_1.jpg,80,4,4,1,147,102,1.4412,6499
train,80_c6s2_2.jpg,train/80_c6s2_2.jpg,80,6,2,2,80,182,0.4396,5144
train,80_c6s3_3.jpg,train/80_c6s3_3.jpg,80,6,3,3,154,177,0.8701,4665
train,81_c1s4_5.jpg,train/81_c1s4_5.jpg,81,1,4,5,214,170,1.2588,4842
train,81_c1s4_9.jpg,train/81_c1s4_9.jpg,81,1,4,9,188,255,0.7373,5889
train,81_c2s1_0.jpg,train/81_c2s1_0.jpg,81,2,1,0,228,216,1.0556,6136
train,81_c2s4_6.jpg,train/81_c2s4_6.jpg,81,2,4,6,294,225,1.3067,7246
train,81_c3s5_1.jpg,train/81_c3s5_1.jpg,81,3,5,1,195,212,0.9198,5231
train,81_c4s5_8.jpg,train/81_c4s5_8.jpg,81,4,5,8,317,223,1.4215,7411
train,81_c6s2_4.jpg,train/81_c6s2_4.jpg,81,6,2,4,232,179,1.2961,5398
train,81_c6s4_7.jpg,train/81_c6s4_7.jpg,81,6,4,7,335,267,1.2547,8638
train,81_c6s5_3.jpg,train/81_c6s5_3.jpg,81,6,5,3,236,185,1.2757,5474
train,82_c1s3_3.jpg,train/82_c1s3_3.jpg,82,1,3,3,149,139,1.0719,7840
train,82_c1s4_1.jpg,train/82_c1s4_1.jpg,82,1,4,1,159,139,1.1439,7388
train,82_c2s3_4.jpg,train/82_c2s3_4.jpg,82,2,3,4,172,121,1.4215,3983
train,82_c3s1_5.jpg,train/82_c3s1_5.jpg,82,3,1,5,192,164,1.1707,9485
train,82_c3s2_2.jpg,train/82_c3s2_2.jpg,82,3,2,2,155,137,1.1314,8228
train,82_c4s1_6.jpg,train/82_c4s1_6.jpg,82,4,1,6,212,181,1.1713,14312
train,82_c4s1_8.jpg,train/82_c4s1_8.jpg,82,4,1,8,188,161,1.1677,11713
train,82_c5s4_7.jpg,train/82_c5s4_7.jpg,82,5,4,7,193,170,1.1353,12881
train,88_c1s5_3.jpg,train/88_c1s5_3.jpg,88,1,5,3,288,236,1.2203,22482
train,88_c2s6_2.jpg,train/88_c2s6_2.jpg,88,2,6,2,290,222,1.3063,24719
train,88_c3s1_7.jpg,train/88_c3s1_7.jpg,88,3,1,7,248,216,1.1481,20676
train,88_c3s3_4.jpg,train/88_c3s3_4.jpg,88,3,3,4,228,215,1.0605,21970
train,88_c3s3_6.jpg,train/88_c3s3_6.jpg,88,3,3,6,191,185,1.0324,15107
train,88_c4s2_9.jpg,train/88_c4s2_9.jpg,88,4,2,9,258,233,1.1073,26171
train,88_c4s3_0.jpg,train/88_c4s3_0.jpg,88,4,3,0,277,244,1.1352,24728
train,88_c5s5_1.jpg,train/88_c5s5_1.jpg,88,5,5,1,242,237,1.0211,22552
train,88_c6s4_8.jpg,train/88_c6s4_8.jpg,88,6,4,8,181,186,0.9731,16127
train,90_c1s1_1.jpg,train/90_c1s1_1.jpg,90,1,1,1,99,107,0.9252,3621
train,90_c2s4_0.jpg,train/90_c2s4_0.jpg,90,2,4,0,95,106,0.8962,3397
train,90_c3s3_3.jpg,train/90_c3s3_3.jpg,90,3,3,3,47,83,0.5663,3030
train,90_c3s6_7.jpg,train/90_c3s6_7.jpg,90,3,6,7,95,105,0.9048,3533
train,90_c5s1_5.jpg,train/90_c5s1_5.jpg,90,5,1,5,99,103,0.9612,3466
train,90_c5s3_6.jpg,train/90_c5s3_6.jpg,90,5,3,6,95,101,0.9406,3404
train,90_c5s4_2.jpg,train/90_c5s4_2.jpg,90,5,4,2,91,97,0.9381,3047
train,90_c6s1_4.jpg,train/90_c6s1_4.jpg,90,6,1,4,96,107,0.8972,3478
train,94_c1s2_2.jpg,train/94_c1s2_2.jpg,94,1,2,2,380,213,1.784,20811
train,94_c2s3_4.jpg,train/94_c2s3_4.jpg,94,2,3,4,359,211,1.7014,19964
train,94_c2s5_0.jpg,train/94_c2s5_0.jpg,94,2,5,0,339,190,1.7842,17309
train,94_c3s4_9.jpg,train/94_c3s4_9.jpg,94,3,4,9,137,169,0.8107,10754
train,94_c3s6_1.jpg,train/94_c3s6_1.jpg,94,3,6,1,259,149,1.7383,12341
train,94_c3s6_8.jpg,train/94_c3s6_8.jpg,94,3,6,8,140,194,0.7216,12420
train,94_c4s1_6.jpg,train/94_c4s1_6.jpg,94,4,1,6,199,109,1.8257,8213
train,94_c4s4_7.jpg,train/94_c4s4_7.jpg,94,4,4,7,212,303,0.6997,20469
train,94_c6s3_5.jpg,train/94_c6s3_5.jpg,94,6,3,5,232,284,0.8169,19687
train,95_c1s1_1.jpg,train/95_c1s1_1.jpg,95,1,1,1,120,145,0.8276,4004
train,95_c1s2_6.jpg,train/95_c1s2_6.jpg,95,1,2,6,172,186,0.9247,6661
train,95_c3s2_3.jpg,train/95_c3s2_3.jpg,95,3,2,3,164,169,0.9704,5939
train,95_c3s2_7.jpg,train/95_c3s2_7.jpg,95,3,2,7,128,123,1.0407,3771
train,95_c4s4_2.jpg,train/95_c4s4_2.jpg,95,4,4,2,171,169,1.0118,5788
train,95_c5s1_5.jpg,train/95_c5s1_5.jpg,95,5,1,5,175,166,1.0542,5981
train,95_c6s2_0.jpg,train/95_c6s2_0.jpg,95,6,2,0,110,126,0.873,2997
train,95_c6s3_4.jpg,train/95_c6s3_4.jpg,95,6,3,4,159,177,0.8983,5645
train,96_c1s3_4.jpg,train/96_c1s3_4.jpg,96,1,3,4,182,165,1.103,6510
train,96_c1s5_1.jpg,train/96_c1s5_1.jpg,96,1,5,1,223,232,0.9612,6691
train,96_c2s1_9.jpg,train/96_c2s1_9.jpg,96,2,1,9,193,175,1.1029,16255
train,96_c2s5_8.jpg,train/96_c2s5_8.jpg,96,2,5,8,197,183,1.0765,17324
train,96_c2s6_2.jpg,train/96_c2s6_2.jpg,96,2,6,2,111,174,0.6379,9621
train,96_c3s3_3.jpg,train/96_c3s3_3.jpg,96,3,3,3,164,218,0.7523,13295
train,96_c4s1_5.jpg,train/96_c4s1_5.jpg,96,4,1,5,153,195,0.7846,12355
train,96_c4s4_3.jpg,train/96_c4s4_3.jpg,96,4,4,3,158,153,1.0327,5562
train,96_c5s1_5.jpg,train/96_c5s1_5.jpg,96,5,1,5,175,178,0.9831,6071
train,96_c5s3_8.jpg,train/96_c5s3_8.jpg,96,5,3,8,272,251,1.0837,10021
train,96_c5s5_6.jpg,train/96_c5s5_6.jpg,96,5,5,6,174,190,0.9158,7190
train,96_c6s3_2.jpg,train/96_c6s3_2.jpg,96,6,3,2,157,226,0.6947,5873
train,96_c6s5_0.jpg,train/96_c6s5_0.jpg,96,6,5,0,175,170,1.0294,13094
train,96_c6s5_7.jpg,train/96_c6s5_7.jpg,96,6,5,7,228,246,0.9268,7160
train,96_c6s6_4.jpg,train/96_c6s6_4.jpg,96,6,6,4,200,211,0.9479,15000
val,100_c4s4_7.jpg,val/100_c4s4_7.jpg,100,4,4,7,61,76,0.8026,2321
val,101_c6s3_7.jpg,val/101_c6s3_7.jpg,101,6,3,7,210,166,1.2651,13125
val,102_c5s2_2.jpg,val/102_c5s2_2.jpg,102,5,2,2,87,172,0.5058,6887
val,103_c3s3_6.jpg,val/103_c3s3_6.jpg,103,3,3,6,228,281,0.8114,18436
val,104_c2s3_0.jpg,val/104_c2s3_0.jpg,104,2,3,0,88,154,0.5714,8236
val,108_c1s2_5.jpg,val/108_c1s2_5.jpg,108,1,2,5,245,197,1.2437,11121
val,110_c5s2_3.jpg,val/110_c5s2_3.jpg,110,5,2,3,301,245,1.2286,11550
val,115_c4s5_6.jpg,val/115_c4s5_6.jpg,115,4,5,6,156,153,1.0196,4228
val,117_c4s3_3.jpg,val/117_c4s3_3.jpg,117,4,3,3,244,246,0.9919,11722
val,118_c4s2_9.jpg,val/118_c4s2_9.jpg,118,4,2,9,126,213,0.5915,7215
val,121_c4s6_3.jpg,val/121_c4s6_3.jpg,121,4,6,3,366,228,1.6053,16383
val,122_c5s3_3.jpg,val/122_c5s3_3.jpg,122,5,3,3,189,186,1.0161,9703
val,123_c4s6_7.jpg,val/123_c4s6_7.jpg,123,4,6,7,257,157,1.6369,10271
val,126_c5s2_9.jpg,val/126_c5s2_9.jpg,126,5,2,9,281,288,0.9757,11601
val,127_c3s3_9.jpg,val/127_c3s3_9.jpg,127,3,3,9,112,49,2.2857,1685
val,128_c6s4_2.jpg,val/128_c6s4_2.jpg,128,6,4,2,62,108,0.5741,1733
val,12_c5s4_7.jpg,val/12_c5s4_7.jpg,12,5,4,7,140,292,0.4795,13448
val,130_c3s4_0.jpg,val/130_c3s4_0.jpg,130,3,4,0,150,132,1.1364,5972
val,131_c2s5_6.jpg,val/131_c2s5_6.jpg,131,2,5,6,62,116,0.5345,3887
val,132_c3s2_8.jpg,val/132_c3s2_8.jpg,132,3,2,8,265,209,1.2679,11739
val,133_c3s6_4.jpg,val/133_c3s6_4.jpg,133,3,6,4,83,79,1.0506,2389
val,134_c4s5_0.jpg,val/134_c4s5_0.jpg,134,4,5,0,212,155,1.3677,13211
val,135_c3s6_9.jpg,val/135_c3s6_9.jpg,135,3,6,9,493,350,1.4086,68191
val,136_c3s6_1.jpg,val/136_c3s6_1.jpg,136,3,6,1,155,144,1.0764,10449
val,138_c5s4_1.jpg,val/138_c5s4_1.jpg,138,5,4,1,155,295,0.5254,22708
val,139_c2s5_7.jpg,val/139_c2s5_7.jpg,139,2,5,7,89,75,1.1867,4243
val,140_c5s4_11.jpg,val/140_c5s4_11.jpg,140,5,4,11,155,150,1.0333,3083
val,141_c5s4_2.jpg,val/141_c5s4_2.jpg,141,5,4,2,113,176,0.642,3732
val,142_c6s1_1.jpg,val/142_c6s1_1.jpg,142,6,1,1,120,247,0.4858,6375
val,143_c2s4_2.jpg,val/143_c2s4_2.jpg,143,2,4,2,117,133,0.8797,3358
val,144_c6s4_7.jpg,val/144_c6s4_7.jpg,144,6,4,7,63,104,0.6058,2722
val,145_c2s1_3.jpg,val/145_c2s1_3.jpg,145,2,1,3,144,163,0.8834,14084
val,148_c3s3_4.jpg,val/148_c3s3_4.jpg,148,3,3,4,241,226,1.0664,4435
val,148_c3s4_0.jpg,val/148_c3s4_0.jpg,148,3,4,0,299,230,1.3,5271
val,149_c1s1_10.jpg,val/149_c1s1_10.jpg,149,1,1,10,283,340,0.8324,12128
val,149_c1s6_8.jpg,val/149_c1s6_8.jpg,149,1,6,8,271,340,0.7971,12512
val,14_c5s3_7.jpg,val/14_c5s3_7.jpg,14,5,3,7,365,398,0.9171,65452
val,150_c5s3_6.jpg,val/150_c5s3_6.jpg,150,5,3,6,369,355,1.0394,20217
val,150_c6s6_8.jpg,val/150_c6s6_8.jpg,150,6,6,8,349,307,1.1368,13790
val,151_c2s5_7.jpg,val/151_c2s5_7.jpg,151,2,5,7,266,212,1.2547,9403
val,151_c4s4_12.jpg,val/151_c4s4_12.jpg,151,4,4,12,130,195,0.6667,4561
val,153_c5s6_7.jpg,val/153_c5s6_7.jpg,153,5,6,7,169,181,0.9337,3633
val,153_c6s1_1.jpg,val/153_c6s1_1.jpg,153,6,1,1,188,154,1.2208,3315
val,154_c5s2_4.jpg,val/154_c5s2_4.jpg,154,5,2,4,125,114,1.0965,4390
val,155_c6s3_6.jpg,val/155_c6s3_6.jpg,155,6,3,6,179,189,0.9471,6507
val,159_c1s2_4.jpg,val/159_c1s2_4.jpg,159,1,2,4,101,105,0.9619,2640
val,159_c1s5_1.jpg,val/159_c1s5_1.jpg,159,1,5,1,152,118,1.2881,4175
val,15_c6s2_7.jpg,val/15_c6s2_7.jpg,15,6,2,7,372,338,1.1006,75214
val,165_c5s6_13.jpg,val/165_c5s6_13.jpg,165,5,6,13,610,618,0.9871,19305
val,165_c6s5_10.jpg,val/165_c6s5_10.jpg,165,6,5,10,561,500,1.122,16464
val,168_c4s5_1.jpg,val/168_c4s5_1.jpg,168,4,5,1,482,690,0.6986,30389
val,169_c3s1_8.jpg,val/169_c3s1_8.jpg,169,3,1,8,645,403,1.6005,27103
val,169_c6s3_5.jpg,val/169_c6s3_5.jpg,169,6,3,5,589,469,1.2559,29334
val,171_c6s2_4.jpg,val/171_c6s2_4.jpg,171,6,2,4,379,396,0.9571,18742
val,172_c6s4_4.jpg,val/172_c6s4_4.jpg,172,6,4,4,655,585,1.1197,22688
val,172_c6s5_1.jpg,val/172_c6s5_1.jpg,172,6,5,1,565,465,1.2151,23229
val,174_c1s2_11.jpg,val/174_c1s2_11.jpg,174,1,2,11,543,460,1.1804,25362
val,174_c1s4_0.jpg,val/174_c1s4_0.jpg,174,1,4,0,555,411,1.3504,27114
val,175_c1s6_12.jpg,val/175_c1s6_12.jpg,175,1,6,12,470,455,1.033,22109
val,175_c2s1_9.jpg,val/175_c2s1_9.jpg,175,2,1,9,411,413,0.9952,20516
val,177_c3s5_13.jpg,val/177_c3s5_13.jpg,177,3,5,13,978,894,1.094,51794
val,177_c5s3_5.jpg,val/177_c5s3_5.jpg,177,5,3,5,1101,986,1.1166,59375
val,178_c3s1_2.jpg,val/178_c3s1_2.jpg,178,3,1,2,740,448,1.6518,17391
val,178_c5s5_3.jpg,val/178_c5s5_3.jpg,178,5,5,3,725,476,1.5231,29507
val,181_c5s1_10.jpg,val/181_c5s1_10.jpg,181,5,1,10,663,406,1.633,49604
val,181_c5s5_3.jpg,val/181_c5s5_3.jpg,181,5,5,3,752,442,1.7014,56013
val,182_c1s4_15.jpg,val/182_c1s4_15.jpg,182,1,4,15,437,460,0.95,20718
val,182_c1s4_3.jpg,val/182_c1s4_3.jpg,182,1,4,3,1111,824,1.3483,98997
val,186_c4s6_9.jpg,val/186_c4s6_9.jpg,186,4,6,9,345,337,1.0237,16357
val,187_c4s2_11.jpg,val/187_c4s2_11.jpg,187,4,2,11,762,888,0.8581,60980
val,187_c6s5_8.jpg,val/187_c6s5_8.jpg,187,6,5,8,960,1175,0.817,91554
val,188_c1s5_5.jpg,val/188_c1s5_5.jpg,188,1,5,5,430,329,1.307,10987
val,19_c2s2_7.jpg,val/19_c2s2_7.jpg,19,2,2,7,165,274,0.6022,7382
val,21_c2s3_5.jpg,val/21_c2s3_5.jpg,21,2,3,5,348,265,1.3132,30140
val,22_c5s4_2.jpg,val/22_c5s4_2.jpg,22,5,4,2,127,125,1.016,5634
val,24_c3s6_2.jpg,val/24_c3s6_2.jpg,24,3,6,2,215,184,1.1685,8666
val,25_c1s1_0.jpg,val/25_c1s1_0.jpg,25,1,1,0,159,113,1.4071,7170
val,26_c1s4_6.jpg,val/26_c1s4_6.jpg,26,1,4,6,250,176,1.4205,9201
val,27_c3s2_5.jpg,val/27_c3s2_5.jpg,27,3,2,5,147,153,0.9608,3938
val,28_c3s5_0.jpg,val/28_c3s5_0.jpg,28,3,5,0,160,222,0.7207,7752
val,29_c5s5_0.jpg,val/29_c5s5_0.jpg,29,5,5,0,49,61,0.8033,1433
val,2_c5s6_5.jpg,val/2_c5s6_5.jpg,2,5,6,5,85,170,0.5,3727
val,30_c3s4_8.jpg,val/30_c3s4_8.jpg,30,3,4,8,136,117,1.1624,2632
val,33_c6s6_3.jpg,val/33_c6s6_3.jpg,33,6,6,3,347,553,0.6275,50122
val,43_c3s4_8.jpg,val/43_c3s4_8.jpg,43,3,4,8,117,116,1.0086,2289
val,44_c1s5_0.jpg,val/44_c1s5_0.jpg,44,1,5,0,262,201,1.3035,26825
val,45_c1s1_8.jpg,val/45_c1s1_8.jpg,45,1,1,8,417,354,1.178,66727
val,46_c4s3_2.jpg,val/46_c4s3_2.jpg,46,4,3,2,231,313,0.738,12871
val,48_c4s3_3.jpg,val/48_c4s3_3.jpg,48,4,3,3,164,267,0.6142,19871
val,49_c4s2_6.jpg,val/49_c4s2_6.jpg,49,4,2,6,166,233,0.7124,17256
val,51_c5s3_5.jpg,val/51_c5s3_5.jpg,51,5,3,5,110,115,0.9565,6953
val,56_c3s4_0.jpg,val/56_c3s4_0.jpg,56,3,4,0,76,123,0.6179,2879
val,5_c3s6_3.jpg,val/5_c3s6_3.jpg,5,3,6,3,124,315,0.3937,21428
val,60_c3s2_4.jpg,val/60_c3s2_4.jpg,60,3,2,4,27,57,0.4737,1091
val,63_c6s1_0.jpg,val/63_c6s1_0.jpg,63,6,1,0,313,345,0.9072,29183
val,65_c5s5_0.jpg,val/65_c5s5_0.jpg,65,5,5,0,96,101,0.9505,2556
val,66_c6s4_9.jpg,val/66_c6s4_9.jpg,66,6,4,9,114,119,0.958,4768
val,68_c2s6_4.jpg,val/68_c2s6_4.jpg,68,2,6,4,92,208,0.4423,3224
val,6_c1s2_7.jpg,val/6_c1s2_7.jpg,6,1,2,7,188,202,0.9307,9262
val,70_c3s1_0.jpg,val/70_c3s1_0.jpg,70,3,1,0,64,118,0.5424,2488
val,71_c2s1_0.jpg,val/71_c2s1_0.jpg,71,2,1,0,153,151,1.0132,5664
val,73_c3s1_4.jpg,val/73_c3s1_4.jpg,73,3,1,4,168,146,1.1507,6337
val,78_c1s3_7.jpg,val/78_c1s3_7.jpg,78,1,3,7,208,192,1.0833,10459
val,80_c4s1_0.jpg,val/80_c4s1_0.jpg,80,4,1,0,159,104,1.5288,6858
val,81_c4s3_2.jpg,val/81_c4s3_2.jpg,81,4,3,2,232,182,1.2747,5108
val,82_c6s3_0.jpg,val/82_c6s3_0.jpg,82,6,3,0,142,147,0.966,8074
val,88_c1s5_5.jpg,val/88_c1s5_5.jpg,88,1,5,5,237,214,1.1075,22915
val,90_c2s1_8.jpg,val/90_c2s1_8.jpg,90,2,1,8,96,102,0.9412,3217
val,94_c4s2_3.jpg,val/94_c4s2_3.jpg,94,4,2,3,371,213,1.7418,23109
val,95_c6s3_8.jpg,val/95_c6s3_8.jpg,95,6,3,8,109,132,0.8258,3734
val,96_c6s2_7.jpg,val/96_c6s2_7.jpg,96,6,2,7,201,155,1.2968,15738
query,0_c2s2_6.jpg,query/0_c2s2_6.jpg,0,2,2,6,120,176,0.6818,5690
query,0_c4s6_4.jpg,query/0_c4s6_4.jpg,0,4,6,4,107,151,0.7086,10909
query,0_c5s6_5.jpg,query/0_c5s6_5.jpg,0,5,6,5,92,174,0.5287,9454
query,105_c5s5_5.jpg,query/105_c5s5_5.jpg,105,5,5,5,166,205,0.8098,9715
query,106_c1s4_4.jpg,query/106_c1s4_4.jpg,106,1,4,4,422,248,1.7016,53890
query,107_c6s6_0.jpg,query/107_c6s6_0.jpg,107,6,6,0,411,193,2.1295,25500
query,109_c1s1_1.jpg,query/109_c1s1_1.jpg,109,1,1,1,345,248,1.3911,11843
query,10_c4s5_3.jpg,query/10_c4s5_3.jpg,10,4,5,3,130,131,0.9924,4862
query,111_c6s5_7.jpg,query/111_c6s5_7.jpg,111,6,5,7,176,115,1.5304,9322
query,112_c1s6_5.jpg,query/112_c1s6_5.jpg,112,1,6,5,147,121,1.2149,9020
query,113_c3s6_6.jpg,query/113_c3s6_6.jpg,113,3,6,6,172,106,1.6226,9124
query,114_c2s1_3.jpg,query/114_c2s1_3.jpg,114,2,1,3,205,149,1.3758,7229
query,116_c2s3_1.jpg,query/116_c2s3_1.jpg,116,2,3,1,105,85,1.2353,3709
query,119_c4s1_5.jpg,query/119_c4s1_5.jpg,119,4,1,5,121,110,1.1,6880
query,11_c5s3_6.jpg,query/11_c5s3_6.jpg,11,5,3,6,145,201,0.7214,3802
query,120_c1s3_1.jpg,query/120_c1s3_1.jpg,120,1,3,1,451,324,1.392,31350
query,124_c5s6_7.jpg,query/124_c5s6_7.jpg,124,5,6,7,352,243,1.4486,18278
query,125_c1s2_6.jpg,query/125_c1s2_6.jpg,125,1,2,6,421,378,1.1138,16345
query,129_c4s5_4.jpg,query/129_c4s5_4.jpg,129,4,5,4,154,122,1.2623,4785
query,137_c2s6_9.jpg,query/137_c2s6_9.jpg,137,2,6,9,164,277,0.5921,14054
query,13_c4s2_1.jpg,query/13_c4s2_1.jpg,13,4,2,1,203,239,0.8494,8198
query,146_c1_s3_1.jpg,query/146_c1_s3_1.jpg,146,1,3,1,507,426,1.1901,424994
query,147_c6s5_14.jpg,query/147_c6s5_14.jpg,147,6,5,14,125,127,0.9843,3255
query,152_c3s1_3.jpg,query/152_c3s1_3.jpg,152,3,1,3,252,182,1.3846,9942
query,156_c2s3_7.jpg,query/156_c2s3_7.jpg,156,2,3,7,573,737,0.7775,60304
query,157_c5s5_0.jpg,query/157_c5s5_0.jpg,157,5,5,0,258,230,1.1217,9091
query,158_c3s3_20.jpg,query/158_c3s3_20.jpg,158,3,3,20,307,259,1.1853,12757
query,160_c1s5_8.jpg,query/160_c1s5_8.jpg,160,1,5,8,352,290,1.2138,17366
query,161_c2s4_9.jpg,query/161_c2s4_9.jpg,161,2,4,9,688,658,1.0456,54390
query,162_c4s1_13.jpg,query/162_c4s1_13.jpg,162,4,1,13,359,388,0.9253,13124
query,163_c5s4_0.jpg,query/163_c5s4_0.jpg,163,5,4,0,613,486,1.2613,28307
query,164_c6s3_4.jpg,query/164_c6s3_4.jpg,164,6,3,4,346,233,1.485,12237
query,166_c4s4_11.jpg,query/166_c4s4_11.jpg,166,4,4,11,681,469,1.452,44999
query,167_c3s6_5.jpg,query/167_c3s6_5.jpg,167,3,6,5,569,528,1.0777,28351
query,167_c5s2_23.jpg,query/167_c5s2_23.jpg,167,5,2,23,228,528,0.4318,14179
query,16_c3s4_0.jpg,query/16_c3s4_0.jpg,16,3,4,0,143,183,0.7814,5842
query,170_c2s5_9.jpg,query/170_c2s5_9.jpg,170,2,5,9,1022,793,1.2888,92994
query,173_c1s1_3.jpg,query/173_c1s1_3.jpg,173,1,1,3,1218,791,1.5398,93025
query,176_c3s1_4.jpg,query/176_c3s1_4.jpg,176,3,1,4,547,518,1.056,22878
query,179_c2s5_5.jpg,query/179_c2s5_5.jpg,179,2,5,5,588,890,0.6607,41441
query,17_c4s5_14.jpg,query/17_c4s5_14.jpg,17,4,5,14,75,90,0.8333,2000
query,180_c3s3_14.jpg,query/180_c3s3_14.jpg,180,3,3,14,383,383,1.0,13770
query,183_c4s2_9.jpg,query/183_c4s2_9.jpg,183,4,2,9,968,731,1.3242,43846
query,184_c4s6_10.jpg,query/184_c4s6_10.jpg,184,4,6,10,496,439,1.1298,18439
query,185_c1s4_10.jpg,query/185_c1s4_10.jpg,185,1,4,10,635,508,1.25,25015
query,189_c1s5_10.jpg,query/189_c1s5_10.jpg,189,1,5,10,210,173,1.2139,6372
query,18_c1s2_8.jpg,query/18_c1s2_8.jpg,18,1,2,8,123,191,0.644,7275
query,190_c6s5_9.jpg,query/190_c6s5_9.jpg,190,6,5,9,408,471,0.8662,28328
query,1_c3s2_0.jpg,query/1_c3s2_0.jpg,1,3,2,0,135,237,0.5696,6348
query,1_c5s5_2.jpg,query/1_c5s5_2.jpg,1,5,5,2,112,232,0.4828,5210
query,20_c3s1_0.jpg,query/20_c3s1_0.jpg,20,3,1,0,161,211,0.763,7439
query,23_c2s3_7.jpg,query/23_c2s3_7.jpg,23,2,3,7,172,122,1.4098,11661
query,23_c5s3_2.jpg,query/23_c5s3_2.jpg,23,5,3,2,160,186,0.8602,10023
query,31_c1s2_4.jpg,query/31_c1s2_4.jpg,31,1,2,4,167,247,0.6761,6804
query,31_c3s3_13.jpg,query/31_c3s3_13.jpg,31,3,3,13,244,257,0.9494,11053
query,32_c4s2_6.jpg,query/32_c4s2_6.jpg,32,4,2,6,467,362,1.2901,14768
query,34_c6s2_0.jpg,query/34_c6s2_0.jpg,34,6,2,0,166,134,1.2388,5171
query,35_c3s4_1.jpg,query/35_c3s4_1.jpg,35,3,4,1,166,116,1.431,9072
query,36_c4s5_0.jpg,query/36_c4s5_0.jpg,36,4,5,0,223,228,0.9781,10291
query,37_c1s3_8.jpg,query/37_c1s3_8.jpg,37,1,3,8,204,298,0.6846,7278
query,38_c1s3_7.jpg,query/38_c1s3_7.jpg,38,1,3,7,112,192,0.5833,5204
query,39_c5s2_6.jpg,query/39_c5s2_6.jpg,39,5,2,6,129,221,0.5837,5854
query,3_c2s5_0.jpg,query/3_c2s5_0.jpg,3,2,5,0,130,132,0.9848,5990
query,3_c3s2_3.jpg,query/3_c3s2_3.jpg,3,3,2,3,105,124,0.8468,4899
query,40_c4s4_0.jpg,query/40_c4s4_0.jpg,40,4,4,0,127,179,0.7095,9890
query,41_c3s1_4.jpg,query/41_c3s1_4.jpg,41,3,1,4,255,275,0.9273,19255
query,42_c5s6_5.jpg,query/42_c5s6_5.jpg,42,5,6,5,231,197,1.1726,6796
query,47_c2s3_5.jpg,query/47_c2s3_5.jpg,47,2,3,5,330,200,1.65,10268
query,4_c2s5_0.jpg,query/4_c2s5_0.jpg,4,2,5,0,179,202,0.8861,15118
query,50_c5s4_5.jpg,query/50_c5s4_5.jpg,50,5,4,5,138,147,0.9388,4585
query,52_c3s5_1.jpg,query/52_c3s5_1.jpg,52,3,5,1,150,252,0.5952,4608
query,53_c2s5_0.jpg,query/53_c2s5_0.jpg,53,2,5,0,196,318,0.6164,9531
query,54_c4s1_4.jpg,query/54_c4s1_4.jpg,54,4,1,4,224,190,1.1789,13895
query,55_c2s6_7.jpg,query/55_c2s6_7.jpg,55,2,6,7,275,305,0.9016,14974
query,57_c4s6_9.jpg,query/57_c4s6_9.jpg,57,4,6,9,129,96,1.3438,6679
query,58_c5s2_2.jpg,query/58_c5s2_2.jpg,58,5,2,2,677,581,1.1652,42945
query,59_c1s3_4.jpg,query/59_c1s3_4.jpg,59,1,3,4,333,268,1.2425,32193
query,61_c1s2_6.jpg,query/61_c1s2_6.jpg,61,1,2,6,148,222,0.6667,6254
query,62_c6s4_0.jpg,query/62_c6s4_0.jpg,62,6,4,0,535,511,1.047,41697
query,64_c3s4_3.jpg,query/64_c3s4_3.jpg,64,3,4,3,128,142,0.9014,6626
query,67_c3s2_3.jpg,query/67_c3s2_3.jpg,67,3,2,3,170,142,1.1972,4395
query,69_c6s2_2.jpg,query/69_c6s2_2.jpg,69,6,2,2,194,173,1.1214,16803
query,72_c1s5_1.jpg,query/72_c1s5_1.jpg,72,1,5,1,68,95,0.7158,1960
query,74_c4s5_7.jpg,query/74_c4s5_7.jpg,74,4,5,7,57,100,0.57,2019
query,75_c6s4_12.jpg,query/75_c6s4_12.jpg,75,6,4,12,211,209,1.0096,5988
query,76_c3s4_2.jpg,query/76_c3s4_2.jpg,76,3,4,2,543,390,1.3923,22977
query,76_c4s5_6.jpg,query/76_c4s5_6.jpg,76,4,5,6,70,67,1.0448,1782
query,77_c1s6_0.jpg,query/77_c1s6_0.jpg,77,1,6,0,111,166,0.6687,7488
query,79_c2s3_7.jpg,query/79_c2s3_7.jpg,79,2,3,7,65,163,0.3988,2753
query,7_c5s6_5.jpg,query/7_c5s6_5.jpg,7,5,6,5,82,130,0.6308,3117
query,83_c6s3_0.jpg,query/83_c6s3_0.jpg,83,6,3,0,65,109,0.5963,3121
query,84_c6s5_6.jpg,query/84_c6s5_6.jpg,84,6,5,6,130,89,1.4607,2874
query,85_c1s4_1.jpg,query/85_c1s4_1.jpg,85,1,4,1,99,95,1.0421,1988
query,86_c1s3_6.jpg,query/86_c1s3_6.jpg,86,1,3,6,116,152,0.7632,6079
query,87_c6s3_9.jpg,query/87_c6s3_9.jpg,87,6,3,9,105,154,0.6818,5456
query,89_c6s3_1.jpg,query/89_c6s3_1.jpg,89,6,3,1,181,333,0.5435,21260
query,8_c3s6_5.jpg,query/8_c3s6_5.jpg,8,3,6,5,323,419,0.7709,56607
query,91_c5s6_6.jpg,query/91_c5s6_6.jpg,91,5,6,6,96,125,0.768,3512
query,92_c4s3_2.jpg,query/92_c4s3_2.jpg,92,4,3,2,247,197,1.2538,8184
query,93_c6s2_8.jpg,query/93_c6s2_8.jpg,93,6,2,8,136,173,0.7861,6677
query,97_c4s3_9.jpg,query/97_c4s3_9.jpg,97,4,3,9,154,189,0.8148,6505
query,98_c5s2_0.jpg,query/98_c5s2_0.jpg,98,5,2,0,330,221,1.4932,12055
query,99_c6s5_7.jpg,query/99_c6s5_7.jpg,99,6,5,7,128,101,1.2673,4325
query,9_c3s2_3.jpg,query/9_c3s2_3.jpg,9,3,2,3,187,353,0.5297,12991
gallery,0_c1s1_7.jpg,gallery/0_c1s1_7.jpg,0,1,1,7,229,280,0.8179,31597
gallery,0_c2s5_0.jpg,gallery/0_c2s5_0.jpg,0,2,5,0,308,220,1.4,13697
gallery,0_c3s3_8.jpg,gallery/0_c3s3_8.jpg,0,3,3,8,200,284,0.7042,23490
gallery,0_c4s1_9.jpg,gallery/0_c4s1_9.jpg,0,4,1,9,250,348,0.7184,16677
gallery,0_c4s5_1.jpg,gallery/0_c4s5_1.jpg,0,4,5,1,248,375,0.6613,15042
gallery,0_c6s4_2.jpg,gallery/0_c6s4_2.jpg,0,6,4,2,233,239,0.9749,24635
gallery,0_c6s6_3.jpg,gallery/0_c6s6_3.jpg,0,6,6,3,250,160,1.5625,13114
gallery,105_c2s3_0.jpg,gallery/105_c2s3_0.jpg,105,2,3,0,155,125,1.24,5958
gallery,105_c2s6_2.jpg,gallery/105_c2s6_2.jpg,105,2,6,2,167,121,1.3802,6076
gallery,105_c3s2_4.jpg,gallery/105_c3s2_4.jpg,105,3,2,4,166,130,1.2769,6419
gallery,105_c3s3_1.jpg,gallery/105_c3s3_1.jpg,105,3,3,1,154,190,0.8105,8230
gallery,105_c4s1_7.jpg,gallery/105_c4s1_7.jpg,105,4,1,7,170,193,0.8808,8956
gallery,106_c1s2_8.jpg,gallery/106_c1s2_8.jpg,106,1,2,8,585,405,1.4444,61980
gallery,106_c1s3_0.jpg,gallery/106_c1s3_0.jpg,106,1,3,0,585,1058,0.5529,190529
gallery,106_c3s6_3.jpg,gallery/106_c3s6_3.jpg,106,3,6,3,550,1007,0.5462,174499
gallery,106_c4s5_2.jpg,gallery/106_c4s5_2.jpg,106,4,5,2,389,724,0.5373,42874
gallery,106_c4s6_1.jpg,gallery/106_c4s6_1.jpg,106,4,6,1,444,227,1.9559,55359
gallery,106_c5s6_9.jpg,gallery/106_c5s6_9.jpg,106,5,6,9,395,536,0.7369,52767
gallery,106_c6s3_7.jpg,gallery/106_c6s3_7.jpg,106,6,3,7,610,359,1.6992,57525
gallery,107_c2s1_5.jpg,gallery/107_c2s1_5.jpg,107,2,1,5,154,153,1.0065,12133
gallery,107_c2s2_4.jpg,gallery/107_c2s2_4.jpg,107,2,2,4,147,138,1.0652,10346
gallery,107_c2s5_3.jpg,gallery/107_c2s5_3.jpg,107,2,5,3,194,138,1.4058,12577
gallery,107_c2s6_7.jpg,gallery/107_c2s6_7.jpg,107,2,6,7,143,153,0.9346,10745
gallery,107_c6s5_2.jpg,gallery/107_c6s5_2.jpg,107,6,5,2,289,184,1.5707,20298
gallery,109_c1s2_4.jpg,gallery/109_c1s2_4.jpg,109,1,2,4,93,121,0.7686,6156
gallery,109_c1s4_8.jpg,gallery/109_c1s4_8.jpg,109,1,4,8,182,209,0.8708,8540
gallery,109_c2s4_3.jpg,gallery/109_c2s4_3.jpg,109,2,4,3,207,200,1.035,16863
gallery,109_c3s2_9.jpg,gallery/109_c3s2_9.jpg,109,3,2,9,174,205,0.8488,8081
gallery,109_c3s5_5.jpg,gallery/109_c3s5_5.jpg,109,3,5,5,170,268,0.6343,8928
gallery,109_c6s2_6.jpg,gallery/109_c6s2_6.jpg,109,6,2,6,190,237,0.8017,8057
gallery,10_c1s2_1.jpg,gallery/10_c1s2_1.jpg,10,1,2,1,98,131,0.7481,7838
gallery,10_c2s3_4.jpg,gallery/10_c2s3_4.jpg,10,2,3,4,108,111,0.973,3488
gallery,10_c2s4_6.jpg,gallery/10_c2s4_6.jpg,10,2,4,6,47,99,0.4747,3423
gallery,10_c3s1_6.jpg,gallery/10_c3s1_6.jpg,10,3,1,6,115,131,0.8779,8549
gallery,10_c4s1_3.jpg,gallery/10_c4s1_3.jpg,10,4,1,3,145,164,0.8841,13204
gallery,10_c5s4_7.jpg,gallery/10_c5s4_7.jpg,10,5,4,7,91,134,0.6791,6703
gallery,111_c2s1_2.jpg,gallery/111_c2s1_2.jpg,111,2,1,2,148,221,0.6697,18755
gallery,111_c2s4_6.jpg,gallery/111_c2s4_6.jpg,111,2,4,6,411,310,1.3258,43225
gallery,111_c2s6_8.jpg,gallery/111_c2s6_8.jpg,111,2,6,8,121,174,0.6954,8971
gallery,111_c4s5_0.jpg,gallery/111_c4s5_0.jpg,111,4,5,0,202,200,1.01,9976
gallery,111_c4s5_5.jpg,gallery/111_c4s5_5.jpg,111,4,5,5,314,550,0.5709,31944
gallery,112_c1s3_0.jpg,gallery/112_c1s3_0.jpg,112,1,3,0,148,106,1.3962,7319
gallery,112_c1s6_8.jpg,gallery/112_c1s6_8.jpg,112,1,6,8,809,418,1.9354,104438
gallery,112_c3s2_6.jpg,gallery/112_c3s2_6.jpg,112,3,2,6,118,152,0.7763,3711
gallery,112_c3s6_3.jpg,gallery/112_c3s6_3.jpg,112,3,6,3,168,95,1.7684,4268
gallery,112_c5s4_4.jpg,gallery/112_c5s4_4.jpg,112,5,4,4,109,87,1.2529,2900
gallery,113_c1s2_5.jpg,gallery/113_c1s2_5.jpg,113,1,2,5,207,113,1.8319,5892
gallery,113_c1s5_4.jpg,gallery/113_c1s5_4.jpg,113,1,5,4,137,131,1.0458,4948
gallery,113_c5s4_3.jpg,gallery/113_c5s4_3.jpg,113,5,4,3,109,165,0.6606,10669
gallery,113_c5s5_9.jpg,gallery/113_c5s5_9.jpg,113,5,5,9,170,175,0.9714,14909
gallery,113_c6s3_0.jpg,gallery/113_c6s3_0.jpg,113,6,3,0,109,98,1.1122,5818
gallery,113_c6s5_8.jpg,gallery/113_c6s5_8.jpg,113,6,5,8,189,139,1.3597,13429
gallery,114_c2s1_1.jpg,gallery/114_c2s1_1.jpg,114,2,1,1,90,152,0.5921,3059
gallery,114_c2s4_0.jpg,gallery/114_c2s4_0.jpg,114,2,4,0,196,178,1.1011,16285
gallery,114_c4s1_7.jpg,gallery/114_c4s1_7.jpg,114,4,1,7,107,188,0.5691,6040
gallery,114_c5s1_9.jpg,gallery/114_c5s1_9.jpg,114,5,1,9,121,133,0.9098,7509
gallery,114_c5s6_8.jpg,gallery/114_c5s6_8.jpg,114,5,6,8,130,161,0.8075,11453
gallery,114_c6s5_4.jpg,gallery/114_c6s5_4.jpg,114,6,5,4,101,161,0.6273,8622
gallery,116_c1s3_7.jpg,gallery/116_c1s3_7.jpg,116,1,3,7,96,82,1.1707,3190
gallery,116_c3s6_3.jpg,gallery/116_c3s6_3.jpg,116,3,6,3,150,114,1.3158,6735
gallery,116_c4s5_0.jpg,gallery/116_c4s5_0.jpg,116,4,5,0,92,79,1.1646,3162
gallery,116_c5s5_2.jpg,gallery/116_c5s5_2.jpg,116,5,5,2,133,100,1.33,5298
gallery,119_c3s5_1.jpg,gallery/119_c3s5_1.jpg,119,3,5,1,70,85,0.8235,3436
gallery,119_c4s1_3.jpg,gallery/119_c4s1_3.jpg,119,4,1,3,98,121,0.8099,5212
gallery,119_c4s5_9.jpg,gallery/119_c4s5_9.jpg,119,4,5,9,82,85,0.9647,3942
gallery,119_c5s5_7.jpg,gallery/119_c5s5_7.jpg,119,5,5,7,151,133,1.1353,10111
gallery,119_c6s2_2.jpg,gallery/119_c6s2_2.jpg,119,6,2,2,94,105,0.8952,4688
gallery,11_c1s6_4.jpg,gallery/11_c1s6_4.jpg,11,1,6,4,274,342,0.8012,15580
gallery,11_c3s2_0.jpg,gallery/11_c3s2_0.jpg,11,3,2,0,73,149,0.4899,5712
gallery,11_c3s2_1.jpg,gallery/11_c3s2_1.jpg,11,3,2,1,106,171,0.6199,7995
gallery,11_c3s4_7.jpg,gallery/11_c3s4_7.jpg,11,3,4,7,72,59,1.2203,1979
gallery,11_c4s3_5.jpg,gallery/11_c4s3_5.jpg,11,4,3,5,198,334,0.5928,13052
gallery,120_c1s4_8.jpg,gallery/120_c1s4_8.jpg,120,1,4,8,485,320,1.5156,32962
gallery,120_c2s5_0.jpg,gallery/120_c2s5_0.jpg,120,2,5,0,451,318,1.4182,32420
gallery,124_c2s3_2.jpg,gallery/124_c2s3_2.jpg,124,2,3,2,104,101,1.0297,2954
gallery,124_c2s4_5.jpg,gallery/124_c2s4_5.jpg,124,2,4,5,208,227,0.9163,13333
gallery,124_c2s5_1.jpg,gallery/124_c2s5_1.jpg,124,2,5,1,194,197,0.9848,8577
gallery,124_c5s1_3.jpg,gallery/124_c5s1_3.jpg,124,5,1,3,258,249,1.0361,14849
gallery,124_c5s2_4.jpg,gallery/124_c5s2_4.jpg,124,5,2,4,192,213,0.9014,10992
gallery,125_c4s4_7.jpg,gallery/125_c4s4_7.jpg,125,4,4,7,265,235,1.1277,12834
gallery,125_c5s3_0.jpg,gallery/125_c5s3_0.jpg,125,5,3,0,248,229,1.083,11243
gallery,125_c6s3_5.jpg,gallery/125_c6s3_5.jpg,125,6,3,5,444,338,1.3136,23449
gallery,125_c6s4_2.jpg,gallery/125_c6s4_2.jpg,125,6,4,2,383,286,1.3392,17012
gallery,129_c1s2_0.jpg,gallery/129_c1s2_0.jpg,129,1,2,0,127,104,1.2212,4207
gallery,129_c1s3_3.jpg,gallery/129_c1s3_3.jpg,129,1,3,3,125,125,1.0,4923
gallery,129_c3s2_5.jpg,gallery/129_c3s2_5.jpg,129,3,2,5,154,133,1.1579,4073
gallery,129_c6s3_9.jpg,gallery/129_c6s3_9.jpg,129,6,3,9,102,126,0.8095,4006
gallery,137_c1s3_3.jpg,gallery/137_c1s3_3.jpg,137,1,3,3,236,249,0.9478,19672
gallery,137_c1s6_2.jpg,gallery/137_c1s6_2.jpg,137,1,6,2,206,254,0.811,15660
gallery,137_c3s6_8.jpg,gallery/137_c3s6_8.jpg,137,3,6,8,439,329,1.3343,36008
gallery,137_c4s1_6.jpg,gallery/137_c4s1_6.jpg,137,4,1,6,209,435,0.4805,25765
gallery,137_c4s4_0.jpg,gallery/137_c4s4_0.jpg,137,4,4,0,162,245,0.6612,6197
gallery,137_c6s1_7.jpg,gallery/137_c6s1_7.jpg,137,6,1,7,362,309,1.1715,25264
gallery,13_c1s3_7.jpg,gallery/13_c1s3_7.jpg,13,1,3,7,222,179,1.2402,8342
gallery,13_c2s3_8.jpg,gallery/13_c2s3_8.jpg,13,2,3,8,210,229,0.917,8050
gallery,13_c3s1_6.jpg,gallery/13_c3s1_6.jpg,13,3,1,6,229,200,1.145,8453
gallery,13_c5s2_3.jpg,gallery/13_c5s2_3.jpg,13,5,2,3,180,129,1.3953,10924
gallery,13_c5s3_2.jpg,gallery/13_c5s3_2.jpg,13,5,3,2,146,236,0.6186,6394
gallery,13_c5s6_0.jpg,gallery/13_c5s6_0.jpg,13,5,6,0,150,161,0.9317,5704
gallery,13_c6s6_5.jpg,gallery/13_c6s6_5.jpg,13,6,6,5,169,187,0.9037,6764
gallery,146_c1s3_2.jpg,gallery/146_c1s3_2.jpg,146,1,3,2,519,710,0.731,602049
gallery,146_c2s2_2.jpg,gallery/146_c2s2_2.jpg,146,2,2,2,474,659,0.7193,684237
gallery,146_c2s3_2.jpg,gallery/146_c2s3_2.jpg,146,2,3,2,509,623,0.817,555991
gallery,147_c1s1_4.jpg,gallery/147_c1s1_4.jpg,147,1,1,4,357,799,0.4468,45452
gallery,147_c1s5_6.jpg,gallery/147_c1s5_6.jpg,147,1,5,6,106,175,0.6057,3751
gallery,147_c3s2_3.jpg,gallery/147_c3s2_3.jpg,147,3,2,3,409,434,0.9424,28599
gallery,147_c3s4_8.jpg,gallery/147_c3s4_8.jpg,147,3,4,8,96,217,0.4424,3855
gallery,147_c5s2_5.jpg,gallery/147_c5s2_5.jpg,147,5,2,5,133,137,0.9708,3509
gallery,152_c1s3_2.jpg,gallery/152_c1s3_2.jpg,152,1,3,2,255,180,1.4167,10349
gallery,152_c4s1_10.jpg,gallery/152_c4s1_10.jpg,152,4,1,10,334,192,1.7396,12348
gallery,152_c4s3_1.jpg,gallery/152_c4s3_1.jpg,152,4,3,1,250,174,1.4368,10524
gallery,152_c4s5_12.jpg,gallery/152_c4s5_12.jpg,152,4,5,12,275,170,1.6176,10296
gallery,152_c5s1_5.jpg,gallery/152_c5s1_5.jpg,152,5,1,5,231,162,1.4259,8532
gallery,156_c1s2_0.jpg,gallery/156_c1s2_0.jpg,156,1,2,0,720,919,0.7835,74649
gallery,156_c1s4_3.jpg,gallery/156_c1s4_3.jpg,156,1,4,3,586,1068,0.5487,73121
gallery,156_c2s5_4.jpg,gallery/156_c2s5_4.jpg,156,2,5,4,468,1114,0.4201,57595
gallery,157_c1s3_6.jpg,gallery/157_c1s3_6.jpg,157,1,3,6,257,222,1.1577,8332
gallery,157_c3s2_1.jpg,gallery/157_c3s2_1.jpg,157,3,2,1,241,232,1.0388,8502
gallery,157_c5s6_3.jpg,gallery/157_c5s6_3.jpg,157,5,6,3,236,224,1.0536,6368
gallery,158_c1s1_17.jpg,gallery/158_c1s1_17.jpg,158,1,1,17,411,361,1.1385,26014
gallery,158_c1s1_21.jpg,gallery/158_c1s1_21.jpg,158,1,1,21,236,353,0.6686,14962
gallery,158_c1s3_7.jpg,gallery/158_c1s3_7.jpg,158,1,3,7,202,377,0.5358,13692
gallery,158_c2s1_9.jpg,gallery/158_c2s1_9.jpg,158,2,1,9,248,393,0.631,17138
gallery,158_c2s2_22.jpg,gallery/158_c2s2_22.jpg,158,2,2,22,281,339,0.8289,17020
gallery,158_c3s4_18.jpg,gallery/158_c3s4_18.jpg,158,3,4,18,298,339,0.8791,16269
gallery,158_c4s3_16.jpg,gallery/158_c4s3_16.jpg,158,4,3,16,388,362,1.0718,24118
gallery,158_c5s1_11.jpg,gallery/158_c5s1_11.jpg,158,5,1,11,220,442,0.4977,15466
gallery,158_c5s2_10.jpg,gallery/158_c5s2_10.jpg,158,5,2,10,208,437,0.476,15322
gallery,158_c5s2_15.jpg,gallery/158_c5s2_15.jpg,158,5,2,15,464,386,1.2021,30000
gallery,158_c5s6_19.jpg,gallery/158_c5s6_19.jpg,158,5,6,19,335,282,1.1879,15214
gallery,160_c1s4_6.jpg,gallery/160_c1s4_6.jpg,160,1,4,6,402,313,1.2843,23114
gallery,160_c1s4_9.jpg,gallery/160_c1s4_9.jpg,160,1,4,9,398,292,1.363,20825
gallery,160_c1s5_2.jpg,gallery/160_c1s5_2.jpg,160,1,5,2,450,302,1.4901,26506
gallery,160_c2s2_7.jpg,gallery/160_c2s2_7.jpg,160,2,2,7,417,350,1.1914,27366
gallery,161_c2s5_11.jpg,gallery/161_c2s5_11.jpg,161,2,5,11,531,641,0.8284,31896
gallery,161_c3s1_1.jpg,gallery/161_c3s1_1.jpg,161,3,1,1,565,518,1.0907,26438
gallery,161_c6s3_0.jpg,gallery/161_c6s3_0.jpg,161,6,3,0,518,497,1.0423,24871
gallery,161_c6s5_2.jpg,gallery/161_c6s5_2.jpg,161,6,5,2,386,561,0.6881,23539
gallery,162_c1s5_3.jpg,gallery/162_c1s5_3.jpg,162,1,5,3,608,524,1.1603,24720
gallery,162_c2s1_12.jpg,gallery/162_c2s1_12.jpg,162,2,1,12,651,431,1.5104,20779
gallery,162_c2s2_14.jpg,gallery/162_c2s2_14.jpg,162,2,2,14,871,769,1.1326,46132
gallery,162_c2s5_15.jpg,gallery/162_c2s5_15.jpg,162,2,5,15,1196,748,1.5989,56492
gallery,162_c2s6_9.jpg,gallery/162_c2s6_9.jpg,162,2,6,9,973,466,2.088,34426
gallery,162_c6s2_0.jpg,gallery/162_c6s2_0.jpg,162,6,2,0,418,336,1.244,14338
gallery,162_c6s2_4.jpg,gallery/162_c6s2_4.jpg,162,6,2,4,928,821,1.1303,49615
gallery,163_c1s6_7.jpg,gallery/163_c1s6_7.jpg,163,1,6,7,818,717,1.1409,48563
gallery,163_c2s4_4.jpg,gallery/163_c2s4_4.jpg,163,2,4,4,801,1064,0.7528,94807
gallery,163_c3s5_9.jpg,gallery/163_c3s5_9.jpg,163,3,5,9,485,680,0.7132,30645
gallery,163_c4s1_10.jpg,gallery/163_c4s1_10.jpg,163,4,1,10,672,967,0.6949,71163
gallery,163_c6s6_6.jpg,gallery/163_c6s6_6.jpg,163,6,6,6,934,876,1.0662,73759
gallery,164_c1s2_8.jpg,gallery/164_c1s2_8.jpg,164,1,2,8,476,444,1.0721,35766
gallery,164_c1s5_1.jpg,gallery/164_c1s5_1.jpg,164,1,5,1,596,428,1.3925,38338
gallery,164_c2s6_0.jpg,gallery/164_c2s6_0.jpg,164,2,6,0,611,381,1.6037,36276
gallery,164_c5s5_7.jpg,gallery/164_c5s5_7.jpg,164,5,5,7,464,549,0.8452,47028
gallery,164_c6s5_5.jpg,gallery/164_c6s5_5.jpg,164,6,5,5,601,488,1.2316,47199
gallery,166_c1s1_7.jpg,gallery/166_c1s1_7.jpg,166,1,1,7,608,550,1.1055,47894
gallery,166_c1s5_0.jpg,gallery/166_c1s5_0.jpg,166,1,5,0,608,541,1.1238,45000
gallery,166_c6s1_9.jpg,gallery/166_c6s1_9.jpg,166,6,1,9,567,501,1.1317,44767
gallery,167_c1s2_17.jpg,gallery/167_c1s2_17.jpg,167,1,2,17,304,384,0.7917,14747
gallery,167_c1s4_11.jpg,gallery/167_c1s4_11.jpg,167,1,4,11,376,454,0.8282,17894
gallery,167_c1s5_6.jpg,gallery/167_c1s5_6.jpg,167,1,5,6,565,493,1.146,26645
gallery,167_c2s1_22.jpg,gallery/167_c2s1_22.jpg,167,2,1,22,381,496,0.7681,21471
gallery,167_c2s2_20.jpg,gallery/167_c2s2_20.jpg,167,2,2,20,371,414,0.8961,17206
gallery,167_c4s4_7.jpg,gallery/167_c4s4_7.jpg,167,4,4,7,445,484,0.9194,29596
gallery,167_c5s5_8.jpg,gallery/167_c5s5_8.jpg,167,5,5,8,409,428,0.9556,21455
gallery,167_c6s5_0.jpg,gallery/167_c6s5_0.jpg,167,6,5,0,887,565,1.5699,49852
gallery,167_c6s6_1.jpg,gallery/167_c6s6_1.jpg,167,6,6,1,823,543,1.5157,45411
gallery,16_c1s4_5.jpg,gallery/16_c1s4_5.jpg,16,1,4,5,300,232,1.2931,17771
gallery,16_c1s5_1.jpg,gallery/16_c1s5_1.jpg,16,1,5,1,192,406,0.4729,32151
gallery,16_c2s2_4.jpg,gallery/16_c2s2_4.jpg,16,2,2,4,208,273,0.7619,18500
gallery,16_c3s3_2.jpg,gallery/16_c3s3_2.jpg,16,3,3,2,506,397,1.2746,76706
gallery,16_c4s5_3.jpg,gallery/16_c4s5_3.jpg,16,4,5,3,243,294,0.8265,19829
gallery,16_c5s4_7.jpg,gallery/16_c5s4_7.jpg,16,5,4,7,618,273,2.2637,41819
gallery,16_c6s2_6.jpg,gallery/16_c6s2_6.jpg,16,6,2,6,418,368,1.1359,55741
gallery,170_c1s4_15.jpg,gallery/170_c1s4_15.jpg,170,1,4,15,834,765,1.0902,55555
gallery,170_c2s4_2.jpg,gallery/170_c2s4_2.jpg,170,2,4,2,846,933,0.9068,74863
gallery,170_c2s5_1.jpg,gallery/170_c2s5_1.jpg,170,2,5,1,802,985,0.8142,79905
gallery,170_c4s2_14.jpg,gallery/170_c4s2_14.jpg,170,4,2,14,910,733,1.2415,54213
gallery,173_c1s6_1.jpg,gallery/173_c1s6_1.jpg,173,1,6,1,933,472,1.9767,49528
gallery,173_c5s2_8.jpg,gallery/173_c5s2_8.jpg,173,5,2,8,952,482,1.9751,50524
gallery,173_c5s3_6.jpg,gallery/173_c5s3_6.jpg,173,5,3,6,1232,821,1.5006,91464
gallery,173_c5s3_9.jpg,gallery/173_c5s3_9.jpg,173,5,3,9,969,567,1.709,63015
gallery,173_c5s5_13.jpg,gallery/173_c5s5_13.jpg,173,5,5,13,1323,548,2.4142,84323
gallery,173_c6s5_4.jpg,gallery/173_c6s5_4.jpg,173,6,5,4,1218,754,1.6154,92464
gallery,176_c2s1_9.jpg,gallery/176_c2s1_9.jpg,176,2,1,9,742,692,1.0723,50080
gallery,176_c2s2_11.jpg,gallery/176_c2s2_11.jpg,176,2,2,11,679,779,0.8716,49572
gallery,176_c4s3_0.jpg,gallery/176_c4s3_0.jpg,176,4,3,0,420,379,1.1082,17628
gallery,176_c6s4_12.jpg,gallery/176_c6s4_12.jpg,176,6,4,12,715,619,1.1551,41658
gallery,176_c6s6_2.jpg,gallery/176_c6s6_2.jpg,176,6,6,2,562,562,1.0,27017
gallery,179_c1s5_4.jpg,gallery/179_c1s5_4.jpg,179,1,5,4,470,980,0.4796,30588
gallery,179_c4s6_3.jpg,gallery/179_c4s6_3.jpg,179,4,6,3,722,931,0.7755,44272
gallery,179_c6s3_1.jpg,gallery/179_c6s3_1.jpg,179,6,3,1,573,619,0.9257,25538
gallery,179_c6s4_8.jpg,gallery/179_c6s4_8.jpg,179,6,4,8,707,650,1.0877,33946
gallery,17_c1s5_16.jpg,gallery/17_c1s5_16.jpg,17,1,5,16,112,83,1.3494,2222
gallery,17_c3s2_13.jpg,gallery/17_c3s2_13.jpg,17,3,2,13,105,107,0.9813,5940
gallery,17_c6s3_1.jpg,gallery/17_c6s3_1.jpg,17,6,3,1,106,82,1.2927,2235
gallery,180_c1s5_2.jpg,gallery/180_c1s5_2.jpg,180,1,5,2,501,634,0.7902,36799
gallery,180_c1s6_3.jpg,gallery/180_c1s6_3.jpg,180,1,6,3,460,596,0.7718,30011
gallery,180_c4s1_11.jpg,gallery/180_c4s1_11.jpg,180,4,1,11,358,357,1.0028,15276
gallery,180_c6s1_8.jpg,gallery/180_c6s1_8.jpg,180,6,1,8,319,360,0.8861,12787
gallery,183_c1s1_5.jpg,gallery/183_c1s1_5.jpg,183,1,1,5,683,562,1.2153,27242
gallery,183_c1s5_12.jpg,gallery/183_c1s5_12.jpg,183,1,5,12,1029,960,1.0719,51252
gallery,183_c6s2_4.jpg,gallery/183_c6s2_4.jpg,183,6,2,4,952,880,1.0818,51246
gallery,183_c6s5_1.jpg,gallery/183_c6s5_1.jpg,183,6,5,1,1012,834,1.2134,59756
gallery,184_c6s1_0.jpg,gallery/184_c6s1_0.jpg,184,6,1,0,491,378,1.2989,14897
gallery,184_c6s1_14.jpg,gallery/184_c6s1_14.jpg,184,6,1,14,494,529,0.9338,21052
gallery,184_c6s3_11.jpg,gallery/184_c6s3_11.jpg,184,6,3,11,506,427,1.185,18968
gallery,184_c6s6_1.jpg,gallery/184_c6s6_1.jpg,184,6,6,1,386,309,1.2492,12880
gallery,185_c2s1_14.jpg,gallery/185_c2s1_14.jpg,185,2,1,14,668,634,1.0536,33157
gallery,185_c4s6_7.jpg,gallery/185_c4s6_7.jpg,185,4,6,7,586,709,0.8265,29942
gallery,185_c5s3_9.jpg,gallery/185_c5s3_9.jpg,185,5,3,9,742,586,1.2662,31002
gallery,185_c6s2_5.jpg,gallery/185_c6s2_5.jpg,185,6,2,5,614,765,0.8026,39001
gallery,189_c1s2_6.jpg,gallery/189_c1s2_6.jpg,189,1,2,6,171,196,0.8724,5610
gallery,189_c1s2_9.jpg,gallery/189_c1s2_9.jpg,189,1,2,9,213,202,1.0545,7557
gallery,189_c3s3_3.jpg,gallery/189_c3s3_3.jpg,189,3,3,3,173,182,0.9505,5109
gallery,189_c4s6_1.jpg,gallery/189_c4s6_1.jpg,189,4,6,1,192,210,0.9143,6196
gallery,189_c6s6_0.jpg,gallery/189_c6s6_0.jpg,189,6,6,0,128,205,0.6244,4709
gallery,18_c2s2_2.jpg,gallery/18_c2s2_2.jpg,18,2,2,2,98,190,0.5158,11593
gallery,18_c2s6_4.jpg,gallery/18_c2s6_4.jpg,18,2,6,4,108,188,0.5745,5924
gallery,18_c3s1_0.jpg,gallery/18_c3s1_0.jpg,18,3,1,0,128,215,0.5953,7459
gallery,18_c4s6_1.jpg,gallery/18_c4s6_1.jpg,18,4,6,1,106,210,0.5048,6213
gallery,18_c5s1_5.jpg,gallery/18_c5s1_5.jpg,18,5,1,5,94,188,0.5,9679
gallery,18_c5s1_7.jpg,gallery/18_c5s1_7.jpg,18,5,1,7,141,201,0.7015,8625
gallery,18_c5s2_3.jpg,gallery/18_c5s2_3.jpg,18,5,2,3,105,191,0.5497,6030
gallery,18_c5s6_6.jpg,gallery/18_c5s6_6.jpg,18,5,6,6,142,207,0.686,8813
gallery,190_c1s2_2.jpg,gallery/190_c1s2_2.jpg,190,1,2,2,571,951,0.6004,72002
gallery,190_c1s6_10.jpg,gallery/190_c1s6_10.jpg,190,1,6,10,432,453,0.9536,31111
gallery,190_c2s3_13.jpg,gallery/190_c2s3_13.jpg,190,2,3,13,278,649,0.4284,29347
gallery,190_c5s1_0.jpg,gallery/190_c5s1_0.jpg,190,5,1,0,201,328,0.6128,10815
gallery,190_c6s1_3.jpg,gallery/190_c6s1_3.jpg,190,6,1,3,576,992,0.5806,70978
gallery,190_c6s2_8.jpg,gallery/190_c6s2_8.jpg,190,6,2,8,331,514,0.644,25832
gallery,1_c2s2_6.jpg,gallery/1_c2s2_6.jpg,1,2,2,6,261,269,0.9703,10191
gallery,1_c3s4_4.jpg,gallery/1_c3s4_4.jpg,1,3,4,4,294,258,1.1395,10255
gallery,1_c3s5_5.jpg,gallery/1_c3s5_5.jpg,1,3,5,5,348,211,1.6493,12573
gallery,1_c4s5_7.jpg,gallery/1_c4s5_7.jpg,1,4,5,7,127,248,0.5121,10902
gallery,1_c5s2_1.jpg,gallery/1_c5s2_1.jpg,1,5,2,1,172,189,0.9101,12327
gallery,1_c5s2_3.jpg,gallery/1_c5s2_3.jpg,1,5,2,3,235,203,1.1576,6779
gallery,1_c6s3_9.jpg,gallery/1_c6s3_9.jpg,1,6,3,9,166,192,0.8646,11264
gallery,1_c6s6_8.jpg,gallery/1_c6s6_8.jpg,1,6,6,8,185,235,0.7872,17955
gallery,20_c2s2_5.jpg,gallery/20_c2s2_5.jpg,20,2,2,5,121,211,0.5735,6276
gallery,20_c3s1_2.jpg,gallery/20_c3s1_2.jpg,20,3,1,2,126,209,0.6029,5999
gallery,20_c3s2_4.jpg,gallery/20_c3s2_4.jpg,20,3,2,4,160,211,0.7583,7652
gallery,20_c4s2_3.jpg,gallery/20_c4s2_3.jpg,20,4,2,3,149,212,0.7028,5722
gallery,20_c5s2_6.jpg,gallery/20_c5s2_6.jpg,20,5,2,6,118,216,0.5463,5746
gallery,20_c6s5_7.jpg,gallery/20_c6s5_7.jpg,20,6,5,7,106,214,0.4953,5424
gallery,23_c1s2_6.jpg,gallery/23_c1s2_6.jpg,23,1,2,6,101,165,0.6121,8743
gallery,23_c1s3_0.jpg,gallery/23_c1s3_0.jpg,23,1,3,0,92,156,0.5897,10654
gallery,23_c2s1_0.jpg,gallery/23_c2s1_0.jpg,23,2,1,0,176,166,1.0602,7465
gallery,23_c3s1_1.jpg,gallery/23_c3s1_1.jpg,23,3,1,1,108,187,0.5775,7224
gallery,23_c3s1_5.jpg,gallery/23_c3s1_5.jpg,23,3,1,5,114,159,0.717,8251
gallery,23_c4s4_4.jpg,gallery/23_c4s4_4.jpg,23,4,4,4,189,175,1.08,13793
gallery,23_c4s4_7.jpg,gallery/23_c4s4_7.jpg,23,4,4,7,158,212,0.7453,8946
gallery,23_c4s5_3.jpg,gallery/23_c4s5_3.jpg,23,4,5,3,107,159,0.673,4844
gallery,23_c6s1_1.jpg,gallery/23_c6s1_1.jpg,23,6,1,1,203,254,0.7992,23046
gallery,23_c6s2_4.jpg,gallery/23_c6s2_4.jpg,23,6,2,4,120,180,0.6667,12880
gallery,23_c6s4_6.jpg,gallery/23_c6s4_6.jpg,23,6,4,6,229,207,1.1063,11832
gallery,31_c2s2_14.jpg,gallery/31_c2s2_14.jpg,31,2,2,14,366,411,0.8905,19198
gallery,31_c2s6_11.jpg,gallery/31_c2s6_11.jpg,31,2,6,11,369,407,0.9066,19454
gallery,31_c3s1_10.jpg,gallery/31_c3s1_10.jpg,31,3,1,10,163,247,0.6599,6719
gallery,31_c4s1_6.jpg,gallery/31_c4s1_6.jpg,31,4,1,6,173,239,0.7238,6931
gallery,31_c4s4_8.jpg,gallery/31_c4s4_8.jpg,31,4,4,8,153,251,0.6096,6868
gallery,31_c6s3_9.jpg,gallery/31_c6s3_9.jpg,31,6,3,9,164,245,0.6694,6844
gallery,32_c1s4_8.jpg,gallery/32_c1s4_8.jpg,32,1,4,8,353,347,1.0173,14940
gallery,32_c2s6_3.jpg,gallery/32_c2s6_3.jpg,32,2,6,3,434,392,1.1071,19931
gallery,32_c2s6_5.jpg,gallery/32_c2s6_5.jpg,32,2,6,5,415,337,1.2315,13333
gallery,32_c3s1_1.jpg,gallery/32_c3s1_1.jpg,32,3,1,1,381,394,0.967,16929
gallery,32_c4s3_4.jpg,gallery/32_c4s3_4.jpg,32,4,3,4,422,426,0.9906,17828
gallery,32_c4s6_0.jpg,gallery/32_c4s6_0.jpg,32,4,6,0,272,399,0.6817,10811
gallery,32_c6s1_2.jpg,gallery/32_c6s1_2.jpg,32,6,1,2,411,396,1.0379,17040
gallery,32_c6s4_7.jpg,gallery/32_c6s4_7.jpg,32,6,4,7,378,347,1.0893,13999
gallery,34_c2s1_6.jpg,gallery/34_c2s1_6.jpg,34,2,1,6,245,219,1.1187,11702
gallery,34_c2s2_3.jpg,gallery/34_c2s2_3.jpg,34,2,2,3,398,361,1.1025,21211
gallery,34_c2s3_7.jpg,gallery/34_c2s3_7.jpg,34,2,3,7,224,182,1.2308,6078
gallery,34_c2s4_9.jpg,gallery/34_c2s4_9.jpg,34,2,4,9,72,174,0.4138,3322
gallery,34_c3s4_2.jpg,gallery/34_c3s4_2.jpg,34,3,4,2,66,164,0.4024,3224
gallery,34_c5s3_8.jpg,gallery/34_c5s3_8.jpg,34,5,3,8,90,131,0.687,2620
gallery,35_c2s1_5.jpg,gallery/35_c2s1_5.jpg,35,2,1,5,301,243,1.2387,26899
gallery,35_c2s2_9.jpg,gallery/35_c2s2_9.jpg,35,2,2,9,246,149,1.651,12776
gallery,35_c3s2_2.jpg,gallery/35_c3s2_2.jpg,35,3,2,2,291,241,1.2075,30280
gallery,35_c3s4_3.jpg,gallery/35_c3s4_3.jpg,35,3,4,3,364,267,1.3633,35767
gallery,35_c5s3_6.jpg,gallery/35_c5s3_6.jpg,35,5,3,6,254,219,1.1598,20040
gallery,36_c1s4_3.jpg,gallery/36_c1s4_3.jpg,36,1,4,3,134,115,1.1652,4249
gallery,36_c1s4_6.jpg,gallery/36_c1s4_6.jpg,36,1,4,6,151,146,1.0342,4788
gallery,36_c1s6_9.jpg,gallery/36_c1s6_9.jpg,36,1,6,9,106,276,0.3841,11726
gallery,36_c2s1_7.jpg,gallery/36_c2s1_7.jpg,36,2,1,7,181,136,1.3309,5619
gallery,36_c4s1_4.jpg,gallery/36_c4s1_4.jpg,36,4,1,4,135,132,1.0227,4039
gallery,36_c5s5_8.jpg,gallery/36_c5s5_8.jpg,36,5,5,8,89,264,0.3371,11710
gallery,36_c6s4_5.jpg,gallery/36_c6s4_5.jpg,36,6,4,5,152,217,0.7005,14501
gallery,37_c1s3_4.jpg,gallery/37_c1s3_4.jpg,37,1,3,4,118,133,0.8872,2915
gallery,37_c2s1_2.jpg,gallery/37_c2s1_2.jpg,37,2,1,2,161,199,0.809,5711
gallery,37_c2s3_1.jpg,gallery/37_c2s3_1.jpg,37,2,3,1,201,235,0.8553,5863
gallery,37_c2s4_3.jpg,gallery/37_c2s4_3.jpg,37,2,4,3,137,165,0.8303,3971
gallery,38_c3s1_5.jpg,gallery/38_c3s1_5.jpg,38,3,1,5,269,174,1.546,8983
gallery,38_c3s1_9.jpg,gallery/38_c3s1_9.jpg,38,3,1,9,338,471,0.7176,27929
gallery,38_c5s4_3.jpg,gallery/38_c5s4_3.jpg,38,5,4,3,229,303,0.7558,8042
gallery,38_c5s5_4.jpg,gallery/38_c5s5_4.jpg,38,5,5,4,272,222,1.2252,7939
gallery,38_c6s4_2.jpg,gallery/38_c6s4_2.jpg,38,6,4,2,154,371,0.4151,5002
gallery,39_c1s6_3.jpg,gallery/39_c1s6_3.jpg,39,1,6,3,123,169,0.7278,4594
gallery,39_c3s5_5.jpg,gallery/39_c3s5_5.jpg,39,3,5,5,112,184,0.6087,6472
gallery,39_c4s4_9.jpg,gallery/39_c4s4_9.jpg,39,4,4,9,200,212,0.9434,5727
gallery,39_c4s5_8.jpg,gallery/39_c4s5_8.jpg,39,4,5,8,223,246,0.9065,8903
gallery,39_c6s3_2.jpg,gallery/39_c6s3_2.jpg,39,6,3,2,125,179,0.6983,3750
gallery,3_c1s2_1.jpg,gallery/3_c1s2_1.jpg,3,1,2,1,345,322,1.0714,20069
gallery,3_c1s3_3.jpg,gallery/3_c1s3_3.jpg,3,1,3,3,201,183,1.0984,5616
gallery,3_c1s4_5.jpg,gallery/3_c1s4_5.jpg,3,1,4,5,196,182,1.0769,5593
gallery,3_c1s5_7.jpg,gallery/3_c1s5_7.jpg,3,1,5,7,240,195,1.2308,11378
gallery,3_c1s6_8.jpg,gallery/3_c1s6_8.jpg,3,1,6,8,329,312,1.0545,29232
gallery,3_c2s3_9.jpg,gallery/3_c2s3_9.jpg,3,2,3,9,324,345,0.9391,45768
gallery,3_c4s6_6.jpg,gallery/3_c4s6_6.jpg,3,4,6,6,112,95,1.1789,2423
gallery,3_c5s1_4.jpg,gallery/3_c5s1_4.jpg,3,5,1,4,188,182,1.033,5693
gallery,3_c6s4_2.jpg,gallery/3_c6s4_2.jpg,3,6,4,2,260,256,1.0156,9772
gallery,40_c1s2_2.jpg,gallery/40_c1s2_2.jpg,40,1,2,2,79,205,0.3854,3446
gallery,40_c2s5_1.jpg,gallery/40_c2s5_1.jpg,40,2,5,1,240,248,0.9677,9578
gallery,40_c3s4_6.jpg,gallery/40_c3s4_6.jpg,40,3,4,6,146,308,0.474,4034
gallery,40_c4s3_3.jpg,gallery/40_c4s3_3.jpg,40,4,3,3,269,115,2.3391,6423
gallery,40_c4s6_8.jpg,gallery/40_c4s6_8.jpg,40,4,6,8,295,248,1.1895,21091
gallery,40_c6s1_5.jpg,gallery/40_c6s1_5.jpg,40,6,1,5,272,301,0.9037,6356
gallery,40_c6s1_9.jpg,gallery/40_c6s1_9.jpg,40,6,1,9,221,213,1.0376,10999
gallery,40_c6s4_4.jpg,gallery/40_c6s4_4.jpg,40,6,4,4,130,220,0.5909,9536
gallery,41_c2s3_1.jpg,gallery/41_c2s3_1.jpg,41,2,3,1,114,149,0.7651,3417
gallery,41_c3s1_2.jpg,gallery/41_c3s1_2.jpg,41,3,1,2,200,371,0.5391,20932
gallery,41_c3s5_5.jpg,gallery/41_c3s5_5.jpg,41,3,5,5,217,264,0.822,19762
gallery,41_c6s3_3.jpg,gallery/41_c6s3_3.jpg,41,6,3,3,197,321,0.6137,19087
gallery,41_c6s5_7.jpg,gallery/41_c6s5_7.jpg,41,6,5,7,111,226,0.4912,8813
gallery,41_c6s6_0.jpg,gallery/41_c6s6_0.jpg,41,6,6,0,83,180,0.4611,2834
gallery,42_c4s1_3.jpg,gallery/42_c4s1_3.jpg,42,4,1,3,256,195,1.3128,14862
gallery,42_c5s5_1.jpg,gallery/42_c5s5_1.jpg,42,5,5,1,232,186,1.2473,20326
gallery,42_c6s1_2.jpg,gallery/42_c6s1_2.jpg,42,6,1,2,327,257,1.2724,34758
gallery,42_c6s1_8.jpg,gallery/42_c6s1_8.jpg,42,6,1,8,221,187,1.1818,25727
gallery,42_c6s2_4.jpg,gallery/42_c6s2_4.jpg,42,6,2,4,180,246,0.7317,8911
gallery,42_c6s3_0.jpg,gallery/42_c6s3_0.jpg,42,6,3,0,83,127,0.6535,6900
gallery,42_c6s3_6.jpg,gallery/42_c6s3_6.jpg,42,6,3,6,177,127,1.3937,5690
gallery,47_c1s2_2.jpg,gallery/47_c1s2_2.jpg,47,1,2,2,74,76,0.9737,3840
gallery,47_c2s5_1.jpg,gallery/47_c2s5_1.jpg,47,2,5,1,128,120,1.0667,3334
gallery,47_c4s2_0.jpg,gallery/47_c4s2_0.jpg,47,4,2,0,223,134,1.6642,5600
gallery,47_c4s3_4.jpg,gallery/47_c4s3_4.jpg,47,4,3,4,134,231,0.5801,5483
gallery,47_c4s5_3.jpg,gallery/47_c4s5_3.jpg,47,4,5,3,101,168,0.6012,7180
gallery,4_c2s2_5.jpg,gallery/4_c2s2_5.jpg,4,2,2,5,152,205,0.7415,12394
gallery,4_c2s6_6.jpg,gallery/4_c2s6_6.jpg,4,2,6,6,156,204,0.7647,14613
gallery,4_c3s2_3.jpg,gallery/4_c3s2_3.jpg,4,3,2,3,223,194,1.1495,8207
gallery,4_c3s2_4.jpg,gallery/4_c3s2_4.jpg,4,3,2,4,176,189,0.9312,12187
gallery,4_c3s4_7.jpg,gallery/4_c3s4_7.jpg,4,3,4,7,181,199,0.9095,15518
gallery,4_c4s3_1.jpg,gallery/4_c4s3_1.jpg,4,4,3,1,129,171,0.7544,5962
gallery,50_c1s4_7.jpg,gallery/50_c1s4_7.jpg,50,1,4,7,131,106,1.2358,3287
gallery,50_c4s1_0.jpg,gallery/50_c4s1_0.jpg,50,4,1,0,174,217,0.8018,7681
gallery,50_c4s6_1.jpg,gallery/50_c4s6_1.jpg,50,4,6,1,210,193,1.0881,6772
gallery,50_c5s6_4.jpg,gallery/50_c5s6_4.jpg,50,5,6,4,203,136,1.4926,5837
gallery,50_c6s1_6.jpg,gallery/50_c6s1_6.jpg,50,6,1,6,219,152,1.4408,6548
gallery,52_c2s6_0.jpg,gallery/52_c2s6_0.jpg,52,2,6,0,218,208,1.0481,17362
gallery,52_c3s1_3.jpg,gallery/52_c3s1_3.jpg,52,3,1,3,200,213,0.939,13800
gallery,52_c3s2_5.jpg,gallery/52_c3s2_5.jpg,52,3,2,5,195,205,0.9512,15871
gallery,52_c4s5_4.jpg,gallery/52_c4s5_4.jpg,52,4,5,4,192,208,0.9231,12787
gallery,52_c6s5_2.jpg,gallery/52_c6s5_2.jpg,52,6,5,2,229,216,1.0602,15414
gallery,53_c1s4_1.jpg,gallery/53_c1s4_1.jpg,53,1,4,1,265,369,0.7182,33062
gallery,53_c2s1_8.jpg,gallery/53_c2s1_8.jpg,53,2,1,8,146,433,0.3372,19542
gallery,53_c4s3_2.jpg,gallery/53_c4s3_2.jpg,53,4,3,2,326,340,0.9588,15285
gallery,53_c4s6_9.jpg,gallery/53_c4s6_9.jpg,53,4,6,9,264,409,0.6455,30694
gallery,53_c5s6_3.jpg,gallery/53_c5s6_3.jpg,53,5,6,3,577,452,1.2765,32489
gallery,54_c1s6_4.jpg,gallery/54_c1s6_4.jpg,54,1,6,4,387,314,1.2325,42837
gallery,54_c2s1_0.jpg,gallery/54_c2s1_0.jpg,54,2,1,0,87,73,1.1918,4451
gallery,54_c4s5_3.jpg,gallery/54_c4s5_3.jpg,54,4,5,3,132,185,0.7135,10628
gallery,54_c6s2_2.jpg,gallery/54_c6s2_2.jpg,54,6,2,2,144,150,0.96,9023
gallery,54_c6s2_7.jpg,gallery/54_c6s2_7.jpg,54,6,2,7,373,328,1.1372,46115
gallery,55_c2s3_3.jpg,gallery/55_c2s3_3.jpg,55,2,3,3,186,191,0.9738,7172
gallery,55_c2s4_2.jpg,gallery/55_c2s4_2.jpg,55,2,4,2,168,250,0.672,7186
gallery,55_c3s1_6.jpg,gallery/55_c3s1_6.jpg,55,3,1,6,166,255,0.651,7584
gallery,55_c3s6_5.jpg,gallery/55_c3s6_5.jpg,55,3,6,5,206,158,1.3038,13965
gallery,55_c4s2_4.jpg,gallery/55_c4s2_4.jpg,55,4,2,4,193,181,1.0663,7072
gallery,57_c3s1_4.jpg,gallery/57_c3s1_4.jpg,57,3,1,4,99,106,0.934,7268
gallery,57_c3s2_1.jpg,gallery/57_c3s2_1.jpg,57,3,2,1,158,81,1.9506,3767
gallery,57_c3s2_7.jpg,gallery/57_c3s2_7.jpg,57,3,2,7,163,192,0.849,15841
gallery,57_c3s3_0.jpg,gallery/57_c3s3_0.jpg,57,3,3,0,99,77,1.2857,2944
gallery,58_c1s2_1.jpg,gallery/58_c1s2_1.jpg,58,1,2,1,737,578,1.2751,37345
gallery,58_c1s6_4.jpg,gallery/58_c1s6_4.jpg,58,1,6,4,677,358,1.8911,18660
gallery,58_c3s1_6.jpg,gallery/58_c3s1_6.jpg,58,3,1,6,797,340,2.3441,27440
gallery,58_c3s5_5.jpg,gallery/58_c3s5_5.jpg,58,3,5,5,778,387,2.0103,31798
gallery,59_c1s5_6.jpg,gallery/59_c1s5_6.jpg,59,1,5,6,335,168,1.994,17651
gallery,59_c2s6_3.jpg,gallery/59_c2s6_3.jpg,59,2,6,3,369,240,1.5375,24406
gallery,59_c4s2_5.jpg,gallery/59_c4s2_5.jpg,59,4,2,5,345,190,1.8158,24855
gallery,59_c5s5_0.jpg,gallery/59_c5s5_0.jpg,59,5,5,0,246,126,1.9524,10638
gallery,59_c5s6_7.jpg,gallery/59_c5s6_7.jpg,59,5,6,7,296,148,2.0,14188
gallery,61_c1s4_3.jpg,gallery/61_c1s4_3.jpg,61,1,4,3,275,468,0.5876,56199
gallery,61_c2s4_0.jpg,gallery/61_c2s4_0.jpg,61,2,4,0,190,198,0.9596,11856
gallery,61_c3s5_1.jpg,gallery/61_c3s5_1.jpg,61,3,5,1,234,200,1.17,18525
gallery,61_c5s2_4.jpg,gallery/61_c5s2_4.jpg,61,5,2,4,268,242,1.1074,23456
gallery,61_c5s2_5.jpg,gallery/61_c5s2_5.jpg,61,5,2,5,194,228,0.8509,18966
gallery,62_c1s1_9.jpg,gallery/62_c1s1_9.jpg,62,1,1,9,338,574,0.5889,28470
gallery,62_c1s2_4.jpg,gallery/62_c1s2_4.jpg,62,1,2,4,254,510,0.498,26000
gallery,62_c1s4_2.jpg,gallery/62_c1s4_2.jpg,62,1,4,2,266,463,0.5745,18446
gallery,62_c2s2_6.jpg,gallery/62_c2s2_6.jpg,62,2,2,6,215,254,0.8465,6849
gallery,62_c3s2_5.jpg,gallery/62_c3s2_5.jpg,62,3,2,5,258,424,0.6085,32493
gallery,62_c4s4_8.jpg,gallery/62_c4s4_8.jpg,62,4,4,8,413,467,0.8844,31146
gallery,64_c1s5_9.jpg,gallery/64_c1s5_9.jpg,64,1,5,9,144,233,0.618,6286
gallery,64_c2s4_5.jpg,gallery/64_c2s4_5.jpg,64,2,4,5,175,138,1.2681,9647
gallery,64_c4s4_1.jpg,gallery/64_c4s4_1.jpg,64,4,4,1,311,271,1.1476,15655
gallery,64_c4s6_6.jpg,gallery/64_c4s6_6.jpg,64,4,6,6,171,142,1.2042,9650
gallery,64_c5s4_2.jpg,gallery/64_c5s4_2.jpg,64,5,4,2,144,135,1.0667,7249
gallery,64_c5s6_7.jpg,gallery/64_c5s6_7.jpg,64,5,6,7,93,188,0.4947,4120
gallery,67_c1s4_7.jpg,gallery/67_c1s4_7.jpg,67,1,4,7,111,130,0.8538,2963
gallery,67_c3s1_6.jpg,gallery/67_c3s1_6.jpg,67,3,1,6,133,133,1.0,3593
gallery,67_c4s6_2.jpg,gallery/67_c4s6_2.jpg,67,4,6,2,169,148,1.1419,4416
gallery,69_c3s2_6.jpg,gallery/69_c3s2_6.jpg,69,3,2,6,145,112,1.2946,9574
gallery,69_c4s1_1.jpg,gallery/69_c4s1_1.jpg,69,4,1,1,109,176,0.6193,9620
gallery,69_c4s2_6.jpg,gallery/69_c4s2_6.jpg,69,4,2,6,182,195,0.9333,7793
gallery,69_c5s6_1.jpg,gallery/69_c5s6_1.jpg,69,5,6,1,126,87,1.4483,6495
gallery,69_c6s4_5.jpg,gallery/69_c6s4_5.jpg,69,6,4,5,119,213,0.5587,4808
gallery,69_c6s5_8.jpg,gallery/69_c6s5_8.jpg,69,6,5,8,123,81,1.5185,6097
gallery,72_c2s1_0.jpg,gallery/72_c2s1_0.jpg,72,2,1,0,111,89,1.2472,2570
gallery,72_c2s4_2.jpg,gallery/72_c2s4_2.jpg,72,2,4,2,86,91,0.9451,2248
gallery,72_c3s5_4.jpg,gallery/72_c3s5_4.jpg,72,3,5,4,145,293,0.4949,13626
gallery,72_c4s1_3.jpg,gallery/72_c4s1_3.jpg,72,4,1,3,69,107,0.6449,4231
gallery,72_c5s6_8.jpg,gallery/72_c5s6_8.jpg,72,5,6,8,83,208,0.399,3798
gallery,74_c1s1_8.jpg,gallery/74_c1s1_8.jpg,74,1,1,8,94,98,0.9592,2665
gallery,74_c1s4_2.jpg,gallery/74_c1s4_2.jpg,74,1,4,2,143,99,1.4444,3282
gallery,74_c1s6_5.jpg,gallery/74_c1s6_5.jpg,74,1,6,5,97,85,1.1412,2406
gallery,74_c4s6_6.jpg,gallery/74_c4s6_6.jpg,74,4,6,6,119,101,1.1782,3114
gallery,74_c6s3_3.jpg,gallery/74_c6s3_3.jpg,74,6,3,3,87,112,0.7768,2499
gallery,75_c3s5_8.jpg,gallery/75_c3s5_8.jpg,75,3,5,8,214,196,1.0918,6948
gallery,75_c4s3_0.jpg,gallery/75_c4s3_0.jpg,75,4,3,0,211,201,1.0498,7335
gallery,75_c5s2_11.jpg,gallery/75_c5s2_11.jpg,75,5,2,11,217,197,1.1015,6631
gallery,75_c5s3_10.jpg,gallery/75_c5s3_10.jpg,75,5,3,10,222,203,1.0936,6709
gallery,76_c1s1_4.jpg,gallery/76_c1s1_4.jpg,76,1,1,4,94,80,1.175,4355
gallery,76_c1s3_0.jpg,gallery/76_c1s3_0.jpg,76,1,3,0,254,356,0.7135,12033
gallery,76_c1s5_5.jpg,gallery/76_c1s5_5.jpg,76,1,5,5,110,146,0.7534,6687
gallery,76_c2s5_8.jpg,gallery/76_c2s5_8.jpg,76,2,5,8,241,232,1.0388,8065
gallery,76_c3s4_9.jpg,gallery/76_c3s4_9.jpg,76,3,4,9,428,223,1.9193,31201
gallery,76_c3s5_3.jpg,gallery/76_c3s5_3.jpg,76,3,5,3,207,179,1.1564,6734
gallery,76_c3s6_7.jpg,gallery/76_c3s6_7.jpg,76,3,6,7,128,98,1.3061,7911
gallery,76_c5s6_1.jpg,gallery/76_c5s6_1.jpg,76,5,6,1,364,273,1.3333,31291
gallery,77_c1s2_2.jpg,gallery/77_c1s2_2.jpg,77,1,2,2,150,135,1.1111,9723
gallery,77_c1s4_7.jpg,gallery/77_c1s4_7.jpg,77,1,4,7,103,81,1.2716,2463
gallery,77_c2s6_4.jpg,gallery/77_c2s6_4.jpg,77,2,6,4,289,242,1.1942,20219
gallery,77_c4s1_1.jpg,gallery/77_c4s1_1.jpg,77,4,1,1,209,231,0.9048,12435
gallery,77_c5s6_5.jpg,gallery/77_c5s6_5.jpg,77,5,6,5,174,143,1.2168,11374
gallery,79_c1s5_6.jpg,gallery/79_c1s5_6.jpg,79,1,5,6,272,280,0.9714,18145
gallery,79_c2s4_7.jpg,gallery/79_c2s4_7.jpg,79,2,4,7,222,292,0.7603,16245
gallery,79_c3s1_2.jpg,gallery/79_c3s1_2.jpg,79,3,1,2,98,173,0.5665,7178
gallery,79_c3s1_5.jpg,gallery/79_c3s1_5.jpg,79,3,1,5,335,360,0.9306,33387
gallery,79_c6s2_2.jpg,gallery/79_c6s2_2.jpg,79,6,2,2,215,258,0.8333,17883
gallery,7_c1s2_1.jpg,gallery/7_c1s2_1.jpg,7,1,2,1,136,127,1.0709,3763
gallery,7_c1s5_0.jpg,gallery/7_c1s5_0.jpg,7,1,5,0,120,163,0.7362,4026
gallery,7_c2s3_4.jpg,gallery/7_c2s3_4.jpg,7,2,3,4,118,120,0.9833,3011
gallery,7_c3s1_6.jpg,gallery/7_c3s1_6.jpg,7,3,1,6,122,132,0.9242,3737
gallery,7_c3s3_2.jpg,gallery/7_c3s3_2.jpg,7,3,3,2,141,126,1.119,3808
gallery,7_c4s1_3.jpg,gallery/7_c4s1_3.jpg,7,4,1,3,153,134,1.1418,4428
gallery,7_c5s4_7.jpg,gallery/7_c5s4_7.jpg,7,5,4,7,118,127,0.9291,3375
gallery,83_c2s1_6.jpg,gallery/83_c2s1_6.jpg,83,2,1,6,114,90,1.2667,4621
gallery,83_c3s2_5.jpg,gallery/83_c3s2_5.jpg,83,3,2,5,106,89,1.191,4066
gallery,83_c4s1_4.jpg,gallery/83_c4s1_4.jpg,83,4,1,4,103,117,0.8803,4408
gallery,83_c5s4_8.jpg,gallery/83_c5s4_8.jpg,83,5,4,8,141,101,1.396,5798
gallery,84_c1s2_5.jpg,gallery/84_c1s2_5.jpg,84,1,2,5,132,93,1.4194,2934
gallery,84_c6s1_7.jpg,gallery/84_c6s1_7.jpg,84,6,1,7,128,89,1.4382,2460
gallery,85_c1s1_2.jpg,gallery/85_c1s1_2.jpg,85,1,1,2,69,95,0.7263,1728
gallery,85_c1s1_4.jpg,gallery/85_c1s1_4.jpg,85,1,1,4,75,70,1.0714,2587
gallery,85_c4s2_5.jpg,gallery/85_c4s2_5.jpg,85,4,2,5,70,62,1.129,2154
gallery,85_c4s3_6.jpg,gallery/85_c4s3_6.jpg,85,4,3,6,65,64,1.0156,2191
gallery,85_c5s2_0.jpg,gallery/85_c5s2_0.jpg,85,5,2,0,44,69,0.6377,1833
gallery,85_c6s2_3.jpg,gallery/85_c6s2_3.jpg,85,6,2,3,47,94,0.5,1363
gallery,86_c1s4_5.jpg,gallery/86_c1s4_5.jpg,86,1,4,5,127,241,0.527,7487
gallery,86_c2s4_4.jpg,gallery/86_c2s4_4.jpg,86,2,4,4,127,116,1.0948,8207
gallery,86_c2s6_2.jpg,gallery/86_c2s6_2.jpg,86,2,6,2,108,242,0.4463,7031
gallery,86_c3s5_8.jpg,gallery/86_c3s5_8.jpg,86,3,5,8,98,242,0.405,6713
gallery,86_c4s2_3.jpg,gallery/86_c4s2_3.jpg,86,4,2,3,201,193,1.0415,18523
gallery,87_c1s4_5.jpg,gallery/87_c1s4_5.jpg,87,1,4,5,109,170,0.6412,5790
gallery,87_c1s5_1.jpg,gallery/87_c1s5_1.jpg,87,1,5,1,44,85,0.5176,1248
gallery,87_c3s2_0.jpg,gallery/87_c3s2_0.jpg,87,3,2,0,111,146,0.7603,5069
gallery,87_c3s5_8.jpg,gallery/87_c3s5_8.jpg,87,3,5,8,134,146,0.9178,6171
gallery,87_c4s2_6.jpg,gallery/87_c4s2_6.jpg,87,4,2,6,94,155,0.6065,4767
gallery,89_c1s1_8.jpg,gallery/89_c1s1_8.jpg,89,1,1,8,421,277,1.5199,45340
gallery,89_c1s5_2.jpg,gallery/89_c1s5_2.jpg,89,1,5,2,389,346,1.1243,29219
gallery,89_c2s4_9.jpg,gallery/89_c2s4_9.jpg,89,2,4,9,372,332,1.1205,40350
gallery,89_c2s5_6.jpg,gallery/89_c2s5_6.jpg,89,2,5,6,276,191,1.445,23257
gallery,89_c5s4_4.jpg,gallery/89_c5s4_4.jpg,89,5,4,4,421,231,1.8225,15802
gallery,8_c1s5_1.jpg,gallery/8_c1s5_1.jpg,8,1,5,1,164,326,0.5031,8676
gallery,8_c2s2_2.jpg,gallery/8_c2s2_2.jpg,8,2,2,2,316,318,0.9937,14620
gallery,8_c3s2_4.jpg,gallery/8_c3s2_4.jpg,8,3,2,4,139,245,0.5673,13402
gallery,8_c3s5_0.jpg,gallery/8_c3s5_0.jpg,8,3,5,0,79,295,0.2678,4691
gallery,8_c3s6_6.jpg,gallery/8_c3s6_6.jpg,8,3,6,6,394,480,0.8208,58463
gallery,8_c3s6_8.jpg,gallery/8_c3s6_8.jpg,8,3,6,8,196,236,0.8305,23130
gallery,8_c4s4_2.jpg,gallery/8_c4s4_2.jpg,8,4,4,2,243,219,1.1096,23748
gallery,8_c4s5_3.jpg,gallery/8_c4s5_3.jpg,8,4,5,3,278,133,2.0902,16209
gallery,8_c5s1_1.jpg,gallery/8_c5s1_1.jpg,8,5,1,1,133,300,0.4433,18727
gallery,8_c5s6_6.jpg,gallery/8_c5s6_6.jpg,8,5,6,6,323,328,0.9848,16731
gallery,91_c1s1_2.jpg,gallery/91_c1s1_2.jpg,91,1,1,2,120,233,0.515,6737
gallery,91_c1s5_7.jpg,gallery/91_c1s5_7.jpg,91,1,5,7,96,246,0.3902,10609
gallery,91_c4s4_8.jpg,gallery/91_c4s4_8.jpg,91,4,4,8,93,245,0.3796,6152
gallery,91_c5s4_5.jpg,gallery/91_c5s4_5.jpg,91,5,4,5,153,241,0.6349,8300
gallery,92_c1s1_3.jpg,gallery/92_c1s1_3.jpg,92,1,1,3,139,134,1.0373,10189
gallery,92_c3s3_0.jpg,gallery/92_c3s3_0.jpg,92,3,3,0,130,181,0.7182,5209
gallery,92_c5s5_6.jpg,gallery/92_c5s5_6.jpg,92,5,5,6,182,210,0.8667,15889
gallery,92_c6s6_7.jpg,gallery/92_c6s6_7.jpg,92,6,6,7,141,138,1.0217,10228
gallery,93_c1s1_0.jpg,gallery/93_c1s1_0.jpg,93,1,1,0,99,190,0.5211,6792
gallery,93_c2s6_3.jpg,gallery/93_c2s6_3.jpg,93,2,6,3,222,390,0.5692,23603
gallery,93_c3s2_7.jpg,gallery/93_c3s2_7.jpg,93,3,2,7,144,125,1.152,5534
gallery,93_c5s3_1.jpg,gallery/93_c5s3_1.jpg,93,5,3,1,164,193,0.8497,9435
gallery,93_c5s5_5.jpg,gallery/93_c5s5_5.jpg,93,5,5,5,253,189,1.3386,7661
gallery,93_c6s2_2.jpg,gallery/93_c6s2_2.jpg,93,6,2,2,205,225,0.9111,13730
gallery,97_c1s1_1.jpg,gallery/97_c1s1_1.jpg,97,1,1,1,174,187,0.9305,7434
gallery,97_c1s2_4.jpg,gallery/97_c1s2_4.jpg,97,1,2,4,200,202,0.9901,7378
gallery,97_c1s4_7.jpg,gallery/97_c1s4_7.jpg,97,1,4,7,198,145,1.3655,7111
gallery,97_c5s2_5.jpg,gallery/97_c5s2_5.jpg,97,5,2,5,408,251,1.6255,21137
gallery,98_c2s3_4.jpg,gallery/98_c2s3_4.jpg,98,2,3,4,268,218,1.2294,4933
gallery,98_c3s6_3.jpg,gallery/98_c3s6_3.jpg,98,3,6,3,635,283,2.2438,33489
gallery,98_c4s3_1.jpg,gallery/98_c4s3_1.jpg,98,4,3,1,294,348,0.8448,25343
gallery,98_c5s4_5.jpg,gallery/98_c5s4_5.jpg,98,5,4,5,263,316,0.8323,7194
gallery,98_c5s5_7.jpg,gallery/98_c5s5_7.jpg,98,5,5,7,318,186,1.7097,12659
gallery,98_c5s6_2.jpg,gallery/98_c5s6_2.jpg,98,5,6,2,397,266,1.4925,8614
gallery,98_c6s3_8.jpg,gallery/98_c6s3_8.jpg,98,6,3,8,237,196,1.2092,5629
gallery,99_c3s3_3.jpg,gallery/99_c3s3_3.jpg,99,3,3,3,115,91,1.2637,2177
gallery,99_c3s4_1.jpg,gallery/99_c3s4_1.jpg,99,3,4,1,369,210,1.7571,8117
gallery,99_c5s3_8.jpg,gallery/99_c5s3_8.jpg,99,5,3,8,66,94,0.7021,3108
gallery,99_c5s5_6.jpg,gallery/99_c5s5_6.jpg,99,5,5,6,201,227,0.8855,6641
gallery,99_c6s4_0.jpg,gallery/99_c6s4_0.jpg,99,6,4,0,228,214,1.0654,6280
gallery,99_c6s6_4.jpg,gallery/99_c6s6_4.jpg,99,6,6,4,134,102,1.3137,2599
gallery,9_c1s5_1.jpg,gallery/9_c1s5_1.jpg,9,1,5,1,223,348,0.6408,13091
gallery,9_c2s4_6.jpg,gallery/9_c2s4_6.jpg,9,2,4,6,46,132,0.3485,2198
gallery,9_c4s4_2.jpg,gallery/9_c4s4_2.jpg,9,4,4,2,148,171,0.8655,5972
gallery,9_c4s5_3.jpg,gallery/9_c4s5_3.jpg,9,4,5,3,193,163,1.184,7207
gallery,9_c5s1_1.jpg,gallery/9_c5s1_1.jpg,9,5,1,1,197,288,0.684,10761
gallery,9_c5s1_7.jpg,gallery/9_c5s1_7.jpg,9,5,1,7,362,405,0.8938,32638
gallery,9_c6s2_15.jpg,gallery/9_c6s2_15.jpg,9,6,2,15,80,165,0.4848,3363
