desertion_no,notice_no,process_state,happen_dt,happen_place,up_kind_nm,kind_nm,kind_full_nm,color_cd,age,weight,sex_cd,neuter_yn,special_mark,care_nm,care_tel,care_addr,org_nm,care_reg_no,notice_sdt,notice_edt,upd_tm,photo_urls,photo_local_paths
445464202602589,전북-전주-2026-00887,보호중,20260913,태평아이파크 앞 도로,개,말티즈,[개] 말티즈,흰색,2022(년생),6.5(Kg),M,Y,"깨끗함,미용돼있음",링크늘푸른동물병원,063-281-0075,전라북도 전주시 완산구 서원로 225 (중화산동2가) ,전북특별자치도 전주시,345464201700001,20260913,20260922,2026-09-13 19:32:19.0,http://openapi.animal.go.kr/openapi/service/rest/fileDownloadSrvc/files/shelter/2026/09/202609131909658.jpg|http://openapi.animal.go.kr/openapi/service/rest/fileDownloadSrvc/files/shelter/2026/09/202609131909545.jpg,images/445464202602589_0.jpg|images/445464202602589_1.jpg
443571202601813,충북-청주-2026-00747,보호중,20260913,봉명동 체리쉬 빌라,개,믹스견,[개] 믹스견,갈색&흰색,2023(년생),5(Kg),M,N,"경계심이 많음, 얼굴 만지려고 하면 입질, ",반려동물보호센터,043-201-2298,충청북도 청주시 흥덕구 강내면 서부로 411-23  청주시 반려동물 보호센터,충청북도 청주시,343571201600001,20260913,20260923,2026-09-13 17:18:08.0,http://openapi.animal.go.kr/openapi/service/rest/fileDownloadSrvc/files/shelter/2026/09/202609131709278.jpg|http://openapi.animal.go.kr/openapi/service/rest/fileDownloadSrvc/files/shelter/2026/09/202609131709315.jpg,images/443571202601813_0.jpg|images/443571202601813_1.jpg
443571202601812,충북-청주-2026-00746,보호중,20260913,남이외천 1길 50,개,믹스견,[개] 믹스견,갈색&검정&흰색,2026(년생),2.8(Kg),M,Y,"칩있음, 6개월, 매우 순함",반려동물보호센터,043-201-2298,충청북도 청주시 흥덕구 강내면 서부로 411-23  청주시 반려동물 보호센터,충청북도 청주시,343571201600001,20260913,20260923,2026-09-13 15:15:30.0,http://openapi.animal.go.kr/openapi/service/rest/fileDownloadSrvc/files/shelter/2026/09/202609131509690.jpeg|http://openapi.animal.go.kr/openapi/service/rest/fileDownloadSrvc/files/shelter/2026/09/202609131509709.jpeg,images/443571202601812_0.jpeg|images/443571202601812_1.jpeg
442430202600155,강원-철원-2026-00155,보호중,20260913,장흥초등학교,개,포메라니안,[개] 포메라니안,붉고 엷은 황갈색,2026(년생),4(Kg),F,U,뒷다리가 좋지않음,철원군,033-450-5394,강원도 철원군 동송읍 장흥로 311  ,강원특별자치도 철원군,342430201900001,20260913,20260923,2026-09-13 12:31:33.0,http://openapi.animal.go.kr/openapi/service/rest/fileDownloadSrvc/files/shelter/2026/09/202609131209852.jpg|http://openapi.animal.go.kr/openapi/service/rest/fileDownloadSrvc/files/shelter/2026/09/202609131209887.jpg,images/442430202600155_0.jpg|images/442430202600155_1.jpg
442418202600855,강원-춘천-2026-00256,보호중,20260913,효자소방서,개,푸들,[개] 푸들,갈색,2017(년생),6(Kg),M,U,"온순,칩있음,파란하네스",춘천시 동물보호센터,033-245-5351,강원도 춘천시 신북읍 영서로 3282 (신북읍) (전)102보충대 주차장,강원특별자치도 춘천시,342418201300001,20260913,20260923,2026-09-13 17:33:58.0,http://openapi.animal.go.kr/openapi/service/rest/fileDownloadSrvc/files/shelter/2026/09/202609131709306.jpg|http://openapi.animal.go.kr/openapi/service/rest/fileDownloadSrvc/files/shelter/2026/09/202609131709325.jpg,images/442418202600855_0.jpg|images/442418202600855_1.jpg
442418202600854,강원-춘천-2026-00255,보호중,20260913,동산아파트 인근,개,믹스견,[개] 믹스견,갈색,2020(년생),3(Kg),F,U,온순,춘천시 동물보호센터,033-245-5351,강원도 춘천시 신북읍 영서로 3282 (신북읍) (전)102보충대 주차장,강원특별자치도 춘천시,342418201300001,20260913,20260923,2026-09-13 15:47:52.0,http://openapi.animal.go.kr/openapi/service/rest/fileDownloadSrvc/files/shelter/2026/09/202609131509551.jpg|http://openapi.animal.go.kr/openapi/service/rest/fileDownloadSrvc/files/shelter/2026/09/202609131509623.jpg,images/442418202600854_0.jpg|images/442418202600854_1.jpg
441417202601182,경기-양평-2026-00261,보호중,20260913,경기도 양평군 서종면 문호리 623 테라로사,개,시베리안 허스키,[개] 시베리안 허스키,검정&흰색,2023(년생),22.4(Kg),M,U,"사람을 좋아하고 먼저 다가오는 성격, 검정색 목줄 착용, 양쪽 눈 색이 다르고 왼쪽 귀가 접혀있음.",양평군유기동물보호소,031-770-2337,경기도 양평군 양평읍 농업기술센터길 59-1  ,경기도 양평군,341417201800001,20260913,20260923,2026-09-13 16:37:26.0,http://openapi.animal.go.kr/openapi/service/rest/fileDownloadSrvc/files/shelter/2026/09/202609131609104.png|http://openapi.animal.go.kr/openapi/service/rest/fileDownloadSrvc/files/shelter/2026/09/202609131609131.png,images/441417202601182_0.png|images/441417202601182_1.png
441417202601181,경기-양평-2026-00260,보호중,20260913,경기도 양평군 단월면 도룡골길 66-6,개,믹스견,[개] 믹스견,흰색,2021(년생),4.7(Kg),F,N,친화력 굉장히 좋으며 처음 본 사람 손길도 무서워 하지않으며 호기심이 굉장히 가득함,양평군유기동물보호소,031-770-2337,경기도 양평군 양평읍 농업기술센터길 59-1  ,경기도 양평군,341417201800001,20260913,20260923,2026-09-13 11:51:50.0,http://openapi.animal.go.kr/openapi/service/rest/fileDownloadSrvc/files/shelter/2026/09/202609131109836.png|http://openapi.animal.go.kr/openapi/service/rest/fileDownloadSrvc/files/shelter/2026/09/202609131109863.png,images/441417202601181_0.png|images/441417202601181_1.png
441386202601142,경기-부천-2026-00374,보호중,20260913,신흥로 190,개,믹스견,[개] 믹스견,검정색,2024(년생),3.6(Kg),F,U,"입소당시 등 피부 안좋음, 미용한지 두달되어보이는 털, 순함, 칩없음.",24시아이동물메디컬,032-677-5262,경기도 부천시 오정구 소사로 779 (원종동) 201호,경기도 부천시,341386200900001,20260913,20260923,2026-09-13 20:05:38.0,http://openapi.animal.go.kr/openapi/service/rest/fileDownloadSrvc/files/shelter/2026/09/202609132009350.jpg|http://openapi.animal.go.kr/openapi/service/rest/fileDownloadSrvc/files/shelter/2026/09/202609132009967.jpg,images/441386202601142_0.jpg|images/441386202601142_1.jpg
413578202601736,광주-목포-2026-00108,보호중,20260913,우리세향교회부근(10:30),개,말티즈,[개] 말티즈,흰색,2022(년생),4.5(Kg),M,N,"분홍색목줄착용,눈과 입주변 변색",목포시유기동물보호소,010-9678-9966,전라남도 무안군 삼향읍 석매길 36  ,전남광주통합특별시 목포시,346480201000001,20260913,20260923,2026-09-13 14:02:30.0,http://openapi.animal.go.kr/openapi/service/rest/fileDownloadSrvc/files/shelter/2026/09/202609131409609.jpg|http://openapi.animal.go.kr/openapi/service/rest/fileDownloadSrvc/files/shelter/2026/09/202609131409640.jpg,images/413578202601736_0.jpg|images/413578202601736_1.jpg
469569202600622,세종-세종-2026-00256,보호중,20260912,세종시 부강면 부강리 138(부강면사무소근처),개,믹스견,[개] 믹스견,엷은 황갈색&흰색,2022(년생),4.7(Kg),F,N,.,세종유기동물보호센터,010-4435-3720,세종특별자치시  전동면 미륵당1길 188 (전동면) ,세종특별자치시,369569202000001,20260912,20260922,2026-09-12 21:52:50.0,http://openapi.animal.go.kr/openapi/service/rest/fileDownloadSrvc/files/shelter/2026/09/202609122109392.jpeg|http://openapi.animal.go.kr/openapi/service/rest/fileDownloadSrvc/files/shelter/2026/09/202609122109434.jpeg,images/469569202600622_0.jpeg|images/469569202600622_1.jpeg
448537202601410,경남-거제-2026-00454,보호중,20260912,서정리 350-3번지,개,믹스견,[개] 믹스견,갈색&흰색,2020(년생),5(Kg),F,N,"포획틀에잡힘,임신추정",거제시동물보호센터,055-639-6368,경상남도 거제시 사등면 두동로1길 107  거제시동물보호센터,경상남도 거제시,348537200900002,20260912,20260922,2026-09-12 12:32:19.0,http://openapi.animal.go.kr/openapi/service/rest/fileDownloadSrvc/files/shelter/2026/09/202609121209616.jpg|http://openapi.animal.go.kr/openapi/service/rest/fileDownloadSrvc/files/shelter/2026/09/202609121209620.jpg,images/448537202601410_0.jpg|images/448537202601410_1.jpg
448537202601409,경남-거제-2026-00453,보호중,20260912,서정리 350-3번지,개,믹스견,[개] 믹스견,흰색,2025(년생),5(Kg),M,N,포획틀에잡힘,거제시동물보호센터,055-639-6368,경상남도 거제시 사등면 두동로1길 107  거제시동물보호센터,경상남도 거제시,348537200900002,20260912,20260922,2026-09-12 12:26:27.0,http://openapi.animal.go.kr/openapi/service/rest/fileDownloadSrvc/files/shelter/2026/09/202609121209385.jpg|http://openapi.animal.go.kr/openapi/service/rest/fileDownloadSrvc/files/shelter/2026/09/202609121209351.jpg,images/448537202601409_0.jpg|images/448537202601409_1.jpg
448536202600844,경남-밀양-2026-00495,보호중,20260912,삼랑진읍,개,믹스견,[개] 믹스견,갈색&검정,2026(년생),3(Kg),M,N,"공고번호 477,492와 동배 추정, 세마리 모두 외모와 성격이 비슷함",밀양시 동물보호센터,070-4113-7288,경상남도 밀양시 삼랑진읍 천태로 472 (삼랑진읍) ,경상남도 밀양시,348536201800001,20260912,20260921,2026-09-12 10:17:26.0,http://openapi.animal.go.kr/openapi/service/rest/fileDownloadSrvc/files/shelter/2026/09/202609121009740.jpg|http://openapi.animal.go.kr/openapi/service/rest/fileDownloadSrvc/files/shelter/2026/09/202609121009787.jpg,images/448536202600844_0.jpg|images/448536202600844_1.jpg
448531202601318,경남-진주-2026-00312,보호중,20260912,진주 소방서,개,믹스견,[개] 믹스견,검정&흰색,2024(년생),13.9(Kg),M,N,온순 사람잘따름 119구조 당시 빨강 목태 착용,진주시동물보호센터,055-749-6134,"경상남도 진주시 집현면 신당길207번길 22 (집현면, 지역농업개발시설) ",경상남도 진주시,348531201000001,20260912,20260922,2026-09-12 17:15:08.0,http://openapi.animal.go.kr/openapi/service/rest/fileDownloadSrvc/files/shelter/2026/09/20260912170984.jpg|http://openapi.animal.go.kr/openapi/service/rest/fileDownloadSrvc/files/shelter/2026/09/202609121709100.jpg,images/448531202601318_0.jpg|images/448531202601318_1.jpg
448531202601317,경남-진주-2026-00311,보호중,20260912,진주시 대곡면 단목리 553-2,개,믹스견,[개] 믹스견,흰색&황갈색,2022(년생),19.2(Kg),M,N,온순 119구조개체 구조당시 하늘색 목태 착용 ,진주시동물보호센터,055-749-6134,"경상남도 진주시 집현면 신당길207번길 22 (집현면, 지역농업개발시설) ",경상남도 진주시,348531201000001,20260912,20260922,2026-09-12 11:44:35.0,http://openapi.animal.go.kr/openapi/service/rest/fileDownloadSrvc/files/shelter/2026/09/202609121109473.jpg|http://openapi.animal.go.kr/openapi/service/rest/fileDownloadSrvc/files/shelter/2026/09/202609121109495.jpg,images/448531202601317_0.jpg|images/448531202601317_1.jpg
448531202601316,경남-진주-2026-00310,보호중,20260912,진주시 집현면 지내리 319,개,믹스견,[개] 믹스견,갈색&검정,2026(년생),2.2(Kg),M,N,겁많고 방어적임,진주시동물보호센터,055-749-6134,"경상남도 진주시 집현면 신당길207번길 22 (집현면, 지역농업개발시설) ",경상남도 진주시,348531201000001,20260912,20260922,2026-09-12 11:41:01.0,http://openapi.animal.go.kr/openapi/service/rest/fileDownloadSrvc/files/shelter/2026/09/202609121109905.jpg|http://openapi.animal.go.kr/openapi/service/rest/fileDownloadSrvc/files/shelter/2026/09/202609121109920.jpg,images/448531202601316_0.jpg|images/448531202601316_1.jpg
448531202601315,경남-진주-2026-00309,보호중,20260912,진주시 집현면 지내리 319,개,믹스견,[개] 믹스견,갈색&검정,2026(년생),2.2(Kg),F,N,겁많고 방어적임,진주시동물보호센터,055-749-6134,"경상남도 진주시 집현면 신당길207번길 22 (집현면, 지역농업개발시설) ",경상남도 진주시,348531201000001,20260912,20260922,2026-09-12 11:39:41.0,http://openapi.animal.go.kr/openapi/service/rest/fileDownloadSrvc/files/shelter/2026/09/202609121109452.jpg|http://openapi.animal.go.kr/openapi/service/rest/fileDownloadSrvc/files/shelter/2026/09/202609121109480.jpg,images/448531202601315_0.jpg|images/448531202601315_1.jpg
447511202601181,경북-상주-2026-00307,보호중,20260912,삼포순환로 199,개,믹스견,[개] 믹스견,갈색&흰색,2023(년생),22.6(Kg),M,N,"꼬리절단수술(짧음),온순함,파란목줄,모서소방서 인계받음",상주시 동물보호센터,010-6682-1198,경상북도 상주시 사벌국면 상풍로 124  ,경상북도 상주시,347511202000001,20260912,20260922,2026-09-12 17:06:14.0,http://openapi.animal.go.kr/openapi/service/rest/fileDownloadSrvc/files/shelter/2026/09/202609121709441.jpg|http://openapi.animal.go.kr/openapi/service/rest/fileDownloadSrvc/files/shelter/2026/09/20260912170913.jpg,images/447511202601181_0.jpg|images/447511202601181_1.jpg
447505202600885,경북-경주-2026-00713,보호중,20260912,대경로 4422,개,라브라도 리트리버,[개] 라브라도 리트리버,크림색,2022(년생),26(Kg),F,N,주인에게 반환 예정,경주동물사랑보호센터,010-8889-2883,경상북도 경주시 천북면 천북로 8-4  경주시 동물사랑보호센터,경상북도 경주시,347505201700001,20260912,20260922,2026-09-12 11:05:28.0,http://openapi.animal.go.kr/openapi/service/rest/fileDownloadSrvc/files/shelter/2026/09/202609121109179.jpg|http://openapi.animal.go.kr/openapi/service/rest/fileDownloadSrvc/files/shelter/2026/09/202609121109224.jpg,images/447505202600885_0.jpg|images/447505202600885_1.jpg
445467202601669,전북-군산-2026-00781,보호중,20260912,평화길 24 대박토탈의상집,개,믹스견,[개] 믹스견,흰색,2026(년생),5(Kg),M,N,4개월추정 순함,군산유기동물보호센터,063-451-2975,전북특별자치도 군산시 대야면 보덕안정길 124  ,전북특별자치도 군산시,345467201000001,20260912,20260928,2026-09-12 15:44:13.0,http://openapi.animal.go.kr/openapi/service/rest/fileDownloadSrvc/files/shelter/2026/09/20260912150902.jpg|http://openapi.animal.go.kr/openapi/service/rest/fileDownloadSrvc/files/shelter/2026/09/20260912150948[1].jpg,images/445467202601669_0.jpg|images/445467202601669_1.jpg
445467202601668,전북-군산-2026-00780,보호중,20260912,제일동물병원,개,믹스견,[개] 믹스견,레몬색&흰색,2025(년생),8(Kg),M,N,교통사고후 병원에서 수술 대퇴골절,군산유기동물보호센터,063-451-2975,전북특별자치도 군산시 대야면 보덕안정길 124  ,전북특별자치도 군산시,345467201000001,20260912,20260928,2026-09-12 15:30:01.0,http://openapi.animal.go.kr/openapi/service/rest/fileDownloadSrvc/files/shelter/2026/09/202609121509886[1].jpg|http://openapi.animal.go.kr/openapi/service/rest/fileDownloadSrvc/files/shelter/2026/09/202609121509453.jpg,images/445467202601668_0.jpg|images/445467202601668_1.jpg
443571202601811,충북-청주-2026-00745,보호중,20260912,서원초등학교 운동장,개,이탈리안 그레이 하운드,[개] 이탈리안 그레이 하운드,회색,2020(년생),5.8(Kg),M,N,매우 순하고 사람 좋아함,반려동물보호센터,043-201-2298,충청북도 청주시 흥덕구 강내면 서부로 411-23  청주시 반려동물 보호센터,충청북도 청주시,343571201600001,20260912,20260922,2026-09-12 14:10:50.0,http://openapi.animal.go.kr/openapi/service/rest/fileDownloadSrvc/files/shelter/2026/09/202609121409986.jpeg|http://openapi.animal.go.kr/openapi/service/rest/fileDownloadSrvc/files/shelter/2026/09/20260912140911.jpeg,images/443571202601811_0.jpeg|images/443571202601811_1.jpeg
443447202600554,충북-음성-2026-00357,보호중,20260912,감곡면 주천리 320(봉은사),개,믹스견,[개] 믹스견,흰색,2026(년생),6(Kg),M,N,겁이 많은편,음성군 동물보호센터,043-877-3081,충청북도 음성군 삼성면 대금로 715-5  ,충청북도 음성군,343447202600001,20260912,20260922,2026-09-12 13:29:07.0,http://openapi.animal.go.kr/openapi/service/rest/fileDownloadSrvc/files/shelter/2026/09/202609121309289.jpg|http://openapi.animal.go.kr/openapi/service/rest/fileDownloadSrvc/files/shelter/2026/09/202609121309387.jpg,images/443447202600554_0.jpg|images/443447202600554_1.jpg
443447202600553,충북-음성-2026-00356,보호중,20260912,감곡면 주천리 320(봉은사),개,믹스견,[개] 믹스견,기타(옅은갈색),2026(년생),6(Kg),M,N,성격이 온순한 편입니다,음성군 동물보호센터,043-877-3081,충청북도 음성군 삼성면 대금로 715-5  ,충청북도 음성군,343447202600001,20260912,20260922,2026-09-12 13:29:07.0,http://openapi.animal.go.kr/openapi/service/rest/fileDownloadSrvc/files/shelter/2026/09/202609121309668.jpg|http://openapi.animal.go.kr/openapi/service/rest/fileDownloadSrvc/files/shelter/2026/09/202609121309863.jpg,images/443447202600553_0.jpg|images/443447202600553_1.jpg
443447202600552,충북-음성-2026-00355,보호중,20260912,금왕읍 청평길 139-15,개,믹스견,[개] 믹스견,흰색,2024(년생),12(Kg),M,N,성격이 온순한 편입니다,음성군 동물보호센터,043-877-3081,충청북도 음성군 삼성면 대금로 715-5  ,충청북도 음성군,343447202600001,20260912,20260922,2026-09-12 13:29:07.0,http://openapi.animal.go.kr/openapi/service/rest/fileDownloadSrvc/files/shelter/2026/09/202609121309486.jpg|http://openapi.animal.go.kr/openapi/service/rest/fileDownloadSrvc/files/shelter/2026/09/202609121309729.jpg,images/443447202600552_0.jpg|images/443447202600552_1.jpg
441403202600236,경기-의왕-2026-00037,보호중,20260912,의왕시청에서 인수,개,웰시 코기 펨브로크,[개] 웰시 코기 펨브로크,기타(갈백),2022(년생),17(Kg),M,Y,"순함,덩치가 큰 편임,칩있음",한국야생동물보호협회,031-296-0124,경기도 안산시 상록구 청곡길 50 (부곡동) ,경기도 의왕시,341403202100001,20260912,20260922,2026-09-12 15:43:38.0,http://openapi.animal.go.kr/openapi/service/rest/fileDownloadSrvc/files/shelter/2026/09/202609121509409.jpg|http://openapi.animal.go.kr/openapi/service/rest/fileDownloadSrvc/files/shelter/2026/09/202609121509802[1].jpg,images/441403202600236_0.jpg|images/441403202600236_1.jpg
413581202600515,광주-서구-2026-00059,보호중,20260912,서구 농성파출소,개,믹스견,[개] 믹스견,갈색,2025(년생),3.4(Kg),F,U,26-0522 바리 내장칩없음 순함 목줄착용,광주동물보호센터,062-613-6770,전남광주통합특별시 북구 본촌마을길 25-1 (본촌동) 광주동물보호센터,전남광주통합특별시 서구,329360201300001,20260912,20260922,2026-09-12 16:03:39.0,http://openapi.animal.go.kr/openapi/service/rest/fileDownloadSrvc/files/shelter/2026/09/202609121609881.jpg|http://openapi.animal.go.kr/openapi/service/rest/fileDownloadSrvc/files/shelter/2026/09/202609121609929.jpg,images/413581202600515_0.jpg|images/413581202600515_1.jpg
413579202601416,광주-나주-2026-00359,보호중,20260912,나주시산포면덕례리하천 배수펌프장앞,개,푸들,[개] 푸들,갈색,2016(년생),4(Kg),F,N,덕례하천배수펌프장 주변에서구조 ,나주유기동물보호센터,010-2331-7377,전라남도 나주시 산포면 내기3길 71-43 [*미고시] ,전남광주통합특별시 나주시,346483202100001,20260912,20260922,2026-09-12 16:22:40.0,http://openapi.animal.go.kr/openapi/service/rest/fileDownloadSrvc/files/shelter/2026/09/202609121609107.jpg|http://openapi.animal.go.kr/openapi/service/rest/fileDownloadSrvc/files/shelter/2026/09/202609121609419.jpg,images/413579202601416_0.jpg|images/413579202601416_1.jpg
442420202600476,강원-강릉-2026-00276,보호중,20260911,남대천 단오문화공원부근,개,포메라니안,[개] 포메라니안,흰색,2020(년생),3(Kg),M,N,방울달린 목줄 착,강릉시 동물사랑센터,033-641-7515,강원도 강릉시 성산면 내맬길 172  ,강원특별자치도 강릉시,342420201500001,20260913,20260923,2026-09-13 11:49:27.0,http://openapi.animal.go.kr/openapi/service/rest/fileDownloadSrvc/files/shelter/2026/09/202609131109751.jpg|http://openapi.animal.go.kr/openapi/service/rest/fileDownloadSrvc/files/shelter/2026/09/202609131109251.jpg,images/442420202600476_0.jpg|images/442420202600476_1.jpg
450650202602209,제주-제주-2026-02137,보호중,20260911,서귀포시 성산읍 환해장성로941,개,믹스견,[개] 믹스견,갈색,2023(년생),13(Kg),F,U,개체관리번호 1721 - 빨간목줄,제주 동물보호센터,064-710-4065,제주특별자치도 제주시 첨단동길 184-14 (용강동) ,제주특별자치도,350650201200001,20260912,20260922,2026-09-12 10:15:24.0,http://openapi.animal.go.kr/openapi/service/rest/fileDownloadSrvc/files/shelter/2026/09/202609121009650.jpg|http://openapi.animal.go.kr/openapi/service/rest/fileDownloadSrvc/files/shelter/2026/09/202609121009678.jpg,images/450650202602209_0.jpg|images/450650202602209_1.jpg
450650202602208,제주-제주-2026-02136,보호중,20260911,제주시 오등동 고다시길103-1 다원유통,개,믹스견,[개] 믹스견,회색(회청색)바탕에 검정얼룩무늬,2025(년생),12.2(Kg),F,U,개체관리번호 1720 - 좌전지 외상,제주 동물보호센터,064-710-4065,제주특별자치도 제주시 첨단동길 184-14 (용강동) ,제주특별자치도,350650201200001,20260912,20260922,2026-09-12 10:15:24.0,http://openapi.animal.go.kr/openapi/service/rest/fileDownloadSrvc/files/shelter/2026/09/20260912100945.jpg|http://openapi.animal.go.kr/openapi/service/rest/fileDownloadSrvc/files/shelter/2026/09/20260912100959.jpg,images/450650202602208_0.jpg|images/450650202602208_1.jpg
450650202602207,제주-제주-2026-02135,보호중,20260911,제주시 오등동 고다시길103-1 다원유통,개,믹스견,[개] 믹스견,검정&흰색,2026(년생),11.1(Kg),M,N,개체관리번호 1719 - 6개월,제주 동물보호센터,064-710-4065,제주특별자치도 제주시 첨단동길 184-14 (용강동) ,제주특별자치도,350650201200001,20260912,20260922,2026-09-12 10:15:23.0,http://openapi.animal.go.kr/openapi/service/rest/fileDownloadSrvc/files/shelter/2026/09/202609121009592.jpg|http://openapi.animal.go.kr/openapi/service/rest/fileDownloadSrvc/files/shelter/2026/09/202609121009613.jpg,images/450650202602207_0.jpg|images/450650202602207_1.jpg
450650202602206,제주-제주-2026-02134,보호중,20260911,제주시 한경면 판조로380,개,믹스견,[개] 믹스견,갈색&검정,2026(60일미만)(년생),3.9(Kg),M,N,개체관리번호 1718 - 2개월,제주 동물보호센터,064-710-4065,제주특별자치도 제주시 첨단동길 184-14 (용강동) ,제주특별자치도,350650201200001,20260912,20260922,2026-09-12 10:15:23.0,http://openapi.animal.go.kr/openapi/service/rest/fileDownloadSrvc/files/shelter/2026/09/20260912100991.jpg|http://openapi.animal.go.kr/openapi/service/rest/fileDownloadSrvc/files/shelter/2026/09/202609121009128.jpg,images/450650202602206_0.jpg|images/450650202602206_1.jpg
450650202602205,제주-제주-2026-02133,보호중,20260911,제주시 한경면 판조로380,개,믹스견,[개] 믹스견,검정&흰색,2026(60일미만)(년생),3.9(Kg),F,N,개체관리번호 1717 - 2개월,제주 동물보호센터,064-710-4065,제주특별자치도 제주시 첨단동길 184-14 (용강동) ,제주특별자치도,350650201200001,20260912,20260922,2026-09-12 10:15:23.0,http://openapi.animal.go.kr/openapi/service/rest/fileDownloadSrvc/files/shelter/2026/09/202609121009212.jpg|http://openapi.animal.go.kr/openapi/service/rest/fileDownloadSrvc/files/shelter/2026/09/202609121009258.jpg,images/450650202602205_0.jpg|images/450650202602205_1.jpg
443439202600513,충북-충주-2026-00197,보호중,20260911,충고 인근,개,믹스견,[개] 믹스견,흰색,2018(년생),4.5(Kg),F,U,"도로배회,푸들믹스,겁있고 경계,사상충음성",충주시동물보호센터,043-851-3168,충청북도 충주시 중앙탑면 일곱실길 70 (중앙탑면) ,충청북도 충주시,343439201700001,20260912,20260921,2026-09-12 23:49:31.0,http://openapi.animal.go.kr/openapi/service/rest/fileDownloadSrvc/files/shelter/2026/09/202609122309429.jpg|http://openapi.animal.go.kr/openapi/service/rest/fileDownloadSrvc/files/shelter/2026/09/202609122309463.jpg,images/443439202600513_0.jpg|images/443439202600513_1.jpg
441560202601004,경기-포천-2026-00686,보호중,20260911,경기 포천시 소흘읍 죽엽산로 502-61 인근,개,믹스견,[개] 믹스견,갈색&검정,2022(년생),5.7(Kg),F,U,겁. 경계. 눈곱. 치석. 꼬리 단미 안됨. 털 상태 때탐.,한국동물구조관리협회,031-867-9119,경기도 양주시 남면 감악산로 63-37  ,경기도 포천시,341560201000002,20260912,20260922,2026-09-12 17:01:38.0,http://openapi.animal.go.kr/openapi/service/rest/fileDownloadSrvc/files/shelter/2026/09/202609121609715.jpg|http://openapi.animal.go.kr/openapi/service/rest/fileDownloadSrvc/files/shelter/2026/09/202609121609726[1].jpg,images/441560202601004_0.jpg|images/441560202601004_1.jpg
441560202601003,경기-포천-2026-00685,보호중,20260911,경기 포천시 영북면 산정호수로 324 인근,개,골든 리트리버,[개] 골든 리트리버,갈색,2024(년생),22.3(Kg),M,N,활발. 사람 좋아함. 호기심 많음.침 많음. 앞다리 사이/왼쪽 가슴에 혹. 눈곱. ,한국동물구조관리협회,031-867-9119,경기도 양주시 남면 감악산로 63-37  ,경기도 포천시,341560201000002,20260912,20260922,2026-09-12 17:01:38.0,http://openapi.animal.go.kr/openapi/service/rest/fileDownloadSrvc/files/shelter/2026/09/20260912160984[1].jpg|http://openapi.animal.go.kr/openapi/service/rest/fileDownloadSrvc/files/shelter/2026/09/202609121609100.jpg,images/441560202601003_0.jpg|images/441560202601003_1.jpg
441406202601027,경기-파주-2026-00631,보호중,20260911,경기 파주시 문산읍 사목리654-2 인근,개,믹스견,[개] 믹스견,흰색,2026(60일미만)(년생),1.6(Kg),F,U,포유기. 겁 많음. 경계. 엄살 심함. 앞니/송곳니 자라기 시작. 눈물자국. 꼬리 단미 안됨. 털 때탐.,한국동물구조관리협회,031-867-9119,경기도 양주시 남면 감악산로 63-37  ,경기도 파주시,341406202200002,20260912,20260922,2026-09-12 17:26:47.0,http://openapi.animal.go.kr/openapi/service/rest/fileDownloadSrvc/files/shelter/2026/09/202609121709699[1].jpg|http://openapi.animal.go.kr/openapi/service/rest/fileDownloadSrvc/files/shelter/2026/09/202609121709725.jpg,images/441406202601027_0.jpg|images/441406202601027_1.jpg
441398202600370,경기-구리-2026-00149,보호중,20260911,경기 구리시 토평동 972-6 인근,개,믹스견,[개] 믹스견,갈색&검정,2026(60일미만)(년생),1.9(Kg),M,N,온순. 얌전. 겁 조금. 사람 잘 따름. 눈곱. 귀여움. 꼬리 단미 안됨. 털 상태 양호.,한국동물구조관리협회,031-867-9119,경기도 양주시 남면 감악산로 63-37  ,경기도 구리시,341398200900001,20260912,20260922,2026-09-12 16:42:36.0,http://openapi.animal.go.kr/openapi/service/rest/fileDownloadSrvc/files/shelter/2026/09/202609121609458.jpg|http://openapi.animal.go.kr/openapi/service/rest/fileDownloadSrvc/files/shelter/2026/09/202609121609483.jpg,images/441398202600370_0.jpg|images/441398202600370_1.jpg
441398202600369,경기-구리-2026-00148,보호중,20260911,경기 구리시 토평동 972-6 인근,개,믹스견,[개] 믹스견,갈색,2026(60일미만)(년생),1.7(Kg),F,U,온순. 얌전. 겁 조금. 사람 잘 따름. 눈곱. 꼬리 단미 안됨. 털 상태 양호.,한국동물구조관리협회,031-867-9119,경기도 양주시 남면 감악산로 63-37  ,경기도 구리시,341398200900001,20260912,20260922,2026-09-12 16:42:36.0,http://openapi.animal.go.kr/openapi/service/rest/fileDownloadSrvc/files/shelter/2026/09/202609121609851.jpg|http://openapi.animal.go.kr/openapi/service/rest/fileDownloadSrvc/files/shelter/2026/09/202609121609873.jpg,images/441398202600369_0.jpg|images/441398202600369_1.jpg
441398202600368,경기-구리-2026-00147,보호중,20260911,경기 구리시 토평동 972-6 인근,개,믹스견,[개] 믹스견,갈색&검정,2026(60일미만)(년생),1.8(Kg),F,U,온순. 눈곱. 얌전. 사람 잘 따름. 꼬리 단미 안됨. 털 상태 양호.,한국동물구조관리협회,031-867-9119,경기도 양주시 남면 감악산로 63-37  ,경기도 구리시,341398200900001,20260912,20260922,2026-09-12 16:42:36.0,http://openapi.animal.go.kr/openapi/service/rest/fileDownloadSrvc/files/shelter/2026/09/202609121609923[2].jpg|http://openapi.animal.go.kr/openapi/service/rest/fileDownloadSrvc/files/shelter/2026/09/202609121609943.jpg,images/441398202600368_0.jpg|images/441398202600368_1.jpg
441398202600367,경기-구리-2026-00146,보호중,20260911,경기 구리시 토평동 972-6 인근,개,믹스견,[개] 믹스견,갈색,2026(60일미만)(년생),1.8(Kg),M,N,온순. 얌전. 겁 조금. 사람 잘 따름. 꽃미남. 꼬리 단미 안됨. 털 상태 양호.,한국동물구조관리협회,031-867-9119,경기도 양주시 남면 감악산로 63-37  ,경기도 구리시,341398200900001,20260912,20260922,2026-09-12 16:42:35.0,http://openapi.animal.go.kr/openapi/service/rest/fileDownloadSrvc/files/shelter/2026/09/202609121609920.jpg|http://openapi.animal.go.kr/openapi/service/rest/fileDownloadSrvc/files/shelter/2026/09/202609121609933.jpg,images/441398202600367_0.jpg|images/441398202600367_1.jpg
441398202600366,경기-구리-2026-00145,보호중,20260911,경기 구리시 토평동 972-6 인근,개,믹스견,[개] 믹스견,갈색,2026(60일미만)(년생),2(Kg),F,U,온순. 얌전. 사람 잘 따름. 눈곱. 꼬리 단미 안됨. 털 상태 양호.,한국동물구조관리협회,031-867-9119,경기도 양주시 남면 감악산로 63-37  ,경기도 구리시,341398200900001,20260912,20260922,2026-09-12 16:42:35.0,http://openapi.animal.go.kr/openapi/service/rest/fileDownloadSrvc/files/shelter/2026/09/202609121609951.jpg|http://openapi.animal.go.kr/openapi/service/rest/fileDownloadSrvc/files/shelter/2026/09/202609121609977.jpg,images/441398202600366_0.jpg|images/441398202600366_1.jpg
441398202600365,경기-구리-2026-00144,보호중,20260911,경기 구리시 토평동 972-6 인근,개,믹스견,[개] 믹스견,갈색&검정,2026(60일미만)(년생),2.1(Kg),M,N,온순. 얌전. 사람 잘 따름. 눈곱. 꼬리 단미 안됨. 털 상태 양호.,한국동물구조관리협회,031-867-9119,경기도 양주시 남면 감악산로 63-37  ,경기도 구리시,341398200900001,20260912,20260922,2026-09-12 16:42:35.0,http://openapi.animal.go.kr/openapi/service/rest/fileDownloadSrvc/files/shelter/2026/09/202609121609120.jpg|http://openapi.animal.go.kr/openapi/service/rest/fileDownloadSrvc/files/shelter/2026/09/202609121609133.jpg,images/441398202600365_0.jpg|images/441398202600365_1.jpg
441394202601642,경기-고양-2026-00554,보호중,20260911,성사동500-14부근,개,치와와,[개] 치와와,흑갈색,2016(년생),2.7(Kg),M,Y,없음(각막내 감염),고양시동물보호센터,031-962-3232,"경기도 고양시 덕양구 고양대로 1695 (원흥동, 고양시 농업기술센터) 고양시동물보호센터",경기도 고양시,341394201400001,20260912,20260922,2026-09-12 13:48:50.0,http://openapi.animal.go.kr/openapi/service/rest/fileDownloadSrvc/files/shelter/2026/09/202609112109802.jpg|http://openapi.animal.go.kr/openapi/service/rest/fileDownloadSrvc/files/shelter/2026/09/202609112109849.jpg,images/441394202601642_0.jpg|images/441394202601642_1.jpg
441394202601641,경기-고양-2026-00553,보호중,20260911,설문동 320-1 부근,개,믹스견,[개] 믹스견,황갈색,2025(년생),7.5(Kg),M,N,없음,고양시동물보호센터,031-962-3232,"경기도 고양시 덕양구 고양대로 1695 (원흥동, 고양시 농업기술센터) 고양시동물보호센터",경기도 고양시,341394201400001,20260912,20260922,2026-09-12 13:50:25.0,http://openapi.animal.go.kr/openapi/service/rest/fileDownloadSrvc/files/shelter/2026/09/202609111709667.jpg|http://openapi.animal.go.kr/openapi/service/rest/fileDownloadSrvc/files/shelter/2026/09/202609111709709.jpg,images/441394202601641_0.jpg|images/441394202601641_1.jpg
428353202600863,인천-남동-2026-00389,보호중,20260911,구월동 1393-10,개,푸들,[개] 푸들,기타(베이지),2024(년생),3.5(Kg),F,U,피부병,보람동물병원,032-429-1673,인천광역시 남동구 문화서로3번길 7 (구월동) ,인천광역시 남동구,328353202600002,20260912,20260922,2026-09-12 17:37:37.0,http://openapi.animal.go.kr/openapi/service/rest/fileDownloadSrvc/files/shelter/2026/09/202609111709762.jpg|http://openapi.animal.go.kr/openapi/service/rest/fileDownloadSrvc/files/shelter/2026/09/202609111709204.jpg,images/428353202600863_0.jpg|images/428353202600863_1.jpg
411323202600667,서울-송파-2026-00112,보호중,20260911,서울 송파구 몽촌토성역 인근,개,미니어쳐 핀셔,[개] 미니어쳐 핀셔,검정색,2016(년생),4.5(Kg),M,Y,온순. 얌전. 안으려고하면 입질. 콧등 상처 흔적. 우측 등/허리쪽 혹. 심한치석. 양 눈 혼탁. ,한국동물구조관리협회,031-867-9119,경기도 양주시 남면 감악산로 63-37 (남면) ,서울특별시 송파구,311323201100001,20260912,20260922,2026-09-12 16:29:09.0,http://openapi.animal.go.kr/openapi/service/rest/fileDownloadSrvc/files/shelter/2026/09/202609121609352.jpg|http://openapi.animal.go.kr/openapi/service/rest/fileDownloadSrvc/files/shelter/2026/09/202609121609374.jpg,images/411323202600667_0.jpg|images/411323202600667_1.jpg
411317202600374,서울-금천-2026-00094,보호중,20260911,서울 금천구 가산디지털역 인근,개,믹스견,[개] 믹스견,흰색,2023(년생),7.2(Kg),M,N,갈색 코. 빨간노끈 목에 착용. 온순. 얌전. 사람 좋아함. 애교. 눈곱. 눈물자국.,한국동물구조관리협회,031-867-9119,경기도 양주시 남면 감악산로 63-37 (남면) ,서울특별시 금천구,311317201400001,20260912,20260922,2026-09-12 16:17:24.0,http://openapi.animal.go.kr/openapi/service/rest/fileDownloadSrvc/files/shelter/2026/09/202609121609158.jpg|http://openapi.animal.go.kr/openapi/service/rest/fileDownloadSrvc/files/shelter/2026/09/202609121609172.jpg,images/411317202600374_0.jpg|images/411317202600374_1.jpg
411317202600373,서울-금천-2026-00093,보호중,20260911,서울 금천구 금하로23길 155 (시흥동) 인근,개,푸들,[개] 푸들,검정색,2022(년생),11.6(Kg),M,N,빨간후드티에 성조기와 서비스 독 영어 적힌 빨간하네스/목줄 착용. 온순. 사람 잘 따름,한국동물구조관리협회,031-867-9119,경기도 양주시 남면 감악산로 63-37 (남면) ,서울특별시 금천구,311317201400001,20260912,20260922,2026-09-12 16:17:24.0,http://openapi.animal.go.kr/openapi/service/rest/fileDownloadSrvc/files/shelter/2026/09/202609121609655.jpg|http://openapi.animal.go.kr/openapi/service/rest/fileDownloadSrvc/files/shelter/2026/09/202609121609667.jpg,images/411317202600373_0.jpg|images/411317202600373_1.jpg
411315202600639,서울-강서-2026-00197,보호중,20260911,서울 강서구 강서로5나길 68 (화곡동) 인근,개,믹스견,[개] 믹스견,흰색,2022(년생),21.2(Kg),M,N,빨간 바탕 파란줄 목줄 착용. 온순. 활발. 칩있음. 사람 좋아함. 호기심 많음. 분홍코. 안으면 발버둥.,한국동물구조관리협회,031-867-9119,경기도 양주시 남면 감악산로 63-37 (남면) 한국동물구조관리협회,서울특별시 강서구,311315200900001,20260912,20260922,2026-09-12 16:22:04.0,http://openapi.animal.go.kr/openapi/service/rest/fileDownloadSrvc/files/shelter/2026/09/202609121609577.jpg|http://openapi.animal.go.kr/openapi/service/rest/fileDownloadSrvc/files/shelter/2026/09/202609121609590[1].jpg,images/411315202600639_0.jpg|images/411315202600639_1.jpg
411315202600638,서울-강서-2026-00196,보호중,20260911,서울 강서구 등촌로 19 (화곡동) 인근,개,말티즈,[개] 말티즈,흰색,2016(년생),3.5(Kg),M,Y,온순. 활발. 사람 좋아함. 눈가/입가/양 발 착색. 양눈 혼탁. 눈곱. 눈물자국. 치석. 꼬리 단미 안됨.,한국동물구조관리협회,031-867-9119,경기도 양주시 남면 감악산로 63-37 (남면) 한국동물구조관리협회,서울특별시 강서구,311315200900001,20260912,20260922,2026-09-12 16:22:04.0,http://openapi.animal.go.kr/openapi/service/rest/fileDownloadSrvc/files/shelter/2026/09/20260912160922.jpg|http://openapi.animal.go.kr/openapi/service/rest/fileDownloadSrvc/files/shelter/2026/09/20260912160940.jpg,images/411315202600638_0.jpg|images/411315202600638_1.jpg
411309202600373,서울-도봉-2026-00069,보호중,20260911,서울 도봉구 도봉동 625-53 인근,개,말티즈,[개] 말티즈,흰색,2020(년생),9.2(Kg),M,Y,겁. 경계. 쓰다듬으면 으르렁하나 가만히 있음. 비만. 눈곱. 꼬리 단미 안됨. 털 상태 양호.,한국동물구조관리협회,031-867-9119,경기도 양주시 남면 상수리 410-1,서울특별시 도봉구,311309200900001,20260912,20260922,2026-09-12 16:25:57.0,http://openapi.animal.go.kr/openapi/service/rest/fileDownloadSrvc/files/shelter/2026/09/202609121609372.jpg|http://openapi.animal.go.kr/openapi/service/rest/fileDownloadSrvc/files/shelter/2026/09/202609121609384.jpg,images/411309202600373_0.jpg|images/411309202600373_1.jpg
411300202600520,서울-종로-2026-00130,보호중,20260911,서울 종로구 낙산성곽서길 95 (충신동) 인근,개,시츄,[개] 시츄,검정&흰색,2016(년생),3.7(Kg),F,U,온순. 얌전. 사람 좋아함. 양 눈 혼탁. 치석. 눈곱. 피부병 의심. 꼬리 단미 안됨. 털 때탐.,한국동물구조관리협회,031-867-9119,경기도 양주시 남면 감악산로 63-37 (남면) ,서울특별시 종로구,311300201300001,20260912,20260922,2026-09-12 16:31:46.0,http://openapi.animal.go.kr/openapi/service/rest/fileDownloadSrvc/files/shelter/2026/09/20260912160953[1].jpg|http://openapi.animal.go.kr/openapi/service/rest/fileDownloadSrvc/files/shelter/2026/09/20260912160966.jpg,images/411300202600520_0.jpg|images/411300202600520_1.jpg
469569202600620,세종-세종-2026-00255,보호중,20260911,세종시 전동면 송정리 264 (신우텍),개,믹스견,[개] 믹스견,갈색,2023(년생),17(Kg),F,N,세종북부소방서 전동지역대 인계,세종유기동물보호센터,010-4435-3720,세종특별자치시  전동면 미륵당1길 188 (전동면) ,세종특별자치시,369569202000001,20260911,20260921,2026-09-11 21:54:58.0,http://openapi.animal.go.kr/openapi/service/rest/fileDownloadSrvc/files/shelter/2026/09/202609112109463.jpeg|http://openapi.animal.go.kr/openapi/service/rest/fileDownloadSrvc/files/shelter/2026/09/202609112109508.jpeg,images/469569202600620_0.jpeg|images/469569202600620_1.jpeg
448567202601281,경남-창원1-2026-00653,보호중,20260911,마산회원구 내서읍 평성리 234-3,개,믹스견,[개] 믹스견,갈색,2023(년생),17(Kg),M,N,착용품 없음,창원동물보호센터,055-225-5701,경상남도 창원시 성산구 공단로474번길 117 (상복동) 창원동물보호센터,경상남도 창원시 의창성산구,348527200900001,20260911,20260921,2026-09-11 17:10:01.0,http://openapi.animal.go.kr/openapi/service/rest/fileDownloadSrvc/files/shelter/2026/09/202609111709177.jpg|http://openapi.animal.go.kr/openapi/service/rest/fileDownloadSrvc/files/shelter/2026/09/202609111709230.jpg,images/448567202601281_0.jpg|images/448567202601281_1.jpg
448547202600821,경남-거창-2026-00271,보호중,20260911,경상남도 거창군 가북면 내촌길 350,개,믹스견,[개] 믹스견,흰색,2026(년생),3(Kg),F,N,"많이마름, 사람좋아함",거창군 동물보호소,010-2617-6245,경상남도 거창군 거창읍 가실길 203  ,경상남도 거창군,348547202500001,20260911,20260921,2026-09-11 13:32:37.0,http://openapi.animal.go.kr/openapi/service/rest/fileDownloadSrvc/files/shelter/2026/09/202609111309425.jpg|http://openapi.animal.go.kr/openapi/service/rest/fileDownloadSrvc/files/shelter/2026/09/202609111309518[1].jpg,images/448547202600821_0.jpg|images/448547202600821_1.jpg
448547202600820,경남-거창-2026-00270,보호중,20260911,경상남도 거창군 가북면 내촌길 350,개,믹스견,[개] 믹스견,흰색,2026(년생),3(Kg),M,N,"많이마름, 사람좋아함",거창군 동물보호소,010-2617-6245,경상남도 거창군 거창읍 가실길 203  ,경상남도 거창군,348547202500001,20260911,20260921,2026-09-11 13:32:37.0,http://openapi.animal.go.kr/openapi/service/rest/fileDownloadSrvc/files/shelter/2026/09/202609111309448.jpg|http://openapi.animal.go.kr/openapi/service/rest/fileDownloadSrvc/files/shelter/2026/09/202609111309529.jpg,images/448547202600820_0.jpg|images/448547202600820_1.jpg
448537202601408,경남-거제-2026-00452,보호중,20260911,서정리 350-3번지,개,믹스견,[개] 믹스견,검정 황갈색&흰색,2025(년생),5(Kg),F,N,틀에잡힘,거제시동물보호센터,055-639-6368,경상남도 거제시 사등면 두동로1길 107  거제시동물보호센터,경상남도 거제시,348537200900002,20260911,20260921,2026-09-11 17:24:59.0,http://openapi.animal.go.kr/openapi/service/rest/fileDownloadSrvc/files/shelter/2026/09/202609111609515.jpg|http://openapi.animal.go.kr/openapi/service/rest/fileDownloadSrvc/files/shelter/2026/09/202609111609115.jpg,images/448537202601408_0.jpg|images/448537202601408_1.jpg
448536202600843,경남-밀양-2026-00494,보호중,20260911,삼문동,개,믹스견,[개] 믹스견,흰색,2021(년생),12(Kg),F,N,"이마에 흉터, 아직은 예민해서 정확한 성별 판단 불가, 9/12 생리혈로 암컷으로 추정",밀양시 동물보호센터,070-4113-7288,경상남도 밀양시 삼랑진읍 천태로 472 (삼랑진읍) ,경상남도 밀양시,348536201800001,20260911,20260918,2026-09-12 10:14:16.0,http://openapi.animal.go.kr/openapi/service/rest/fileDownloadSrvc/files/shelter/2026/09/202609111509326.jpg|http://openapi.animal.go.kr/openapi/service/rest/fileDownloadSrvc/files/shelter/2026/09/202609111509377[1].jpg,images/448536202600843_0.jpg|images/448536202600843_1.jpg
448536202600842,경남-밀양-2026-00493,보호중,20260911,상남면,개,믹스견,[개] 믹스견,흰색,2024(년생),13(Kg),M,N,애교쟁이,밀양시 동물보호센터,070-4113-7288,경상남도 밀양시 삼랑진읍 천태로 472 (삼랑진읍) ,경상남도 밀양시,348536201800001,20260911,20260918,2026-09-11 15:30:51.0,http://openapi.animal.go.kr/openapi/service/rest/fileDownloadSrvc/files/shelter/2026/09/202609111509369[1].jpg|http://openapi.animal.go.kr/openapi/service/rest/fileDownloadSrvc/files/shelter/2026/09/202609111509415[1].jpg,images/448536202600842_0.jpg|images/448536202600842_1.jpg
448534202601048,경남-사천-2026-00272,보호중,20260911,사천읍 선인동인근,개,믹스견,[개] 믹스견,크림색,2025(년생),16(Kg),F,N,미소가 매력적인 강아지,사천시 동물보호센터,055-831-3768,경상남도 사천시 용현면 진삼로 902  사천시유기동물보호소,경상남도 사천시,348534202000001,20260911,20260921,2026-09-11 09:50:21.0,http://openapi.animal.go.kr/openapi/service/rest/fileDownloadSrvc/files/shelter/2026/09/202609110909852.jpg|http://openapi.animal.go.kr/openapi/service/rest/fileDownloadSrvc/files/shelter/2026/09/202609110909433.jpg,images/448534202601048_0.jpg|images/448534202601048_1.jpg
448531202601314,경남-진주-2026-00308,보호중,20260911,진주시 대평면  대평리 423-3,개,믹스견,[개] 믹스견,갈색,2023(년생),28.5(Kg),M,N,순하고 착함 (한쪽 눈상태 안좋음),진주시동물보호센터,055-749-6134,"경상남도 진주시 집현면 신당길207번길 22 (집현면, 지역농업개발시설) ",경상남도 진주시,348531201000001,20260911,20260921,2026-09-11 15:02:03.0,http://openapi.animal.go.kr/openapi/service/rest/fileDownloadSrvc/files/shelter/2026/09/202609111509384.jpg|http://openapi.animal.go.kr/openapi/service/rest/fileDownloadSrvc/files/shelter/2026/09/202609111509415.jpg,images/448531202601314_0.jpg|images/448531202601314_1.jpg
447525202600399,경북-울진-2026-00168,보호중,20260911,울진읍,개,믹스견,[개] 믹스견,검정&흰색,2022(년생),20(Kg),M,U,친근하고 온순함,울진군 동물보호센터,054-789-6795,경상북도 울진군 울진읍 대흥신림로 916-37  ,경상북도 울진군,347525202100001,20260911,20260921,2026-09-11 13:44:27.0,http://openapi.animal.go.kr/openapi/service/rest/fileDownloadSrvc/files/shelter/2026/09/202609111309207.jpg|http://openapi.animal.go.kr/openapi/service/rest/fileDownloadSrvc/files/shelter/2026/09/202609111309904.jpg,images/447525202600399_0.jpg|images/447525202600399_1.jpg
447520202600162,경북-고령-2026-00105,보호중,20260911,다산면 다산소방서,개,믹스견,[개] 믹스견,크림색,2024(년생),15.00(Kg),M,N,사람좋아함,고령군 유기견 보호소,010-4419-4135,경상북도 고령군 운수면 하법길 37 (운수면) ,경상북도 고령군,347520202000001,20260911,20260921,2026-09-11 16:58:54.0,http://openapi.animal.go.kr/openapi/service/rest/fileDownloadSrvc/files/shelter/2026/09/202609111609373.jpg|http://openapi.animal.go.kr/openapi/service/rest/fileDownloadSrvc/files/shelter/2026/09/202609111609107.jpg,images/447520202600162_0.jpg|images/447520202600162_1.jpg
447520202600161,경북-고령-2026-00104,보호중,20260911,대가야읍  헌문리 부근,개,치와와,[개] 치와와,검정색,2023(년생),3.50(Kg),F,U,온순함,고령군 유기견 보호소,010-4419-4135,경상북도 고령군 운수면 하법길 37 (운수면) ,경상북도 고령군,347520202000001,20260911,20260921,2026-09-11 16:58:54.0,http://openapi.animal.go.kr/openapi/service/rest/fileDownloadSrvc/files/shelter/2026/09/202609111609736.jpg|http://openapi.animal.go.kr/openapi/service/rest/fileDownloadSrvc/files/shelter/2026/09/202609111609759[2].jpg,images/447520202600161_0.jpg|images/447520202600161_1.jpg
447520202600156,경북-고령-2026-00099,보호중,20260911,대가야읍 장기공단 부근,개,치와와,[개] 치와와,갈색&검정,2022(년생),3.50(Kg),F,U,온순함,고령군 유기견 보호소,010-4419-4135,경상북도 고령군 운수면 하법길 37 (운수면) ,경상북도 고령군,347520202000001,20260911,20260921,2026-09-11 16:58:53.0,http://openapi.animal.go.kr/openapi/service/rest/fileDownloadSrvc/files/shelter/2026/09/202609111609885.jpg|http://openapi.animal.go.kr/openapi/service/rest/fileDownloadSrvc/files/shelter/2026/09/202609111609908.jpg,images/447520202600156_0.jpg|images/447520202600156_1.jpg
447513202601029,경북-경산-2026-00381,보호중,20260911,진량 내리리,개,믹스견,[개] 믹스견,갈색&흰색,2026(년생),4.1(Kg),F,N,"생후 4개월령 추정, 인근 동네에서 배회하여 구조",경산시유기동물보호소,010-2536-0955,경상북도 경산시 용성면 사양지길 95 (용성면) ,경상북도 경산시,347513201800003,20260911,20260921,2026-09-11 12:21:27.0,http://openapi.animal.go.kr/openapi/service/rest/fileDownloadSrvc/files/shelter/2026/09/20260911120994.jpg|http://openapi.animal.go.kr/openapi/service/rest/fileDownloadSrvc/files/shelter/2026/09/202609111209325.jpg,images/447513202601029_0.jpg|images/447513202601029_1.jpg
447513202601028,경북-경산-2026-00380,보호중,20260911,진량 내리리,개,믹스견,[개] 믹스견,크림색,2026(년생),4.2(Kg),M,N,"생후 4개월령 추정, 인근 동네에서 배회하여 구조",경산시유기동물보호소,010-2536-0955,경상북도 경산시 용성면 사양지길 95 (용성면) ,경상북도 경산시,347513201800003,20260911,20260921,2026-09-11 12:21:27.0,http://openapi.animal.go.kr/openapi/service/rest/fileDownloadSrvc/files/shelter/2026/09/202609111209543.jpg|http://openapi.animal.go.kr/openapi/service/rest/fileDownloadSrvc/files/shelter/2026/09/202609111209897[1].jpg,images/447513202601028_0.jpg|images/447513202601028_1.jpg
447513202601027,경북-경산-2026-00379,보호중,20260911,와촌 용천리,개,믹스견,[개] 믹스견,갈색&검정&흰색,2026(년생),4.8(Kg),M,N,"생후 5개월령 추정, 인근 동네에서 발견하여 구조",경산시유기동물보호소,010-2536-0955,경상북도 경산시 용성면 사양지길 95 (용성면) ,경상북도 경산시,347513201800003,20260911,20260921,2026-09-11 12:21:27.0,http://openapi.animal.go.kr/openapi/service/rest/fileDownloadSrvc/files/shelter/2026/09/202609111109601.jpg|http://openapi.animal.go.kr/openapi/service/rest/fileDownloadSrvc/files/shelter/2026/09/202609111109842.jpg,images/447513202601027_0.jpg|images/447513202601027_1.jpg
447513202601024,경북-경산-2026-00376,보호중,20260911,진량 선화리,개,믹스견,[개] 믹스견,갈색&흰색,2023(년생),20(Kg),M,N,"인근 동네에서 발견하여 구조, 하네스 착용",경산시유기동물보호소,010-2536-0955,경상북도 경산시 용성면 사양지길 95 (용성면) ,경상북도 경산시,347513201800003,20260911,20260921,2026-09-11 12:21:27.0,http://openapi.animal.go.kr/openapi/service/rest/fileDownloadSrvc/files/shelter/2026/09/202609111109783.jpg|http://openapi.animal.go.kr/openapi/service/rest/fileDownloadSrvc/files/shelter/2026/09/202609111109322.jpg,images/447513202601024_0.jpg|images/447513202601024_1.jpg
447513202601023,경북-경산-2026-00375,보호중,20260911,자인 읍천리,개,믹스견,[개] 믹스견,갈색&검정&흰색,2023(년생),12.5(Kg),F,N,"인근 동네에서 배회하여 구조, 임신 상태",경산시유기동물보호소,010-2536-0955,경상북도 경산시 용성면 사양지길 95 (용성면) ,경상북도 경산시,347513201800003,20260911,20260921,2026-09-11 12:21:26.0,http://openapi.animal.go.kr/openapi/service/rest/fileDownloadSrvc/files/shelter/2026/09/202609111109472.jpg|http://openapi.animal.go.kr/openapi/service/rest/fileDownloadSrvc/files/shelter/2026/09/202609111109809[1].jpg,images/447513202601023_0.jpg|images/447513202601023_1.jpg
447512202600612,경북-문경-2026-00297,보호중,20260911,문경읍,개,믹스견,[개] 믹스견,옅은 황색,2025(년생),14(Kg),F,N,순하고 잘따름,종합축산,054-552-2233,경상북도 문경시 중앙로 170 (흥덕동) 종합축산,경상북도 문경시,347512201700001,20260911,20260918,2026-09-11 12:12:06.0,http://openapi.animal.go.kr/openapi/service/rest/fileDownloadSrvc/files/shelter/2026/09/202609111209958.jpg|http://openapi.animal.go.kr/openapi/service/rest/fileDownloadSrvc/files/shelter/2026/09/202609111209998.jpg,images/447512202600612_0.jpg|images/447512202600612_1.jpg
447511202601180,경북-상주-2026-00306,보호중,20260911,상주시 사벌국면 원흥5길24-3,개,믹스견,[개] 믹스견,흰색&황갈색,2023(년생),10.3(Kg),M,U,파란색목줄상태로구조,상주시 동물보호센터,010-6682-1198,경상북도 상주시 사벌국면 상풍로 124  ,경상북도 상주시,347511202000001,20260911,20260921,2026-09-13 14:54:32.0,http://openapi.animal.go.kr/openapi/service/rest/fileDownloadSrvc/files/shelter/2026/09/20260911150926.jpg|http://openapi.animal.go.kr/openapi/service/rest/fileDownloadSrvc/files/shelter/2026/09/202609111509149[1].jpg,images/447511202601180_0.jpg|images/447511202601180_1.jpg
447505202600884,경북-경주-2026-00712,보호중,20260911,강동로 8 부근,개,믹스견,[개] 믹스견,호반색(호랑이무늬),2026(년생),6(Kg),M,N,경계심 있어서 친해지는 노력이 필요,경주동물사랑보호센터,010-8889-2883,경상북도 경주시 천북면 천북로 8-4  경주시 동물사랑보호센터,경상북도 경주시,347505201700001,20260911,20260921,2026-09-11 15:24:44.0,http://openapi.animal.go.kr/openapi/service/rest/fileDownloadSrvc/files/shelter/2026/09/20260911150982[2].jpg|http://openapi.animal.go.kr/openapi/service/rest/fileDownloadSrvc/files/shelter/2026/09/202609111509147.jpg,images/447505202600884_0.jpg|images/447505202600884_1.jpg
445479202601000,전북-부안-2026-00643,보호중,20260911,주산면 주산로 369(동물보호센터),개,믹스견,[개] 믹스견,"기타(회색,검정)",2026(60일미만)(년생),0.4~0.5(Kg),F,N,새끼 강아지,부안군 동물보호센터,063-580-4445,전북특별자치도 부안군 주산면 주산로 369  부안군 동물보호센터,전북특별자치도 부안군,345479202100001,20260911,20260928,2026-09-11 14:09:34.0,http://openapi.animal.go.kr/openapi/service/rest/fileDownloadSrvc/files/shelter/2026/09/202609111409654.jpg|http://openapi.animal.go.kr/openapi/service/rest/fileDownloadSrvc/files/shelter/2026/09/202609111409744.jpg,images/445479202601000_0.jpg|images/445479202601000_1.jpg
445479202600997,전북-부안-2026-00640,보호중,20260911, 동진면 청운길 31-9 (호박가든),개,믹스견,[개] 믹스견,검정&흰색,2026(년생),3(Kg),F,N,색끼 강아지.,부안군 동물보호센터,063-580-4445,전북특별자치도 부안군 주산면 주산로 369  부안군 동물보호센터,전북특별자치도 부안군,345479202100001,20260911,20260928,2026-09-11 13:56:54.0,http://openapi.animal.go.kr/openapi/service/rest/fileDownloadSrvc/files/shelter/2026/09/202609111309115.jpg|http://openapi.animal.go.kr/openapi/service/rest/fileDownloadSrvc/files/shelter/2026/09/202609111309155.jpg,images/445479202600997_0.jpg|images/445479202600997_1.jpg
445479202600996,전북-부안-2026-00639,보호중,20260911, 동진면 청운길 31-9 (호박가든),개,믹스견,[개] 믹스견,검정색,2026(년생),3(Kg),F,N,색끼 강아지.,부안군 동물보호센터,063-580-4445,전북특별자치도 부안군 주산면 주산로 369  부안군 동물보호센터,전북특별자치도 부안군,345479202100001,20260911,20260928,2026-09-11 13:56:33.0,http://openapi.animal.go.kr/openapi/service/rest/fileDownloadSrvc/files/shelter/2026/09/20260911130995[1].jpg|http://openapi.animal.go.kr/openapi/service/rest/fileDownloadSrvc/files/shelter/2026/09/202609111309145.jpg,images/445479202600996_0.jpg|images/445479202600996_1.jpg
445472202600514,전북-완주-2026-00202,보호중,20260911,삼례읍 삼례역로 138,개,믹스견,[개] 믹스견,갈색,2026(60일미만)(년생),2.5(Kg),F,N,2달정도 강아지,완주군유기동물보호소,063-290-3220,전북특별자치도 완주군 화산면 누하길 127  ,전북특별자치도 완주군,345472202300001,20260911,20260921,2026-09-11 11:36:25.0,http://openapi.animal.go.kr/openapi/service/rest/fileDownloadSrvc/files/shelter/2026/09/202609111109881.jpg|http://openapi.animal.go.kr/openapi/service/rest/fileDownloadSrvc/files/shelter/2026/09/202609111109985.jpg,images/445472202600514_0.jpg|images/445472202600514_1.jpg
445472202600513,전북-완주-2026-00201,보호중,20260911,화산면 가정길 5-32,개,믹스견,[개] 믹스견,흰색,2024(년생),11(Kg),M,N,파란색목중착용,완주군유기동물보호소,063-290-3220,전북특별자치도 완주군 화산면 누하길 127  ,전북특별자치도 완주군,345472202300001,20260911,20260921,2026-09-11 11:34:05.0,http://openapi.animal.go.kr/openapi/service/rest/fileDownloadSrvc/files/shelter/2026/09/202609111109324.jpg|http://openapi.animal.go.kr/openapi/service/rest/fileDownloadSrvc/files/shelter/2026/09/20260911110958.jpg,images/445472202600513_0.jpg|images/445472202600513_1.jpg
445471202600344,전북-김제-2026-00278,보호중,20260911,포획단,개,믹스견,[개] 믹스견,갈색,2025(년생),3(Kg),F,N,순하다,전북말산업복합센터,063-547-3549,전라북도 김제시 용지면 금백로 571-39 (용지면) 전북말산업복합센터,전북특별자치도 김제시,345471201800002,20260911,20260928,2026-09-11 09:25:32.0,http://openapi.animal.go.kr/openapi/service/rest/fileDownloadSrvc/files/shelter/2026/09/202609110909179.jpg|http://openapi.animal.go.kr/openapi/service/rest/fileDownloadSrvc/files/shelter/2026/09/202609110909459.jpg,images/445471202600344_0.jpg|images/445471202600344_1.jpg
445470202600938,전북-남원-2026-00439,보호중,20260911,노암동,개,믹스견,[개] 믹스견,흰색,2026(60일미만)(년생),1.3(Kg),F,N,사진참조,청원동물병원,063-633-3533,전북특별자치도 남원시 죽항동 278번지,전북특별자치도 남원시,345470200900001,20260911,20260921,2026-09-11 17:27:47.0,http://openapi.animal.go.kr/openapi/service/rest/fileDownloadSrvc/files/shelter/2026/09/20260911170988.jpg|http://openapi.animal.go.kr/openapi/service/rest/fileDownloadSrvc/files/shelter/2026/09/202609111709216.jpg,images/445470202600938_0.jpg|images/445470202600938_1.jpg
445470202600937,전북-남원-2026-00438,보호중,20260911,노암동,개,믹스견,[개] 믹스견,흰색,2026(60일미만)(년생),1.4(Kg),M,N,사진참조,청원동물병원,063-633-3533,전북특별자치도 남원시 죽항동 278번지,전북특별자치도 남원시,345470200900001,20260911,20260921,2026-09-11 17:27:47.0,http://openapi.animal.go.kr/openapi/service/rest/fileDownloadSrvc/files/shelter/2026/09/202609111709244.jpg|http://openapi.animal.go.kr/openapi/service/rest/fileDownloadSrvc/files/shelter/2026/09/202609111709346[1].jpg,images/445470202600937_0.jpg|images/445470202600937_1.jpg
445470202600936,전북-남원-2026-00437,보호중,20260911,노암동,개,믹스견,[개] 믹스견,흰색,2026(60일미만)(년생),1.3(Kg),M,N,사진참조,청원동물병원,063-633-3533,전북특별자치도 남원시 죽항동 278번지,전북특별자치도 남원시,345470200900001,20260911,20260921,2026-09-11 17:27:47.0,http://openapi.animal.go.kr/openapi/service/rest/fileDownloadSrvc/files/shelter/2026/09/202609111709140.jpg|http://openapi.animal.go.kr/openapi/service/rest/fileDownloadSrvc/files/shelter/2026/09/202609111709257.jpg,images/445470202600936_0.jpg|images/445470202600936_1.jpg
445469202601065,전북-정읍-2026-00367,보호중,20260911,감곡면 진흥리 589-9 나무농장,개,믹스견,[개] 믹스견,검정색,2026(60일미만)(년생),4.6(Kg),F,N,"약2개월추정, 온순함",정읍시 동물보호소,063-535-6295,전북특별자치도 정읍시 2산단5길 37-1 (하북동) ,전북특별자치도 정읍시,345469202000001,20260911,20260921,2026-09-11 16:14:52.0,http://openapi.animal.go.kr/openapi/service/rest/fileDownloadSrvc/files/shelter/2026/09/202609111609145.jpg|http://openapi.animal.go.kr/openapi/service/rest/fileDownloadSrvc/files/shelter/2026/09/202609111609765.jpg,images/445469202601065_0.jpg|images/445469202601065_1.jpg
445469202601064,전북-정읍-2026-00366,보호중,20260911,감곡면 진흥리 589-9 나무농장,개,믹스견,[개] 믹스견,흰색,2026(60일미만)(년생),4.6(Kg),F,N,"약2개월추정, 온순함",정읍시 동물보호소,063-535-6295,전북특별자치도 정읍시 2산단5길 37-1 (하북동) ,전북특별자치도 정읍시,345469202000001,20260911,20260921,2026-09-11 16:14:52.0,http://openapi.animal.go.kr/openapi/service/rest/fileDownloadSrvc/files/shelter/2026/09/202609111609591.jpg|http://openapi.animal.go.kr/openapi/service/rest/fileDownloadSrvc/files/shelter/2026/09/202609111609320.jpg,images/445469202601064_0.jpg|images/445469202601064_1.jpg
445469202601063,전북-정읍-2026-00365,보호중,20260911,감곡면 진흥리 589-9 나무농장,개,믹스견,[개] 믹스견,흰색,2026(60일미만)(년생),2(Kg),M,N,"약2개월추정, 온순함",정읍시 동물보호소,063-535-6295,전북특별자치도 정읍시 2산단5길 37-1 (하북동) ,전북특별자치도 정읍시,345469202000001,20260911,20260921,2026-09-11 16:14:52.0,http://openapi.animal.go.kr/openapi/service/rest/fileDownloadSrvc/files/shelter/2026/09/202609111509340.jpg|http://openapi.animal.go.kr/openapi/service/rest/fileDownloadSrvc/files/shelter/2026/09/202609111509931.jpg,images/445469202601063_0.jpg|images/445469202601063_1.jpg
445469202601057,전북-정읍-2026-00364,보호중,20260911,북면파출소 인근,개,믹스견,[개] 믹스견,갈색&검정,2022(년생),5(Kg),F,N,온순하고 사람을 좋아함.,정읍시 동물보호소,063-535-6295,전북특별자치도 정읍시 2산단5길 37-1 (하북동) ,전북특별자치도 정읍시,345469202000001,20260911,20260921,2026-09-11 10:00:38.0,http://openapi.animal.go.kr/openapi/service/rest/fileDownloadSrvc/files/shelter/2026/09/202609110909242.jpg|http://openapi.animal.go.kr/openapi/service/rest/fileDownloadSrvc/files/shelter/2026/09/202609110909279.jpg,images/445469202601057_0.jpg|images/445469202601057_1.jpg
445469202601056,전북-정읍-2026-00363,보호중,20260911,가곡길22번지,개,믹스견,[개] 믹스견,갈색,2019(년생),6(Kg),M,N,온순하고 피부병 치료 필요함.,정읍시 동물보호소,063-535-6295,전북특별자치도 정읍시 2산단5길 37-1 (하북동) ,전북특별자치도 정읍시,345469202000001,20260911,20260921,2026-09-11 10:00:38.0,http://openapi.animal.go.kr/openapi/service/rest/fileDownloadSrvc/files/shelter/2026/09/202609110909141.jpg|http://openapi.animal.go.kr/openapi/service/rest/fileDownloadSrvc/files/shelter/2026/09/202609110909363.jpg,images/445469202601056_0.jpg|images/445469202601056_1.jpg
445469202601055,전북-정읍-2026-00362,보호중,20260911,정읍남로 1400-17,개,믹스견,[개] 믹스견,검정색,2022(년생),13(Kg),F,N,온순함. ,정읍시 동물보호소,063-535-6295,전북특별자치도 정읍시 2산단5길 37-1 (하북동) ,전북특별자치도 정읍시,345469202000001,20260911,20260921,2026-09-11 10:00:38.0,http://openapi.animal.go.kr/openapi/service/rest/fileDownloadSrvc/files/shelter/2026/09/202609110909228.jpg|http://openapi.animal.go.kr/openapi/service/rest/fileDownloadSrvc/files/shelter/2026/09/20260911090949.jpg,images/445469202601055_0.jpg|images/445469202601055_1.jpg
445469202601054,전북-정읍-2026-00361,보호중,20260911,시기119센터,개,믹스견,[개] 믹스견,검정&흰색,2023(년생),12(Kg),M,N,온순하고 사람을 좋아함.,정읍시 동물보호소,063-535-6295,전북특별자치도 정읍시 2산단5길 37-1 (하북동) ,전북특별자치도 정읍시,345469202000001,20260911,20260921,2026-09-11 09:47:09.0,http://openapi.animal.go.kr/openapi/service/rest/fileDownloadSrvc/files/shelter/2026/09/202609110909867.jpg|http://openapi.animal.go.kr/openapi/service/rest/fileDownloadSrvc/files/shelter/2026/09/202609110909322.jpg,images/445469202601054_0.jpg|images/445469202601054_1.jpg
445464202602569,전북-전주-2026-00885,보호중,20260911,편운로 54-68,개,믹스견,[개] 믹스견,갈색,2025(년생),10.97(Kg),M,N,빨강색 목줄 착용,행복한동물병원,063-244-0090,전라북도 전주시 덕진구 인후동1가 806-6,전북특별자치도 전주시,345464201200001,20260911,20260921,2026-09-11 21:35:24.0,http://openapi.animal.go.kr/openapi/service/rest/fileDownloadSrvc/files/shelter/2026/09/20260911210935.jpg|http://openapi.animal.go.kr/openapi/service/rest/fileDownloadSrvc/files/shelter/2026/09/202609112109187.jpg,images/445464202602569_0.jpg|images/445464202602569_1.jpg
445464202602561,전북-전주-2026-00882,보호중,20260911,전북특별자치도 전주시 덕진구 정암길 19 장동 에코르 아파트부근,개,포메라니안,[개] 포메라니안,갈색,2024(년생),4.1(Kg),M,N,"깨끗하고 귀여움, 잠복고환 있음",사랑플러스동물병원,063-211-0600,전북특별자치도 전주시 덕진구 쪽구름2길 8 (여의동2가) 1층,전북특별자치도 전주시,345464202400001,20260911,20260921,2026-09-11 09:39:27.0,http://openapi.animal.go.kr/openapi/service/rest/fileDownloadSrvc/files/shelter/2026/09/202609110909603.jpg|http://openapi.animal.go.kr/openapi/service/rest/fileDownloadSrvc/files/shelter/2026/09/202609110909432.jpg,images/445464202602561_0.jpg|images/445464202602561_1.jpg
444558202600123,충남-계룡-2026-00023,보호중,20260911,향한리 1리,개,믹스견,[개] 믹스견,흰색,2019(년생),25(Kg),M,N,매우 사나움,주동물병원,042-840-2653,충청남도 계룡시 계룡대로 245 (금암동) 1층,충청남도 계룡시,344558202400001,20260911,20260921,2026-09-11 16:35:53.0,http://openapi.animal.go.kr/openapi/service/rest/fileDownloadSrvc/files/shelter/2026/09/202609111609966.jpg|http://openapi.animal.go.kr/openapi/service/rest/fileDownloadSrvc/files/shelter/2026/09/202609111609457.jpg,images/444558202600123_0.jpg|images/444558202600123_1.jpg
444453202600982,충남-서산-2026-00480,보호중,20260911,부석면 인정로 244,개,믹스견,[개] 믹스견,흰색,2023(년생),9.7(Kg),M,N,"순한 편, 약간 겁 많음",서산시 동물보호센터,041-660-2040,충청남도 서산시 인지면 무학재1길 99  ,충청남도 서산시,344453202100003,20260911,20260921,2026-09-11 16:41:35.0,http://openapi.animal.go.kr/openapi/service/rest/fileDownloadSrvc/files/shelter/2026/09/202609111609659.jpg|http://openapi.animal.go.kr/openapi/service/rest/fileDownloadSrvc/files/shelter/2026/09/202609111609137.jpg,images/444453202600982_0.jpg|images/444453202600982_1.jpg
444451202600813,충남-보령-2026-00308,보호중,20260911,보령시 큰오랏3길 94,개,믹스견,[개] 믹스견,금색,2026(60일미만)(년생),2.3(Kg),F,N,문화원 앞 승강장에 버려짐.,보령시유기동물보호소,010-5427-7210,충청남도 보령시 대천방조제로 322 (대천동) 보령시시설관리공단 내 좌측 생태공원2,충청남도 보령시,344451201300001,20260911,20260921,2026-09-11 16:42:16.0,http://openapi.animal.go.kr/openapi/service/rest/fileDownloadSrvc/files/shelter/2026/09/202609111609880.jpg|http://openapi.animal.go.kr/openapi/service/rest/fileDownloadSrvc/files/shelter/2026/09/202609111609347.jpg,images/444451202600813_0.jpg|images/444451202600813_1.jpg
444451202600811,충남-보령-2026-00307,보호중,20260911,보령시 평촌밤섬길 220-4,개,믹스견,[개] 믹스견,흰색,2026(60일미만)(년생),2(Kg),M,N,.,보령시유기동물보호소,010-5427-7210,충청남도 보령시 대천방조제로 322 (대천동) 보령시시설관리공단 내 좌측 생태공원2,충청남도 보령시,344451201300001,20260911,20260921,2026-09-11 10:41:32.0,http://openapi.animal.go.kr/openapi/service/rest/fileDownloadSrvc/files/shelter/2026/09/202609111009882.jpg|http://openapi.animal.go.kr/openapi/service/rest/fileDownloadSrvc/files/shelter/2026/09/202609111009290[1].jpg,images/444451202600811_0.jpg|images/444451202600811_1.jpg
444449202601703,충남-천안-2026-00487,보호중,20260911,서북구 직산읍 요방리 152번지,개,믹스견,[개] 믹스견,검정&흰색,2024(년생),11(Kg),F,U,순함,천안시 동물보호센터,010-5913-5119,"충청남도 천안시 동남구 목천읍 충절로 577  문의전화 : 입양(010-5913-5119), 구조(010-4999-6119)",충청남도 천안시,344449202100001,20260911,20260921,2026-09-11 16:26:06.0,http://openapi.animal.go.kr/openapi/service/rest/fileDownloadSrvc/files/shelter/2026/09/202609111609547.jpg|http://openapi.animal.go.kr/openapi/service/rest/fileDownloadSrvc/files/shelter/2026/09/202609111609773[1].jpg,images/444449202601703_0.jpg|images/444449202601703_1.jpg
444449202601698,충남-천안-2026-00485,보호중,20260911,서북구 직산읍 군삼길33 야적장,개,믹스견,[개] 믹스견,갈색,2024(년생),11(Kg),F,U,"목줄 착용, 겁있으나 순함, 심장사상충 양성, 상악 부정교합",천안시 동물보호센터,010-5913-5119,"충청남도 천안시 동남구 목천읍 충절로 577  문의전화 : 입양(010-5913-5119), 구조(010-4999-6119)",충청남도 천안시,344449202100001,20260911,20260921,2026-09-11 13:21:26.0,http://openapi.animal.go.kr/openapi/service/rest/fileDownloadSrvc/files/shelter/2026/09/202609111309518.jpg|http://openapi.animal.go.kr/openapi/service/rest/fileDownloadSrvc/files/shelter/2026/09/202609111309210.jpg,images/444449202601698_0.jpg|images/444449202601698_1.jpg
444449202601697,충남-천안-2026-00484,보호중,20260911,서북구 직산로 256번지 대로변,개,포메라니안,[개] 포메라니안,흰색,2017(년생),9.9(Kg),M,Y,"미용 되어있음, 비만",천안시 동물보호센터,010-5913-5119,"충청남도 천안시 동남구 목천읍 충절로 577  문의전화 : 입양(010-5913-5119), 구조(010-4999-6119)",충청남도 천안시,344449202100001,20260911,20260921,2026-09-11 13:11:31.0,http://openapi.animal.go.kr/openapi/service/rest/fileDownloadSrvc/files/shelter/2026/09/20260911130925.jpg|http://openapi.animal.go.kr/openapi/service/rest/fileDownloadSrvc/files/shelter/2026/09/202609111309517.jpg,images/444449202601697_0.jpg|images/444449202601697_1.jpg
443571202601806,충북-청주-2026-00744,보호중,20260911,내수리 200-3,개,믹스견,[개] 믹스견,검정&흰색,2022(년생),5.6(Kg),M,U,"녹색,빨간색 목줄 착용, 매우 순함",반려동물보호센터,043-201-2298,충청북도 청주시 흥덕구 강내면 서부로 411-23  청주시 반려동물 보호센터,충청북도 청주시,343571201600001,20260911,20260921,2026-09-11 14:02:21.0,http://openapi.animal.go.kr/openapi/service/rest/fileDownloadSrvc/files/shelter/2026/09/202609111409710.jpeg|http://openapi.animal.go.kr/openapi/service/rest/fileDownloadSrvc/files/shelter/2026/09/202609111409732.jpeg,images/443571202601806_0.jpeg|images/443571202601806_1.jpeg
443443202600650,충북-옥천-2026-00385,보호중,20260911,안내면,개,믹스견,[개] 믹스견,갈색,2024(년생),24(Kg),M,N,"[관리번호385]안내면 용촌리에 위치한 펜션인근에서 발견, 사람 경계가 심함",옥천동물병원,043-732-8844,"충청북도 옥천군 옥천읍 삼금로 53 (옥천읍, 동물병원) 옥천동물병원",충청북도 옥천군,343443201500001,20260911,20260921,2026-09-11 17:21:10.0,http://openapi.animal.go.kr/openapi/service/rest/fileDownloadSrvc/files/shelter/2026/09/20260911170906.jpeg|http://openapi.animal.go.kr/openapi/service/rest/fileDownloadSrvc/files/shelter/2026/09/20260911170985.jpeg,images/443443202600650_0.jpeg|images/443443202600650_1.jpeg
443440202600280,충북-제천-2026-00105,보호중,20260911,명동 이마트 편의점 부근,개,시츄,[개] 시츄,흰색&갈색&탄,2023(년생),4.1(Kg),F,N,활발함,제천시 동물보호센터,043-647-0059,충청북도 제천시 금성면 적성로8길 51 (금성면) ,충청북도 제천시,343440201500002,20260911,20260921,2026-09-11 14:47:24.0,http://openapi.animal.go.kr/openapi/service/rest/fileDownloadSrvc/files/shelter/2026/09/202609111409599.jpg|http://openapi.animal.go.kr/openapi/service/rest/fileDownloadSrvc/files/shelter/2026/09/202609111409691.jpg,images/443440202600280_0.jpg|images/443440202600280_1.jpg
442434202600474,강원-고성-2026-00216,보호중,20260911,화진포교회,개,믹스견,[개] 믹스견,갈색&검정,2026(60일미만)(년생),5(Kg),F,U,순하고 귀여움,고성군 동물보호센터,033-680-4172,강원특별자치도 고성군 간성읍 진부령로 2768-10  ,강원특별자치도 고성군,342434202500001,20260911,20260921,2026-09-11 13:19:14.0,http://openapi.animal.go.kr/openapi/service/rest/fileDownloadSrvc/files/shelter/2026/09/202609111309697.jpg|http://openapi.animal.go.kr/openapi/service/rest/fileDownloadSrvc/files/shelter/2026/09/202609111309643.jpg,images/442434202600474_0.jpg|images/442434202600474_1.jpg
442433202600573,강원-인제-2026-00233,보호중,20260911,용대리,개,믹스견,[개] 믹스견,갈색,2023(년생),"22,3(Kg)",M,N,순한견,인제군동물보호센터,033-460-2473,강원특별자치도 인제군 인제읍 덕산로 256-41  ,강원특별자치도 인제군,342433201300001,20260911,20260921,2026-09-11 11:16:26.0,http://openapi.animal.go.kr/openapi/service/rest/fileDownloadSrvc/files/shelter/2026/09/20260911110936.jpg|http://openapi.animal.go.kr/openapi/service/rest/fileDownloadSrvc/files/shelter/2026/09/202609111109481.jpg,images/442433202600573_0.jpg|images/442433202600573_1.jpg
442432202600095,강원-양구-2026-00044,보호중,20260911,양구군 양구읍 상리 르쏠레이475 부근,개,믹스견,[개] 믹스견,검정&흰색,2025(년생),6(Kg),F,U,겁이 많고 다른 사람의 손길을 경계하는 편이에요.,양구군유기동물보호소,033-480-7782,강원도 양구군 국토정중앙면 삼팔선로 680  유기동물보호소,강원특별자치도 양구군,342432201000001,20260911,20260921,2026-09-11 16:35:46.0,http://openapi.animal.go.kr/openapi/service/rest/fileDownloadSrvc/files/shelter/2026/09/20260911160988[1].jpg|http://openapi.animal.go.kr/openapi/service/rest/fileDownloadSrvc/files/shelter/2026/09/202609111609294.jpg,images/442432202600095_0.jpg|images/442432202600095_1.jpg
442425202600328,강원-홍천-2026-00074,보호중,20260911,강원특별자치도 홍천군 서면 한치골길 970,개,믹스견,[개] 믹스견,흰색&황갈색,2021(년생),5(Kg),M,U,"순함, 심장사상충",홍천군유기동물보호소,033-434-9435,"강원도 홍천군 화촌면 둔덕이길 68 (화촌면, 홍천군유기동물보호센터) ",강원특별자치도 홍천군,342425201400001,20260911,20260918,2026-09-11 16:56:24.0,http://openapi.animal.go.kr/openapi/service/rest/fileDownloadSrvc/files/shelter/2026/09/202609111609189[2].jpg|http://openapi.animal.go.kr/openapi/service/rest/fileDownloadSrvc/files/shelter/2026/09/202609111609246[1].jpg,images/442425202600328_0.jpg|images/442425202600328_1.jpg
442418202600852,강원-춘천-2026-00253,보호중,20260911,영서로 3282,개,믹스견,[개] 믹스견,흰색,2025(년생),8(Kg),M,U,겁이조금있음,춘천시 동물보호센터,033-245-5351,강원도 춘천시 신북읍 영서로 3282 (신북읍) (전)102보충대 주차장,강원특별자치도 춘천시,342418201300001,20260911,20260921,2026-09-11 14:54:25.0,http://openapi.animal.go.kr/openapi/service/rest/fileDownloadSrvc/files/shelter/2026/09/202609111409773.jpg|http://openapi.animal.go.kr/openapi/service/rest/fileDownloadSrvc/files/shelter/2026/09/202609111409788[1].jpg,images/442418202600852_0.jpg|images/442418202600852_1.jpg
441554202601752,경기-광주-2026-00556,보호중,20260911,광주시 태전동 일대,개,믹스견,[개] 믹스견,흰색,2019(년생),20.00(Kg),M,N,"9-26, 칩없음, 목줄을 했던 흔적이 진하게 남아있음, 소심한면이 있는 아이",광주TNR동물병원초월,031-798-7581,경기도 광주시 초월읍 현산로385번길 74-12 (초월읍) ,경기도 광주시,341554201900001,20260911,20260921,2026-09-11 18:42:36.0,http://openapi.animal.go.kr/openapi/service/rest/fileDownloadSrvc/files/shelter/2026/09/20260911180928.jpg|http://openapi.animal.go.kr/openapi/service/rest/fileDownloadSrvc/files/shelter/2026/09/20260911180973.jpg,images/441554202601752_0.jpg|images/441554202601752_1.jpg
441554202601751,경기-광주-2026-00555,보호중,20260911,광주시 역동 일대,개,보더 콜리,[개] 보더 콜리,검정&흰색,2021(년생),23.00(Kg),M,N,"9-25, 칩없음, 덩치가 큰편, 온순하고 사람을 잘 따름",광주TNR동물병원초월,031-798-7581,경기도 광주시 초월읍 현산로385번길 74-12 (초월읍) ,경기도 광주시,341554201900001,20260911,20260921,2026-09-11 18:42:35.0,http://openapi.animal.go.kr/openapi/service/rest/fileDownloadSrvc/files/shelter/2026/09/20260911180991.jpg|http://openapi.animal.go.kr/openapi/service/rest/fileDownloadSrvc/files/shelter/2026/09/202609111809140.jpg,images/441554202601751_0.jpg|images/441554202601751_1.jpg
441554202601750,경기-광주-2026-00554,보호중,20260911,광주시 양벌로 일대,개,기타,[개] 폼피츠,흰색,2024(년생),5.00(Kg),M,Y,"9-24, 칩없음, 몸부분 미용되어있는 상태, 인근 동물병원앞에서 발견됨",광주TNR동물병원초월,031-798-7581,경기도 광주시 초월읍 현산로385번길 74-12 (초월읍) ,경기도 광주시,341554201900001,20260911,20260921,2026-09-11 18:42:35.0,http://openapi.animal.go.kr/openapi/service/rest/fileDownloadSrvc/files/shelter/2026/09/202609111809163.jpg|http://openapi.animal.go.kr/openapi/service/rest/fileDownloadSrvc/files/shelter/2026/09/202609111809203.jpg,images/441554202601750_0.jpg|images/441554202601750_1.jpg
441554202601749,경기-광주-2026-00553,보호중,20260911,광주시 신대길 일대,개,믹스견,[개] 믹스견,검정&흰색,2024(년생),18.00(Kg),F,N,"9-23, 칩없음, 예쁜 외모의 아이, 겁이 많은 성격",광주TNR동물병원초월,031-798-7581,경기도 광주시 초월읍 현산로385번길 74-12 (초월읍) ,경기도 광주시,341554201900001,20260911,20260921,2026-09-11 18:42:35.0,http://openapi.animal.go.kr/openapi/service/rest/fileDownloadSrvc/files/shelter/2026/09/202609111809594.jpg|http://openapi.animal.go.kr/openapi/service/rest/fileDownloadSrvc/files/shelter/2026/09/202609111809653.jpg,images/441554202601749_0.jpg|images/441554202601749_1.jpg
441417202601179,경기-양평-2026-00258,보호중,20260911,경기도 양평군 양서면 기두원길 51,개,믹스견,[개] 믹스견,갈색&흰색,2026(년생),7.2(Kg),M,N,얌전하지만 사람에게 경계심을 가지고 있음. 빨강색 목걸이 착용.,양평군유기동물보호소,031-770-2337,경기도 양평군 양평읍 농업기술센터길 59-1  ,경기도 양평군,341417201800001,20260911,20260921,2026-09-13 16:03:56.0,http://openapi.animal.go.kr/openapi/service/rest/fileDownloadSrvc/files/shelter/2026/09/202609111209605.png|http://openapi.animal.go.kr/openapi/service/rest/fileDownloadSrvc/files/shelter/2026/09/202609111209629.png,images/441417202601179_0.png|images/441417202601179_1.png
441408202601765,경기-안성-2026-00496,보호중,20260911,양성면 동항리 40,개,믹스견,[개] 믹스견,갈색&흰색,2026(60일미만)(년생),1.6(Kg),F,N,"2마리 같이 들어옴, 순함",안성시동물보호센터,031-673-5493,경기도 안성시 보개원삼로 157 (가사동) 미래동물병원,경기도 안성시,341408200900001,20260911,20260921,2026-09-11 17:07:44.0,http://openapi.animal.go.kr/openapi/service/rest/fileDownloadSrvc/files/shelter/2026/09/20260911160969.jpg|http://openapi.animal.go.kr/openapi/service/rest/fileDownloadSrvc/files/shelter/2026/09/202609111609123[1].jpg,images/441408202601765_0.jpg|images/441408202601765_1.jpg
441408202601764,경기-안성-2026-00495,보호중,20260911,양성면 동항리 40,개,믹스견,[개] 믹스견,금색,2026(60일미만)(년생),1.48(Kg),F,N,"2마리 같이 들어옴, 순함",안성시동물보호센터,031-673-5493,경기도 안성시 보개원삼로 157 (가사동) 미래동물병원,경기도 안성시,341408200900001,20260911,20260921,2026-09-11 17:07:44.0,http://openapi.animal.go.kr/openapi/service/rest/fileDownloadSrvc/files/shelter/2026/09/202609111609417[1].jpg|http://openapi.animal.go.kr/openapi/service/rest/fileDownloadSrvc/files/shelter/2026/09/202609111609468.jpg,images/441408202601764_0.jpg|images/441408202601764_1.jpg
441408202601763,경기-안성-2026-00494,보호중,20260911,미양면 제 2공단 3길 8,개,골든 리트리버,[개] 골든 리트리버,금색,2021(년생),29.02(Kg),M,N,"순삼, 사진상 목줄",안성시동물보호센터,031-673-5493,경기도 안성시 보개원삼로 157 (가사동) 미래동물병원,경기도 안성시,341408200900001,20260911,20260921,2026-09-11 15:43:29.0,http://openapi.animal.go.kr/openapi/service/rest/fileDownloadSrvc/files/shelter/2026/09/202609111409552[1].jpg|http://openapi.animal.go.kr/openapi/service/rest/fileDownloadSrvc/files/shelter/2026/09/202609111409588[1].jpg,images/441408202601763_0.jpg|images/441408202601763_1.jpg
441394202601634,경기-고양-2026-00551,보호중,20260911,대자동 232-1 부근,개,믹스견,[개] 믹스견,흰색,2024(년생),18.7(Kg),M,N,붉은색 목줄과 쇠사슬 리드줄 착용,고양시동물보호센터,031-962-3232,"경기도 고양시 덕양구 고양대로 1695 (원흥동, 고양시 농업기술센터) 고양시동물보호센터",경기도 고양시,341394201400001,20260911,20260921,2026-09-11 14:29:13.0,http://openapi.animal.go.kr/openapi/service/rest/fileDownloadSrvc/files/shelter/2026/09/20260911110906.jpg|http://openapi.animal.go.kr/openapi/service/rest/fileDownloadSrvc/files/shelter/2026/09/20260911110952.jpg,images/441394202601634_0.jpg|images/441394202601634_1.jpg
441393202601145,경기-안산-2026-00662,보호중,20260911,화정로103 부근,개,미니어쳐 핀셔,[개] 미니어쳐 핀셔,갈색,2017(년생),6(Kg),F,U,"순함,통통함",한국야생동물보호협회,031-296-0124,경기도 안산시 상록구 청곡길 50 (부곡동) 안산시 상록구 부곡동 231-5,경기도 안산시,341393200900001,20260911,20260921,2026-09-11 16:53:43.0,http://openapi.animal.go.kr/openapi/service/rest/fileDownloadSrvc/files/shelter/2026/09/20260911160989[2].jpg|http://openapi.animal.go.kr/openapi/service/rest/fileDownloadSrvc/files/shelter/2026/09/202609111609142[1].jpg,images/441393202601145_0.jpg|images/441393202601145_1.jpg
441393202601144,경기-안산-2026-00661,보호중,20260911,화정로103 부근,개,말티즈,[개] 말티즈,기타(흑),2014(년생),4(Kg),F,U,"부정교합심함,순함,말티푸",한국야생동물보호협회,031-296-0124,경기도 안산시 상록구 청곡길 50 (부곡동) 안산시 상록구 부곡동 231-5,경기도 안산시,341393200900001,20260911,20260921,2026-09-11 16:53:43.0,http://openapi.animal.go.kr/openapi/service/rest/fileDownloadSrvc/files/shelter/2026/09/20260911160972.jpg|http://openapi.animal.go.kr/openapi/service/rest/fileDownloadSrvc/files/shelter/2026/09/20260911160998[1].jpg,images/441393202601144_0.jpg|images/441393202601144_1.jpg
441393202601143,경기-안산-2026-00660,보호중,20260911,화정로9 부근,개,말티즈,[개] 말티즈,기타(백),2016(년생),4(Kg),M,Y,"몸통만 미용되어있음,백내장,순함",한국야생동물보호협회,031-296-0124,경기도 안산시 상록구 청곡길 50 (부곡동) 안산시 상록구 부곡동 231-5,경기도 안산시,341393200900001,20260911,20260921,2026-09-11 16:53:42.0,http://openapi.animal.go.kr/openapi/service/rest/fileDownloadSrvc/files/shelter/2026/09/202609111609303.jpg|http://openapi.animal.go.kr/openapi/service/rest/fileDownloadSrvc/files/shelter/2026/09/202609111609326[1].jpg,images/441393202601143_0.jpg|images/441393202601143_1.jpg
441391202601474,경기-평택-2026-00644,보호중,20260911,진위면 청호길 64,개,믹스견,[개] 믹스견,갈색&검정,2025(년생),11(Kg),M,U,"2두 동시 입소, 겁 많고 경계 심함",평택시동물보호센터,031-8024-8080,경기도 평택시 청북읍 청북로 497  ,경기도 평택시,341391202500001,20260911,20260921,2026-09-11 17:28:41.0,http://openapi.animal.go.kr/openapi/service/rest/fileDownloadSrvc/files/shelter/2026/09/202609111709895.jpg|http://openapi.animal.go.kr/openapi/service/rest/fileDownloadSrvc/files/shelter/2026/09/202609111709454.jpg,images/441391202601474_0.jpg|images/441391202601474_1.jpg
441391202601473,경기-평택-2026-00643,보호중,20260911,진위면 청호길 64,개,믹스견,[개] 믹스견,갈색&검정,2025(년생),7(Kg),Q,U,"2두 동시입소, 엄청 경계, 사나움",평택시동물보호센터,031-8024-8080,경기도 평택시 청북읍 청북로 497  ,경기도 평택시,341391202500001,20260911,20260921,2026-09-11 17:29:05.0,http://openapi.animal.go.kr/openapi/service/rest/fileDownloadSrvc/files/shelter/2026/09/202609111709647.jpg|http://openapi.animal.go.kr/openapi/service/rest/fileDownloadSrvc/files/shelter/2026/09/202609111709691[1].jpg,images/441391202601473_0.jpg|images/441391202601473_1.jpg
441390202600391,경기-광명-2026-00125,보호중,20260911,학온동 공사현장 부근,개,믹스견,[개] 믹스견,기타(백),2026(년생),2(Kg),F,N,"1개월추정,순함",한국야생동물보호협회,031-296-0124,경기도 안산시 상록구 청곡길 50 (부곡동) 한국야생동물보호협회,경기도 광명시,341390201300001,20260911,20260923,2026-09-11 17:06:28.0,http://openapi.animal.go.kr/openapi/service/rest/fileDownloadSrvc/files/shelter/2026/09/202609111709664.jpg|http://openapi.animal.go.kr/openapi/service/rest/fileDownloadSrvc/files/shelter/2026/09/202609111709909.jpg,images/441390202600391_0.jpg|images/441390202600391_1.jpg
441390202600390,경기-광명-2026-00124,보호중,20260911,학온동 공사현장 부근,개,믹스견,[개] 믹스견,기타(백),2026(년생),2(Kg),F,N,"1개월 추정,순함",한국야생동물보호협회,031-296-0124,경기도 안산시 상록구 청곡길 50 (부곡동) 한국야생동물보호협회,경기도 광명시,341390201300001,20260911,20260923,2026-09-11 17:06:28.0,http://openapi.animal.go.kr/openapi/service/rest/fileDownloadSrvc/files/shelter/2026/09/202609111709132.jpg|http://openapi.animal.go.kr/openapi/service/rest/fileDownloadSrvc/files/shelter/2026/09/20260911170916.jpg,images/441390202600390_0.jpg|images/441390202600390_1.jpg
441390202600389,경기-광명-2026-00123,보호중,20260911,학온동 공사현장 부근,개,믹스견,[개] 믹스견,기타(갈백),2026(년생),2(Kg),M,N,"1개월추정,순함",한국야생동물보호협회,031-296-0124,경기도 안산시 상록구 청곡길 50 (부곡동) 한국야생동물보호협회,경기도 광명시,341390201300001,20260911,20260923,2026-09-11 17:06:28.0,http://openapi.animal.go.kr/openapi/service/rest/fileDownloadSrvc/files/shelter/2026/09/202609111709471.jpg|http://openapi.animal.go.kr/openapi/service/rest/fileDownloadSrvc/files/shelter/2026/09/202609111709385.jpg,images/441390202600389_0.jpg|images/441390202600389_1.jpg
441374202601149,경기-수원-2026-00458,보호중,20260911,권선구 권선로580번길 14,개,포메라니안,[개] 포메라니안,기타(베이지색),2018(년생),3.30(Kg),M,Y,포메라니안,수원시 동물보호센터,031-5191-3557,"경기도 수원시 영통구 광교호수로 234 (하동, 수원시 동물보호센터) 하동 40-10",경기도 수원시,341374202000001,20260911,20260921,2026-09-11 16:38:28.0,http://openapi.animal.go.kr/openapi/service/rest/fileDownloadSrvc/files/shelter/2026/09/202609111609851[1].jpg|http://openapi.animal.go.kr/openapi/service/rest/fileDownloadSrvc/files/shelter/2026/09/202609111609871[1].jpg,images/441374202601149_0.jpg|images/441374202601149_1.jpg
427514202600211,대구-군위-2026-00197,보호중,20260911,군위읍 동부리,개,믹스견,[개] 믹스견,검정&흰색,2026(60일미만)(년생),1.3(Kg),F,N,아기강아지 순하고 사람손에 거부가 전혀 없음,군위종합동물병원,010-5121-3193,대구광역시 군위군 군위읍 군청로 49-18  1층,대구광역시 군위군,327514202400001,20260911,20260921,2026-09-11 13:03:03.0,http://openapi.animal.go.kr/openapi/service/rest/fileDownloadSrvc/files/shelter/2026/09/202609111309118.jpg|http://openapi.animal.go.kr/openapi/service/rest/fileDownloadSrvc/files/shelter/2026/09/202609111309149.jpg,images/427514202600211_0.jpg|images/427514202600211_1.jpg
427347202600769,대구-달서-2026-00275,보호중,20260911,월배로 67길 46,개,믹스견,[개] 믹스견,갈색&흰색,2023(년생),6(Kg),M,N,파란목줄 착용,대구유기동물보호협회,053-964-6258,대구광역시 동구 금강로 151-13 (금강동) ,대구광역시 달서구,327347201400001,20260911,20260921,2026-09-12 12:26:11.0,http://openapi.animal.go.kr/openapi/service/rest/fileDownloadSrvc/files/shelter/2026/09/202609111709969.jpg|http://openapi.animal.go.kr/openapi/service/rest/fileDownloadSrvc/files/shelter/2026/09/202609121209320.jpg,images/427347202600769_0.jpg
413590202600249,광주-진도-2026-00017,보호중,20260911,지산면 오류리 522번지,개,믹스견,[개] 믹스견,흰색&황갈색,2023(년생),4(Kg),F,U,"목줄없음, 순함",진도군임시보호소,061-540-6326,전라남도 진도군 진도읍 성죽골길 30  ,전남광주통합특별시 진도군,346500202400002,20260911,20260921,2026-09-11 09:00:54.0,http://openapi.animal.go.kr/openapi/service/rest/fileDownloadSrvc/files/shelter/2026/09/202609110909581.jpg|http://openapi.animal.go.kr/openapi/service/rest/fileDownloadSrvc/files/shelter/2026/09/202609110909597.jpg,images/413590202600249_0.jpg|images/413590202600249_1.jpg
413588202600329,광주-함평-2026-00089,보호중,20260911,함평읍돌머리길 555-12,개,믹스견,[개] 믹스견,갈색&검정,2026(년생),2.00(Kg),M,U,경계심,학교임시동물보호센터,010-5649-3435,전라남도 함평군 학교면 송산길 84 (학교면) 월산리 806-1 ,전남광주통합특별시 함평군,346496201800001,20260911,20260928,2026-09-11 14:02:05.0,http://openapi.animal.go.kr/openapi/service/rest/fileDownloadSrvc/files/shelter/2026/09/202609111409370.jpg|http://openapi.animal.go.kr/openapi/service/rest/fileDownloadSrvc/files/shelter/2026/09/202609111409856.jpg,images/413588202600329_0.jpg|images/413588202600329_1.jpg
413588202600328,광주-함평-2026-00088,보호중,20260911,함평읍돌머리길 555-12,개,믹스견,[개] 믹스견,갈색&검정,2026(년생),2.00(Kg),F,U,경계심,학교임시동물보호센터,010-5649-3435,전라남도 함평군 학교면 송산길 84 (학교면) 월산리 806-1 ,전남광주통합특별시 함평군,346496201800001,20260911,20260928,2026-09-11 13:58:20.0,http://openapi.animal.go.kr/openapi/service/rest/fileDownloadSrvc/files/shelter/2026/09/202609111309251.jpg|http://openapi.animal.go.kr/openapi/service/rest/fileDownloadSrvc/files/shelter/2026/09/202609111309760.jpg,images/413588202600328_0.jpg|images/413588202600328_1.jpg
413588202600327,광주-함평-2026-00087,보호중,20260911,함평읍돌머리길 555-12,개,믹스견,[개] 믹스견,갈색&검정,2026(년생),2.00(Kg),F,U,경계심,학교임시동물보호센터,010-5649-3435,전라남도 함평군 학교면 송산길 84 (학교면) 월산리 806-1 ,전남광주통합특별시 함평군,346496201800001,20260911,20260928,2026-09-11 13:53:47.0,http://openapi.animal.go.kr/openapi/service/rest/fileDownloadSrvc/files/shelter/2026/09/202609111309205.jpg|http://openapi.animal.go.kr/openapi/service/rest/fileDownloadSrvc/files/shelter/2026/09/202609111309855[1].jpg,images/413588202600327_0.jpg|images/413588202600327_1.jpg
413582202600669,광주-북구-2026-00088,보호중,20260911,북구 우산동 119,개,믹스견,[개] 믹스견,갈색,2023(년생),14(Kg),M,N,26-0521 오공 내장칩없음 빨간색목줄착용,광주동물보호센터,062-613-6770,전남광주통합특별시 북구 본촌마을길 25-1 (본촌동) 광주동물보호센터,전남광주통합특별시 북구,329362201300001,20260911,20260921,2026-09-11 14:40:26.0,http://openapi.animal.go.kr/openapi/service/rest/fileDownloadSrvc/files/shelter/2026/09/202609111409426[1].jpg|http://openapi.animal.go.kr/openapi/service/rest/fileDownloadSrvc/files/shelter/2026/09/202609111409481.jpg,images/413582202600669_0.jpg|images/413582202600669_1.jpg
413582202600668,광주-광산-2026-00086,보호중,20260911,광산구 신가동,개,푸들,[개] 푸들,검정색,2023(년생),2.96(Kg),M,Y,26-0520 깐쵸 내장칩없음,광주동물보호센터,062-613-6770,전남광주통합특별시 북구 본촌마을길 25-1 (본촌동) 광주동물보호센터,전남광주통합특별시 광산구,329363201300001,20260911,20260921,2026-09-11 14:36:21.0,http://openapi.animal.go.kr/openapi/service/rest/fileDownloadSrvc/files/shelter/2026/09/202609111409821.jpg|http://openapi.animal.go.kr/openapi/service/rest/fileDownloadSrvc/files/shelter/2026/09/202609111409861.jpg,images/413582202600668_0.jpg|images/413582202600668_1.jpg
413580202600664,광주-광양-2026-00089,보호중,20260911,중마동 주공2차 주변,개,올드 잉글리쉬 불독,[개] 올드 잉글리쉬 불독,붉고 엷은 황갈색,2023(년생),20(Kg),M,N,잉글리쉬 불독 갈색 수컷 3살추정,광양시 임시보호소,061-797-3386,전라남도 광양시 봉강면 인덕로 1169-20 (봉강면) 지곡리 864-24,전남광주통합특별시 광양시,346484201900001,20260911,20260921,2026-09-11 17:39:08.0,http://openapi.animal.go.kr/openapi/service/rest/fileDownloadSrvc/files/shelter/2026/09/202609111709594[1].jpg|http://openapi.animal.go.kr/openapi/service/rest/fileDownloadSrvc/files/shelter/2026/09/202609111709622.jpg,images/413580202600664_0.jpg|images/413580202600664_1.jpg
413579202601415,광주-나주-2026-00358,보호중,20260911,나주시산포면등정리LS트랙터옆하우스,개,믹스견,[개] 믹스견,흰색,2026(년생),4(Kg),M,N,3개월정도로보임 주변에매일출몰 포획구조,나주유기동물보호센터,010-2331-7377,전라남도 나주시 산포면 내기3길 71-43 [*미고시] ,전남광주통합특별시 나주시,346483202100001,20260911,20260921,2026-09-11 15:23:17.0,http://openapi.animal.go.kr/openapi/service/rest/fileDownloadSrvc/files/shelter/2026/09/202609111509149.jpg|http://openapi.animal.go.kr/openapi/service/rest/fileDownloadSrvc/files/shelter/2026/09/20260911150986.jpg,images/413579202601415_0.jpg|images/413579202601415_1.jpg
413578202601731,광주-여수-2026-00084,보호중,20260911,화양면 이목리 187-5,개,진도견,[개] 진도견,흰색,2024(년생),12.5(Kg),F,N,구조 당시 파란색 목띠착용됨,반려동물보호센터,061-659-2474,전남광주통합특별시 여수시 여수산단로 292-62 (평여동) 반려동물보호센터,전남광주통합특별시 여수시,346481200900001,20260911,20260921,2026-09-11 10:22:40.0,http://openapi.animal.go.kr/openapi/service/rest/fileDownloadSrvc/files/shelter/2026/09/202609111009865.jpg|http://openapi.animal.go.kr/openapi/service/rest/fileDownloadSrvc/files/shelter/2026/09/20260911100946.jpg,images/413578202601731_0.jpg|images/413578202601731_1.jpg
411321202600317,서울-서초-2026-00105,보호중,20260911,서울 서초구 한강 공원 내,개,말티즈,[개] 말티즈,흰색,2025(년생),4.9(Kg),F,U,"온순, 얌전, 겁있음. 흰색 목줄. 카키/흰색 자동 리드줄",서초동물사랑센터,02-6956-7980,"서울특별시 서초구 양재천로19길 22 (양재동, 숨빌딩) 서초동물사랑센터",서울특별시 서초구,311321201800002,20260911,20260921,2026-09-11 14:58:51.0,http://openapi.animal.go.kr/openapi/service/rest/fileDownloadSrvc/files/shelter/2026/09/202609111409825[3].jpg|http://openapi.animal.go.kr/openapi/service/rest/fileDownloadSrvc/files/shelter/2026/09/202609111409112.jpg,images/411321202600317_0.jpg|images/411321202600317_1.jpg
413587202600374,광주-영암-2026-00083,보호중,20260910,삼호읍 까치목길 11-28,개,믹스견,[개] 믹스견,갈색,2026(60일미만)(년생),1.5(Kg),F,N,대체로 건강하게 보임,유기동물 삼호 보호소,010-9599-5400,전라남도 영암군 삼호읍 녹색로 1117-49 (삼호읍) 영암유기동물 삼호보호소,전남광주통합특별시 영암군,346494201700001,20260913,20260923,2026-09-13 16:08:02.0,http://openapi.animal.go.kr/openapi/service/rest/fileDownloadSrvc/files/shelter/2026/09/202609131609659.png|http://openapi.animal.go.kr/openapi/service/rest/fileDownloadSrvc/files/shelter/2026/09/202609131609670.png,images/413587202600374_0.png|images/413587202600374_1.png
413587202600373,광주-영암-2026-00082,보호중,20260910,삼호읍 까치목길 11-28,개,믹스견,[개] 믹스견,갈색,2026(60일미만)(년생),1.5(Kg),F,N,대체로 건강하게 보임,유기동물 삼호 보호소,010-9599-5400,전라남도 영암군 삼호읍 녹색로 1117-49 (삼호읍) 영암유기동물 삼호보호소,전남광주통합특별시 영암군,346494201700001,20260913,20260923,2026-09-13 16:08:02.0,http://openapi.animal.go.kr/openapi/service/rest/fileDownloadSrvc/files/shelter/2026/09/20260913160946.png|http://openapi.animal.go.kr/openapi/service/rest/fileDownloadSrvc/files/shelter/2026/09/20260913160959.png,images/413587202600373_0.png|images/413587202600373_1.png
413587202600372,광주-영암-2026-00081,보호중,20260910,삼호읍 까치목길 11-28,개,믹스견,[개] 믹스견,갈색,2026(60일미만)(년생),1.5(Kg),M,N,대체로 건강하게 보임,유기동물 삼호 보호소,010-9599-5400,전라남도 영암군 삼호읍 녹색로 1117-49 (삼호읍) 영암유기동물 삼호보호소,전남광주통합특별시 영암군,346494201700001,20260913,20260923,2026-09-13 16:08:02.0,http://openapi.animal.go.kr/openapi/service/rest/fileDownloadSrvc/files/shelter/2026/09/202609131609707.png|http://openapi.animal.go.kr/openapi/service/rest/fileDownloadSrvc/files/shelter/2026/09/202609131609719.png,images/413587202600372_0.png|images/413587202600372_1.png
426333202601022,부산-해운대-2026-00395,보호중,20260910,해리단길 로우앤스윗베이커리,개,푸들,[개] 푸들,검정색,2018(년생),3.4(Kg),F,U,"겁 많음, 순함, 검정색",동부유기동물보호협회,051-701-7599,부산광역시 해운대구 송정2로13번길 46 (송정동) ,부산광역시 해운대구,326333201100001,20260912,20260922,2026-09-12 15:16:44.0,http://openapi.animal.go.kr/openapi/service/rest/fileDownloadSrvc/files/shelter/2026/09/202609121509934.jpg|http://openapi.animal.go.kr/openapi/service/rest/fileDownloadSrvc/files/shelter/2026/09/202609121509949.jpg,images/426333202601022_0.jpg|images/426333202601022_1.jpg
426333202601021,부산-해운대-2026-00394,보호중,20260910,재반로212번길 29-33,개,요크셔 테리어,[개] 요크셔 테리어,기타(갈색+흰색),2026(60일미만)(년생),4.5(Kg),M,Y,"미용되어 있음, 순함, 갈+회색",동부유기동물보호협회,051-701-7599,부산광역시 해운대구 송정2로13번길 46 (송정동) ,부산광역시 해운대구,326333201100001,20260912,20260922,2026-09-12 15:16:44.0,http://openapi.animal.go.kr/openapi/service/rest/fileDownloadSrvc/files/shelter/2026/09/202609121509419.jpg|http://openapi.animal.go.kr/openapi/service/rest/fileDownloadSrvc/files/shelter/2026/09/202609121509432.jpg,images/426333202601021_0.jpg|images/426333202601021_1.jpg
426333202601020,부산-해운대-2026-00393,보호중,20260910,세실로 48,개,말티즈,[개] 말티즈,흰색,2021(년생),7(Kg),F,U,"동물등록 칩-(410.100.012.937.541), 순함, 흰색",동부유기동물보호협회,051-701-7599,부산광역시 해운대구 송정2로13번길 46 (송정동) ,부산광역시 해운대구,326333201100001,20260912,20260922,2026-09-12 15:16:43.0,http://openapi.animal.go.kr/openapi/service/rest/fileDownloadSrvc/files/shelter/2026/09/202609121409707.jpg|http://openapi.animal.go.kr/openapi/service/rest/fileDownloadSrvc/files/shelter/2026/09/202609121409718.jpg,images/426333202601020_0.jpg|images/426333202601020_1.jpg
411306202600542,서울-중랑-2026-00111,보호중,20260910,서울 중랑구 면목역 인근,개,와이마라너,[개] 와이마라너,갈색,2020(년생),32(Kg),M,N,갈색 목줄/회색 고무로 된 목줄 착용. 온순. 얌전. 꼬리 단미 안됨. 털 상태 양호. 칩 있음.,한국동물구조관리협회,031-867-9119,경기도 양주시 남면 감악산로 63-37 ,서울특별시 중랑구,311306201300001,20260912,20260922,2026-09-12 13:35:55.0,http://openapi.animal.go.kr/openapi/service/rest/fileDownloadSrvc/files/shelter/2026/09/202609121309443.jpg|http://openapi.animal.go.kr/openapi/service/rest/fileDownloadSrvc/files/shelter/2026/09/202609121309456.jpg,images/411306202600542_0.jpg|images/411306202600542_1.jpg
411306202600541,서울-중랑-2026-00110,보호중,20260910,서울 중랑구 면목역 인근,개,포메라니안,[개] 포메라니안,흰색,2023(년생),2.5(Kg),M,Y,온순. 활발. 전신 미용 추정. 양 슬개골. 꼬리 단미 안됨. 털 상태 양호.,한국동물구조관리협회,031-867-9119,경기도 양주시 남면 감악산로 63-37 ,서울특별시 중랑구,311306201300001,20260912,20260922,2026-09-12 13:35:55.0,http://openapi.animal.go.kr/openapi/service/rest/fileDownloadSrvc/files/shelter/2026/09/202609121309329.jpg|http://openapi.animal.go.kr/openapi/service/rest/fileDownloadSrvc/files/shelter/2026/09/202609121309340.jpg,images/411306202600541_0.jpg|images/411306202600541_1.jpg
411306202600540,서울-중랑-2026-00109,보호중,20260910,서울 중랑구 봉우재로 152 (면목동) 인근,개,말티즈,[개] 말티즈,흰색,2019(년생),1.96(Kg),F,U,핑크색 머리끈으로 앞머리 묶임. 온순. 활발. 눈물자국. 칩있음. 꼬리단미 안됨. 털 상태 양호.,한국동물구조관리협회,031-867-9119,경기도 양주시 남면 감악산로 63-37 ,서울특별시 중랑구,311306201300001,20260912,20260922,2026-09-12 13:35:55.0,http://openapi.animal.go.kr/openapi/service/rest/fileDownloadSrvc/files/shelter/2026/09/202609121309528.jpg|http://openapi.animal.go.kr/openapi/service/rest/fileDownloadSrvc/files/shelter/2026/09/202609121309543.jpg,images/411306202600540_0.jpg|images/411306202600540_1.jpg
450650202602175,제주-제주-2026-02099,보호중,20260910,서귀포시 토평동 인정오름로200,개,믹스견,[개] 믹스견,갈색,2023(년생),15.7(Kg),M,N,개체관리번호 1689 - 심장사상충,제주 동물보호센터,064-710-4065,제주특별자치도 제주시 첨단동길 184-14 (용강동) ,제주특별자치도,350650201200001,20260911,20260921,2026-09-11 09:47:02.0,http://openapi.animal.go.kr/openapi/service/rest/fileDownloadSrvc/files/shelter/2026/09/202609110909435.jpg|http://openapi.animal.go.kr/openapi/service/rest/fileDownloadSrvc/files/shelter/2026/09/202609110909448.jpg,images/450650202602175_0.jpg|images/450650202602175_1.jpg
450650202602174,제주-제주-2026-02098,보호중,20260910,서귀포시 서홍동 분토왓로174번길15,개,믹스견,[개] 믹스견,갈색,2016(년생),14.2(Kg),M,N,"개체관리번호 1688 - 검정목줄/안면부 열상, 우전지 골절의심",제주 동물보호센터,064-710-4065,제주특별자치도 제주시 첨단동길 184-14 (용강동) ,제주특별자치도,350650201200001,20260911,20260921,2026-09-11 09:47:02.0,http://openapi.animal.go.kr/openapi/service/rest/fileDownloadSrvc/files/shelter/2026/09/202609110909911.jpg|http://openapi.animal.go.kr/openapi/service/rest/fileDownloadSrvc/files/shelter/2026/09/202609110909923.jpg,images/450650202602174_0.jpg|images/450650202602174_1.jpg
450650202602173,제주-제주-2026-02097,보호중,20260910,제주시 화북일동 화삼북로2길27 삼화초등학교인근,개,믹스견,[개] 믹스견,갈색,2026(년생),10.4(Kg),M,Y,개체관리번호 1687 - 11개월/회색목줄/가슴탈모,제주 동물보호센터,064-710-4065,제주특별자치도 제주시 첨단동길 184-14 (용강동) ,제주특별자치도,350650201200001,20260911,20260921,2026-09-11 09:47:01.0,http://openapi.animal.go.kr/openapi/service/rest/fileDownloadSrvc/files/shelter/2026/09/202609110909143[1].jpg|http://openapi.animal.go.kr/openapi/service/rest/fileDownloadSrvc/files/shelter/2026/09/202609110909156.jpg,images/450650202602173_0.jpg|images/450650202602173_1.jpg
448567202601268,경남-창원1-2026-00650,보호중,20260910,마산합포구 진전면 근곡리 127-8 (진목마을 주변),개,믹스견,[개] 믹스견,갈색&검정,2024(년생),15(Kg),M,N,착용품 없음,창원동물보호센터,055-225-5701,경상남도 창원시 성산구 공단로474번길 117 (상복동) 창원동물보호센터,경상남도 창원시 의창성산구,348527200900001,20260911,20260921,2026-09-11 08:13:53.0,http://openapi.animal.go.kr/openapi/service/rest/fileDownloadSrvc/files/shelter/2026/09/202609110809188.jpg|http://openapi.animal.go.kr/openapi/service/rest/fileDownloadSrvc/files/shelter/2026/09/202609110809294.jpg,images/448567202601268_0.jpg|images/448567202601268_1.jpg
444454202601040,충남-논산-2026-00598,보호중,20260910,지산동,개,믹스견,[개] 믹스견,갈색&검정&흰색,2026(60일미만)(년생),1.7(Kg),F,N,2마리구조,논산시 동물보호센터,041-746-8470,충청남도 논산시 계백로665번길 100 (등화동) 논산시 동물보호센터,충청남도 논산시,344454202000006,20260911,20260921,2026-09-11 10:22:39.0,http://openapi.animal.go.kr/openapi/service/rest/fileDownloadSrvc/files/shelter/2026/09/202609111009733.png|http://openapi.animal.go.kr/openapi/service/rest/fileDownloadSrvc/files/shelter/2026/09/202609111009781.jpg,images/444454202601040_0.png|images/444454202601040_1.jpg
444454202601039,충남-논산-2026-00597,보호중,20260910,지산동,개,믹스견,[개] 믹스견,흰색,2026(60일미만)(년생),1.9(Kg),M,N,2마리구조,논산시 동물보호센터,041-746-8470,충청남도 논산시 계백로665번길 100 (등화동) 논산시 동물보호센터,충청남도 논산시,344454202000006,20260911,20260921,2026-09-11 10:22:30.0,http://openapi.animal.go.kr/openapi/service/rest/fileDownloadSrvc/files/shelter/2026/09/202609111009495.png|http://openapi.animal.go.kr/openapi/service/rest/fileDownloadSrvc/files/shelter/2026/09/202609111009548.jpg,images/444454202601039_0.png|images/444454202601039_1.jpg
444452202601769,충남-아산-2026-00339,보호중,20260910,신창면 가덕길 2번길28,개,사모예드,[개] 사모예드,흰색,2022(년생),17.8(Kg),F,U,26-1769호(관리)339호(공고)/심장사상충 양성,아산동물복지지원센터,041-530-6200,충청남도 아산시 환경공원로 158 (배미동) ,충청남도 아산시,344452202300001,20260911,20260921,2026-09-11 15:49:23.0,http://openapi.animal.go.kr/openapi/service/rest/fileDownloadSrvc/files/shelter/2026/09/20260911150909.jpg|http://openapi.animal.go.kr/openapi/service/rest/fileDownloadSrvc/files/shelter/2026/09/20260911150967.jpg,images/444452202601769_0.jpg|images/444452202601769_1.jpg
444450202600589,충남-공주-2026-00221,보호중,20260910,탄천면 백제큰길 632,개,믹스견,[개] 믹스견,검정색,2025(년생),7(Kg),F,U,"심장사상충&파보 음성, 종합&광견병 백신, 심장사상충약",공주시 동물보호센터,041-840-3495,충청남도 공주시 우성면 내산목천길 52-15  ,충청남도 공주시,344450202200001,20260911,20260928,2026-09-11 14:05:12.0,http://openapi.animal.go.kr/openapi/service/rest/fileDownloadSrvc/files/shelter/2026/09/202609111409965.jpg|http://openapi.animal.go.kr/openapi/service/rest/fileDownloadSrvc/files/shelter/2026/09/202609111409984.jpg,images/444450202600589_0.jpg|images/444450202600589_1.jpg
442419202600769,강원-원주-2026-00392,보호중,20260910,탑전낚시터근처,개,믹스견,[개] 믹스견,갈색,2026(60일미만)(년생),0.8(Kg),M,N,입부분 검정 주걱턱 앙증맞음,원주시동물보호센터,033-731-1119,강원특별자치도 원주시 호저면 칠봉로 109-17  ,강원특별자치도 원주시,342419200900001,20260911,20260921,2026-09-11 06:14:41.0,http://openapi.animal.go.kr/openapi/service/rest/fileDownloadSrvc/files/shelter/2026/09/202609110609784.jpg|http://openapi.animal.go.kr/openapi/service/rest/fileDownloadSrvc/files/shelter/2026/09/202609110609801.jpg,images/442419202600769_0.jpg|images/442419202600769_1.jpg
442419202600768,강원-원주-2026-00391,보호중,20260910,탑전낚시터근처,개,믹스견,[개] 믹스견,흰색,2026(60일미만)(년생),0.8(Kg),M,N,"애잔한 눈빛, 넘 귀여움",원주시동물보호센터,033-731-1119,강원특별자치도 원주시 호저면 칠봉로 109-17  ,강원특별자치도 원주시,342419200900001,20260911,20260921,2026-09-11 06:14:40.0,http://openapi.animal.go.kr/openapi/service/rest/fileDownloadSrvc/files/shelter/2026/09/20260911060915.jpg|http://openapi.animal.go.kr/openapi/service/rest/fileDownloadSrvc/files/shelter/2026/09/20260911060945.jpg,images/442419202600768_0.jpg|images/442419202600768_1.jpg
442419202600767,강원-원주-2026-00390,보호중,20260910,탑전낚시터근처,개,믹스견,[개] 믹스견,검정색,2026(60일미만)(년생),0.8(Kg),M,N,블랙탄 믹스,원주시동물보호센터,033-731-1119,강원특별자치도 원주시 호저면 칠봉로 109-17  ,강원특별자치도 원주시,342419200900001,20260911,20260921,2026-09-11 06:14:40.0,http://openapi.animal.go.kr/openapi/service/rest/fileDownloadSrvc/files/shelter/2026/09/202609110609934.jpg|http://openapi.animal.go.kr/openapi/service/rest/fileDownloadSrvc/files/shelter/2026/09/202609110609953.jpg,images/442419202600767_0.jpg|images/442419202600767_1.jpg
442419202600766,강원-원주-2026-00389,보호중,20260910,탑전낚시터근처,개,믹스견,[개] 믹스견,흰색,2026(60일미만)(년생),0.8(Kg),M,N,"1개월미만, 눈이 콩알처럼 반짝임",원주시동물보호센터,033-731-1119,강원특별자치도 원주시 호저면 칠봉로 109-17  ,강원특별자치도 원주시,342419200900001,20260911,20260921,2026-09-11 06:14:40.0,http://openapi.animal.go.kr/openapi/service/rest/fileDownloadSrvc/files/shelter/2026/09/202609110609335.jpg|http://openapi.animal.go.kr/openapi/service/rest/fileDownloadSrvc/files/shelter/2026/09/202609110609352.jpg,images/442419202600766_0.jpg|images/442419202600766_1.jpg
442419202600765,강원-원주-2026-00388,보호중,20260910,탑전낚시터근처,개,믹스견,[개] 믹스견,갈색,2026(60일미만)(년생),0.8(Kg),F,N,"1개월미만, 입부분 진한 검정, 귀염둥이",원주시동물보호센터,033-731-1119,강원특별자치도 원주시 호저면 칠봉로 109-17  ,강원특별자치도 원주시,342419200900001,20260911,20260921,2026-09-11 06:14:40.0,http://openapi.animal.go.kr/openapi/service/rest/fileDownloadSrvc/files/shelter/2026/09/202609110509646.jpg|http://openapi.animal.go.kr/openapi/service/rest/fileDownloadSrvc/files/shelter/2026/09/202609110509666.jpg,images/442419202600765_0.jpg|images/442419202600765_1.jpg
442419202600764,강원-원주-2026-00387,보호중,20260910,탑전낚시터근처,개,믹스견,[개] 믹스견,갈색&흰색,2022(년생),7(Kg),F,N,새끼들과 구조,원주시동물보호센터,033-731-1119,강원특별자치도 원주시 호저면 칠봉로 109-17  ,강원특별자치도 원주시,342419200900001,20260911,20260921,2026-09-11 06:14:39.0,http://openapi.animal.go.kr/openapi/service/rest/fileDownloadSrvc/files/shelter/2026/09/202609110509101.jpg|http://openapi.animal.go.kr/openapi/service/rest/fileDownloadSrvc/files/shelter/2026/09/202609110509118.jpg,images/442419202600764_0.jpg|images/442419202600764_1.jpg
441560202601000,경기-포천-2026-00682,보호중,20260910,경기 포천시 소흘읍 태봉로 239 인근,개,믹스견,[개] 믹스견,검정&흰색,2022(년생),8.4(Kg),M,N,온순. 얌전. 꼬리 단미 안됨. 털 상태 양호.,한국동물구조관리협회,031-867-9119,경기도 양주시 남면 감악산로 63-37  ,경기도 포천시,341560201000002,20260911,20260921,2026-09-11 18:09:16.0,http://openapi.animal.go.kr/openapi/service/rest/fileDownloadSrvc/files/shelter/2026/09/202609111809577.jpg|http://openapi.animal.go.kr/openapi/service/rest/fileDownloadSrvc/files/shelter/2026/09/202609111809589[1].jpg,images/441560202601000_0.jpg|images/441560202601000_1.jpg
441414202600667,경기-연천-2026-00236,보호중,20260910,경기 연천군 왕징면 노동로 37 인근,개,스피츠,[개] 스피츠,흰색,2022(년생),8(Kg),M,Y,온순. 얌전. 약간 경계. 치석. 칩 있음. 피부질환. 비만. 코 팥죽색. 꼬리 단미 안됨. 털 상태 양호.,한국동물구조관리협회,031-867-9119,경기도 양주시 남면 감악산로 63-37 ,경기도 연천군,341414201300001,20260911,20260921,2026-09-11 17:52:16.0,http://openapi.animal.go.kr/openapi/service/rest/fileDownloadSrvc/files/shelter/2026/09/202609111709538[1].jpg|http://openapi.animal.go.kr/openapi/service/rest/fileDownloadSrvc/files/shelter/2026/09/202609111709554.jpg,images/441414202600667_0.jpg|images/441414202600667_1.jpg
441408202601762,경기-안성-2026-00493,보호중,20260910,도기동 544-174 하천변,개,믹스견,[개] 믹스견,흰색,2011(년생),23(Kg),M,N,"순하지만 경계심 있음, 사진상 목줄",안성시동물보호센터,031-673-5493,경기도 안성시 보개원삼로 157 (가사동) 미래동물병원,경기도 안성시,341408200900001,20260911,20260921,2026-09-11 13:18:57.0,http://openapi.animal.go.kr/openapi/service/rest/fileDownloadSrvc/files/shelter/2026/09/202609111209780.jpg|http://openapi.animal.go.kr/openapi/service/rest/fileDownloadSrvc/files/shelter/2026/09/202609111209300.jpg,images/441408202601762_0.jpg|images/441408202601762_1.jpg
441408202601761,경기-안성-2026-00492,보호중,20260910,일죽면 일생로 29-20,개,믹스견,[개] 믹스견,금갈색,2026(60일미만)(년생),2.54(Kg),F,N,"6마리 같이 들어옴, 소심함, 전신 피부병",안성시동물보호센터,031-673-5493,경기도 안성시 보개원삼로 157 (가사동) 미래동물병원,경기도 안성시,341408200900001,20260911,20260921,2026-09-11 13:18:57.0,http://openapi.animal.go.kr/openapi/service/rest/fileDownloadSrvc/files/shelter/2026/09/202609111209612.jpg|http://openapi.animal.go.kr/openapi/service/rest/fileDownloadSrvc/files/shelter/2026/09/202609111209970.jpg,images/441408202601761_0.jpg|images/441408202601761_1.jpg
441408202601760,경기-안성-2026-00491,보호중,20260910,일죽면 일생로 29-20,개,믹스견,[개] 믹스견,흰색,2026(60일미만)(년생),3.76(Kg),M,N,"6마리 같이 들어옴, 소심함, 전신 피부병",안성시동물보호센터,031-673-5493,경기도 안성시 보개원삼로 157 (가사동) 미래동물병원,경기도 안성시,341408200900001,20260911,20260921,2026-09-11 13:18:57.0,http://openapi.animal.go.kr/openapi/service/rest/fileDownloadSrvc/files/shelter/2026/09/202609111109752[2].jpg|http://openapi.animal.go.kr/openapi/service/rest/fileDownloadSrvc/files/shelter/2026/09/202609111109114[1].jpg,images/441408202601760_0.jpg|images/441408202601760_1.jpg
441408202601758,경기-안성-2026-00490,보호중,20260910,일죽면 일생로 29-20,개,믹스견,[개] 믹스견,갈색,2026(60일미만)(년생),2.14(Kg),F,N,"6마리 같이 들어옴, 소심함, 전신 피부병",안성시동물보호센터,031-673-5493,경기도 안성시 보개원삼로 157 (가사동) 미래동물병원,경기도 안성시,341408200900001,20260911,20260921,2026-09-11 13:18:56.0,http://openapi.animal.go.kr/openapi/service/rest/fileDownloadSrvc/files/shelter/2026/09/202609111109290.jpg|http://openapi.animal.go.kr/openapi/service/rest/fileDownloadSrvc/files/shelter/2026/09/202609111109764.jpg,images/441408202601758_0.jpg|images/441408202601758_1.jpg
441408202601757,경기-안성-2026-00489,보호중,20260910,일죽면 일생로 29-20,개,믹스견,[개] 믹스견,금갈색,2026(60일미만)(년생),3.4(Kg),M,N,"6마리 같이 들어옴, 소심함, 전신 피부병",안성시동물보호센터,031-673-5493,경기도 안성시 보개원삼로 157 (가사동) 미래동물병원,경기도 안성시,341408200900001,20260911,20260921,2026-09-11 13:18:56.0,http://openapi.animal.go.kr/openapi/service/rest/fileDownloadSrvc/files/shelter/2026/09/202609111109135[1].jpg|http://openapi.animal.go.kr/openapi/service/rest/fileDownloadSrvc/files/shelter/2026/09/202609111109161.jpg,images/441408202601757_0.jpg|images/441408202601757_1.jpg
441408202601756,경기-안성-2026-00488,보호중,20260910,일죽면 일생로 29-20,개,믹스견,[개] 믹스견,금색&흰색,2026(60일미만)(년생),2.8(Kg),M,N,"6마리 같이 들어옴, 소심함, 전신 피부병",안성시동물보호센터,031-673-5493,경기도 안성시 보개원삼로 157 (가사동) 미래동물병원,경기도 안성시,341408200900001,20260911,20260921,2026-09-11 13:18:56.0,http://openapi.animal.go.kr/openapi/service/rest/fileDownloadSrvc/files/shelter/2026/09/202609111109784[1].jpg|http://openapi.animal.go.kr/openapi/service/rest/fileDownloadSrvc/files/shelter/2026/09/202609111109666.jpg,images/441408202601756_0.jpg|images/441408202601756_1.jpg
441408202601755,경기-안성-2026-00487,보호중,20260910,일죽면 일생로 29-20,개,믹스견,[개] 믹스견,흰색&황갈색,2026(60일미만)(년생),2.98(Kg),M,N,"6마리 같이 들어옴, 소심함, 전신 피부병",안성시동물보호센터,031-673-5493,경기도 안성시 보개원삼로 157 (가사동) 미래동물병원,경기도 안성시,341408200900001,20260911,20260921,2026-09-11 13:18:56.0,http://openapi.animal.go.kr/openapi/service/rest/fileDownloadSrvc/files/shelter/2026/09/202609111109555[1].jpg|http://openapi.animal.go.kr/openapi/service/rest/fileDownloadSrvc/files/shelter/2026/09/202609111109668[2].jpg,images/441408202601755_0.jpg|images/441408202601755_1.jpg
441406202601026,경기-파주-2026-00630,보호중,20260910,경기 파주시 문산읍 사목리 654-1인근,개,믹스견,[개] 믹스견,흰색,2026(60일미만)(년생),1.8(Kg),M,N,온순. 얌전. 겁 많음. 코 갈색. 꼬리 단미 안됨. 털 상태 양호.,한국동물구조관리협회,031-867-9119,경기도 양주시 남면 감악산로 63-37  ,경기도 파주시,341406202200002,20260911,20260921,2026-09-11 18:23:10.0,http://openapi.animal.go.kr/openapi/service/rest/fileDownloadSrvc/files/shelter/2026/09/20260911180978.jpg|http://openapi.animal.go.kr/openapi/service/rest/fileDownloadSrvc/files/shelter/2026/09/20260911180993.jpg,images/441406202601026_0.jpg|images/441406202601026_1.jpg
441406202601025,경기-파주-2026-00629,보호중,20260910,경기 파주시 문산읍 사목리 654-1인근,개,믹스견,[개] 믹스견,흰색,2026(60일미만)(년생),2.2(Kg),M,N,온순. 얌전. 겁. 코 갈색. 꼬리 단미 안됨. 털 상태 양호.,한국동물구조관리협회,031-867-9119,경기도 양주시 남면 감악산로 63-37  ,경기도 파주시,341406202200002,20260911,20260921,2026-09-11 18:23:10.0,http://openapi.animal.go.kr/openapi/service/rest/fileDownloadSrvc/files/shelter/2026/09/202609111809409.jpg|http://openapi.animal.go.kr/openapi/service/rest/fileDownloadSrvc/files/shelter/2026/09/202609111809422.jpg,images/441406202601025_0.jpg|images/441406202601025_1.jpg
441406202601024,경기-파주-2026-00628,보호중,20260910,경기 파주시 문산읍 사목리 654-1인근,개,믹스견,[개] 믹스견,흰색,2026(60일미만)(년생),2(Kg),M,N,온순. 얌전. 코 짙은 회색. 꼬리 단미 안됨. 털 상태 양호.,한국동물구조관리협회,031-867-9119,경기도 양주시 남면 감악산로 63-37  ,경기도 파주시,341406202200002,20260911,20260921,2026-09-11 18:23:10.0,http://openapi.animal.go.kr/openapi/service/rest/fileDownloadSrvc/files/shelter/2026/09/202609111809387.jpg|http://openapi.animal.go.kr/openapi/service/rest/fileDownloadSrvc/files/shelter/2026/09/202609111809400.jpg,images/441406202601024_0.jpg|images/441406202601024_1.jpg
441394202601623,경기-고양-2026-00549,보호중,20260910,지영동 413-4 부근,개,믹스견,[개] 믹스견,옅은 황색,2023(년생),11(Kg),F,N,없음,고양시동물보호센터,031-962-3232,"경기도 고양시 덕양구 고양대로 1695 (원흥동, 고양시 농업기술센터) 고양시동물보호센터",경기도 고양시,341394201400001,20260911,20260921,2026-09-11 14:28:15.0,http://openapi.animal.go.kr/openapi/service/rest/fileDownloadSrvc/files/shelter/2026/09/202609101609988.jpg|http://openapi.animal.go.kr/openapi/service/rest/fileDownloadSrvc/files/shelter/2026/09/20260910160931[2].jpg,images/441394202601623_0.jpg|images/441394202601623_1.jpg
441394202601622,경기-고양-2026-00548,보호중,20260910,주교동 209-3 부근,개,풍산견,[개] 풍산견,흰색,2023(년생),24(Kg),M,N,없음,고양시동물보호센터,031-962-3232,"경기도 고양시 덕양구 고양대로 1695 (원흥동, 고양시 농업기술센터) 고양시동물보호센터",경기도 고양시,341394201400001,20260911,20260921,2026-09-11 14:27:39.0,http://openapi.animal.go.kr/openapi/service/rest/fileDownloadSrvc/files/shelter/2026/09/202609101509534.jpg|http://openapi.animal.go.kr/openapi/service/rest/fileDownloadSrvc/files/shelter/2026/09/202609101509580[1].jpg,images/441394202601622_0.jpg|images/441394202601622_1.jpg
441392202600214,경기-동두천-2026-00126,보호중,20260910,경기 동두천시 신천로 159 (안흥동) 인근,개,믹스견,[개] 믹스견,갈색&흰색,2026(60일미만)(년생),3.4(Kg),M,N,겁. 방어적 입질. 꼬리 단미 안됨. 털 상태 양호. 전신피부질환. 진드기 오염.,한국동물구조관리협회,031-867-9119,경기도 양주시 남면 감악산로 63-37 ,경기도 동두천시,341392201300001,20260911,20260921,2026-09-11 17:39:19.0,http://openapi.animal.go.kr/openapi/service/rest/fileDownloadSrvc/files/shelter/2026/09/202609111709188.jpg|http://openapi.animal.go.kr/openapi/service/rest/fileDownloadSrvc/files/shelter/2026/09/202609111709202[1].jpg,images/441392202600214_0.jpg|images/441392202600214_1.jpg
441392202600213,경기-동두천-2026-00125,보호중,20260910,경기 동두천시 신천로 159 (안흥동) 인근,개,믹스견,[개] 믹스견,갈색&흰색,2025(년생),3.4(Kg),M,N,전신피부질환. 진드기 오염. 온순. 얌전. 약간 겁. 코 검정. 꼬리 단미 안됨. 털 약간 때탐.,한국동물구조관리협회,031-867-9119,경기도 양주시 남면 감악산로 63-37 ,경기도 동두천시,341392201300001,20260911,20260921,2026-09-11 17:39:19.0,http://openapi.animal.go.kr/openapi/service/rest/fileDownloadSrvc/files/shelter/2026/09/202609111709955[1].jpg|http://openapi.animal.go.kr/openapi/service/rest/fileDownloadSrvc/files/shelter/2026/09/202609111709970.jpg,images/441392202600213_0.jpg|images/441392202600213_1.jpg
441392202600212,경기-동두천-2026-00124,보호중,20260910,경기 동두천시 신천로 159 (안흥동) 인근,개,믹스견,[개] 믹스견,갈색&흰색,2026(60일미만)(년생),1.7(Kg),F,U,겁. 잡으면 난리침. 꼬리 단미 안됨. 털 상태 양호. 전신피부질환. 진드기 오염.,한국동물구조관리협회,031-867-9119,경기도 양주시 남면 감악산로 63-37 ,경기도 동두천시,341392201300001,20260911,20260921,2026-09-11 17:39:18.0,http://openapi.animal.go.kr/openapi/service/rest/fileDownloadSrvc/files/shelter/2026/09/202609111709304.jpg|http://openapi.animal.go.kr/openapi/service/rest/fileDownloadSrvc/files/shelter/2026/09/202609111709317.jpg,images/441392202600212_0.jpg|images/441392202600212_1.jpg
428357202601422,인천-강화-2026-00471,보호중,20260910,고려왕릉로 177-25 (길정리)려,개,믹스견,[개] 믹스견,갈색,2023(년생),6(Kg),M,N,3살추정. 온순함. 갈색,강화군 동물보호센터,010-2797-3786,인천광역시 강화군 강화읍 강화대로 254-1  ,인천광역시 강화군,328357202400001,20260911,20260921,2026-09-11 10:38:02.0,http://openapi.animal.go.kr/openapi/service/rest/fileDownloadSrvc/files/shelter/2026/09/20260911100955.jpg|http://openapi.animal.go.kr/openapi/service/rest/fileDownloadSrvc/files/shelter/2026/09/202609111009121.jpg,images/428357202601422_0.jpg|images/428357202601422_1.jpg
428355202600486,인천-계양-2026-00275,보호중,20260910,계양구청 당직실(계산동),개,말티즈,[개] 말티즈,회색,2013(년생),5.0(Kg),M,Y,갈색어깨끈 착용,신영재동물병원,032-552-0075,인천광역시 계양구 장제로 923 (병방동) ,인천광역시 계양구,328355200900001,20260911,20260921,2026-09-11 10:02:37.0,http://openapi.animal.go.kr/openapi/service/rest/fileDownloadSrvc/files/shelter/2026/09/202609110009455.jpg|http://openapi.animal.go.kr/openapi/service/rest/fileDownloadSrvc/files/shelter/2026/09/202609110009473.jpg,images/428355202600486_0.jpg|images/428355202600486_1.jpg
428355202600485,인천-계양-2026-00274,보호중,20260910,계양구청 당직실(계양소방서),개,믹스견,[개] 믹스견,검정 황갈색&흰색,2017(년생),28.0(Kg),F,N,"갈색 철물점목걸이 2개착용,순함",신영재동물병원,032-552-0075,인천광역시 계양구 장제로 923 (병방동) ,인천광역시 계양구,328355200900001,20260911,20260921,2026-09-11 10:02:28.0,http://openapi.animal.go.kr/openapi/service/rest/fileDownloadSrvc/files/shelter/2026/09/202609110009127.jpg|http://openapi.animal.go.kr/openapi/service/rest/fileDownloadSrvc/files/shelter/2026/09/202609110009147.jpg,images/428355202600485_0.jpg|images/428355202600485_1.jpg
428355202600484,인천-계양-2026-00273,보호중,20260910,작전동 피지나라 치킨공주앞,개,푸들,[개] 푸들,검정색,2015(년생),3.5(Kg),F,N,분홍색 어깨끈착용,신영재동물병원,032-552-0075,인천광역시 계양구 장제로 923 (병방동) ,인천광역시 계양구,328355200900001,20260911,20260921,2026-09-11 10:02:19.0,http://openapi.animal.go.kr/openapi/service/rest/fileDownloadSrvc/files/shelter/2026/09/202609110009726.jpg|http://openapi.animal.go.kr/openapi/service/rest/fileDownloadSrvc/files/shelter/2026/09/202609110009752[1].jpg,images/428355202600484_0.jpg|images/428355202600484_1.jpg
428354202600705,인천-부평-2026-00394,보호중,20260910,백범로 472 국민은행 인근,개,말티즈,[개] 말티즈,흰색,2023(년생),4.50(Kg),M,N,"빨간 조끼, 파란색 리드줄을 하고 발견됨. 순하고 사람을 잘 따름",조재진동물병원,032-518-3800,인천광역시 부평구 원적로 419 (산곡동) ,인천광역시 부평구,328354202000001,20260911,20260921,2026-09-11 10:50:42.0,http://openapi.animal.go.kr/openapi/service/rest/fileDownloadSrvc/files/shelter/2026/09/202609101509231.jpg|http://openapi.animal.go.kr/openapi/service/rest/fileDownloadSrvc/files/shelter/2026/09/202609101509263.jpg,images/428354202600705_0.jpg|images/428354202600705_1.jpg
428351202600524,인천-미추홀-2026-00260,보호중,20260910,미추홀구 수봉로 16-47,개,믹스견,[개] 믹스견,검정색,2026(년생),1.65(Kg),F,N,"약간의 감기증상,콧물, 가슴쪽에 흰색 털이 있음 ",경동동물병원,032-765-9988,인천광역시 제물포구 개항로 61 (경동) ,인천광역시 미추홀구,328351200900001,20260911,20260921,2026-09-11 12:59:36.0,http://openapi.animal.go.kr/openapi/service/rest/fileDownloadSrvc/files/shelter/2026/09/202609101309905.jpg|http://openapi.animal.go.kr/openapi/service/rest/fileDownloadSrvc/files/shelter/2026/09/202609101309915.jpg,images/428351202600524_0.jpg|images/428351202600524_1.jpg
426335202600492,부산-금정-2026-00206,보호중,20260910,남산119소방센터,개,믹스견,[개] 믹스견,회색,2021(년생),4(Kg),M,N,순함,동부동물보호협회,051-701-7599,부산광역시 해운대구 송정2로13번길 46 (송정동) ,부산광역시 금정구,326335201700001,20260911,20260921,2026-09-11 13:05:14.0,http://openapi.animal.go.kr/openapi/service/rest/fileDownloadSrvc/files/shelter/2026/09/202609111309113[1].jpg|http://openapi.animal.go.kr/openapi/service/rest/fileDownloadSrvc/files/shelter/2026/09/202609111309151.jpg,images/426335202600492_0.jpg|images/426335202600492_1.jpg
426329202600612,부산-부산진-2026-00241,보호중,20260910,부산진구 구청 당직실,개,믹스견,[개] 믹스견,흰색&황갈색,2022(년생),8(Kg),F,N,목 부상,동물보호관리협회,051-971-6208,부산광역시 강서구 가락대로1283번길 25-2 (봉림동) ,부산광역시 부산진구,326329202600001,20260911,20260921,2026-09-11 10:09:15.0,http://openapi.animal.go.kr/openapi/service/rest/fileDownloadSrvc/files/shelter/2026/09/202609111009762.png|http://openapi.animal.go.kr/openapi/service/rest/fileDownloadSrvc/files/shelter/2026/09/202609111009238.png,images/426329202600612_0.png|images/426329202600612_1.png
413587202600230,광주-해남-2026-00072,보호중,20260910,"삼산면 구림리, 대흥사 매표소 부근",개,믹스견,[개] 믹스견,갈색&검정,2022(년생),22.41(Kg),M,U,사람을 경계함. 목걸이 착용.,해남유기동물보호센터,061-531-3916,전라남도 해남군 해남읍 용머리길 14-37  ,전남광주통합특별시 해남군,346493200900001,20260911,20260921,2026-09-10 14:03:38.0,http://openapi.animal.go.kr/openapi/service/rest/fileDownloadSrvc/files/shelter/2026/09/202609101409945.jpg|http://openapi.animal.go.kr/openapi/service/rest/fileDownloadSrvc/files/shelter/2026/09/202609101409960.jpg,images/413587202600230_0.jpg|images/413587202600230_1.jpg
411323202600666,서울-송파-2026-00111,보호중,20260910,서울 송파구 새말로5길 9 (문정동) 인근,개,치와와,[개] 치와와,검정&흰색,2018(년생),3.2(Kg),M,Y,빨간색 무릎. 겁. 방어적 입질. 양 눈 혼탁. 양 슬개골. 꼬리 단미 안됨. 털 상태 양호.,한국동물구조관리협회,031-867-9119,경기도 양주시 남면 감악산로 63-37 (남면) ,서울특별시 송파구,311323201100001,20260911,20260921,2026-09-11 17:18:53.0,http://openapi.animal.go.kr/openapi/service/rest/fileDownloadSrvc/files/shelter/2026/09/202609111709878.jpg|http://openapi.animal.go.kr/openapi/service/rest/fileDownloadSrvc/files/shelter/2026/09/202609111709891.jpg,images/411323202600666_0.jpg|images/411323202600666_1.jpg
411321202600309,서울-서초-2026-00104,보호중,20260910,서울 서초구 한강 공원 내,개,말티즈,[개] 말티즈,흰색,2023(년생),4.9(Kg),F,U,온순. 얌전. 겁. 눈물 자국. 눈곱. 코 검정. 흰색 목줄. 카키/흰색 자동 리드줄. 꼬리 단미 안됨.,한국동물구조관리협회,031-867-9119,경기도 양주시 남면 상수리 410-1,서울특별시 서초구,311321200900002,20260911,20260921,2026-09-11 11:07:40.0,http://openapi.animal.go.kr/openapi/service/rest/fileDownloadSrvc/files/shelter/2026/09/202609101509547.jpg|http://openapi.animal.go.kr/openapi/service/rest/fileDownloadSrvc/files/shelter/2026/09/202609101509562.jpg,images/411321202600309_0.jpg|images/411321202600309_1.jpg
411320202600430,서울-관악-2026-00180,보호중,20260910,신림동 198 성주암 근처,개,믹스견,[개] 믹스견,흰색,2025(년생),7.8(Kg),M,U,겁을 많이 먹은 상태임.많이 마름. 목줄 착용.,디아크 동물종합병원,02-816-7582,서울특별시 동작구 장승배기로27길 18 (노량진동) 1층,서울특별시 관악구,311320202400001,20260911,20260921,2026-09-11 09:54:32.0,http://openapi.animal.go.kr/openapi/service/rest/fileDownloadSrvc/files/shelter/2026/09/202609101509390[1].jpg|http://openapi.animal.go.kr/openapi/service/rest/fileDownloadSrvc/files/shelter/2026/09/202609101509458.jpg,images/411320202600430_0.jpg|images/411320202600430_1.jpg
411316202600582,서울-구로-2026-00136,보호중,20260910,서울 구로구 남부순환로 1275 (가리봉동),개,믹스견,[개] 믹스견,검정색,2022(년생),4.4(Kg),M,N,온순. 활발. 꼬리 단미 됨. 털 상태 양호.,한국동물구조관리협회,031-867-9119,경기도 양주시 남면 감악산로 63-37  ,서울특별시 구로구,311316201100001,20260911,20260921,2026-09-11 18:27:29.0,http://openapi.animal.go.kr/openapi/service/rest/fileDownloadSrvc/files/shelter/2026/09/202609111809882[1].jpg|http://openapi.animal.go.kr/openapi/service/rest/fileDownloadSrvc/files/shelter/2026/09/202609111809898.jpg,images/411316202600582_0.jpg|images/411316202600582_1.jpg
411311202600462,서울-은평-2026-00182,보호중,20260910,서울 은평구 응암동 770-5 인근,개,믹스견,[개] 믹스견,갈색&검정,2026(년생),4(Kg),M,N,겁. 방어적 입질. 사나움. 꼬리 단미 안됨. 털 상태 양호.,한국동물구조관리협회,031-867-9119,경기도 양주시 남면 감악산로 63-48  ,서울특별시 은평구,311311201100001,20260911,20260921,2026-09-11 17:24:17.0,http://openapi.animal.go.kr/openapi/service/rest/fileDownloadSrvc/files/shelter/2026/09/202609111709313.jpg|http://openapi.animal.go.kr/openapi/service/rest/fileDownloadSrvc/files/shelter/2026/09/202609111709332.jpg,images/411311202600462_0.jpg|images/411311202600462_1.jpg
411311202600461,서울-은평-2026-00181,보호중,20260910,서울 은평구 응암동 770-5 인근,개,믹스견,[개] 믹스견,갈색&검정,2026(년생),3.3(Kg),M,N,겁 많음. 방어적 입질. 꼬리 단미 안됨. 털 상태 양호.,한국동물구조관리협회,031-867-9119,경기도 양주시 남면 감악산로 63-48  ,서울특별시 은평구,311311201100001,20260911,20260921,2026-09-11 17:24:17.0,http://openapi.animal.go.kr/openapi/service/rest/fileDownloadSrvc/files/shelter/2026/09/202609111709829.jpg|http://openapi.animal.go.kr/openapi/service/rest/fileDownloadSrvc/files/shelter/2026/09/202609111709841.jpg,images/411311202600461_0.jpg|images/411311202600461_1.jpg
448547202600819,경남-거창-2026-00268,보호중,20260910,거창군 남상면 고척길,개,믹스견,[개] 믹스견,갈색,2024(년생),5(Kg),F,N,"순함, 약간경계",거창군 동물보호소,010-2617-6245,경상남도 거창군 거창읍 가실길 203  ,경상남도 거창군,348547202500001,20260910,20260921,2026-09-10 19:59:13.0,http://openapi.animal.go.kr/openapi/service/rest/fileDownloadSrvc/files/shelter/2026/09/202609101909740.jpg|http://openapi.animal.go.kr/openapi/service/rest/fileDownloadSrvc/files/shelter/2026/09/202609101909798.jpg,images/448547202600819_0.jpg|images/448547202600819_1.jpg
448547202600818,경남-거창-2026-00267,보호중,20260910,거창군 남상면 고척길,개,믹스견,[개] 믹스견,레몬색&흰색,2024(년생),5(Kg),M,N,"닥스믹스, 다리짧음",거창군 동물보호소,010-2617-6245,경상남도 거창군 거창읍 가실길 203  ,경상남도 거창군,348547202500001,20260910,20260921,2026-09-10 19:59:13.0,http://openapi.animal.go.kr/openapi/service/rest/fileDownloadSrvc/files/shelter/2026/09/202609101909961.png|http://openapi.animal.go.kr/openapi/service/rest/fileDownloadSrvc/files/shelter/2026/09/202609101909997.png,images/448547202600818_0.png|images/448547202600818_1.png
448541202601158,경남-창녕-2026-00391,보호중,20260910,대지면 용소길,개,믹스견,[개] 믹스견,검정&흰색,2020(년생),7(Kg),F,N,털이 곱슬하며 관리가 된 상태,창녕 유기동물보호소,010-5488-5003,경상남도 창녕군 고암면 창밀로 335-26 (고암면) 고암면 억만리 28,경상남도 창녕군,348541201300001,20260910,20260921,2026-09-11 09:51:38.0,http://openapi.animal.go.kr/openapi/service/rest/fileDownloadSrvc/files/shelter/2026/09/202609102309995.jpg|http://openapi.animal.go.kr/openapi/service/rest/fileDownloadSrvc/files/shelter/2026/09/20260910230957.jpg,images/448541202601158_0.jpg|images/448541202601158_1.jpg
448540202601081,경남-함안-2026-00352,보호중,20260910,칠북면 온천로 310,개,라이카,[개] 라이카,검정 황갈색&흰색,2024(년생),23.0(Kg),M,N,반환예정,함안군동물보호센터,010-6248-2131,경상남도 함안군 가야읍 함안대로 755 ,경상남도 함안군,348540200900001,20260910,20260921,2026-09-10 10:42:14.0,http://openapi.animal.go.kr/openapi/service/rest/fileDownloadSrvc/files/shelter/2026/09/202609101009978.jpg|http://openapi.animal.go.kr/openapi/service/rest/fileDownloadSrvc/files/shelter/2026/09/202609101009999[1].jpg,images/448540202601081_0.jpg|images/448540202601081_1.jpg
448537202601402,경남-거제-2026-00446,보호중,20260910,장승포 도로가,개,믹스견,[개] 믹스견,황갈색,2026(년생),5(Kg),M,N,칩없음,거제시동물보호센터,055-639-6368,경상남도 거제시 사등면 두동로1길 107  거제시동물보호센터,경상남도 거제시,348537200900002,20260910,20260921,2026-09-10 16:54:28.0,http://openapi.animal.go.kr/openapi/service/rest/fileDownloadSrvc/files/shelter/2026/09/202609101609570.jpg|http://openapi.animal.go.kr/openapi/service/rest/fileDownloadSrvc/files/shelter/2026/09/202609101609681[1].jpg,images/448537202601402_0.jpg|images/448537202601402_1.jpg
448537202601401,경남-거제-2026-00445,보호중,20260910,장평피솔길,개,믹스견,[개] 믹스견,갈색&검정,2022(년생),25(Kg),M,N,초록목줄착용,거제시동물보호센터,055-639-6368,경상남도 거제시 사등면 두동로1길 107  거제시동물보호센터,경상남도 거제시,348537200900002,20260910,20260921,2026-09-10 15:34:34.0,http://openapi.animal.go.kr/openapi/service/rest/fileDownloadSrvc/files/shelter/2026/09/202609101509536[1].jpg|http://openapi.animal.go.kr/openapi/service/rest/fileDownloadSrvc/files/shelter/2026/09/202609101509160.jpg,images/448537202601401_0.jpg|images/448537202601401_1.jpg
448537202601400,경남-거제-2026-00444,보호중,20260910,양정6길 68,개,믹스견,[개] 믹스견,옅은 황색,2016(년생),25(Kg),M,N,틀에잡힘,거제시동물보호센터,055-639-6368,경상남도 거제시 사등면 두동로1길 107  거제시동물보호센터,경상남도 거제시,348537200900002,20260910,20260921,2026-09-10 11:58:39.0,http://openapi.animal.go.kr/openapi/service/rest/fileDownloadSrvc/files/shelter/2026/09/202609101009877.jpg|http://openapi.animal.go.kr/openapi/service/rest/fileDownloadSrvc/files/shelter/2026/09/202609101009929.jpg,images/448537202601400_0.jpg|images/448537202601400_1.jpg
448536202600841,경남-밀양-2026-00492,보호중,20260910,삼랑진읍,개,믹스견,[개] 믹스견,갈색&검정,2026(년생),3(Kg),F,N,"공고번호 477과 동배 추정, 아직은 겁이 많음",밀양시 동물보호센터,070-4113-7288,경상남도 밀양시 삼랑진읍 천태로 472 (삼랑진읍) ,경상남도 밀양시,348536201800001,20260910,20260917,2026-09-10 14:33:27.0,http://openapi.animal.go.kr/openapi/service/rest/fileDownloadSrvc/files/shelter/2026/09/202609101409467.jpg|http://openapi.animal.go.kr/openapi/service/rest/fileDownloadSrvc/files/shelter/2026/09/202609101409517.jpg,images/448536202600841_0.jpg|images/448536202600841_1.jpg
448536202600840,경남-밀양-2026-00491,보호중,20260910,삼랑진읍,개,믹스견,[개] 믹스견,갈색&흰색,2021(년생),15(Kg),M,N,"듬직한 황구, 아직은 낯설어서인지 예민",밀양시 동물보호센터,070-4113-7288,경상남도 밀양시 삼랑진읍 천태로 472 (삼랑진읍) ,경상남도 밀양시,348536201800001,20260910,20260917,2026-09-10 14:33:20.0,http://openapi.animal.go.kr/openapi/service/rest/fileDownloadSrvc/files/shelter/2026/09/202609101409993.jpg|http://openapi.animal.go.kr/openapi/service/rest/fileDownloadSrvc/files/shelter/2026/09/20260910140940.jpg,images/448536202600840_0.jpg|images/448536202600840_1.jpg
448536202600839,경남-밀양-2026-00490,보호중,20260910,삼랑진읍,개,믹스견,[개] 믹스견,갈색&흰색,2024(년생),13(Kg),M,N,아직 어색하지만 매우 순함,밀양시 동물보호센터,070-4113-7288,경상남도 밀양시 삼랑진읍 천태로 472 (삼랑진읍) ,경상남도 밀양시,348536201800001,20260910,20260917,2026-09-10 11:58:30.0,http://openapi.animal.go.kr/openapi/service/rest/fileDownloadSrvc/files/shelter/2026/09/202609101109561.jpg|http://openapi.animal.go.kr/openapi/service/rest/fileDownloadSrvc/files/shelter/2026/09/202609101109613[1].jpg,images/448536202600839_0.jpg|images/448536202600839_1.jpg
448536202600838,경남-밀양-2026-00489,보호중,20260910,교동,개,푸들,[개] 푸들,흰색,2024(년생),6(Kg),M,N,"내장칩 없음, 중성화수술 안되어 있음, 매우 순함",밀양시 동물보호센터,070-4113-7288,경상남도 밀양시 삼랑진읍 천태로 472 (삼랑진읍) ,경상남도 밀양시,348536201800001,20260910,20260917,2026-09-10 11:58:16.0,http://openapi.animal.go.kr/openapi/service/rest/fileDownloadSrvc/files/shelter/2026/09/202609101109191[1].jpg|http://openapi.animal.go.kr/openapi/service/rest/fileDownloadSrvc/files/shelter/2026/09/202609101109249.jpg,images/448536202600838_0.jpg|images/448536202600838_1.jpg
448534202601047,경남-사천-2026-00271,보호중,20260910,사남면가천길,개,시츄,[개] 시츄,갈색&흰색,2021(년생),5.5(Kg),M,N,피부병 심함,사천시 동물보호센터,055-831-3768,경상남도 사천시 용현면 진삼로 902  사천시유기동물보호소,경상남도 사천시,348534202000001,20260910,20260921,2026-09-10 10:52:25.0,http://openapi.animal.go.kr/openapi/service/rest/fileDownloadSrvc/files/shelter/2026/09/202609101009460.jpg|http://openapi.animal.go.kr/openapi/service/rest/fileDownloadSrvc/files/shelter/2026/09/202609101009386[1].jpg,images/448534202601047_0.jpg|images/448534202601047_1.jpg
447525202600386,경북-울진-2026-00167,보호중,20260910,매화면,개,믹스견,[개] 믹스견,흰색,2026(60일미만)(년생),4(Kg),F,U,친근하고 온순함,울진군 동물보호센터,054-789-6795,경상북도 울진군 울진읍 대흥신림로 916-37  ,경상북도 울진군,347525202100001,20260910,20260921,2026-09-10 13:18:49.0,http://openapi.animal.go.kr/openapi/service/rest/fileDownloadSrvc/files/shelter/2026/09/202609101309148.jpg|http://openapi.animal.go.kr/openapi/service/rest/fileDownloadSrvc/files/shelter/2026/09/202609101309919.jpg,images/447525202600386_0.jpg|images/447525202600386_1.jpg
447525202600385,경북-울진-2026-00166,보호중,20260910,매화면,개,믹스견,[개] 믹스견,흰색,2026(60일미만)(년생),4(Kg),F,U,친근하고 온순함,울진군 동물보호센터,054-789-6795,경상북도 울진군 울진읍 대흥신림로 916-37  ,경상북도 울진군,347525202100001,20260910,20260921,2026-09-10 13:15:09.0,http://openapi.animal.go.kr/openapi/service/rest/fileDownloadSrvc/files/shelter/2026/09/202609101309723.jpg|http://openapi.animal.go.kr/openapi/service/rest/fileDownloadSrvc/files/shelter/2026/09/202609101309137.jpg,images/447525202600385_0.jpg|images/447525202600385_1.jpg
447522202600315,경북-칠곡-2026-00126,보호중,20260910,왜관읍공단로7길,개,푸들,[개] 푸들,기타(갈색흰색),2025(년생),3.8(Kg),M,N,오전공장으로들어온아이 가슴에흰털 순한아이,칠곡유기동물보호센터,054-973-5710,경상북도 칠곡군 석적읍 포망로 341 (석적읍) ,경상북도 칠곡군,347522201400001,20260910,20260921,2026-09-10 15:38:55.0,http://openapi.animal.go.kr/openapi/service/rest/fileDownloadSrvc/files/shelter/2026/09/202609101509869[1].jpg|http://openapi.animal.go.kr/openapi/service/rest/fileDownloadSrvc/files/shelter/2026/09/202609101509914.jpg,images/447522202600315_0.jpg|images/447522202600315_1.jpg
447522202600314,경북-칠곡-2026-00125,보호중,20260910,왜관읍석전로,개,믹스견,[개] 믹스견,검정 황갈색&흰색,2026(60일미만)(년생),2(Kg),M,N,아동복지기관에서  들어온남자아이들 어미견중소형 생후55일령,칠곡유기동물보호센터,054-973-5710,경상북도 칠곡군 석적읍 포망로 341 (석적읍) ,경상북도 칠곡군,347522201400001,20260910,20260921,2026-09-10 15:38:55.0,http://openapi.animal.go.kr/openapi/service/rest/fileDownloadSrvc/files/shelter/2026/09/202609101509799.jpg|http://openapi.animal.go.kr/openapi/service/rest/fileDownloadSrvc/files/shelter/2026/09/202609101509841[1].jpg,images/447522202600314_0.jpg|images/447522202600314_1.jpg
447522202600313,경북-칠곡-2026-00124,보호중,20260910,왜관읍석전로,개,믹스견,[개] 믹스견,기타(흰 갈 검),2026(60일미만)(년생),2(Kg),F,N,아동복지기관에서  들어온여자아이들 어미견중소형 생후55일령,칠곡유기동물보호센터,054-973-5710,경상북도 칠곡군 석적읍 포망로 341 (석적읍) ,경상북도 칠곡군,347522201400001,20260910,20260921,2026-09-10 15:38:55.0,http://openapi.animal.go.kr/openapi/service/rest/fileDownloadSrvc/files/shelter/2026/09/202609101509204.jpg|http://openapi.animal.go.kr/openapi/service/rest/fileDownloadSrvc/files/shelter/2026/09/202609101509248[1].jpg,images/447522202600313_0.jpg|images/447522202600313_1.jpg
447522202600312,경북-칠곡-2026-00123,보호중,20260910,약목면교8길,개,믹스견,[개] 믹스견,갈색&흰색,2026(60일미만)(년생),1.8(Kg),F,N,빈집낳은유기견여자아이 2마리 어미견소형 입양부탁드립니다,칠곡유기동물보호센터,054-973-5710,경상북도 칠곡군 석적읍 포망로 341 (석적읍) ,경상북도 칠곡군,347522201400001,20260910,20260921,2026-09-10 15:38:54.0,http://openapi.animal.go.kr/openapi/service/rest/fileDownloadSrvc/files/shelter/2026/09/202609101509103.jpg|http://openapi.animal.go.kr/openapi/service/rest/fileDownloadSrvc/files/shelter/2026/09/202609101509147[1].jpg,images/447522202600312_0.jpg|images/447522202600312_1.jpg
447522202600311,경북-칠곡-2026-00122,보호중,20260910,약목면교8길,개,믹스견,[개] 믹스견,기타(흰색 갈색),2026(60일미만)(년생),1.8(Kg),M,N,빈집낳은유기견남자아이 4마리 어미견소형 입양부탁드립니다,칠곡유기동물보호센터,054-973-5710,경상북도 칠곡군 석적읍 포망로 341 (석적읍) ,경상북도 칠곡군,347522201400001,20260910,20260921,2026-09-10 15:38:54.0,http://openapi.animal.go.kr/openapi/service/rest/fileDownloadSrvc/files/shelter/2026/09/202609101509558[1].jpg|http://openapi.animal.go.kr/openapi/service/rest/fileDownloadSrvc/files/shelter/2026/09/202609101509608.jpg,images/447522202600311_0.jpg|images/447522202600311_1.jpg
447522202600310,경북-칠곡-2026-00121,보호중,20260910,약목면교8길,개,믹스견,[개] 믹스견,갈색&검정,2025(년생),6(Kg),M,N,빈집에들어온유기견아이,칠곡유기동물보호센터,054-973-5710,경상북도 칠곡군 석적읍 포망로 341 (석적읍) ,경상북도 칠곡군,347522201400001,20260910,20260921,2026-09-10 15:38:54.0,http://openapi.animal.go.kr/openapi/service/rest/fileDownloadSrvc/files/shelter/2026/09/202609101509838[1].jpg|http://openapi.animal.go.kr/openapi/service/rest/fileDownloadSrvc/files/shelter/2026/09/202609101509893.jpg,images/447522202600310_0.jpg|images/447522202600310_1.jpg
447521202600385,경북-성주-2026-00289,보호중,20260910,초전면 초전공단길 14,개,기타,[개] 진도믹스견,호반색(호랑이무늬),2024(년생),10(Kg),F,N,"엄청 매력적인 호랑이무뉘, 순함",성주군동물보호센터,010-2949-6699,경상북도 성주군 선남면 선노로 522 (선남면) ,경상북도 성주군,347521201900002,20260910,20260917,2026-09-10 20:47:20.0,http://openapi.animal.go.kr/openapi/service/rest/fileDownloadSrvc/files/shelter/2026/09/20260910200990.jpg|http://openapi.animal.go.kr/openapi/service/rest/fileDownloadSrvc/files/shelter/2026/09/20260910200955.jpg,images/447521202600385_0.jpg|images/447521202600385_1.jpg
447518202600211,경북-영덕-2026-00171,보호중,20260910,축산면 대곡길 151-4,개,믹스견,[개] 믹스견,검정색,2026(60일미만)(년생),2.00(Kg),M,N,"조용하고 사람에게 순종적임, 흰색목띠",영덕유기동물보호센터,054-730-6286,경상북도 영덕군 영덕읍 구미2길 14-1 (영덕읍) 영덕군유기동물보호센터,경상북도 영덕군,347518201000001,20260910,20260921,2026-09-10 15:13:36.0,http://openapi.animal.go.kr/openapi/service/rest/fileDownloadSrvc/files/shelter/2026/09/202609101509867.jpg|http://openapi.animal.go.kr/openapi/service/rest/fileDownloadSrvc/files/shelter/2026/09/202609101509974.jpg,images/447518202600211_0.jpg|images/447518202600211_1.jpg
447518202600210,경북-영덕-2026-00170,보호중,20260910,축산면 대곡길 151-4,개,믹스견,[개] 믹스견,검정&흰색,2026(60일미만)(년생),2.00(Kg),M,N,"조용하고 사람에게 순종적임, 검정색/베이지색목띠",영덕유기동물보호센터,054-730-6286,경상북도 영덕군 영덕읍 구미2길 14-1 (영덕읍) 영덕군유기동물보호센터,경상북도 영덕군,347518201000001,20260910,20260921,2026-09-10 15:13:36.0,http://openapi.animal.go.kr/openapi/service/rest/fileDownloadSrvc/files/shelter/2026/09/202609101509123.jpg|http://openapi.animal.go.kr/openapi/service/rest/fileDownloadSrvc/files/shelter/2026/09/20260910150987.jpg,images/447518202600210_0.jpg|images/447518202600210_1.jpg
447518202600209,경북-영덕-2026-00169,보호중,20260910,축산면 대곡길 151-4,개,믹스견,[개] 믹스견,검정&흰색,2026(60일미만)(년생),2.00(Kg),F,N,"조용하고 사람에게 순종적임, 갈색목띠",영덕유기동물보호센터,054-730-6286,경상북도 영덕군 영덕읍 구미2길 14-1 (영덕읍) 영덕군유기동물보호센터,경상북도 영덕군,347518201000001,20260910,20260921,2026-09-10 15:13:36.0,http://openapi.animal.go.kr/openapi/service/rest/fileDownloadSrvc/files/shelter/2026/09/20260910150951.jpg|http://openapi.animal.go.kr/openapi/service/rest/fileDownloadSrvc/files/shelter/2026/09/202609101509951.jpg,images/447518202600209_0.jpg|images/447518202600209_1.jpg
447518202600208,경북-영덕-2026-00168,보호중,20260910,축산면 대곡길 151-4,개,믹스견,[개] 믹스견,흰색,2026(60일미만)(년생),2.00(Kg),M,N,"온순하고 사람을  잘 따름, 갈색/검정색 목띠",영덕유기동물보호센터,054-730-6286,경상북도 영덕군 영덕읍 구미2길 14-1 (영덕읍) 영덕군유기동물보호센터,경상북도 영덕군,347518201000001,20260910,20260921,2026-09-10 15:13:35.0,http://openapi.animal.go.kr/openapi/service/rest/fileDownloadSrvc/files/shelter/2026/09/20260910140975[2].jpg|http://openapi.animal.go.kr/openapi/service/rest/fileDownloadSrvc/files/shelter/2026/09/202609101409110.jpg,images/447518202600208_0.jpg|images/447518202600208_1.jpg
447518202600207,경북-영덕-2026-00167,보호중,20260910,축산면 대곡길 151-4,개,믹스견,[개] 믹스견,흰색,2026(60일미만)(년생),2.00(Kg),F,N,"온순하고 사람을  잘 따름, 네이비색 목띠",영덕유기동물보호센터,054-730-6286,경상북도 영덕군 영덕읍 구미2길 14-1 (영덕읍) 영덕군유기동물보호센터,경상북도 영덕군,347518201000001,20260910,20260921,2026-09-10 15:13:35.0,http://openapi.animal.go.kr/openapi/service/rest/fileDownloadSrvc/files/shelter/2026/09/202609101409446[1].jpg|http://openapi.animal.go.kr/openapi/service/rest/fileDownloadSrvc/files/shelter/2026/09/202609101409480.jpg,images/447518202600207_0.jpg|images/447518202600207_1.jpg
447518202600206,경북-영덕-2026-00166,보호중,20260910,축산면 대곡길 151-4,개,믹스견,[개] 믹스견,흰색,2026(60일미만)(년생),2.00(Kg),F,N,"온순하고 사람을  잘 따름, 검정색 목띠",영덕유기동물보호센터,054-730-6286,경상북도 영덕군 영덕읍 구미2길 14-1 (영덕읍) 영덕군유기동물보호센터,경상북도 영덕군,347518201000001,20260910,20260921,2026-09-10 15:13:35.0,http://openapi.animal.go.kr/openapi/service/rest/fileDownloadSrvc/files/shelter/2026/09/202609101409373.jpg|http://openapi.animal.go.kr/openapi/service/rest/fileDownloadSrvc/files/shelter/2026/09/202609101409304.jpg,images/447518202600206_0.jpg|images/447518202600206_1.jpg
447518202600205,경북-영덕-2026-00165,보호중,20260910,축산면 대곡길 151-4,개,믹스견,[개] 믹스견,갈색&흰색,2024(년생),15(Kg),F,U,온순하나 사람을 경계함,영덕유기동물보호센터,054-730-6286,경상북도 영덕군 영덕읍 구미2길 14-1 (영덕읍) 영덕군유기동물보호센터,경상북도 영덕군,347518201000001,20260910,20260921,2026-09-10 09:25:46.0,http://openapi.animal.go.kr/openapi/service/rest/fileDownloadSrvc/files/shelter/2026/09/202609100909376.jpg|http://openapi.animal.go.kr/openapi/service/rest/fileDownloadSrvc/files/shelter/2026/09/202609100909812.jpg,images/447518202600205_0.jpg|images/447518202600205_1.jpg
447512202600611,경북-문경-2026-00296,보호중,20260910,추산안길21,개,믹스견,[개] 믹스견,황갈색,2025(년생),10(Kg),F,N,순하고 명랑함,종합축산,054-552-2233,경상북도 문경시 중앙로 170 (흥덕동) 종합축산,경상북도 문경시,347512201700001,20260910,20260917,2026-09-10 17:06:44.0,http://openapi.animal.go.kr/openapi/service/rest/fileDownloadSrvc/files/shelter/2026/09/202609101709873.jpg|http://openapi.animal.go.kr/openapi/service/rest/fileDownloadSrvc/files/shelter/2026/09/202609101709914.jpg,images/447512202600611_0.jpg|images/447512202600611_1.jpg
447506202600300,경북-김천-2026-00300,보호중,20260910,평화시장,개,웰시 코기 펨브로크,[개] 웰시 코기 펨브로크,갈색&흰색,2025(년생),6.5(Kg),F,U,"빨간 목테 착용, 순하고 얌전함",김천시 동물보호센터,054-421-2547,경상북도 김천시 구성면 남김천대로 3296-22  하강리 44(김천시 유기동물보호센터),경상북도 김천시,347506201300001,20260910,20260921,2026-09-10 15:57:41.0,http://openapi.animal.go.kr/openapi/service/rest/fileDownloadSrvc/files/shelter/2026/09/202609101509987.jpg|http://openapi.animal.go.kr/openapi/service/rest/fileDownloadSrvc/files/shelter/2026/09/20260910150909.jpg,images/447506202600300_0.jpg|images/447506202600300_1.jpg
445479202600995,전북-부안-2026-00638,보호중,20260910, 행안면 정금길 13-6,개,믹스견,[개] 믹스견,흰색,2025(년생),5(Kg),F,N,활발해 보임.,부안군 동물보호센터,063-580-4445,전북특별자치도 부안군 주산면 주산로 369  부안군 동물보호센터,전북특별자치도 부안군,345479202100001,20260910,20260928,2026-09-10 16:43:49.0,http://openapi.animal.go.kr/openapi/service/rest/fileDownloadSrvc/files/shelter/2026/09/202609101609184.jpg|http://openapi.animal.go.kr/openapi/service/rest/fileDownloadSrvc/files/shelter/2026/09/202609101609225[1].jpg,images/445479202600995_0.jpg|images/445479202600995_1.jpg
445479202600994,전북-부안-2026-00637,보호중,20260910, 부안읍 용재길 29(삼남중학교 운동장),개,믹스견,[개] 믹스견,흰색,2022(년생),9(Kg),M,N,목줄로 인해 상처심함.(연합동물병원으로 이동),부안군 동물보호센터,063-580-4445,전북특별자치도 부안군 주산면 주산로 369  부안군 동물보호센터,전북특별자치도 부안군,345479202100001,20260910,20260928,2026-09-10 16:43:35.0,http://openapi.animal.go.kr/openapi/service/rest/fileDownloadSrvc/files/shelter/2026/09/202609101609879[1].jpg|http://openapi.animal.go.kr/openapi/service/rest/fileDownloadSrvc/files/shelter/2026/09/202609101609946.jpg,images/445479202600994_0.jpg|images/445479202600994_1.jpg
445471202600343,전북-김제-2026-00277,보호중,20260910,공덕면,개,믹스견,[개] 믹스견,검정색,2026(60일미만)(년생),1(Kg),F,N,순하다,전북말산업복합센터,063-547-3549,전라북도 김제시 용지면 금백로 571-39 (용지면) 전북말산업복합센터,전북특별자치도 김제시,345471201800002,20260910,20260928,2026-09-10 16:42:45.0,http://openapi.animal.go.kr/openapi/service/rest/fileDownloadSrvc/files/shelter/2026/09/20260910160944[1].jpg|http://openapi.animal.go.kr/openapi/service/rest/fileDownloadSrvc/files/shelter/2026/09/20260910160935[2].jpg,images/445471202600343_0.jpg|images/445471202600343_1.jpg
445471202600342,전북-김제-2026-00276,보호중,20260910,공덕면,개,믹스견,[개] 믹스견,갈색&흰색,2026(60일미만)(년생),1(Kg),M,N,순하다,전북말산업복합센터,063-547-3549,전라북도 김제시 용지면 금백로 571-39 (용지면) 전북말산업복합센터,전북특별자치도 김제시,345471201800002,20260910,20260928,2026-09-10 16:42:45.0,http://openapi.animal.go.kr/openapi/service/rest/fileDownloadSrvc/files/shelter/2026/09/202609101609568.jpg|http://openapi.animal.go.kr/openapi/service/rest/fileDownloadSrvc/files/shelter/2026/09/202609101609616.jpg,images/445471202600342_0.jpg|images/445471202600342_1.jpg
445471202600341,전북-김제-2026-00275,보호중,20260910,금구면 도로공사,개,믹스견,[개] 믹스견,검정&흰색,2026(60일미만)(년생),1(Kg),F,N,순하다,전북말산업복합센터,063-547-3549,전라북도 김제시 용지면 금백로 571-39 (용지면) 전북말산업복합센터,전북특별자치도 김제시,345471201800002,20260910,20260928,2026-09-10 16:42:45.0,http://openapi.animal.go.kr/openapi/service/rest/fileDownloadSrvc/files/shelter/2026/09/202609101609228.jpg|http://openapi.animal.go.kr/openapi/service/rest/fileDownloadSrvc/files/shelter/2026/09/202609101609343.jpg,images/445471202600341_0.jpg|images/445471202600341_1.jpg
445470202600935,전북-남원-2026-00436,보호중,20260910,주생면,개,믹스견,[개] 믹스견,흰색,2026(60일미만)(년생),1.5(Kg),M,N,해당없음,하나동물병원,063-634-7582,전북특별자치도 남원시 왕정동 67 ,전북특별자치도 남원시,345470201300002,20260910,20260921,2026-09-10 17:25:55.0,http://openapi.animal.go.kr/openapi/service/rest/fileDownloadSrvc/files/shelter/2026/09/202609101709813.jpg|http://openapi.animal.go.kr/openapi/service/rest/fileDownloadSrvc/files/shelter/2026/09/202609101709955[1].jpg,images/445470202600935_0.jpg|images/445470202600935_1.jpg
445470202600934,전북-남원-2026-00435,보호중,20260910,주생면,개,믹스견,[개] 믹스견,기타(믹스),2026(60일미만)(년생),1.5(Kg),F,N,해당없음,하나동물병원,063-634-7582,전북특별자치도 남원시 왕정동 67 ,전북특별자치도 남원시,345470201300002,20260910,20260921,2026-09-10 17:25:50.0,http://openapi.animal.go.kr/openapi/service/rest/fileDownloadSrvc/files/shelter/2026/09/202609101709932.jpg|http://openapi.animal.go.kr/openapi/service/rest/fileDownloadSrvc/files/shelter/2026/09/202609101709114[1].jpg,images/445470202600934_0.jpg|images/445470202600934_1.jpg
445468202602373,전북-익산-2026-01209,보호중,20260910,익산시 금마면 고도신촌길 10-5,개,믹스견,[개] 믹스견,갈색,2026(년생),4(Kg),F,N,생후 5개월정도된 삽살이 믹스이며 작고 이쁘게 생김,익산유기동물보호소,063-855-1214,전북특별자치도 익산시 삼기면 황금로 342-17  ,전북특별자치도 익산시,345468201200001,20260910,20260921,2026-09-10 15:08:44.0,http://openapi.animal.go.kr/openapi/service/rest/fileDownloadSrvc/files/shelter/2026/09/202609101409760[1].jpg|http://openapi.animal.go.kr/openapi/service/rest/fileDownloadSrvc/files/shelter/2026/09/202609101409804.jpg,images/445468202602373_0.jpg|images/445468202602373_1.jpg
445468202602372,전북-익산-2026-01208,보호중,20260910,익산시 금마면 고도신촌길 10-5,개,믹스견,[개] 믹스견,갈색,2024(년생),12(Kg),F,N,경계가심하고 사나운편임,익산유기동물보호소,063-855-1214,전북특별자치도 익산시 삼기면 황금로 342-17  ,전북특별자치도 익산시,345468201200001,20260910,20260921,2026-09-10 15:08:35.0,http://openapi.animal.go.kr/openapi/service/rest/fileDownloadSrvc/files/shelter/2026/09/202609101409920.jpg|http://openapi.animal.go.kr/openapi/service/rest/fileDownloadSrvc/files/shelter/2026/09/202609101409953[1].jpg,images/445468202602372_0.jpg|images/445468202602372_1.jpg
445468202602371,전북-익산-2026-01207,보호중,20260910,익산시 금마면 고도신촌길 10-5,개,믹스견,[개] 믹스견,검정색,2025(년생),11(Kg),F,N,경계가심하고 사나운편임,익산유기동물보호소,063-855-1214,전북특별자치도 익산시 삼기면 황금로 342-17  ,전북특별자치도 익산시,345468201200001,20260910,20260921,2026-09-10 15:08:28.0,http://openapi.animal.go.kr/openapi/service/rest/fileDownloadSrvc/files/shelter/2026/09/202609101409335[1].jpg|http://openapi.animal.go.kr/openapi/service/rest/fileDownloadSrvc/files/shelter/2026/09/202609101409389.jpg,images/445468202602371_0.jpg|images/445468202602371_1.jpg
445468202602370,전북-익산-2026-01206,보호중,20260910,익산시 금마면 고도신촌길 10-5,개,믹스견,[개] 믹스견,검정&흰색,2024(년생),12(Kg),M,N,경계가심함,익산유기동물보호소,063-855-1214,전북특별자치도 익산시 삼기면 황금로 342-17  ,전북특별자치도 익산시,345468201200001,20260910,20260921,2026-09-10 15:08:19.0,http://openapi.animal.go.kr/openapi/service/rest/fileDownloadSrvc/files/shelter/2026/09/202609101409941[1].jpg|http://openapi.animal.go.kr/openapi/service/rest/fileDownloadSrvc/files/shelter/2026/09/202609101409979[2].jpg,images/445468202602370_0.jpg|images/445468202602370_1.jpg
445468202602369,전북-익산-2026-01205,보호중,20260910,익산시 금마면 고도신촌길 10-5,개,믹스견,[개] 믹스견,검정색,2024(년생),12(Kg),M,N,경계가심하고 사나운편임 ,익산유기동물보호소,063-855-1214,전북특별자치도 익산시 삼기면 황금로 342-17  ,전북특별자치도 익산시,345468201200001,20260910,20260921,2026-09-10 15:08:08.0,http://openapi.animal.go.kr/openapi/service/rest/fileDownloadSrvc/files/shelter/2026/09/202609101409750.jpg|http://openapi.animal.go.kr/openapi/service/rest/fileDownloadSrvc/files/shelter/2026/09/202609101409783.jpg,images/445468202602369_0.jpg|images/445468202602369_1.jpg
445468202602368,전북-익산-2026-01204,보호중,20260910,익산시 금마면 고도신촌길 10-5,개,믹스견,[개] 믹스견,검정색,2026(60일미만)(년생),11(Kg),M,N,경계가심하고 사나운편임 ,익산유기동물보호소,063-855-1214,전북특별자치도 익산시 삼기면 황금로 342-17  ,전북특별자치도 익산시,345468201200001,20260910,20260921,2026-09-10 15:07:52.0,http://openapi.animal.go.kr/openapi/service/rest/fileDownloadSrvc/files/shelter/2026/09/202609101409677.jpg|http://openapi.animal.go.kr/openapi/service/rest/fileDownloadSrvc/files/shelter/2026/09/202609101409710[1].jpg,images/445468202602368_0.jpg|images/445468202602368_1.jpg
445464202602555,전북-전주-2026-00880,보호중,20260910,팔복동 전북은행,개,스피츠,[개] 스피츠,흰색,2023(년생),5.7(Kg),F,U,목줄+견인줄째 발견,프렌즈동물병원,063-227-4975,전라북도 전주시 완산구 삼천동1가 592-1,전북특별자치도 전주시,345464200900001,20260910,20260921,2026-09-10 23:50:31.0,http://openapi.animal.go.kr/openapi/service/rest/fileDownloadSrvc/files/shelter/2026/09/202609102309202.jpg|http://openapi.animal.go.kr/openapi/service/rest/fileDownloadSrvc/files/shelter/2026/09/202609102309274.jpg,images/445464202602555_0.jpg|images/445464202602555_1.jpg
445464202602554,전북-전주-2026-00879,보호중,20260910,안덕원로 251,개,믹스견,[개] 믹스견,갈색&검정,2023(년생),13.2(Kg),M,N,온순함,행복한동물병원,063-244-0090,전라북도 전주시 덕진구 인후동1가 806-6,전북특별자치도 전주시,345464201200001,20260910,20260921,2026-09-10 22:58:42.0,http://openapi.animal.go.kr/openapi/service/rest/fileDownloadSrvc/files/shelter/2026/09/202609102209793.jpg|http://openapi.animal.go.kr/openapi/service/rest/fileDownloadSrvc/files/shelter/2026/09/20260910220904.jpg,images/445464202602554_0.jpg|images/445464202602554_1.jpg
445464202602552,전북-전주-2026-00877,보호중,20260910,남부시장 조점례 피순대 식당 근방,개,믹스견,[개] 믹스견,크림색,2021(년생),7.5(Kg),M,N,목줄착용,박영재동물병원,063-284-7774,전라북도 전주시 완산구 전주천서로 111 (서서학동) ,전북특별자치도 전주시,345464201100001,20260910,20260921,2026-09-10 20:56:02.0,http://openapi.animal.go.kr/openapi/service/rest/fileDownloadSrvc/files/shelter/2026/09/202609102009386.jpg|http://openapi.animal.go.kr/openapi/service/rest/fileDownloadSrvc/files/shelter/2026/09/202609102009407.jpg,images/445464202602552_0.jpg|images/445464202602552_1.jpg
444568202600458,충남-당진-2026-00458,보호중,20260910,당진시 당진중앙3로 89 인근,개,믹스견,[개] 믹스견,검정 황갈색&흰색,2026(60일미만)(년생),1.50(Kg),M,U,"3개월,코로나 종합백신1차 완료,순함,치와와 믹스",당진시동물보호소,041-356-8210,충청남도 당진시 고대면 삼포길 180  ,충청남도 당진시,344568201700001,20260910,20260921,2026-09-11 09:45:24.0,http://openapi.animal.go.kr/openapi/service/rest/fileDownloadSrvc/files/shelter/2026/09/20260910160951.jpg|http://openapi.animal.go.kr/openapi/service/rest/fileDownloadSrvc/files/shelter/2026/09/202609101609152.jpg,images/444568202600458_0.jpg|images/444568202600458_1.jpg
444462202600597,충남-태안-2026-00348,보호중,20260910,백교길 68-8,개,믹스견,[개] 믹스견,옅은 황색,2022(년생),5(Kg),F,N,"순함,피부병으로 털빠짐 있음",최동물병원,041-672-0346,충청남도 태안군 태안읍 남문리 504-6,충청남도 태안군,344462200900001,20260910,20260921,2026-09-10 16:23:18.0,http://openapi.animal.go.kr/openapi/service/rest/fileDownloadSrvc/files/shelter/2026/09/202609101609713.jpg|http://openapi.animal.go.kr/openapi/service/rest/fileDownloadSrvc/files/shelter/2026/09/202609101609727.jpg,images/444462202600597_0.jpg|images/444462202600597_1.jpg
444462202600596,충남-태안-2026-00347,보호중,20260910,안면읍 창기리 2구 마을회관,개,믹스견,[개] 믹스견,흰색,2026(년생),4(Kg),F,N,순하고 귀여움,최동물병원,041-672-0346,충청남도 태안군 태안읍 남문리 504-6,충청남도 태안군,344462200900001,20260910,20260921,2026-09-10 16:23:18.0,http://openapi.animal.go.kr/openapi/service/rest/fileDownloadSrvc/files/shelter/2026/09/202609101609420.jpg|http://openapi.animal.go.kr/openapi/service/rest/fileDownloadSrvc/files/shelter/2026/09/202609101609435.jpg,images/444462202600596_0.jpg|images/444462202600596_1.jpg
444462202600595,충남-태안-2026-00346,보호중,20260910,안면읍 33-20,개,그레이 하운드,[개] 그레이 하운드,검정&황갈색,2024(년생),6(Kg),M,N,"순함,영양상태 불량",최동물병원,041-672-0346,충청남도 태안군 태안읍 남문리 504-6,충청남도 태안군,344462200900001,20260910,20260921,2026-09-10 16:23:17.0,http://openapi.animal.go.kr/openapi/service/rest/fileDownloadSrvc/files/shelter/2026/09/20260910160910.jpg|http://openapi.animal.go.kr/openapi/service/rest/fileDownloadSrvc/files/shelter/2026/09/20260910160928.jpg,images/444462202600595_0.jpg|images/444462202600595_1.jpg
444455202600427,충남-금산-2026-00153,보호중,20260910,남이면 고답길132-47,개,진도견,[개] 진도견,흰색,2023(년생),20(Kg),M,U,콧등이 살색이고 귀가 세워져있음,제일동물병원,041-751-3739,충청남도 금산군 금산읍 비단로 59  ,충청남도 금산군,344455202300001,20260910,20260921,2026-09-10 15:09:49.0,http://openapi.animal.go.kr/openapi/service/rest/fileDownloadSrvc/files/shelter/2026/09/202609101409451.jpg|http://openapi.animal.go.kr/openapi/service/rest/fileDownloadSrvc/files/shelter/2026/09/202609101409490.png,images/444455202600427_0.jpg|images/444455202600427_1.png
444455202600426,충남-금산-2026-00152,보호중,20260910,군북면 외부길91-8,개,진도견,[개] 진도견,붉고 엷은 황갈색,2023(년생),15(Kg),M,U,콧등이 검정색이고 귀는 서 있음,제일동물병원,041-751-3739,충청남도 금산군 금산읍 비단로 59  ,충청남도 금산군,344455202300001,20260910,20260921,2026-09-10 15:09:48.0,http://openapi.animal.go.kr/openapi/service/rest/fileDownloadSrvc/files/shelter/2026/09/202609101409508.png|http://openapi.animal.go.kr/openapi/service/rest/fileDownloadSrvc/files/shelter/2026/09/202609101409522.png,images/444455202600426_0.png|images/444455202600426_1.png
444453202600975,충남-서산-2026-00473,보호중,20260910,음암면 신장와룡정길 8-27,개,믹스견,[개] 믹스견,흰색,2023(년생),15.5(Kg),F,U,"순한 편, 겁 많음, 입소 당시 목줄 착용",서산시 동물보호센터,041-660-2040,충청남도 서산시 인지면 무학재1길 99  ,충청남도 서산시,344453202100003,20260910,20260921,2026-09-10 15:00:03.0,http://openapi.animal.go.kr/openapi/service/rest/fileDownloadSrvc/files/shelter/2026/09/202609101409289.jpg|http://openapi.animal.go.kr/openapi/service/rest/fileDownloadSrvc/files/shelter/2026/09/20260910140922.jpg,images/444453202600975_0.jpg|images/444453202600975_1.jpg
444449202601687,충남-천안-2026-00482,보호중,20260910, 동남구 풍세면 풍세산단로 290 (풍세한양수자인에코시티),개,믹스견,[개] 믹스견,갈색,2020(년생),7.8(Kg),M,N,"사람 좋아하고 순함, 빨간목줄 착용, 심장사상충 양성",천안시 동물보호센터,010-5913-5119,"충청남도 천안시 동남구 목천읍 충절로 577  문의전화 : 입양(010-5913-5119), 구조(010-4999-6119)",충청남도 천안시,344449202100001,20260910,20260921,2026-09-10 16:38:37.0,http://openapi.animal.go.kr/openapi/service/rest/fileDownloadSrvc/files/shelter/2026/09/202609101609826[2].jpg|http://openapi.animal.go.kr/openapi/service/rest/fileDownloadSrvc/files/shelter/2026/09/202609101609998.jpg,images/444449202601687_0.jpg|images/444449202601687_1.jpg
443571202601792,충북-청주-2026-00742,보호중,20260910,내수읍 은곡묵방길 22-36 ,개,믹스견,[개] 믹스견,갈색,2019(년생),15(Kg),M,N,"검정목줄 착용, 겁 조금 있으나 순함, 약간 말랐으나, 털이 반지르르한 아이",반려동물보호센터,043-201-2298,충청북도 청주시 흥덕구 강내면 서부로 411-23  청주시 반려동물 보호센터,충청북도 청주시,343571201600001,20260910,20260921,2026-09-10 13:48:34.0,http://openapi.animal.go.kr/openapi/service/rest/fileDownloadSrvc/files/shelter/2026/09/202609101309819.jpeg|http://openapi.animal.go.kr/openapi/service/rest/fileDownloadSrvc/files/shelter/2026/09/202609101309846.jpeg,images/443571202601792_0.jpeg|images/443571202601792_1.jpeg
442430202600154,강원-철원-2026-00154,보호중,20260910,강포리 성민카센터 부근,개,믹스견,[개] 믹스견,갈색&검정,2024(년생),13(Kg),M,U,사람을 경계하고 만지면 입질함,철원군,033-450-5394,강원도 철원군 동송읍 장흥로 311  ,강원특별자치도 철원군,342430201900001,20260910,20260921,2026-09-10 11:35:18.0,http://openapi.animal.go.kr/openapi/service/rest/fileDownloadSrvc/files/shelter/2026/09/202609101109756.jpg|http://openapi.animal.go.kr/openapi/service/rest/fileDownloadSrvc/files/shelter/2026/09/202609101109446.jpg,images/442430202600154_0.jpg|images/442430202600154_1.jpg
441416202600497,경기-가평-2026-00076,보호중,20260910,가평읍 용추로 단독주택 주변 배회,개,믹스견,[개] 믹스견,갈색,2023(년생),10(Kg),M,N,"가평읍 용추로 단독주택 주변 배회/목걸이,목줄 없음",가평군유기동물보호소,031-580-4794,"경기도 가평군 가평읍 아랫마장길 59 (가평읍, 농업기술센터) 가평 유기동물 보호소(10:00~18:00)",경기도 가평군,341416200900001,20260910,20260921,2026-09-10 09:48:15.0,http://openapi.animal.go.kr/openapi/service/rest/fileDownloadSrvc/files/shelter/2026/09/202609100909172.jpg|http://openapi.animal.go.kr/openapi/service/rest/fileDownloadSrvc/files/shelter/2026/09/202609100909742.jpg,images/441416202600497_0.jpg|images/441416202600497_1.jpg
441401202600889,경기-시흥-2026-00336,보호중,20260910,포동 221-1,개,믹스견,[개] 믹스견,흰색,2026(년생),10(Kg),M,N,"6개월령 추정,겁이 많은 쭈구리지만 천천히 대해주면 사람에게 기대는 아이",시흥동물누리보호센터,031-310-6945,경기도 시흥시 뒷방울길 218 (정왕동) ,경기도 시흥시,341401202200001,20260910,20260921,2026-09-10 14:46:47.0,http://openapi.animal.go.kr/openapi/service/rest/fileDownloadSrvc/files/shelter/2026/09/202609101409281.jpg|http://openapi.animal.go.kr/openapi/service/rest/fileDownloadSrvc/files/shelter/2026/09/202609101409302[1].jpg,images/441401202600889_0.jpg|images/441401202600889_1.jpg
441401202600887,경기-시흥-2026-00334,보호중,20260910,도창동211-2 부근,개,믹스견,[개] 믹스견,기타(크림),2022(년생),18(Kg),M,N,"겁이 있어 적응시간이 필요한 아이, 구조당시 목줄 착용, 안구파열 상태로 입소",시흥동물누리보호센터,031-310-6945,경기도 시흥시 뒷방울길 218 (정왕동) ,경기도 시흥시,341401202200001,20260910,20260921,2026-09-10 09:43:51.0,http://openapi.animal.go.kr/openapi/service/rest/fileDownloadSrvc/files/shelter/2026/09/202609100909612.jpg|http://openapi.animal.go.kr/openapi/service/rest/fileDownloadSrvc/files/shelter/2026/09/202609100909642.jpg,images/441401202600887_0.jpg|images/441401202600887_1.jpg
441400202600299,경기-오산-2026-00110,보호중,20260910,오산소방서,개,푸들,[개] 푸들,엷은 황갈색&흰색,2018(년생),4.6(Kg),M,Y,"목줄,목걸이없음",오산 유기동물보호소,031-372-9325,경기도 오산시 성호대로 36 (오산동) ,경기도 오산시,341400200900001,20260910,20260921,2026-09-10 11:17:53.0,http://openapi.animal.go.kr/openapi/service/rest/fileDownloadSrvc/files/shelter/2026/09/202609101109962[1].jpg|http://openapi.animal.go.kr/openapi/service/rest/fileDownloadSrvc/files/shelter/2026/09/20260910110926.jpg,images/441400202600299_0.jpg|images/441400202600299_1.jpg
441399202601488,경기-남양주-2026-00389,보호중,20260910,화도읍수레로1120번길46,개,믹스견,[개] 믹스견,흰색,2021(년생),24(Kg),M,N,착하고 사람 손길을 잘 따름,남양주시동물보호센터,031-590-2785,경기도 남양주시 경강로163번길 32-27 (이패동) ,경기도 남양주시,341399202200002,20260910,20260921,2026-09-10 14:36:19.0,http://openapi.animal.go.kr/openapi/service/rest/fileDownloadSrvc/files/shelter/2026/09/202609101409498.png|http://openapi.animal.go.kr/openapi/service/rest/fileDownloadSrvc/files/shelter/2026/09/202609101409530.png,images/441399202601488_0.png|images/441399202601488_1.png
441399202601487,경기-남양주-2026-00388,보호중,20260910,화도지구대,개,믹스견,[개] 믹스견,흰색,2026(년생),6.8(Kg),M,N,착하고 사람 손길을 잘 따름,남양주시동물보호센터,031-590-2785,경기도 남양주시 경강로163번길 32-27 (이패동) ,경기도 남양주시,341399202200002,20260910,20260921,2026-09-10 14:36:10.0,http://openapi.animal.go.kr/openapi/service/rest/fileDownloadSrvc/files/shelter/2026/09/202609101409614.png|http://openapi.animal.go.kr/openapi/service/rest/fileDownloadSrvc/files/shelter/2026/09/202609101409641.png,images/441399202601487_0.png|images/441399202601487_1.png
441394202601614,경기-고양-2026-00547,보호중,20260910,효자동 218-1 부근,개,믹스견,[개] 믹스견,흑갈색,2026(년생),3.1(Kg),F,N,강아지,고양시동물보호센터,031-962-3232,"경기도 고양시 덕양구 고양대로 1695 (원흥동, 고양시 농업기술센터) 고양시동물보호센터",경기도 고양시,341394201400001,20260910,20260921,2026-09-10 13:51:33.0,http://openapi.animal.go.kr/openapi/service/rest/fileDownloadSrvc/files/shelter/2026/09/202609101109850.jpg|http://openapi.animal.go.kr/openapi/service/rest/fileDownloadSrvc/files/shelter/2026/09/202609101109962.jpg,images/441394202601614_0.jpg|images/441394202601614_1.jpg
441393202601141,경기-안산-2026-00658,보호중,20260910,고잔119안전센터에서 인수,개,퍼그,[개] 퍼그,기타(흑),2024(년생),6(Kg),F,U,"피부병심함,탈수심함,부정교합",한국야생동물보호협회,031-296-0124,경기도 안산시 상록구 청곡길 50 (부곡동) 안산시 상록구 부곡동 231-5,경기도 안산시,341393200900001,20260910,20260921,2026-09-10 17:30:04.0,http://openapi.animal.go.kr/openapi/service/rest/fileDownloadSrvc/files/shelter/2026/09/202609101709925.jpg|http://openapi.animal.go.kr/openapi/service/rest/fileDownloadSrvc/files/shelter/2026/09/202609101709945[2].jpg,images/441393202601141_0.jpg|images/441393202601141_1.jpg
441378202601184,경기-성남-2026-00473,보호중,20260910,태평동5184-1,개,믹스견,[개] 믹스견,흰색,2017(년생),11.38(Kg),F,U,"유선종양, 치석 심함.",펫앤쉘터동물병원,031-714-8392,"경기도 성남시 분당구 불정로 266 (수내동, 유신제일조합) ",경기도 성남시,341378201300002,20260910,20260921,2026-09-10 18:11:09.0,http://openapi.animal.go.kr/openapi/service/rest/fileDownloadSrvc/files/shelter/2026/09/202609101809275.jpg|http://openapi.animal.go.kr/openapi/service/rest/fileDownloadSrvc/files/shelter/2026/09/202609101809308.jpg,images/441378202601184_0.jpg|images/441378202601184_1.jpg
441374202601138,경기-수원-2026-00457,보호중,20260910,팔달구 경수대로446번길 48(인계동),개,페키니즈,[개] 페키니즈,기타(검은색),2019(년생),1.80(Kg),F,U,내장형 무선식별장치 있음,수원시 동물보호센터,031-5191-3557,"경기도 수원시 영통구 광교호수로 234 (하동, 수원시 동물보호센터) 하동 40-10",경기도 수원시,341374202000001,20260910,20260921,2026-09-10 16:38:53.0,http://openapi.animal.go.kr/openapi/service/rest/fileDownloadSrvc/files/shelter/2026/09/202609101609487.jpg|http://openapi.animal.go.kr/openapi/service/rest/fileDownloadSrvc/files/shelter/2026/09/202609101609516[1].jpg,images/441374202601138_0.jpg|images/441374202601138_1.jpg
428357202601421,인천-강화-2026-00470,보호중,20260910,안골길 27-25 부근,개,믹스견,[개] 믹스견,흰색,2026(60일미만)(년생),3.84(Kg),M,N,"생후 60일 추정, 8일 구조견 자견",베스트동물병원,032-934-9340,"인천광역시 강화군 강화읍 강화대로 217 (강화읍, 린나이보일러) ",인천광역시 강화군,328357200900001,20260910,20260921,2026-09-10 19:16:23.0,http://openapi.animal.go.kr/openapi/service/rest/fileDownloadSrvc/files/shelter/2026/09/202609101909691.jpg|http://openapi.animal.go.kr/openapi/service/rest/fileDownloadSrvc/files/shelter/2026/09/202609101909766.jpg,images/428357202601421_0.jpg|images/428357202601421_1.jpg
428356202601140,인천-서해-2026-00117,보호중,20260910,청라동 192-2,개,믹스견,[개] 믹스견,검정&흰색,2021(년생),4.5(Kg),M,N,"엄청 소심함,맑은 눈망울,귀엽고 잘생김,조심스럽게 다가가야함,친해지길바래",가정동물병원,032-575-0833,인천광역시 서구 가정로 346 (가정동) ,인천광역시 서해구,328356201000001,20260910,20260921,2026-09-10 12:07:39.0,http://openapi.animal.go.kr/openapi/service/rest/fileDownloadSrvc/files/shelter/2026/09/202609101009632.jpg|http://openapi.animal.go.kr/openapi/service/rest/fileDownloadSrvc/files/shelter/2026/09/202609101009899.jpg,images/428356202601140_0.jpg|images/428356202601140_1.jpg
427348202600882,대구-달성-2026-00380,보호중,20260910,하빈면 동곡리 10-1,개,믹스견,[개] 믹스견,갈색&검정,2026(60일미만)(년생),0.5(Kg),F,N,생후 1주일령 추정,119동물병원,070-8028-1195,대구광역시 달성군 다사읍 달구벌대로 893 (다사읍) ,대구광역시 달성군,327348201700002,20260910,20260921,2026-09-10 18:09:43.0,http://openapi.animal.go.kr/openapi/service/rest/fileDownloadSrvc/files/shelter/2026/09/202609101409803.jpg|http://openapi.animal.go.kr/openapi/service/rest/fileDownloadSrvc/files/shelter/2026/09/202609101409844.jpg,images/427348202600882_0.jpg|images/427348202600882_1.jpg
427348202600881,대구-달성-2026-00379,보호중,20260910,하빈면 동곡리 10-1,개,믹스견,[개] 믹스견,갈색&검정,2026(60일미만)(년생),0.5(Kg),F,N,생후 1주일령 추정,119동물병원,070-8028-1195,대구광역시 달성군 다사읍 달구벌대로 893 (다사읍) ,대구광역시 달성군,327348201700002,20260910,20260921,2026-09-10 18:09:34.0,http://openapi.animal.go.kr/openapi/service/rest/fileDownloadSrvc/files/shelter/2026/09/202609101409138.jpg|http://openapi.animal.go.kr/openapi/service/rest/fileDownloadSrvc/files/shelter/2026/09/202609101409176.jpg,images/427348202600881_0.jpg|images/427348202600881_1.jpg
427348202600880,대구-달성-2026-00378,보호중,20260910,하빈면 동곡리 10-1,개,믹스견,[개] 믹스견,검정색,2026(60일미만)(년생),0.5(Kg),F,N,생후 1주일령 추정,119동물병원,070-8028-1195,대구광역시 달성군 다사읍 달구벌대로 893 (다사읍) ,대구광역시 달성군,327348201700002,20260910,20260921,2026-09-10 18:09:26.0,http://openapi.animal.go.kr/openapi/service/rest/fileDownloadSrvc/files/shelter/2026/09/202609101409941.jpg|http://openapi.animal.go.kr/openapi/service/rest/fileDownloadSrvc/files/shelter/2026/09/202609101409979.jpg,images/427348202600880_0.jpg|images/427348202600880_1.jpg
427348202600879,대구-달성-2026-00377,보호중,20260910,하빈면 동곡리 10-1,개,믹스견,[개] 믹스견,검정색,2026(60일미만)(년생),0.5(Kg),M,N,생후 1주일령 추정,119동물병원,070-8028-1195,대구광역시 달성군 다사읍 달구벌대로 893 (다사읍) ,대구광역시 달성군,327348201700002,20260910,20260921,2026-09-10 18:09:16.0,http://openapi.animal.go.kr/openapi/service/rest/fileDownloadSrvc/files/shelter/2026/09/202609101409285.jpg|http://openapi.animal.go.kr/openapi/service/rest/fileDownloadSrvc/files/shelter/2026/09/202609101409327.jpg,images/427348202600879_0.jpg|images/427348202600879_1.jpg
427343202600867,대구-서구-2026-00510,보호중,20260910,서대구로3길 74-4,개,믹스견,[개] 믹스견,흰색,2021(년생),10.5(Kg),M,N,집에서 미용한흔적,대구시수의사회(삼성),053-556-8575,대구광역시 서구 서대구로 24 (내당동) ,대구광역시 서구,327343201500001,20260910,20260921,2026-09-10 11:18:41.0,http://openapi.animal.go.kr/openapi/service/rest/fileDownloadSrvc/files/shelter/2026/09/202609101109613.jpg|http://openapi.animal.go.kr/openapi/service/rest/fileDownloadSrvc/files/shelter/2026/09/202609101109672.jpg,images/427343202600867_0.jpg|images/427343202600867_1.jpg
426336202600561,부산-강서-2026-00386,보호중,20260910,명동지구산업단지 공사장,개,믹스견,[개] 믹스견,흰색,2024(년생),13(Kg),F,U,"들개서식지에서구조,경계심과공격성이있음,진드기도포,강서1-228",부산동물보호센터,051-832-7119,부산광역시 강서구 맥도강변길 752-15 (대저2동) ,부산광역시 강서구,326336202500001,20260910,20260921,2026-09-10 08:49:20.0,http://openapi.animal.go.kr/openapi/service/rest/fileDownloadSrvc/files/shelter/2026/09/202609100809466.jpg|http://openapi.animal.go.kr/openapi/service/rest/fileDownloadSrvc/files/shelter/2026/09/202609100809539.jpg,images/426336202600561_0.jpg|images/426336202600561_1.jpg
426336202600560,부산-강서-2026-00385,보호중,20260910,명동지구산업단지 공사장,개,믹스견,[개] 믹스견,크림색,2026(60일미만)(년생),13(Kg),F,U,"들개서식지에서구조,경계심과공격성이있음,진드기도포,강서1-228",부산동물보호센터,051-832-7119,부산광역시 강서구 맥도강변길 752-15 (대저2동) ,부산광역시 강서구,326336202500001,20260910,20260921,2026-09-10 08:49:19.0,http://openapi.animal.go.kr/openapi/service/rest/fileDownloadSrvc/files/shelter/2026/09/202609100809736.jpg|http://openapi.animal.go.kr/openapi/service/rest/fileDownloadSrvc/files/shelter/2026/09/202609100809820.jpg,images/426336202600560_0.jpg|images/426336202600560_1.jpg
426336202600559,부산-강서-2026-00384,보호중,20260910,명동지구산업단지 공사장,개,믹스견,[개] 믹스견,노란색,2024(년생),13(Kg),M,U,"들개서식지에서구조,경계심과공격성이있음,진드기도포,강서1-227",부산동물보호센터,051-832-7119,부산광역시 강서구 맥도강변길 752-15 (대저2동) ,부산광역시 강서구,326336202500001,20260910,20260921,2026-09-10 08:49:19.0,http://openapi.animal.go.kr/openapi/service/rest/fileDownloadSrvc/files/shelter/2026/09/202609100809771.jpg|http://openapi.animal.go.kr/openapi/service/rest/fileDownloadSrvc/files/shelter/2026/09/202609100809843.jpg,images/426336202600559_0.jpg|images/426336202600559_1.jpg
426336202600558,부산-강서-2026-00383,보호중,20260910,명동지구산업단지 공사장,개,믹스견,[개] 믹스견,흰색,2024(년생),11(Kg),M,U,"들개서식지에서구조,경계심과공격성이있음,진드기도포,강서1-226",부산동물보호센터,051-832-7119,부산광역시 강서구 맥도강변길 752-15 (대저2동) ,부산광역시 강서구,326336202500001,20260910,20260921,2026-09-10 08:49:19.0,http://openapi.animal.go.kr/openapi/service/rest/fileDownloadSrvc/files/shelter/2026/09/202609100809329.jpg|http://openapi.animal.go.kr/openapi/service/rest/fileDownloadSrvc/files/shelter/2026/09/202609100809415.jpg,images/426336202600558_0.jpg|images/426336202600558_1.jpg
413590202600248,광주-진도-2026-00016,보호중,20260910,진도읍 동외1길6-9,개,믹스견,[개] 믹스견,황갈색,2023(년생),17(Kg),F,U,"목줄이없고, 엄청 사나움 (들개)",진도군임시보호소,061-540-6326,전라남도 진도군 진도읍 성죽골길 30  ,전남광주통합특별시 진도군,346500202400002,20260910,20260921,2026-09-10 10:57:14.0,http://openapi.animal.go.kr/openapi/service/rest/fileDownloadSrvc/files/shelter/2026/09/202609101009253.jpg|http://openapi.animal.go.kr/openapi/service/rest/fileDownloadSrvc/files/shelter/2026/09/202609101009276.jpg,images/413590202600248_0.jpg|images/413590202600248_1.jpg
413588202600326,광주-함평-2026-00086,보호중,20260910,함평군 119 동물구조대,개,믹스견,[개] 믹스견,흰색,2024(년생),12...00(Kg),F,U,경계심,학교임시동물보호센터,010-5649-3435,전라남도 함평군 학교면 송산길 84 (학교면) 월산리 806-1 ,전남광주통합특별시 함평군,346496201800001,20260910,20260928,2026-09-10 07:02:14.0,http://openapi.animal.go.kr/openapi/service/rest/fileDownloadSrvc/files/shelter/2026/09/202609100709808.jpg|http://openapi.animal.go.kr/openapi/service/rest/fileDownloadSrvc/files/shelter/2026/09/202609100709556.jpg,images/413588202600326_0.jpg|images/413588202600326_1.jpg
413585202600161,광주-보성-2026-00058,보호중,20260910,조성면 감동길 51,개,믹스견,[개] 믹스견,흰색&황갈색,2023(년생),6.1(Kg),F,N,온순함,보성유기동물보호센터,061-853-5405,전라남도 보성군 노동면 노동천동길 221  ,전남광주통합특별시 보성군,346489202000001,20260910,20260921,2026-09-10 16:51:40.0,http://openapi.animal.go.kr/openapi/service/rest/fileDownloadSrvc/files/shelter/2026/09/202609101609711.jpg|http://openapi.animal.go.kr/openapi/service/rest/fileDownloadSrvc/files/shelter/2026/09/20260910160933.jpg,images/413585202600161_0.jpg|images/413585202600161_1.jpg
413585202600160,광주-보성-2026-00057,보호중,20260910,회천면 객산길 30,개,믹스견,[개] 믹스견,흰색&황갈색,2023(년생),6.3(Kg),F,N,온순함 ,보성유기동물보호센터,061-853-5405,전라남도 보성군 노동면 노동천동길 221  ,전남광주통합특별시 보성군,346489202000001,20260910,20260921,2026-09-10 16:51:33.0,http://openapi.animal.go.kr/openapi/service/rest/fileDownloadSrvc/files/shelter/2026/09/202609101609430.jpg|http://openapi.animal.go.kr/openapi/service/rest/fileDownloadSrvc/files/shelter/2026/09/202609101609782.jpg,images/413585202600160_0.jpg|images/413585202600160_1.jpg
413583202600555,광주-담양-2026-00063,보호중,20260910,대전면 행정길26-20,개,믹스견,[개] 믹스견,검정&흰색,2026(60일미만)(년생),1.5(Kg),F,N,"알칼짐,목덜미 흰색반점,종합+코로나 백신접종,진드기+심장사상충예방약 복용",담양군 동물보호센터,061-380-2734,전라남도 담양군 무정면 무정로 756  동물보호센터,전남광주통합특별시 담양군,346485202600001,20260910,20260928,2026-09-10 16:43:12.0,http://openapi.animal.go.kr/openapi/service/rest/fileDownloadSrvc/files/shelter/2026/09/202609101609937.jpg|http://openapi.animal.go.kr/openapi/service/rest/fileDownloadSrvc/files/shelter/2026/09/202609101609952.jpg,images/413583202600555_0.jpg|images/413583202600555_1.jpg
413583202600554,광주-담양-2026-00062,보호중,20260910,대전면 행정길26-20,개,믹스견,[개] 믹스견,검정&흰색,2026(60일미만)(년생),1.5(Kg),M,N,"알칼짐,종합+코로나 백신접종,진드기+심장사상충예방약 복용",담양군 동물보호센터,061-380-2734,전라남도 담양군 무정면 무정로 756  동물보호센터,전남광주통합특별시 담양군,346485202600001,20260910,20260928,2026-09-10 16:50:21.0,http://openapi.animal.go.kr/openapi/service/rest/fileDownloadSrvc/files/shelter/2026/09/202609101609434.jpg|http://openapi.animal.go.kr/openapi/service/rest/fileDownloadSrvc/files/shelter/2026/09/202609101609446[1].jpg,images/413583202600554_0.jpg|images/413583202600554_1.jpg
413583202600553,광주-담양-2026-00061,보호중,20260910,대전면 행정길26-20,개,믹스견,[개] 믹스견,검정&흰색,2026(60일미만)(년생),1.5(Kg),M,N,"알칼짐,종합+코로나 백신접종,진드기+심장사상충예방약 복용",담양군 동물보호센터,061-380-2734,전라남도 담양군 무정면 무정로 756  동물보호센터,전남광주통합특별시 담양군,346485202600001,20260910,20260928,2026-09-10 16:49:59.0,http://openapi.animal.go.kr/openapi/service/rest/fileDownloadSrvc/files/shelter/2026/09/202609101609696.jpg|http://openapi.animal.go.kr/openapi/service/rest/fileDownloadSrvc/files/shelter/2026/09/202609101609706.jpg,images/413583202600553_0.jpg|images/413583202600553_1.jpg
413580202600641,광주-광양-2026-00088,보호중,20260910,다압면 느랭이골 주변,개,믹스견,[개] 믹스견,갈색,2024(년생),6(Kg),M,N,믹스 갈색 수컷 2살추정,광양시 임시보호소,061-797-3386,전라남도 광양시 봉강면 인덕로 1169-20 (봉강면) 지곡리 864-24,전남광주통합특별시 광양시,346484201900001,20260910,20260921,2026-09-10 19:27:15.0,http://openapi.animal.go.kr/openapi/service/rest/fileDownloadSrvc/files/shelter/2026/09/202609101909750.jpg|http://openapi.animal.go.kr/openapi/service/rest/fileDownloadSrvc/files/shelter/2026/09/202609101909763.jpg,images/413580202600641_0.jpg|images/413580202600641_1.jpg
413580202600640,광주-광양-2026-00087,보호중,20260910,다압면 느랭이골 주변,개,믹스견,[개] 믹스견,검정색,2026(년생),6(Kg),F,N,믹스 검정 암컷 10개월추정,광양시 임시보호소,061-797-3386,전라남도 광양시 봉강면 인덕로 1169-20 (봉강면) 지곡리 864-24,전남광주통합특별시 광양시,346484201900001,20260910,20260921,2026-09-10 19:27:15.0,http://openapi.animal.go.kr/openapi/service/rest/fileDownloadSrvc/files/shelter/2026/09/202609101909400.jpg|http://openapi.animal.go.kr/openapi/service/rest/fileDownloadSrvc/files/shelter/2026/09/202609101909416.jpg,images/413580202600640_0.jpg|images/413580202600640_1.jpg
413579202601414,광주-나주-2026-00357,보호중,20260910,나주시공산면동촌리120묘지,개,믹스견,[개] 믹스견,갈색&흰색,2026(60일미만)(년생),1.4(Kg),M,N,묘지옆컨테이너아래7마리분만하여기름 구조 생후50일정도로보임,나주유기동물보호센터,010-2331-7377,전라남도 나주시 산포면 내기3길 71-43 [*미고시] ,전남광주통합특별시 나주시,346483202100001,20260910,20260921,2026-09-10 15:50:59.0,http://openapi.animal.go.kr/openapi/service/rest/fileDownloadSrvc/files/shelter/2026/09/20260910150953.jpg|http://openapi.animal.go.kr/openapi/service/rest/fileDownloadSrvc/files/shelter/2026/09/202609101509573[1].jpg,images/413579202601414_0.jpg|images/413579202601414_1.jpg
413579202601413,광주-나주-2026-00356,보호중,20260910,나주시다시면가운가동길25-30,개,믹스견,[개] 믹스견,흰색,2020(년생),15(Kg),F,N,성견들이돌아다니면서 염소위협함 포획틀에구조,나주유기동물보호센터,010-2331-7377,전라남도 나주시 산포면 내기3길 71-43 [*미고시] ,전남광주통합특별시 나주시,346483202100001,20260910,20260921,2026-09-10 15:50:59.0,http://openapi.animal.go.kr/openapi/service/rest/fileDownloadSrvc/files/shelter/2026/09/202609101509303.jpg|http://openapi.animal.go.kr/openapi/service/rest/fileDownloadSrvc/files/shelter/2026/09/202609101509331.jpg,images/413579202601413_0.jpg|images/413579202601413_1.jpg
413578202601727,광주-목포-2026-00106,보호중,20260910,솔튼병원솔부근(16:00),개,푸들,[개] 푸들,갈색,2016(년생),3.3(Kg),F,N,"백내장의심되는 노령견,목줄없이 배회",목포시유기동물보호소,010-9678-9966,전라남도 무안군 삼향읍 석매길 36  ,전남광주통합특별시 목포시,346480201000001,20260910,20260921,2026-09-10 20:23:38.0,http://openapi.animal.go.kr/openapi/service/rest/fileDownloadSrvc/files/shelter/2026/09/202609102009380.jpg|http://openapi.animal.go.kr/openapi/service/rest/fileDownloadSrvc/files/shelter/2026/09/202609102009451.jpg,images/413578202601727_0.jpg|images/413578202601727_1.jpg
411310202600535,서울-노원-2026-00135,보호중,20260910,노원구 상계동,개,믹스견,[개] 믹스견,흰색,2024(년생),5.84(Kg),M,Y,"순함, 사람좋아함, 미용함",노원반려동물문화센터,02-933-8500,"서울특별시 노원구 수락산로 258 (상계동, 호성빌딩) 1층",서울특별시 노원구,311310202000004,20260910,20260918,2026-09-10 19:28:36.0,http://openapi.animal.go.kr/openapi/service/rest/fileDownloadSrvc/files/shelter/2026/09/202609101909545.jpg|http://openapi.animal.go.kr/openapi/service/rest/fileDownloadSrvc/files/shelter/2026/09/202609101909947[1].jpg,images/411310202600535_0.jpg|images/411310202600535_1.jpg
428356202601147,인천-서해-2026-00124,보호중,20260909,경중로 20 (청라로데오시티 포레안 오피스텔),개,말티즈,[개] 말티즈,흰색,2025(년생),4(Kg),F,U,"오피스텔유기,전신털엉킴(미용예정),순둥순둥,애교한가득,사랑스러움",쉼터동물병원,032-721-8559,인천광역시 서구 가현산로23번길 36 (마전동) 4번지,인천광역시 서해구,328356202690004,20260911,20260921,2026-09-13 14:22:13.0,http://openapi.animal.go.kr/openapi/service/rest/fileDownloadSrvc/files/shelter/2026/09/20260910210979.jpg|http://openapi.animal.go.kr/openapi/service/rest/fileDownloadSrvc/files/shelter/2026/09/202609102109714.jpg,images/428356202601147_0.jpg|images/428356202601147_1.jpg
413589202600258,광주-장성-2026-00045,보호중,20260909,북이면 모현1길,개,믹스견,[개] 믹스견,크림색,2026(년생),3.5(Kg),M,N,"유아견(4개월추정),활발하고 호기심이 많음",장성군동물보호센터,061-390-8422,전라남도 장성군 삼계면 능성로 382-31  0,전남광주통합특별시 장성군,346498202000001,20260911,20260921,2026-09-11 10:44:33.0,http://openapi.animal.go.kr/openapi/service/rest/fileDownloadSrvc/files/shelter/2026/09/202609111009977.jpg|http://openapi.animal.go.kr/openapi/service/rest/fileDownloadSrvc/files/shelter/2026/09/202609111009996.jpg,images/413589202600258_0.jpg|images/413589202600258_1.jpg
413589202600257,광주-장성-2026-00044,보호중,20260909,북이면 모현1길,개,믹스견,[개] 믹스견,크림색,2026(년생),3.5(Kg),F,N,"유아견(4개월추정),소심하고 겁이많음, 매력적인 작은눈",장성군동물보호센터,061-390-8422,전라남도 장성군 삼계면 능성로 382-31  0,전남광주통합특별시 장성군,346498202000001,20260911,20260921,2026-09-11 10:44:33.0,http://openapi.animal.go.kr/openapi/service/rest/fileDownloadSrvc/files/shelter/2026/09/202609111009419.jpg|http://openapi.animal.go.kr/openapi/service/rest/fileDownloadSrvc/files/shelter/2026/09/202609111009444.jpg,images/413589202600257_0.jpg|images/413589202600257_1.jpg
413589202600256,광주-장성-2026-00043,보호중,20260909,북이면 모현1길,개,믹스견,[개] 믹스견,크림색,2026(년생),3.5(Kg),F,N,"유아견(4개월추청), 겁이 많지만 호기심 대마왕",장성군동물보호센터,061-390-8422,전라남도 장성군 삼계면 능성로 382-31  0,전남광주통합특별시 장성군,346498202000001,20260911,20260921,2026-09-11 10:44:33.0,http://openapi.animal.go.kr/openapi/service/rest/fileDownloadSrvc/files/shelter/2026/09/202609111009319.png|http://openapi.animal.go.kr/openapi/service/rest/fileDownloadSrvc/files/shelter/2026/09/202609111009356.jpg,images/413589202600256_0.png|images/413589202600256_1.jpg
413589202600255,광주-장성-2026-00042,보호중,20260909,북이면 모현1길,개,믹스견,[개] 믹스견,흰색,2024(년생),11(Kg),F,N,"사람을 조금 경계하는편이지만, 활발한 성격",장성군동물보호센터,061-390-8422,전라남도 장성군 삼계면 능성로 382-31  0,전남광주통합특별시 장성군,346498202000001,20260911,20260921,2026-09-11 10:44:33.0,http://openapi.animal.go.kr/openapi/service/rest/fileDownloadSrvc/files/shelter/2026/09/202609111009972.jpg|http://openapi.animal.go.kr/openapi/service/rest/fileDownloadSrvc/files/shelter/2026/09/202609111009997.jpg,images/413589202600255_0.jpg|images/413589202600255_1.jpg
413589202600254,광주-장성-2026-00041,보호중,20260909,북이면 모현1길,개,믹스견,[개] 믹스견,크림색,2022(년생),13(Kg),F,N,"조용하고 소심한 성격, 기운이 조금 없어보이나 식욕 양호",장성군동물보호센터,061-390-8422,전라남도 장성군 삼계면 능성로 382-31  0,전남광주통합특별시 장성군,346498202000001,20260911,20260921,2026-09-11 10:44:33.0,http://openapi.animal.go.kr/openapi/service/rest/fileDownloadSrvc/files/shelter/2026/09/202609111009533.jpg|http://openapi.animal.go.kr/openapi/service/rest/fileDownloadSrvc/files/shelter/2026/09/202609111009553.jpg,images/413589202600254_0.jpg|images/413589202600254_1.jpg
450650202602171,제주-제주-2026-02095,보호중,20260909,서귀포시 색달동 색달중앙로162 야크마을입구 굴다리,개,믹스견,[개] 믹스견,흰색,2024(년생),17.1(Kg),M,N,개체관리번호 1686 ,제주 동물보호센터,064-710-4065,제주특별자치도 제주시 첨단동길 184-14 (용강동) ,제주특별자치도,350650201200001,20260910,20260921,2026-09-10 09:24:27.0,http://openapi.animal.go.kr/openapi/service/rest/fileDownloadSrvc/files/shelter/2026/09/202609100909882.jpg|http://openapi.animal.go.kr/openapi/service/rest/fileDownloadSrvc/files/shelter/2026/09/202609100909901.jpg,images/450650202602171_0.jpg|images/450650202602171_1.jpg
450650202602170,제주-제주-2026-02094,보호중,20260909,서귀포시 성산읍 섭지코지로26번길27,개,믹스견,[개] 믹스견,흰색,2020(년생),13.3(Kg),F,U,개체관리번호 1685,제주 동물보호센터,064-710-4065,제주특별자치도 제주시 첨단동길 184-14 (용강동) ,제주특별자치도,350650201200001,20260910,20260921,2026-09-10 09:24:26.0,http://openapi.animal.go.kr/openapi/service/rest/fileDownloadSrvc/files/shelter/2026/09/202609100909159.jpg|http://openapi.animal.go.kr/openapi/service/rest/fileDownloadSrvc/files/shelter/2026/09/202609100909173.jpg,images/450650202602170_0.jpg|images/450650202602170_1.jpg
450650202602169,제주-제주-2026-02093,보호중,20260909,서귀포시 남원읍 위미리1562,개,믹스견,[개] 믹스견,갈색,2026(년생),3.1(Kg),F,N,개체관리번호 1684 - 3개월,제주 동물보호센터,064-710-4065,제주특별자치도 제주시 첨단동길 184-14 (용강동) ,제주특별자치도,350650201200001,20260910,20260921,2026-09-10 09:24:26.0,http://openapi.animal.go.kr/openapi/service/rest/fileDownloadSrvc/files/shelter/2026/09/202609100909199.jpg|http://openapi.animal.go.kr/openapi/service/rest/fileDownloadSrvc/files/shelter/2026/09/202609100909211.jpg,images/450650202602169_0.jpg|images/450650202602169_1.jpg
450650202602168,제주-제주-2026-02092,보호중,20260909,제주시 한림읍 귀덕6길209,개,믹스견,[개] 믹스견,흰색,2026(60일미만)(년생),1(Kg),F,N,개체관리번호 1683 - 3주차,제주 동물보호센터,064-710-4065,제주특별자치도 제주시 첨단동길 184-14 (용강동) ,제주특별자치도,350650201200001,20260910,20260921,2026-09-10 09:24:26.0,http://openapi.animal.go.kr/openapi/service/rest/fileDownloadSrvc/files/shelter/2026/09/20260910090936.jpg|http://openapi.animal.go.kr/openapi/service/rest/fileDownloadSrvc/files/shelter/2026/09/20260910090950.jpg,images/450650202602168_0.jpg|images/450650202602168_1.jpg
450650202602167,제주-제주-2026-02091,보호중,20260909,제주시 한림읍 귀덕6길209,개,믹스견,[개] 믹스견,흰색,2026(60일미만)(년생),1.3(Kg),F,N,개체관리번호 1682 - 3주차,제주 동물보호센터,064-710-4065,제주특별자치도 제주시 첨단동길 184-14 (용강동) ,제주특별자치도,350650201200001,20260910,20260921,2026-09-10 09:24:26.0,http://openapi.animal.go.kr/openapi/service/rest/fileDownloadSrvc/files/shelter/2026/09/202609100909218.jpg|http://openapi.animal.go.kr/openapi/service/rest/fileDownloadSrvc/files/shelter/2026/09/202609100909231[1].jpg,images/450650202602167_0.jpg|images/450650202602167_1.jpg
450650202602166,제주-제주-2026-02090,보호중,20260909,제주시 한림읍 귀덕6길209,개,믹스견,[개] 믹스견,흰색,2026(60일미만)(년생),1.2(Kg),F,N,개체관리번호 1681 - 3주차,제주 동물보호센터,064-710-4065,제주특별자치도 제주시 첨단동길 184-14 (용강동) ,제주특별자치도,350650201200001,20260910,20260921,2026-09-10 09:24:25.0,http://openapi.animal.go.kr/openapi/service/rest/fileDownloadSrvc/files/shelter/2026/09/202609100909953.jpg|http://openapi.animal.go.kr/openapi/service/rest/fileDownloadSrvc/files/shelter/2026/09/202609100909967.jpg,images/450650202602166_0.jpg|images/450650202602166_1.jpg
450650202602165,제주-제주-2026-02089,보호중,20260909,제주시 한림읍 귀덕6길209,개,믹스견,[개] 믹스견,흰색,2026(60일미만)(년생),1.1(Kg),F,N,개체관리번호 1680 - 3주차,제주 동물보호센터,064-710-4065,제주특별자치도 제주시 첨단동길 184-14 (용강동) ,제주특별자치도,350650201200001,20260910,20260921,2026-09-10 09:24:25.0,http://openapi.animal.go.kr/openapi/service/rest/fileDownloadSrvc/files/shelter/2026/09/202609100909326.jpg|http://openapi.animal.go.kr/openapi/service/rest/fileDownloadSrvc/files/shelter/2026/09/202609100909343.jpg,images/450650202602165_0.jpg|images/450650202602165_1.jpg
450650202602164,제주-제주-2026-02088,보호중,20260909,제주시 한림읍 귀덕6길209,개,믹스견,[개] 믹스견,흰색,2026(60일미만)(년생),1.3(Kg),F,N,개체관리번호 1679 - 3주차,제주 동물보호센터,064-710-4065,제주특별자치도 제주시 첨단동길 184-14 (용강동) ,제주특별자치도,350650201200001,20260910,20260921,2026-09-10 09:24:25.0,http://openapi.animal.go.kr/openapi/service/rest/fileDownloadSrvc/files/shelter/2026/09/202609100909305.jpg|http://openapi.animal.go.kr/openapi/service/rest/fileDownloadSrvc/files/shelter/2026/09/202609100909319.jpg,images/450650202602164_0.jpg|images/450650202602164_1.jpg
450650202602163,제주-제주-2026-02087,보호중,20260909,제주시 애월읍 고성남1길27,개,믹스견,[개] 믹스견,기타(블랙탄),2023(년생),17.5(Kg),F,U,개체관리번호 1678,제주 동물보호센터,064-710-4065,제주특별자치도 제주시 첨단동길 184-14 (용강동) ,제주특별자치도,350650201200001,20260910,20260921,2026-09-10 09:24:25.0,http://openapi.animal.go.kr/openapi/service/rest/fileDownloadSrvc/files/shelter/2026/09/202609100909983.jpg|http://openapi.animal.go.kr/openapi/service/rest/fileDownloadSrvc/files/shelter/2026/09/20260910090913.jpg,images/450650202602163_0.jpg|images/450650202602163_1.jpg
450650202602162,제주-제주-2026-02086,보호중,20260909,제주시 애월읍 고성남1길27,개,믹스견,[개] 믹스견,기타(블랙탄),2026(년생),10.4(Kg),F,U,개체관리번호 1677 - 7개월,제주 동물보호센터,064-710-4065,제주특별자치도 제주시 첨단동길 184-14 (용강동) ,제주특별자치도,350650201200001,20260910,20260921,2026-09-10 09:24:24.0,http://openapi.animal.go.kr/openapi/service/rest/fileDownloadSrvc/files/shelter/2026/09/20260910090928.jpg|http://openapi.animal.go.kr/openapi/service/rest/fileDownloadSrvc/files/shelter/2026/09/20260910090963.jpg,images/450650202602162_0.jpg|images/450650202602162_1.jpg
450650202602161,제주-제주-2026-02085,보호중,20260909,제주시 조천읍 대흘리2445,개,믹스견,[개] 믹스견,갈색,2026(60일미만)(년생),3.3(Kg),F,N,개체관리번호 1676 - 2개월,제주 동물보호센터,064-710-4065,제주특별자치도 제주시 첨단동길 184-14 (용강동) ,제주특별자치도,350650201200001,20260910,20260921,2026-09-10 09:24:03.0,http://openapi.animal.go.kr/openapi/service/rest/fileDownloadSrvc/files/shelter/2026/09/202609100909223.jpg|http://openapi.animal.go.kr/openapi/service/rest/fileDownloadSrvc/files/shelter/2026/09/202609100909238.jpg,images/450650202602161_0.jpg|images/450650202602161_1.jpg
448567202601266,경남-창원1-2026-00648,보호중,20260909,의창구 대산면 가술리 1074,개,믹스견,[개] 믹스견,옅은 황색,2026(60일미만)(년생),0.8(Kg),F,N,"대형 포획틀 포획, 26년 8월생 추정, 모견과 함께 입소, 수유 중",창원동물보호센터,055-225-5701,경상남도 창원시 성산구 공단로474번길 117 (상복동) 창원동물보호센터,경상남도 창원시 의창성산구,348527200900001,20260910,20260921,2026-09-10 17:04:44.0,http://openapi.animal.go.kr/openapi/service/rest/fileDownloadSrvc/files/shelter/2026/09/202609101609571.jpg|http://openapi.animal.go.kr/openapi/service/rest/fileDownloadSrvc/files/shelter/2026/09/202609101609633.jpg,images/448567202601266_0.jpg|images/448567202601266_1.jpg
448567202601265,경남-창원1-2026-00647,보호중,20260909,의창구 대산면 가술리 1074,개,믹스견,[개] 믹스견,흰색,2024(년생),5(Kg),F,N,"대형 포획틀 포획, 착용품 없음, 양쪽 눈 체리아이, 자견 1두와 함께 입소",창원동물보호센터,055-225-5701,경상남도 창원시 성산구 공단로474번길 117 (상복동) 창원동물보호센터,경상남도 창원시 의창성산구,348527200900001,20260910,20260921,2026-09-10 17:04:44.0,http://openapi.animal.go.kr/openapi/service/rest/fileDownloadSrvc/files/shelter/2026/09/202609101609958[2].jpg|http://openapi.animal.go.kr/openapi/service/rest/fileDownloadSrvc/files/shelter/2026/09/20260910160927[1].jpg,images/448567202601265_0.jpg|images/448567202601265_1.jpg
448567202601264,경남-창원1-2026-00646,보호중,20260909,마산회원구 합성동 389 주변 텃밭,개,믹스견,[개] 믹스견,엷은 황갈색&흰색,2026(60일미만)(년생),0.4(Kg),F,N,"26년 9월 7일생 추정, 모견+남매들과 함께 입소, 수유 중",창원동물보호센터,055-225-5701,경상남도 창원시 성산구 공단로474번길 117 (상복동) 창원동물보호센터,경상남도 창원시 의창성산구,348527200900001,20260910,20260921,2026-09-10 17:04:43.0,http://openapi.animal.go.kr/openapi/service/rest/fileDownloadSrvc/files/shelter/2026/09/202609101609787[1].jpg|http://openapi.animal.go.kr/openapi/service/rest/fileDownloadSrvc/files/shelter/2026/09/202609101609848.jpg,images/448567202601264_0.jpg|images/448567202601264_1.jpg
448567202601263,경남-창원1-2026-00645,보호중,20260909,마산회원구 합성동 389 주변 텃밭,개,믹스견,[개] 믹스견,옅은 황색,2026(60일미만)(년생),0.5(Kg),F,N,"26년 9월 7일생 추정, 모견+남매들과 함께 입소, 수유 중",창원동물보호센터,055-225-5701,경상남도 창원시 성산구 공단로474번길 117 (상복동) 창원동물보호센터,경상남도 창원시 의창성산구,348527200900001,20260910,20260921,2026-09-10 17:04:43.0,http://openapi.animal.go.kr/openapi/service/rest/fileDownloadSrvc/files/shelter/2026/09/202609101609521.jpg|http://openapi.animal.go.kr/openapi/service/rest/fileDownloadSrvc/files/shelter/2026/09/202609101609585[1].jpg,images/448567202601263_0.jpg|images/448567202601263_1.jpg
448567202601262,경남-창원1-2026-00644,보호중,20260909,마산회원구 합성동 389 주변 텃밭,개,믹스견,[개] 믹스견,옅은 황색,2026(60일미만)(년생),0.5(Kg),M,N,"26년 9월 7일생 추정, 모견+남매들과 함께 입소, 수유 중",창원동물보호센터,055-225-5701,경상남도 창원시 성산구 공단로474번길 117 (상복동) 창원동물보호센터,경상남도 창원시 의창성산구,348527200900001,20260910,20260921,2026-09-10 17:04:43.0,http://openapi.animal.go.kr/openapi/service/rest/fileDownloadSrvc/files/shelter/2026/09/20260910160949[1].jpg|http://openapi.animal.go.kr/openapi/service/rest/fileDownloadSrvc/files/shelter/2026/09/202609101609111[1].jpg,images/448567202601262_0.jpg|images/448567202601262_1.jpg
448567202601261,경남-창원1-2026-00643,보호중,20260909,마산회원구 합성동 389 주변 텃밭,개,믹스견,[개] 믹스견,옅은 황색,2026(60일미만)(년생),0.6(Kg),F,N,"26년 9월 7일생 추정, 모견+남매들과 함께 입소, 수유 중",창원동물보호센터,055-225-5701,경상남도 창원시 성산구 공단로474번길 117 (상복동) 창원동물보호센터,경상남도 창원시 의창성산구,348527200900001,20260910,20260921,2026-09-10 17:04:43.0,http://openapi.animal.go.kr/openapi/service/rest/fileDownloadSrvc/files/shelter/2026/09/202609101609712.jpg|http://openapi.animal.go.kr/openapi/service/rest/fileDownloadSrvc/files/shelter/2026/09/202609101609774.jpg,images/448567202601261_0.jpg|images/448567202601261_1.jpg
448567202601260,경남-창원1-2026-00642,보호중,20260909,마산회원구 합성동 389 주변 텃밭,개,믹스견,[개] 믹스견,옅은 황색,2024(년생),13(Kg),F,N,"착용품 없음, 짧은 다리, 목줄 했던 흔적 있음, 자견 4두와 함께 입소",창원동물보호센터,055-225-5701,경상남도 창원시 성산구 공단로474번길 117 (상복동) 창원동물보호센터,경상남도 창원시 의창성산구,348527200900001,20260910,20260921,2026-09-10 17:04:43.0,http://openapi.animal.go.kr/openapi/service/rest/fileDownloadSrvc/files/shelter/2026/09/202609101609917.jpg|http://openapi.animal.go.kr/openapi/service/rest/fileDownloadSrvc/files/shelter/2026/09/202609101609981[1].jpg,images/448567202601260_0.jpg|images/448567202601260_1.jpg
448535202601145,경남-김해-2026-00757,보호중,20260909,김해시 장유 119,개,믹스견,[개] 믹스견,흰색,2023(년생),10(Kg),M,U,김해시-757,(사)동물보호관리협회,051-971-6208,부산광역시 강서구 가락대로1283번길 25-2 (봉림동) ,경상남도 김해시,348535202400001,20260910,20260921,2026-09-10 11:08:32.0,http://openapi.animal.go.kr/openapi/service/rest/fileDownloadSrvc/files/shelter/2026/09/20260910090969.png|http://openapi.animal.go.kr/openapi/service/rest/fileDownloadSrvc/files/shelter/2026/09/202609100909556.png,images/448535202601145_0.png|images/448535202601145_1.png
445468202602365,전북-익산-2026-01201,보호중,20260909,익산시 삼기면 황금로 342-17,개,믹스견,[개] 믹스견,갈색&흰색,2026(60일미만)(년생),0.4(Kg),F,N,생후 5일 되었으며 수유가 필요함,익산유기동물보호소,063-855-1214,전북특별자치도 익산시 삼기면 황금로 342-17  ,전북특별자치도 익산시,345468201200001,20260910,20260921,2026-09-10 09:03:50.0,http://openapi.animal.go.kr/openapi/service/rest/fileDownloadSrvc/files/shelter/2026/09/202609091809484.jpg|http://openapi.animal.go.kr/openapi/service/rest/fileDownloadSrvc/files/shelter/2026/09/202609091809528.jpg,images/445468202602365_0.jpg|images/445468202602365_1.jpg
444459202600243,충남-청양-2026-00053,보호중,20260909,운곡면 모곡리 일원,개,믹스견,[개] 믹스견,노란색,2022(년생),7(Kg),F,U,발견 당시 파란색 목줄 착용 사람을 매우 경계함,청양보호소,041-940-2974,충청남도 청양군 대치면 청산로 446-17 (대치면) ,충청남도 청양군,344459202000001,20260910,20260921,2026-09-09 17:34:42.0,http://openapi.animal.go.kr/openapi/service/rest/fileDownloadSrvc/files/shelter/2026/09/202609091709103[1].jpg|http://openapi.animal.go.kr/openapi/service/rest/fileDownloadSrvc/files/shelter/2026/09/202609091709140[1].jpg,images/444459202600243_0.jpg|images/444459202600243_1.jpg
444452202601767,충남-아산-2026-00338,보호중,20260909,둔포면 이화동길91,개,믹스견,[개] 믹스견,갈색&흰색,2024(년생),16(Kg),F,U,"26-1767호(관리)338호(공고)/심장사상충 양성/발견당시 빨간색 하네스,리드줄 착용",아산동물복지지원센터,041-530-6200,충청남도 아산시 환경공원로 158 (배미동) ,충청남도 아산시,344452202300001,20260910,20260921,2026-09-10 13:21:44.0,http://openapi.animal.go.kr/openapi/service/rest/fileDownloadSrvc/files/shelter/2026/09/20260910130923.jpg|http://openapi.animal.go.kr/openapi/service/rest/fileDownloadSrvc/files/shelter/2026/09/20260910130942.jpg,images/444452202601767_0.jpg|images/444452202601767_1.jpg
443444202600335,충북-영동-2026-00141,보호중,20260909,추풍령면 관리1길12,개,믹스견,[개] 믹스견,황갈색,2026(년생),2.9(Kg),F,N,"미등록, 예민함",최종주동물병원,043-744-4209,"충청북도 영동군 영동읍 계산로 54 (영동읍, 최종주동물병원) ",충청북도 영동군,343444200900002,20260910,20260921,2026-09-10 10:13:28.0,http://openapi.animal.go.kr/openapi/service/rest/fileDownloadSrvc/files/shelter/2026/09/202609101009808.jpg|http://openapi.animal.go.kr/openapi/service/rest/fileDownloadSrvc/files/shelter/2026/09/202609101009841.jpg,images/443444202600335_0.jpg|images/443444202600335_1.jpg
443444202600334,충북-영동-2026-00140,보호중,20260909,추풍령면 관리1길12,개,믹스견,[개] 믹스견,황갈색,2026(년생),2.7(Kg),F,N,"미등록, 매우 예민함",최종주동물병원,043-744-4209,"충청북도 영동군 영동읍 계산로 54 (영동읍, 최종주동물병원) ",충청북도 영동군,343444200900002,20260910,20260921,2026-09-10 10:13:14.0,http://openapi.animal.go.kr/openapi/service/rest/fileDownloadSrvc/files/shelter/2026/09/20260910100953.jpg|http://openapi.animal.go.kr/openapi/service/rest/fileDownloadSrvc/files/shelter/2026/09/20260910100982.jpg,images/443444202600334_0.jpg|images/443444202600334_1.jpg
443444202600333,충북-영동-2026-00139,보호중,20260909,추풍령면 관리1길12,개,믹스견,[개] 믹스견,검정색,2023(년생),6.8(Kg),F,N,"미등록, 매우 난폭함",최종주동물병원,043-744-4209,"충청북도 영동군 영동읍 계산로 54 (영동읍, 최종주동물병원) ",충청북도 영동군,343444200900002,20260910,20260921,2026-09-10 10:12:56.0,http://openapi.animal.go.kr/openapi/service/rest/fileDownloadSrvc/files/shelter/2026/09/202609101009598.jpg|http://openapi.animal.go.kr/openapi/service/rest/fileDownloadSrvc/files/shelter/2026/09/202609101009629.jpg,images/443444202600333_0.jpg|images/443444202600333_1.jpg
442419202600754,강원-원주-2026-00386,보호중,20260909,단구 강변로,개,믹스견,[개] 믹스견,흰색,2022(년생),18(Kg),M,N,"털갈이중, 인중, 꼬리부분 크림색, 순둥이",원주시동물보호센터,033-731-1119,강원특별자치도 원주시 호저면 칠봉로 109-17  ,강원특별자치도 원주시,342419200900001,20260910,20260921,2026-09-10 10:27:06.0,http://openapi.animal.go.kr/openapi/service/rest/fileDownloadSrvc/files/shelter/2026/09/202609101009857.jpg|http://openapi.animal.go.kr/openapi/service/rest/fileDownloadSrvc/files/shelter/2026/09/202609101009886.jpg,images/442419202600754_0.jpg|images/442419202600754_1.jpg
442419202600753,강원-원주-2026-00385,보호중,20260909,거장2차단지내,개,말티즈,[개] 말티즈,흰색,2019(년생),3.6(Kg),M,Y,"우측눈 시력상실, 부분미용",원주시동물보호센터,033-731-1119,강원특별자치도 원주시 호저면 칠봉로 109-17  ,강원특별자치도 원주시,342419200900001,20260910,20260921,2026-09-10 09:14:55.0,http://openapi.animal.go.kr/openapi/service/rest/fileDownloadSrvc/files/shelter/2026/09/202609100909501.jpg|http://openapi.animal.go.kr/openapi/service/rest/fileDownloadSrvc/files/shelter/2026/09/202609100909524.jpg,images/442419202600753_0.jpg|images/442419202600753_1.jpg
441409202600972,경기-김포-2026-00388,보호중,20260909,경기 김포시 모담공원로 131 (운양동),개,믹스견,[개] 믹스견,검정&흰색,2018(년생),4.7(Kg),F,U,겁. 경계. 방어적 입질. 눈곱. 치석. 분홍 바탕 동물 그림 하네스. 꼬리 단미 안됨. 털 상태 양호. ,한국동물구조관리협회,031-867-9119,경기도 양주시 남면 감악산로 63-37 (남면) ,경기도 김포시,341409201400001,20260910,20260921,2026-09-10 15:45:32.0,http://openapi.animal.go.kr/openapi/service/rest/fileDownloadSrvc/files/shelter/2026/09/202609101509204[1].jpg|http://openapi.animal.go.kr/openapi/service/rest/fileDownloadSrvc/files/shelter/2026/09/202609101509220.jpg,images/441409202600972_0.jpg|images/441409202600972_1.jpg
441408202601726,경기-안성-2026-00486,보호중,20260909,삼죽면 밤고개길 79-119,개,믹스견,[개] 믹스견,갈색&흰색,2026(60일미만)(년생),1.54(Kg),M,N,"4마리 같이 들어옴, 순함 ",안성시동물보호센터,031-673-5493,경기도 안성시 보개원삼로 157 (가사동) 미래동물병원,경기도 안성시,341408200900001,20260910,20260921,2026-09-10 11:45:52.0,http://openapi.animal.go.kr/openapi/service/rest/fileDownloadSrvc/files/shelter/2026/09/202609101109936.jpg|http://openapi.animal.go.kr/openapi/service/rest/fileDownloadSrvc/files/shelter/2026/09/202609101109976.jpg,images/441408202601726_0.jpg|images/441408202601726_1.jpg
441408202601725,경기-안성-2026-00485,보호중,20260909,삼죽면 밤고개길 79-119,개,믹스견,[개] 믹스견,크림색,2026(60일미만)(년생),1.54(Kg),F,N,"4마리 같이 들어옴, 순함 ",안성시동물보호센터,031-673-5493,경기도 안성시 보개원삼로 157 (가사동) 미래동물병원,경기도 안성시,341408200900001,20260910,20260921,2026-09-10 11:26:38.0,http://openapi.animal.go.kr/openapi/service/rest/fileDownloadSrvc/files/shelter/2026/09/202609101109796.jpg|http://openapi.animal.go.kr/openapi/service/rest/fileDownloadSrvc/files/shelter/2026/09/202609101109839.jpg,images/441408202601725_0.jpg|images/441408202601725_1.jpg
441408202601724,경기-안성-2026-00484,보호중,20260909,삼죽면 밤고개길 79-119,개,믹스견,[개] 믹스견,크림색,2026(60일미만)(년생),1.52(Kg),M,N,"4마리 같이 들어옴, 순함 ",안성시동물보호센터,031-673-5493,경기도 안성시 보개원삼로 157 (가사동) 미래동물병원,경기도 안성시,341408200900001,20260910,20260921,2026-09-10 11:26:38.0,http://openapi.animal.go.kr/openapi/service/rest/fileDownloadSrvc/files/shelter/2026/09/202609101109427.jpg|http://openapi.animal.go.kr/openapi/service/rest/fileDownloadSrvc/files/shelter/2026/09/202609101109471.jpg,images/441408202601724_0.jpg|images/441408202601724_1.jpg
441408202601723,경기-안성-2026-00483,보호중,20260909,삼죽면 밤고개길 79-119,개,믹스견,[개] 믹스견,흰색,2026(60일미만)(년생),1.24(Kg),M,N,"4마리 같이 들어옴, 순함 ",안성시동물보호센터,031-673-5493,경기도 안성시 보개원삼로 157 (가사동) 미래동물병원,경기도 안성시,341408200900001,20260910,20260921,2026-09-10 11:26:38.0,http://openapi.animal.go.kr/openapi/service/rest/fileDownloadSrvc/files/shelter/2026/09/202609101109563.jpg|http://openapi.animal.go.kr/openapi/service/rest/fileDownloadSrvc/files/shelter/2026/09/202609101109590.jpg,images/441408202601723_0.jpg|images/441408202601723_1.jpg
441399202601486,경기-남양주-2026-00387,보호중,20260909,오남119,개,믹스견,[개] 믹스견,갈색,2026(년생),9.1(Kg),M,N,착하고 사람 손길을 잘 따름,남양주시동물보호센터,031-590-2785,경기도 남양주시 경강로163번길 32-27 (이패동) ,경기도 남양주시,341399202200002,20260910,20260921,2026-09-10 14:35:56.0,http://openapi.animal.go.kr/openapi/service/rest/fileDownloadSrvc/files/shelter/2026/09/202609101409387.png|http://openapi.animal.go.kr/openapi/service/rest/fileDownloadSrvc/files/shelter/2026/09/202609101409414.png,images/441399202601486_0.png|images/441399202601486_1.png
441393202601140,경기-안산-2026-00657,보호중,20260909,원곡공원로30 부근,개,말티즈,[개] 말티즈,기타(백),2020(년생),5(Kg),M,N,"주황색하네스,순함,칩있음",한국야생동물보호협회,031-296-0124,경기도 안산시 상록구 청곡길 50 (부곡동) 안산시 상록구 부곡동 231-5,경기도 안산시,341393200900001,20260910,20260921,2026-09-10 17:30:04.0,http://openapi.animal.go.kr/openapi/service/rest/fileDownloadSrvc/files/shelter/2026/09/202609101709227.jpg|http://openapi.animal.go.kr/openapi/service/rest/fileDownloadSrvc/files/shelter/2026/09/202609101709445.jpg,images/441393202601140_0.jpg|images/441393202601140_1.jpg
431370202600843,울산-남구-2026-00476,보호중,20260909,선암호수공원 일대,개,프렌치 불독,[개] 프렌치 불독,기타(검정색),2025(년생),8(Kg),F,U,순하고 사람좋아함 ,울산유기동물보호센터,052-238-6113,울산광역시 울주군 온양읍 화산발리로 543 (온양읍) ,울산광역시 남구,331370201200003,20260910,20260921,2026-09-10 10:19:05.0,http://openapi.animal.go.kr/openapi/service/rest/fileDownloadSrvc/files/shelter/2026/09/202609101009512.jpg|http://openapi.animal.go.kr/openapi/service/rest/fileDownloadSrvc/files/shelter/2026/09/202609101009895.jpg,images/431370202600843_0.jpg|images/431370202600843_1.jpg
413587202600229,광주-해남-2026-00071,보호중,20260909,산이면 진산리,개,믹스견,[개] 믹스견,흰색,2023(년생),16.42(Kg),F,U,사람을 경계함. 우측 뒷다리 절단.,해남유기동물보호센터,061-531-3916,전라남도 해남군 해남읍 용머리길 14-37  ,전남광주통합특별시 해남군,346493200900001,20260910,20260921,2026-09-09 14:02:51.0,http://openapi.animal.go.kr/openapi/service/rest/fileDownloadSrvc/files/shelter/2026/09/202609091409337.jpg|http://openapi.animal.go.kr/openapi/service/rest/fileDownloadSrvc/files/shelter/2026/09/202609091409354.jpg,images/413587202600229_0.jpg|images/413587202600229_1.jpg
413583202600552,광주-담양-2026-00060,보호중,20260909,가사문학면 연천길,개,믹스견,[개] 믹스견,갈색&검정,2023(년생),10(Kg),M,Y,"소심하나 온순함,종합+광견병 백신접종",담양군 동물보호센터,061-380-2734,전라남도 담양군 무정면 무정로 756  동물보호센터,전남광주통합특별시 담양군,346485202600001,20260910,20260928,2026-09-10 13:34:38.0,http://openapi.animal.go.kr/openapi/service/rest/fileDownloadSrvc/files/shelter/2026/09/202609101309889.jpg|http://openapi.animal.go.kr/openapi/service/rest/fileDownloadSrvc/files/shelter/2026/09/202609101309769.jpg,images/413583202600552_0.jpg|images/413583202600552_1.jpg
411322202600332,서울-강남-2026-00045,보호중,20260909,서울 강남구 일원동 터널 앞,개,푸들,[개] 푸들,갈색,2021(년생),4.2(Kg),F,U,겁 있음. 눈물 자국. 눈곱. 베이지색 하네스. 검/흰 라텍스 밴드에 노란 노끈. 치석. 칩있음.,한국동물구조관리협회,031-867-9119,경기도 양주시 남면 감악산로 63-37 (남면) 한국동물구조관리협회,서울특별시 강남구,311322200900001,20260910,20260921,2026-09-10 16:05:14.0,http://openapi.animal.go.kr/openapi/service/rest/fileDownloadSrvc/files/shelter/2026/09/202609101609609.jpg|http://openapi.animal.go.kr/openapi/service/rest/fileDownloadSrvc/files/shelter/2026/09/202609101609622.jpg,images/411322202600332_0.jpg|images/411322202600332_1.jpg
411318202600401,서울-영등포-2026-00117,보호중,20260909,서울 영등포구 도영로 33-5 (도림동) 인근,개,믹스견,[개] 믹스견,갈색&흰색,2019(년생),7.7(Kg),F,U,경계. 예민. 방어적 입질. 치석. 코 검정. 눈물 자국. 유선발달.좌 후지 상처 딱지. 꼬리 단미 안됨.,한국동물구조관리협회,031-867-9119,경기도 양주시 남면 감악산로 63-37 ,서울특별시 영등포구,311318201200001,20260910,20260921,2026-09-10 15:37:41.0,http://openapi.animal.go.kr/openapi/service/rest/fileDownloadSrvc/files/shelter/2026/09/202609101509370[1].jpg|http://openapi.animal.go.kr/openapi/service/rest/fileDownloadSrvc/files/shelter/2026/09/202609101509384.jpg,images/411318202600401_0.jpg|images/411318202600401_1.jpg
411315202600632,서울-강서-2026-00194,보호중,20260909,서울 강서구 금낭화로9길 13-3 (방화동) 인근,개,라브라도 리트리버,[개] 라브라도 리트리버,검정색,2025(년생),12(Kg),M,N,온순. 활발. 사람 너무 좋아함. 가만히 있지를 못 함. 눈곱. 여윔. 꼬리 단미 안됨. 털 상태 양호. ,한국동물구조관리협회,031-867-9119,경기도 양주시 남면 감악산로 63-37 (남면) 한국동물구조관리협회,서울특별시 강서구,311315200900001,20260910,20260921,2026-09-10 15:34:00.0,http://openapi.animal.go.kr/openapi/service/rest/fileDownloadSrvc/files/shelter/2026/09/202609101509491.jpg|http://openapi.animal.go.kr/openapi/service/rest/fileDownloadSrvc/files/shelter/2026/09/202609101509503.jpg,images/411315202600632_0.jpg|images/411315202600632_1.jpg
469569202600611,세종-세종-2026-00252,보호중,20260909,세종시 연동면 응암4리,개,믹스견,[개] 믹스견,갈색&흰색,2022(년생),16.9(Kg),M,N,.,세종유기동물보호센터,010-4435-3720,세종특별자치시  전동면 미륵당1길 188 (전동면) ,세종특별자치시,369569202000001,20260909,20260921,2026-09-09 21:12:11.0,http://openapi.animal.go.kr/openapi/service/rest/fileDownloadSrvc/files/shelter/2026/09/202609092109879.jpeg|http://openapi.animal.go.kr/openapi/service/rest/fileDownloadSrvc/files/shelter/2026/09/202609092109925.jpeg,images/469569202600611_0.jpeg|images/469569202600611_1.jpeg
469569202600610,세종-세종-2026-00251,보호중,20260909,세종시 연동면 응암4리,개,믹스견,[개] 믹스견,갈색&흰색,2015(년생),11.4(Kg),F,N,.,세종유기동물보호센터,010-4435-3720,세종특별자치시  전동면 미륵당1길 188 (전동면) ,세종특별자치시,369569202000001,20260909,20260921,2026-09-09 21:12:11.0,http://openapi.animal.go.kr/openapi/service/rest/fileDownloadSrvc/files/shelter/2026/09/202609092109441.jpeg|http://openapi.animal.go.kr/openapi/service/rest/fileDownloadSrvc/files/shelter/2026/09/202609092109484.jpeg,images/469569202600610_0.jpeg|images/469569202600610_1.jpeg
469569202600609,세종-세종-2026-00250,보호중,20260909,세종시 연동면 응암4리,개,믹스견,[개] 믹스견,갈색,2024(년생),16.4(Kg),M,N,.,세종유기동물보호센터,010-4435-3720,세종특별자치시  전동면 미륵당1길 188 (전동면) ,세종특별자치시,369569202000001,20260909,20260921,2026-09-09 21:12:11.0,http://openapi.animal.go.kr/openapi/service/rest/fileDownloadSrvc/files/shelter/2026/09/202609092109800.jpeg|http://openapi.animal.go.kr/openapi/service/rest/fileDownloadSrvc/files/shelter/2026/09/202609092109856.jpeg,images/469569202600609_0.jpeg|images/469569202600609_1.jpeg
469569202600608,세종-세종-2026-00249,보호중,20260909,세종시 대평동 698,개,말티즈,[개] 말티즈,흰색,2026(년생),3.1(Kg),F,N,보람119안전센터인계,세종유기동물보호센터,010-4435-3720,세종특별자치시  전동면 미륵당1길 188 (전동면) ,세종특별자치시,369569202000001,20260909,20260921,2026-09-09 21:12:10.0,http://openapi.animal.go.kr/openapi/service/rest/fileDownloadSrvc/files/shelter/2026/09/202609092109829.jpeg|http://openapi.animal.go.kr/openapi/service/rest/fileDownloadSrvc/files/shelter/2026/09/202609092109877.jpeg,images/469569202600608_0.jpeg|images/469569202600608_1.jpeg
448567202601248,경남-창원1-2026-00641,보호중,20260909,의창구 동읍 덕산리 488-1,개,믹스견,[개] 믹스견,검정색,2022(년생),10(Kg),M,N,"파란색 목줄 착용, 털갈이 중",창원동물보호센터,055-225-5701,경상남도 창원시 성산구 공단로474번길 117 (상복동) 창원동물보호센터,경상남도 창원시 의창성산구,348527200900001,20260909,20260921,2026-09-09 11:32:27.0,http://openapi.animal.go.kr/openapi/service/rest/fileDownloadSrvc/files/shelter/2026/09/202609091109931[1].jpg|http://openapi.animal.go.kr/openapi/service/rest/fileDownloadSrvc/files/shelter/2026/09/20260909110972.jpg,images/448567202601248_0.jpg|images/448567202601248_1.jpg
448548202600781,경남-합천-2026-00309,보호중,20260909,대병면,개,믹스견,[개] 믹스견,갈색,2021(년생),13(Kg),M,N,사람을 매우경계. 산배회 ,태민동물보호센터,010-2868-2108,"경상남도 합천군 합천읍 옥산로 16 (합천읍, 까치빌라) 태민동물병원",경상남도 합천군,348548201700001,20260909,20260921,2026-09-09 20:40:44.0,http://openapi.animal.go.kr/openapi/service/rest/fileDownloadSrvc/files/shelter/2026/09/202609092009178.jpg|http://openapi.animal.go.kr/openapi/service/rest/fileDownloadSrvc/files/shelter/2026/09/202609092009236.jpg,images/448548202600781_0.jpg|images/448548202600781_1.jpg
448548202600780,경남-합천-2026-00308,보호중,20260909,봉산면,개,믹스견,[개] 믹스견,갈색,2022(년생),15(Kg),F,N,마을에 발견 ,태민동물보호센터,010-2868-2108,"경상남도 합천군 합천읍 옥산로 16 (합천읍, 까치빌라) 태민동물병원",경상남도 합천군,348548201700001,20260909,20260921,2026-09-09 20:40:44.0,http://openapi.animal.go.kr/openapi/service/rest/fileDownloadSrvc/files/shelter/2026/09/202609092009142.jpg|http://openapi.animal.go.kr/openapi/service/rest/fileDownloadSrvc/files/shelter/2026/09/202609092009199.jpg,images/448548202600780_0.jpg|images/448548202600780_1.jpg
448541202601157,경남-창녕-2026-00390,보호중,20260909,창녕읍 명덕못길,개,믹스견,[개] 믹스견,흰색,2026(년생),1.3(Kg),M,Y," 최근 유실, 왼쪽 앞다리 절음",창녕 유기동물보호소,010-5488-5003,경상남도 창녕군 고암면 창밀로 335-26 (고암면) 고암면 억만리 28,경상남도 창녕군,348541201300001,20260909,20260921,2026-09-09 23:07:45.0,http://openapi.animal.go.kr/openapi/service/rest/fileDownloadSrvc/files/shelter/2026/09/20260909230976.jpg|http://openapi.animal.go.kr/openapi/service/rest/fileDownloadSrvc/files/shelter/2026/09/202609092309345.jpg,images/448541202601157_0.jpg|images/448541202601157_1.jpg
448541202601156,경남-창녕-2026-00389,보호중,20260909,대합면 이방리,개,믹스견,[개] 믹스견,갈색,2021(년생),18(Kg),F,N,진도믹스 추정,창녕 유기동물보호소,010-5488-5003,경상남도 창녕군 고암면 창밀로 335-26 (고암면) 고암면 억만리 28,경상남도 창녕군,348541201300001,20260909,20260921,2026-09-10 09:15:26.0,http://openapi.animal.go.kr/openapi/service/rest/fileDownloadSrvc/files/shelter/2026/09/20260909230942.jpg|http://openapi.animal.go.kr/openapi/service/rest/fileDownloadSrvc/files/shelter/2026/09/20260909230954.jpg,images/448541202601156_0.jpg|images/448541202601156_1.jpg
448541202601153,경남-창녕-2026-00386,보호중,20260909,계성면 광계리,개,믹스견,[개] 믹스견,검정&흰색,2021(년생),9(Kg),M,N,털이 곱슬함,창녕 유기동물보호소,010-5488-5003,경상남도 창녕군 고암면 창밀로 335-26 (고암면) 고암면 억만리 28,경상남도 창녕군,348541201300001,20260909,20260921,2026-09-10 09:16:51.0,http://openapi.animal.go.kr/openapi/service/rest/fileDownloadSrvc/files/shelter/2026/09/202609092209330.jpg|http://openapi.animal.go.kr/openapi/service/rest/fileDownloadSrvc/files/shelter/2026/09/202609092209365.jpg,images/448541202601153_0.jpg|images/448541202601153_1.jpg
448539202600275,경남-의령-2026-00125,보호중,20260909,의령군 동물보호센터,개,믹스견,[개] 믹스견,흰색,2026(60일미만)(년생),0.2(Kg),F,U,"448539202600206모견,신생견 흰색털",의령군 동물보호센터,055-570-4203,경상남도 의령군 의령읍 남강로 485-75  ,경상남도 의령군,348539201900001,20260909,20260921,2026-09-09 13:09:29.0,http://openapi.animal.go.kr/openapi/service/rest/fileDownloadSrvc/files/shelter/2026/09/202609091309333.jpg|http://openapi.animal.go.kr/openapi/service/rest/fileDownloadSrvc/files/shelter/2026/09/202609091309360[1].jpg,images/448539202600275_0.jpg|images/448539202600275_1.jpg
448539202600274,경남-의령-2026-00124,보호중,20260909,의령군 동물보호센터,개,믹스견,[개] 믹스견,검정&황갈색,2026(60일미만)(년생),0.2(Kg),F,U,"448539202600206모견,신생견",의령군 동물보호센터,055-570-4203,경상남도 의령군 의령읍 남강로 485-75  ,경상남도 의령군,348539201900001,20260909,20260921,2026-09-09 11:46:21.0,http://openapi.animal.go.kr/openapi/service/rest/fileDownloadSrvc/files/shelter/2026/09/202609091109858.jpg|http://openapi.animal.go.kr/openapi/service/rest/fileDownloadSrvc/files/shelter/2026/09/202609091109883.jpg,images/448539202600274_0.jpg|images/448539202600274_1.jpg
448539202600273,경남-의령-2026-00123,보호중,20260909,의령군 동물보호센터,개,믹스견,[개] 믹스견,검정&황갈색,2026(60일미만)(년생),0.2(Kg),F,U,"448539202600206모견,신생견",의령군 동물보호센터,055-570-4203,경상남도 의령군 의령읍 남강로 485-75  ,경상남도 의령군,348539201900001,20260909,20260921,2026-09-09 11:44:37.0,http://openapi.animal.go.kr/openapi/service/rest/fileDownloadSrvc/files/shelter/2026/09/202609091109881.jpg|http://openapi.animal.go.kr/openapi/service/rest/fileDownloadSrvc/files/shelter/2026/09/202609091109907.jpg,images/448539202600273_0.jpg|images/448539202600273_1.jpg
448539202600272,경남-의령-2026-00122,보호중,20260909,의령군 동물보호센터,개,믹스견,[개] 믹스견,검정&황갈색,2026(년생),0.2(Kg),F,U,"448539202600206모견,신생견",의령군 동물보호센터,055-570-4203,경상남도 의령군 의령읍 남강로 485-75  ,경상남도 의령군,348539201900001,20260909,20260921,2026-09-09 11:42:47.0,http://openapi.animal.go.kr/openapi/service/rest/fileDownloadSrvc/files/shelter/2026/09/202609091109768.jpg|http://openapi.animal.go.kr/openapi/service/rest/fileDownloadSrvc/files/shelter/2026/09/202609091109787[1].jpg,images/448539202600272_0.jpg|images/448539202600272_1.jpg
448539202600271,경남-의령-2026-00121,보호중,20260909,의령군 동물보호센터,개,믹스견,[개] 믹스견,검정&황갈색,2026(60일미만)(년생),0.2(Kg),M,U,"448539202600206모견,신생견",의령군 동물보호센터,055-570-4203,경상남도 의령군 의령읍 남강로 485-75  ,경상남도 의령군,348539201900001,20260909,20260921,2026-09-09 11:40:10.0,http://openapi.animal.go.kr/openapi/service/rest/fileDownloadSrvc/files/shelter/2026/09/202609091109560[1].jpg|http://openapi.animal.go.kr/openapi/service/rest/fileDownloadSrvc/files/shelter/2026/09/202609091109587[1].jpg,images/448539202600271_0.jpg|images/448539202600271_1.jpg
448539202600270,경남-의령-2026-00120,보호중,20260909,의령군 동물보호센터,개,믹스견,[개] 믹스견,검정&황갈색,2026(년생),0.2(Kg),F,U,"448539202600206모견,신생견",의령군 동물보호센터,055-570-4203,경상남도 의령군 의령읍 남강로 485-75  ,경상남도 의령군,348539201900001,20260909,20260921,2026-09-09 11:38:11.0,http://openapi.animal.go.kr/openapi/service/rest/fileDownloadSrvc/files/shelter/2026/09/202609091109104.jpg|http://openapi.animal.go.kr/openapi/service/rest/fileDownloadSrvc/files/shelter/2026/09/202609091109120.jpg,images/448539202600270_0.jpg|images/448539202600270_1.jpg
448539202600269,경남-의령-2026-00119,보호중,20260909,의령군 동물보호센터,개,믹스견,[개] 믹스견,검정 황갈색&흰색,2026(60일미만)(년생),0.2(Kg),M,U,"448539202600206모견,신생견",의령군 동물보호센터,055-570-4203,경상남도 의령군 의령읍 남강로 485-75  ,경상남도 의령군,348539201900001,20260909,20260921,2026-09-09 11:35:57.0,http://openapi.animal.go.kr/openapi/service/rest/fileDownloadSrvc/files/shelter/2026/09/202609091109452.jpg|http://openapi.animal.go.kr/openapi/service/rest/fileDownloadSrvc/files/shelter/2026/09/202609091109481.jpg,images/448539202600269_0.jpg|images/448539202600269_1.jpg
448539202600268,경남-의령-2026-00118,보호중,20260909,지정면 보덕로 41-1,개,믹스견,[개] 믹스견,검정 황갈색&흰색,2026(년생),1.5(Kg),M,U,코 무늬 흰색 발바닥 흰색 귀쳐짐 순해보임,의령군 동물보호센터,055-570-4203,경상남도 의령군 의령읍 남강로 485-75  ,경상남도 의령군,348539201900001,20260909,20260921,2026-09-09 11:09:43.0,http://openapi.animal.go.kr/openapi/service/rest/fileDownloadSrvc/files/shelter/2026/09/202609091109553.jpg|http://openapi.animal.go.kr/openapi/service/rest/fileDownloadSrvc/files/shelter/2026/09/202609091109705.jpg,images/448539202600268_0.jpg|images/448539202600268_1.jpg
448539202600267,경남-의령-2026-00117,보호중,20260909,지정면 보덕로 41-1,개,믹스견,[개] 믹스견,검정&황갈색,2026(년생),1.5(Kg),F,U,"등 무늬가 흰색, 얌전함, 순해보임",의령군 동물보호센터,055-570-4203,경상남도 의령군 의령읍 남강로 485-75  ,경상남도 의령군,348539201900001,20260909,20260921,2026-09-09 11:07:08.0,http://openapi.animal.go.kr/openapi/service/rest/fileDownloadSrvc/files/shelter/2026/09/202609091109844.jpg|http://openapi.animal.go.kr/openapi/service/rest/fileDownloadSrvc/files/shelter/2026/09/202609091109964.jpg,images/448539202600267_0.jpg|images/448539202600267_1.jpg
448539202600266,경남-의령-2026-00116,보호중,20260909,지정면 보덕로 41-1,개,믹스견,[개] 믹스견,검정&황갈색,2026(년생),1.5(Kg),F,U,"흰색 발바닥, 황색과 검정색이 섞인피부,순해보임",의령군 동물보호센터,055-570-4203,경상남도 의령군 의령읍 남강로 485-75  ,경상남도 의령군,348539201900001,20260909,20260921,2026-09-09 11:04:06.0,http://openapi.animal.go.kr/openapi/service/rest/fileDownloadSrvc/files/shelter/2026/09/20260909110959.jpg|http://openapi.animal.go.kr/openapi/service/rest/fileDownloadSrvc/files/shelter/2026/09/202609091109921.jpg,images/448539202600266_0.jpg|images/448539202600266_1.jpg
448533202600420,경남-통영-2026-00098,보호중,20260909,용남면 통영 관광 휴게소,개,믹스견,[개] 믹스견,갈색&검정,2025(년생),6(Kg),F,N,생후1살 추정(2026.09.09기준),통영시동물보호센터,055-650-6250,경상남도 통영시 광도면 전두1길 9-8  ,경상남도 통영시,348533202100001,20260909,20260916,2026-09-09 17:36:29.0,http://openapi.animal.go.kr/openapi/service/rest/fileDownloadSrvc/files/shelter/2026/09/202609091409137.jpg|http://openapi.animal.go.kr/openapi/service/rest/fileDownloadSrvc/files/shelter/2026/09/202609091409287.jpg,images/448533202600420_0.jpg|images/448533202600420_1.jpg
447521202600382,경북-성주-2026-00288,보호중,20260909,성주읍 성산길 678-2,개,기타,[개] 시바믹스견,갈색&흰색,2024(년생),8(Kg),F,N,"엄정순하고, 착함",성주군동물보호센터,010-2949-6699,경상북도 성주군 선남면 선노로 522 (선남면) ,경상북도 성주군,347521201900002,20260909,20260916,2026-09-09 10:31:37.0,http://openapi.animal.go.kr/openapi/service/rest/fileDownloadSrvc/files/shelter/2026/09/202609091009742.jpg|http://openapi.animal.go.kr/openapi/service/rest/fileDownloadSrvc/files/shelter/2026/09/20260909100910[1].jpg,images/447521202600382_0.jpg|images/447521202600382_1.jpg
447521202600381,경북-성주-2026-00287,보호중,20260909,벽진면 수촌리 752-2,개,기타,[개] 노리치테리어 믹스,흰색,2022(년생),6(Kg),F,N,순하고 귀여움,성주군동물보호센터,010-2949-6699,경상북도 성주군 선남면 선노로 522 (선남면) ,경상북도 성주군,347521201900002,20260909,20260916,2026-09-09 10:31:37.0,http://openapi.animal.go.kr/openapi/service/rest/fileDownloadSrvc/files/shelter/2026/09/202609091009548.jpg|http://openapi.animal.go.kr/openapi/service/rest/fileDownloadSrvc/files/shelter/2026/09/202609091009580.jpg,images/447521202600381_0.jpg|images/447521202600381_1.jpg
447519202600302,경북-청도-2026-00227,보호중,20260909,청도군 화양읍 노상1길 12-4,개,믹스견,[개] 믹스견,갈색&흰색,2026(년생),6(Kg),M,U,건강함,청도군동물보호센터,054-371-9267,경상북도 청도군 청도읍 중앙로 84-466  동물보호센터,경상북도 청도군,347519202100001,20260909,20260916,2026-09-09 10:12:15.0,http://openapi.animal.go.kr/openapi/service/rest/fileDownloadSrvc/files/shelter/2026/09/202609091009637.jpg|http://openapi.animal.go.kr/openapi/service/rest/fileDownloadSrvc/files/shelter/2026/09/202609091009688.jpg,images/447519202600302_0.jpg|images/447519202600302_1.jpg
447516202600215,경북-청송-2026-00103,보호중,20260909,청송군 파천면 중들2길 16,개,믹스견,[개] 믹스견,갈색&흰색,2024(년생),8(Kg),F,N,온순하며 사람 손길을 피하지 않음,점곡동물보호센터,054-870-6281,경상북도 청송군 현동면 청송로 3128-141  ,경상북도 청송군,347516202000001,20260909,20260921,2026-09-09 17:11:41.0,http://openapi.animal.go.kr/openapi/service/rest/fileDownloadSrvc/files/shelter/2026/09/202609091709423.jpg|http://openapi.animal.go.kr/openapi/service/rest/fileDownloadSrvc/files/shelter/2026/09/202609091709725.jpg,images/447516202600215_0.jpg|images/447516202600215_1.jpg
447505202600882,경북-경주-2026-00710,보호중,20260909,양남로 347 부근,개,믹스견,[개] 믹스견,검정색,2026(년생),6(Kg),M,N,경계심 있어서 친해지는 노력이 필요함.,경주동물사랑보호센터,010-8889-2883,경상북도 경주시 천북면 천북로 8-4  경주시 동물사랑보호센터,경상북도 경주시,347505201700001,20260909,20260921,2026-09-09 11:01:46.0,http://openapi.animal.go.kr/openapi/service/rest/fileDownloadSrvc/files/shelter/2026/09/202609091009885[2].jpg|http://openapi.animal.go.kr/openapi/service/rest/fileDownloadSrvc/files/shelter/2026/09/202609091009959.jpg,images/447505202600882_0.jpg|images/447505202600882_1.jpg
447502202600807,경북-포항-2026-00598,보호중,20260909,경상북도 포항시 남구 장기로 969번길 31,개,믹스견,[개] 믹스견,크림색,2026(60일미만)(년생),0.6(Kg),M,N,"4주령추정, 사료 잘 먹음, 유일한 왕자님이지만 제일 작아서 ... 누나들한테 많이 치일수도?",(사)영일동물플러스,054-262-8295,경상북도 포항시 북구 흥해읍 덕장길 224 (흥해읍) ,경상북도 포항시,347502201600001,20260909,20260919,2026-09-09 15:47:40.0,http://openapi.animal.go.kr/openapi/service/rest/fileDownloadSrvc/files/shelter/2026/09/202609091509511.jpg|http://openapi.animal.go.kr/openapi/service/rest/fileDownloadSrvc/files/shelter/2026/09/202609091509537.jpg,images/447502202600807_0.jpg|images/447502202600807_1.jpg
447502202600806,경북-포항-2026-00597,보호중,20260909,경상북도 포항시 남구 장기로 969번길 31,개,믹스견,[개] 믹스견,크림색,2026(60일미만)(년생),0.6(Kg),F,N,"4주령추정, 사료 잘 먹음, 공주들 중 제일 작지만 밥 먹을땐 밀려나지 않는  티니공주",(사)영일동물플러스,054-262-8295,경상북도 포항시 북구 흥해읍 덕장길 224 (흥해읍) ,경상북도 포항시,347502201600001,20260909,20260919,2026-09-09 15:47:39.0,http://openapi.animal.go.kr/openapi/service/rest/fileDownloadSrvc/files/shelter/2026/09/202609091509737.jpg|http://openapi.animal.go.kr/openapi/service/rest/fileDownloadSrvc/files/shelter/2026/09/202609091509759.jpg,images/447502202600806_0.jpg|images/447502202600806_1.jpg
447502202600805,경북-포항-2026-00596,보호중,20260909,경상북도 포항시 남구 장기로 969번길 31,개,믹스견,[개] 믹스견,옅은 황색,2026(60일미만)(년생),0.6(Kg),F,N,"4주령추정, 사료 잘 먹음, 치와와처럼(치와와는 아님) 둥그런 이마를 가진 짱구공주",(사)영일동물플러스,054-262-8295,경상북도 포항시 북구 흥해읍 덕장길 224 (흥해읍) ,경상북도 포항시,347502201600001,20260909,20260919,2026-09-09 15:47:39.0,http://openapi.animal.go.kr/openapi/service/rest/fileDownloadSrvc/files/shelter/2026/09/202609091509976.jpg|http://openapi.animal.go.kr/openapi/service/rest/fileDownloadSrvc/files/shelter/2026/09/202609091509998.jpg,images/447502202600805_0.jpg|images/447502202600805_1.jpg
447502202600803,경북-포항-2026-00595,보호중,20260909,경상북도 포항시 남구 장기로 969번길 31,개,믹스견,[개] 믹스견,엷은 황갈색&흰색,2026(60일미만)(년생),0.6(Kg),F,N,"4주령추정, 사료 잘 먹음, 조막만한 수제비귀에 흰색 발가락양말 신은 수제비공주",(사)영일동물플러스,054-262-8295,경상북도 포항시 북구 흥해읍 덕장길 224 (흥해읍) ,경상북도 포항시,347502201600001,20260909,20260919,2026-09-09 15:47:39.0,http://openapi.animal.go.kr/openapi/service/rest/fileDownloadSrvc/files/shelter/2026/09/202609091509323.jpg|http://openapi.animal.go.kr/openapi/service/rest/fileDownloadSrvc/files/shelter/2026/09/202609091509340[1].jpg,images/447502202600803_0.jpg|images/447502202600803_1.jpg
447502202600802,경북-포항-2026-00594,보호중,20260909,경상북도 포항시 남구 장기로 969번길 31,개,믹스견,[개] 믹스견,갈색&흰색,2026(60일미만)(년생),0.6(Kg),F,N,"4주령추정, 사료 잘 먹음, 초롱한 눈빛에 홀린듯 간식을 주고 있는 나...물개공주",(사)영일동물플러스,054-262-8295,경상북도 포항시 북구 흥해읍 덕장길 224 (흥해읍) ,경상북도 포항시,347502201600001,20260909,20260919,2026-09-09 15:47:39.0,http://openapi.animal.go.kr/openapi/service/rest/fileDownloadSrvc/files/shelter/2026/09/202609091509497.jpg|http://openapi.animal.go.kr/openapi/service/rest/fileDownloadSrvc/files/shelter/2026/09/202609091509525.jpg,images/447502202600802_0.jpg|images/447502202600802_1.jpg
447502202600801,경북-포항-2026-00593,보호중,20260909,경상북도 포항시 남구 구룡포읍 동해안로 4337 동백펜션,개,믹스견,[개] 믹스견,옅은 황색,2024(년생),13(Kg),M,N,"포획틀구조, 땅굴파기의 귀재, 모여라 눈코입, 낯가림이 심해서 다가가면 멀어지는 그",(사)영일동물플러스,054-262-8295,경상북도 포항시 북구 흥해읍 덕장길 224 (흥해읍) ,경상북도 포항시,347502201600001,20260909,20260919,2026-09-09 15:47:39.0,http://openapi.animal.go.kr/openapi/service/rest/fileDownloadSrvc/files/shelter/2026/09/202609091509914.jpg|http://openapi.animal.go.kr/openapi/service/rest/fileDownloadSrvc/files/shelter/2026/09/202609091509945.jpg,images/447502202600801_0.jpg|images/447502202600801_1.jpg
447502202600799,경북-포항-2026-00592,보호중,20260909,경상북도 포항시 남구 오천읍 정몽주로 427-9,개,믹스견,[개] 믹스견,갈색&흰색,2026(년생),4(Kg),F,U,"소심하지만 애교는 있음, 붉은 아기 여우같은 생김새와 절제미가 있음.",(사)영일동물플러스,054-262-8295,경상북도 포항시 북구 흥해읍 덕장길 224 (흥해읍) ,경상북도 포항시,347502201600001,20260909,20260919,2026-09-09 14:58:42.0,http://openapi.animal.go.kr/openapi/service/rest/fileDownloadSrvc/files/shelter/2026/09/202609091409355.jpg|http://openapi.animal.go.kr/openapi/service/rest/fileDownloadSrvc/files/shelter/2026/09/202609091409379.jpg,images/447502202600799_0.jpg|images/447502202600799_1.jpg
447502202600798,경북-포항-2026-00591,보호중,20260909,경상북도 포항시 북구 기계면 문성리 701-14,개,믹스견,[개] 믹스견,검정 황갈색&흰색,2025(년생),8(Kg),F,U,"포획틀구조, 약간의 경계는 있지만 천천히 다가가면 만질 수 있음, 휘핏스러운 몸매에 약간 마른편",(사)영일동물플러스,054-262-8295,경상북도 포항시 북구 흥해읍 덕장길 224 (흥해읍) ,경상북도 포항시,347502201600001,20260909,20260919,2026-09-09 14:54:13.0,http://openapi.animal.go.kr/openapi/service/rest/fileDownloadSrvc/files/shelter/2026/09/202609091409604[1].jpg|http://openapi.animal.go.kr/openapi/service/rest/fileDownloadSrvc/files/shelter/2026/09/202609091409634.jpg,images/447502202600798_0.jpg|images/447502202600798_1.jpg
447502202600797,경북-포항-2026-00590,보호중,20260909,경상북도 포항시 북구 기계면 문성리 701-14,개,믹스견,[개] 믹스견,흰색,2026(년생),5(Kg),M,N,"포획틀구조, 어리지만 경계가 있고 사람을 무서워함, 아직은 만질 수 없음",(사)영일동물플러스,054-262-8295,경상북도 포항시 북구 흥해읍 덕장길 224 (흥해읍) ,경상북도 포항시,347502201600001,20260909,20260919,2026-09-09 14:54:13.0,http://openapi.animal.go.kr/openapi/service/rest/fileDownloadSrvc/files/shelter/2026/09/202609091409245.jpg|http://openapi.animal.go.kr/openapi/service/rest/fileDownloadSrvc/files/shelter/2026/09/202609091409277.jpg,images/447502202600797_0.jpg|images/447502202600797_1.jpg
445470202600933,전북-남원-2026-00434,보호중,20260909,인월면 지산길 46,개,믹스견,[개] 믹스견,기타(믹스),2026(년생),4(Kg),F,N,"내외부 기생충, 기아",인월동물병원,063-636-2873,전북특별자치도 남원시 인월면 인월로 64  ,전북특별자치도 남원시,345470202100001,20260909,20260921,2026-09-09 10:39:11.0,http://openapi.animal.go.kr/openapi/service/rest/fileDownloadSrvc/files/shelter/2026/09/202609091009553.jpg|http://openapi.animal.go.kr/openapi/service/rest/fileDownloadSrvc/files/shelter/2026/09/202609091009596.jpg,images/445470202600933_0.jpg|images/445470202600933_1.jpg
444568202600456,충남-당진-2026-00456,보호중,20260909,당진시 순성면 매실로 63,개,믹스견,[개] 믹스견,갈색&검정&흰색,2025(년생),5.00(Kg),F,U,"노끈으로 인한 목 괴사 진행중,경계함,광견병,종합백신완료",당진시동물보호소,041-356-8210,충청남도 당진시 고대면 삼포길 180  ,충청남도 당진시,344568201700001,20260909,20260921,2026-09-09 17:20:55.0,http://openapi.animal.go.kr/openapi/service/rest/fileDownloadSrvc/files/shelter/2026/09/202609091709350.jpg|http://openapi.animal.go.kr/openapi/service/rest/fileDownloadSrvc/files/shelter/2026/09/202609091709517.jpg,images/444568202600456_0.jpg|images/444568202600456_1.jpg
444461202600305,충남-예산-2026-00163,보호중,20260909,오가면 원천길 27-7,개,말티즈,[개] 말티즈,흰색,2023(년생),4.8(Kg),M,Y,맨몸으로 발견. 덩치가 큰편. 부정교합. 피부염+턱 옆에 종괴. 착하고 잘따름. 차를 잘탐,예산임시동물보호센터,041-339-7838,충청남도 예산군 예산읍 군청로 22  ,충청남도 예산군,344461202400001,20260909,20260916,2026-09-09 18:43:32.0,http://openapi.animal.go.kr/openapi/service/rest/fileDownloadSrvc/files/shelter/2026/09/202609091809699[1].jpg|http://openapi.animal.go.kr/openapi/service/rest/fileDownloadSrvc/files/shelter/2026/09/202609091809745.jpg,images/444461202600305_0.jpg|images/444461202600305_1.jpg
444461202600304,충남-예산-2026-00162,보호중,20260909,오가면 예산자동차운전전문학원,개,푸들,[개] 푸들,기타(크림&흰색),2026(년생),3.7(Kg),F,U,5개월령 추정(송곳니 유치). 맨몸으로 발견. 사람을 매우 좋아함. 짖음 적은편,예산임시동물보호센터,041-339-7838,충청남도 예산군 예산읍 군청로 22  ,충청남도 예산군,344461202400001,20260909,20260916,2026-09-09 13:53:56.0,http://openapi.animal.go.kr/openapi/service/rest/fileDownloadSrvc/files/shelter/2026/09/202609091309783[2].jpg|http://openapi.animal.go.kr/openapi/service/rest/fileDownloadSrvc/files/shelter/2026/09/202609091309821.jpg,images/444461202600304_0.jpg|images/444461202600304_1.jpg
444460202600618,충남-홍성-2026-00173,보호중,20260909,충남 홍성군 서부면 서부로 514,개,푸들,[개] 푸들,흰색,2016(년생),2.7(Kg),M,N,온순함/사람을 잘 따름. ,홍성반려동물문화센터,041-630-1970,충청남도 홍성군 은하면 은하로 155-38  ,충청남도 홍성군,344460202500001,20260909,20260918,2026-09-09 10:54:36.0,http://openapi.animal.go.kr/openapi/service/rest/fileDownloadSrvc/files/shelter/2026/09/202609091009715.jpg|http://openapi.animal.go.kr/openapi/service/rest/fileDownloadSrvc/files/shelter/2026/09/202609091009737[2].jpg,images/444460202600618_0.jpg|images/444460202600618_1.jpg
444460202600617,충남-홍성-2026-00172,보호중,20260909,매죽헌길 417-3,개,믹스견,[개] 믹스견,흰색,2026(60일미만)(년생),1.55(Kg),M,N,온순함,홍성반려동물문화센터,041-630-1970,충청남도 홍성군 은하면 은하로 155-38  ,충청남도 홍성군,344460202500001,20260909,20260918,2026-09-09 10:54:25.0,http://openapi.animal.go.kr/openapi/service/rest/fileDownloadSrvc/files/shelter/2026/09/202609091009229.jpg|http://openapi.animal.go.kr/openapi/service/rest/fileDownloadSrvc/files/shelter/2026/09/202609091009251[2].jpg,images/444460202600617_0.jpg|images/444460202600617_1.jpg
444460202600616,충남-홍성-2026-00171,보호중,20260909,매죽헌길 417-3,개,믹스견,[개] 믹스견,흰색&갈색&탄,2026(60일미만)(년생),1.15(Kg),F,N,온순함,홍성반려동물문화센터,041-630-1970,충청남도 홍성군 은하면 은하로 155-38  ,충청남도 홍성군,344460202500001,20260909,20260918,2026-09-09 10:54:12.0,http://openapi.animal.go.kr/openapi/service/rest/fileDownloadSrvc/files/shelter/2026/09/202609091009460[1].jpg|http://openapi.animal.go.kr/openapi/service/rest/fileDownloadSrvc/files/shelter/2026/09/202609091009477.jpg,images/444460202600616_0.jpg|images/444460202600616_1.jpg
444458202600403,충남-서천-2026-00068,보호중,20260909,충청남도 서천군 시초면 선암길 244-2,개,믹스견,[개] 믹스견,회색,2023(년생),6(Kg),M,N,시초면 동네 배회로 신고된 흰회색 수컷 단모견,서천군유기동물보호소,041-950-4390,충청남도 서천군 마산면 한마로 1189-19 ,충청남도 서천군,344458201300001,20260909,20260921,2026-09-09 12:42:59.0,http://openapi.animal.go.kr/openapi/service/rest/fileDownloadSrvc/files/shelter/2026/09/202609091209157.jpg|http://openapi.animal.go.kr/openapi/service/rest/fileDownloadSrvc/files/shelter/2026/09/202609091209165[1].jpg,images/444458202600403_0.jpg|images/444458202600403_1.jpg
444452202601740,충남-아산-2026-00336,보호중,20260909,음봉면 월산로 128-75,개,믹스견,[개] 믹스견,갈색,2023(년생),15kg(Kg),F,U,"1740호(관리) 336호(공고), 심장사상충 양성",아산동물복지지원센터,041-530-6200,충청남도 아산시 환경공원로 158 (배미동) ,충청남도 아산시,344452202300001,20260909,20260921,2026-09-09 19:01:29.0,http://openapi.animal.go.kr/openapi/service/rest/fileDownloadSrvc/files/shelter/2026/09/20260909140906.jpg|http://openapi.animal.go.kr/openapi/service/rest/fileDownloadSrvc/files/shelter/2026/09/20260909140957.jpg,images/444452202601740_0.jpg|images/444452202601740_1.jpg
444450202600588,충남-공주-2026-00220,보호중,20260909,공주시 공단길 14-48,개,믹스견,[개] 믹스견,검정&흰색,2025(년생),10(Kg),F,U,"심장사상충&파보 음성, 종합&광견병 백신, 심장사상충약",공주시 동물보호센터,041-840-3495,충청남도 공주시 우성면 내산목천길 52-15  ,충청남도 공주시,344450202200001,20260909,20260922,2026-09-09 13:39:30.0,http://openapi.animal.go.kr/openapi/service/rest/fileDownloadSrvc/files/shelter/2026/09/202609091309237.jpg|http://openapi.animal.go.kr/openapi/service/rest/fileDownloadSrvc/files/shelter/2026/09/202609091309257[1].jpg,images/444450202600588_0.jpg|images/444450202600588_1.jpg
443571202601791,충북-청주-2026-00741,보호중,20260909,청주시반려동물보호센터,개,믹스견,[개] 믹스견,크림색,2026(60일미만)(년생),1.4(Kg),F,N,"입양전제 임시보호중,26-593의 자견, 26.07.31 출생, 얌전한 아이",반려동물보호센터,043-201-2298,충청북도 청주시 흥덕구 강내면 서부로 411-23  청주시 반려동물 보호센터,충청북도 청주시,343571201600001,20260909,20260921,2026-09-10 16:49:14.0,http://openapi.animal.go.kr/openapi/service/rest/fileDownloadSrvc/files/shelter/2026/09/202609091309926.jpeg|http://openapi.animal.go.kr/openapi/service/rest/fileDownloadSrvc/files/shelter/2026/09/20260909130910.jpeg,images/443571202601791_0.jpeg|images/443571202601791_1.jpeg
443571202601790,충북-청주-2026-00740,보호중,20260909,청주시반려동물보호센터,개,믹스견,[개] 믹스견,크림색,2026(60일미만)(년생),1.4(Kg),M,N,"입양전제 임시보호 가능, 26-593의 자견, 26.07.31 출생, 얌전한 아이",반려동물보호센터,043-201-2298,충청북도 청주시 흥덕구 강내면 서부로 411-23  청주시 반려동물 보호센터,충청북도 청주시,343571201600001,20260909,20260921,2026-09-10 16:49:59.0,http://openapi.animal.go.kr/openapi/service/rest/fileDownloadSrvc/files/shelter/2026/09/202609091309344.jpeg|http://openapi.animal.go.kr/openapi/service/rest/fileDownloadSrvc/files/shelter/2026/09/202609091309368.jpeg,images/443571202601790_0.jpeg|images/443571202601790_1.jpeg
443571202601789,충북-청주-2026-00739,보호중,20260909,청주시반려동물보호센터,개,믹스견,[개] 믹스견,갈색&검정,2026(60일미만)(년생),1(Kg),F,N,"26-609의 자견, 26.08.10 출생, 얌전한 아이",반려동물보호센터,043-201-2298,충청북도 청주시 흥덕구 강내면 서부로 411-23  청주시 반려동물 보호센터,충청북도 청주시,343571201600001,20260909,20260921,2026-09-09 15:41:28.0,http://openapi.animal.go.kr/openapi/service/rest/fileDownloadSrvc/files/shelter/2026/09/202609091309333.jpeg|http://openapi.animal.go.kr/openapi/service/rest/fileDownloadSrvc/files/shelter/2026/09/202609091309358.jpeg,images/443571202601789_0.jpeg|images/443571202601789_1.jpeg
443571202601788,충북-청주-2026-00738,보호중,20260909,청주시반려동물보호센터,개,믹스견,[개] 믹스견,갈색&흰색,2026(60일미만)(년생),1.5(Kg),M,N,"26-609의 자견, 26.08.10 출생, 활발한 아이",반려동물보호센터,043-201-2298,충청북도 청주시 흥덕구 강내면 서부로 411-23  청주시 반려동물 보호센터,충청북도 청주시,343571201600001,20260909,20260921,2026-09-09 15:41:46.0,http://openapi.animal.go.kr/openapi/service/rest/fileDownloadSrvc/files/shelter/2026/09/202609091309404.jpeg|http://openapi.animal.go.kr/openapi/service/rest/fileDownloadSrvc/files/shelter/2026/09/202609091309431.jpeg,images/443571202601788_0.jpeg|images/443571202601788_1.jpeg
443571202601787,충북-청주-2026-00737,보호중,20260909,사창동 180-1 인근,개,비숑 프리제,[개] 비숑 프리제,흰색,2024(년생),3.8(Kg),M,N,"9.4일 새벽에 발견된 아이, 착하고 순하며 조금 꼬질한 상태지만 꼬순내가 매우나서 귀여움",반려동물보호센터,043-201-2298,충청북도 청주시 흥덕구 강내면 서부로 411-23  청주시 반려동물 보호센터,충청북도 청주시,343571201600001,20260909,20260921,2026-09-09 13:41:11.0,http://openapi.animal.go.kr/openapi/service/rest/fileDownloadSrvc/files/shelter/2026/09/202609091309644.jpeg|http://openapi.animal.go.kr/openapi/service/rest/fileDownloadSrvc/files/shelter/2026/09/202609091309667.jpeg,images/443571202601787_0.jpeg|images/443571202601787_1.jpeg
443571202601786,충북-청주-2026-00736,보호중,20260909,오송 5길 20 경동택배,개,믹스견,[개] 믹스견,흰색,2026(년생),4.4(Kg),M,N,"카키색 눈을 가진 예쁘고 순한 3.5개월령 강아지, 빨간색 목줄 착용[맞2]",반려동물보호센터,043-201-2298,충청북도 청주시 흥덕구 강내면 서부로 411-23  청주시 반려동물 보호센터,충청북도 청주시,343571201600001,20260909,20260921,2026-09-09 15:43:59.0,http://openapi.animal.go.kr/openapi/service/rest/fileDownloadSrvc/files/shelter/2026/09/202609091309781.jpeg|http://openapi.animal.go.kr/openapi/service/rest/fileDownloadSrvc/files/shelter/2026/09/202609091309805.jpeg,images/443571202601786_0.jpeg|images/443571202601786_1.jpeg
443443202600649,충북-옥천-2026-00384,보호중,20260909,청성면,개,믹스견,[개] 믹스견,검정&흰색,2019(년생),1(Kg),M,N,"[관리번호384]청성면 대안리에 위치한 민가 마당에서 발견, 피부질환이 있음",옥천동물병원,043-732-8844,"충청북도 옥천군 옥천읍 삼금로 53 (옥천읍, 동물병원) 옥천동물병원",충청북도 옥천군,343443201500001,20260909,20260921,2026-09-09 17:50:41.0,http://openapi.animal.go.kr/openapi/service/rest/fileDownloadSrvc/files/shelter/2026/09/202609091709514.png|http://openapi.animal.go.kr/openapi/service/rest/fileDownloadSrvc/files/shelter/2026/09/202609091709223.png,images/443443202600649_0.png|images/443443202600649_1.png
443443202600648,충북-옥천-2026-00383,보호중,20260909,청성면,개,믹스견,[개] 믹스견,갈색&검정,2025(년생),5(Kg),F,N,"[관리번호383]청성면 양저리에 위치한 민가 마당에 들어온것을 발견, 순함",옥천동물병원,043-732-8844,"충청북도 옥천군 옥천읍 삼금로 53 (옥천읍, 동물병원) 옥천동물병원",충청북도 옥천군,343443201500001,20260909,20260921,2026-09-09 17:50:41.0,http://openapi.animal.go.kr/openapi/service/rest/fileDownloadSrvc/files/shelter/2026/09/202609091709591.png|http://openapi.animal.go.kr/openapi/service/rest/fileDownloadSrvc/files/shelter/2026/09/202609091709344.png,images/443443202600648_0.png|images/443443202600648_1.png
443442202600245,충북-보은-2026-00033,보호중,20260909,충청북도 보은군 보은읍 남부로 4412-13 인근,개,믹스견,[개] 믹스견,엷은 황갈색&흰색,2023(년생),10(Kg),M,U,노란색+파란색 목줄을 하고 있음,보은군동물보호센터,043-540-3643,충청북도 보은군 보은읍 뱃들로 47  ,충청북도 보은군,343442202200001,20260909,20260918,2026-09-09 09:02:22.0,http://openapi.animal.go.kr/openapi/service/rest/fileDownloadSrvc/files/shelter/2026/09/202609090909944.jpeg|http://openapi.animal.go.kr/openapi/service/rest/fileDownloadSrvc/files/shelter/2026/09/202609090909717.jpeg,images/443442202600245_0.jpeg|images/443442202600245_1.jpeg
443439202600498,충북-충주-2026-00196,보호중,20260909,수안보 곤충박물관 인근,개,라브라도 리트리버,[개] 라브라도 리트리버,갈색,2024(년생),40(Kg),M,N,"순하고 사람좋아함,수안보 곤충박물관 인근 발견,사상충 음성",충주시동물보호센터,043-851-3168,충청북도 충주시 중앙탑면 일곱실길 70 (중앙탑면) ,충청북도 충주시,343439201700001,20260909,20260916,2026-09-09 19:14:57.0,http://openapi.animal.go.kr/openapi/service/rest/fileDownloadSrvc/files/shelter/2026/09/202609091909376.jpg|http://openapi.animal.go.kr/openapi/service/rest/fileDownloadSrvc/files/shelter/2026/09/202609091909878.jpg,images/443439202600498_0.jpg|images/443439202600498_1.jpg
442431202600200,강원-화천-2026-00047,보호중,20260909,산천어골프장 제1 매표소,개,믹스견,[개] 믹스견,흰색,2021(년생),15.00(Kg),M,U,호기심이 많아 보이며 온순하고 사람을 피하지 않음,화천군농업기술센터,033-440-2941,강원도 화천군 상서면 영서로 6387-9  화천농업기술센터,강원특별자치도 화천군,342431201300001,20260909,20260921,2026-09-09 09:13:27.0,http://openapi.animal.go.kr/openapi/service/rest/fileDownloadSrvc/files/shelter/2026/09/202609090909565.jpg|http://openapi.animal.go.kr/openapi/service/rest/fileDownloadSrvc/files/shelter/2026/09/202609090909588.jpg,images/442431202600200_0.jpg|images/442431202600200_1.jpg
442423202600325,강원-속초-2026-00163,보호중,20260909,청초지구대,개,진도견,[개] 진도견,붉고 엷은 황갈색,2013(년생),17(Kg),M,N,사람을잘따름,속초시유기동물보호소,033-636-2519,강원도 속초시 하도문길 103 (대포동) ,강원특별자치도 속초시,342423201200001,20260909,20260921,2026-09-09 10:16:48.0,http://openapi.animal.go.kr/openapi/service/rest/fileDownloadSrvc/files/shelter/2026/09/202609091009782.jpg|http://openapi.animal.go.kr/openapi/service/rest/fileDownloadSrvc/files/shelter/2026/09/202609091009805.jpg,images/442423202600325_0.jpg|images/442423202600325_1.jpg
441570202600587,경기-여주-2026-00399,보호중,20260909,흥천면 계신리,개,삽살개,[개] 삽살개,검정색,2016(년생),21.00(Kg),M,N,"빨간색 목띠착용, 매우온순함",위더스 동물보호센터,031-882-4381,경기도 여주시 여양2로 42 (천송동) ,경기도 여주시,341570201900003,20260909,20260921,2026-09-09 18:09:40.0,http://openapi.animal.go.kr/openapi/service/rest/fileDownloadSrvc/files/shelter/2026/09/202609091809954.jpg|http://openapi.animal.go.kr/openapi/service/rest/fileDownloadSrvc/files/shelter/2026/09/202609091809987.jpg,images/441570202600587_0.jpg|images/441570202600587_1.jpg
441570202600582,경기-여주-2026-00394,보호중,20260909,상거동 명품로,개,프렌치 불독,[개] 프렌치 불독,얼룩무늬,2026(60일미만)(년생),1.40(Kg),F,N,"사람을 좋아하며, 매우온순함",위더스 동물보호센터,031-882-4381,경기도 여주시 여양2로 42 (천송동) ,경기도 여주시,341570201900003,20260909,20260921,2026-09-09 11:21:02.0,http://openapi.animal.go.kr/openapi/service/rest/fileDownloadSrvc/files/shelter/2026/09/202609091109524.jpg|http://openapi.animal.go.kr/openapi/service/rest/fileDownloadSrvc/files/shelter/2026/09/202609091109574.jpg,images/441570202600582_0.jpg|images/441570202600582_1.jpg
441570202600581,경기-여주-2026-00393,보호중,20260909,상거동 명품로,개,프렌치 불독,[개] 프렌치 불독,크림색,2026(60일미만)(년생),1.40(Kg),F,N,"사람을 좋아하며, 매우온순함",위더스 동물보호센터,031-882-4381,경기도 여주시 여양2로 42 (천송동) ,경기도 여주시,341570201900003,20260909,20260921,2026-09-09 11:21:02.0,http://openapi.animal.go.kr/openapi/service/rest/fileDownloadSrvc/files/shelter/2026/09/202609091109320.jpg|http://openapi.animal.go.kr/openapi/service/rest/fileDownloadSrvc/files/shelter/2026/09/202609091109371.jpg,images/441570202600581_0.jpg|images/441570202600581_1.jpg
441570202600580,경기-여주-2026-00392,보호중,20260909,상거동 명품로,개,프렌치 불독,[개] 프렌치 불독,기타(갈색검정색),2026(60일미만)(년생),1.80(Kg),F,N,"사람을 좋아하며, 매우온순함, 가슴에 흰색",위더스 동물보호센터,031-882-4381,경기도 여주시 여양2로 42 (천송동) ,경기도 여주시,341570201900003,20260909,20260921,2026-09-09 11:21:02.0,http://openapi.animal.go.kr/openapi/service/rest/fileDownloadSrvc/files/shelter/2026/09/202609091009739[1].jpg|http://openapi.animal.go.kr/openapi/service/rest/fileDownloadSrvc/files/shelter/2026/09/202609091009787[1].jpg,images/441570202600580_0.jpg|images/441570202600580_1.jpg
441417202601177,경기-양평-2026-00256,보호중,20260909,경기도 양평군 양평읍 시민로 24번길 11,개,믹스견,[개] 믹스견,금색&흰색,2022(년생),7(Kg),F,U,사람에게 경계심은 있지만 공격성은 없고 온순한 성격,양평군유기동물보호소,031-770-2337,경기도 양평군 양평읍 농업기술센터길 59-1  ,경기도 양평군,341417201800001,20260909,20260921,2026-09-13 16:03:06.0,http://openapi.animal.go.kr/openapi/service/rest/fileDownloadSrvc/files/shelter/2026/09/202609091909851.png|http://openapi.animal.go.kr/openapi/service/rest/fileDownloadSrvc/files/shelter/2026/09/202609091909879.png,images/441417202601177_0.png|images/441417202601177_1.png
441407202601023,경기-이천-2026-00420,보호중,20260909,장호원읍 장호원리,개,진도견,[개] 진도견,기타(크림색),2021(년생),24.00(Kg),F,N,"목띠착용, 겁이 다소있음",위더스 동물보호센터,031-882-4381,경기도 여주시 여양2로 42 (천송동) ,경기도 이천시,341407201900001,20260909,20260921,2026-09-09 18:13:43.0,http://openapi.animal.go.kr/openapi/service/rest/fileDownloadSrvc/files/shelter/2026/09/202609091809194.jpg|http://openapi.animal.go.kr/openapi/service/rest/fileDownloadSrvc/files/shelter/2026/09/202609091809239.jpg,images/441407202601023_0.jpg|images/441407202601023_1.jpg
441405202602828,경기-용인-2026-00356,보호중,20260909,처인구 원삼면 용수로 98-8,개,믹스견,[개] 믹스견,갈색&흰색,2026(년생),5.4(Kg),F,N,"3개월령 추정, 피부상태 좋지 않음",용인시 동물보호센터,031-6193-3463,경기도 용인시 처인구 중부대로 1074-1 (삼가동) 용인시 동물보호센터,경기도 용인시,341405201800001,20260909,20260921,2026-09-09 16:03:24.0,http://openapi.animal.go.kr/openapi/service/rest/fileDownloadSrvc/files/shelter/2026/09/202609091609337.jpg|http://openapi.animal.go.kr/openapi/service/rest/fileDownloadSrvc/files/shelter/2026/09/202609091609457.jpg,images/441405202602828_0.jpg|images/441405202602828_1.jpg
441405202602827,경기-용인-2026-00355,보호중,20260909,기흥구 용구대로 2457 이마트트레이더스 구성점,개,믹스견,[개] 믹스견,갈색&검정,2026(년생),16(Kg),M,N,"5개월령 추정, 귀여운 아이",용인시 동물보호센터,031-6193-3463,경기도 용인시 처인구 중부대로 1074-1 (삼가동) 용인시 동물보호센터,경기도 용인시,341405201800001,20260909,20260921,2026-09-09 15:16:46.0,http://openapi.animal.go.kr/openapi/service/rest/fileDownloadSrvc/files/shelter/2026/09/202609091509742.jpg|http://openapi.animal.go.kr/openapi/service/rest/fileDownloadSrvc/files/shelter/2026/09/202609091509363.jpg,images/441405202602827_0.jpg|images/441405202602827_1.jpg
441405202602826,경기-용인-2026-00354,보호중,20260909,처인구 이동읍 화산리 637-6,개,믹스견,[개] 믹스견,갈색&검정&흰색,2026(년생),15.5(Kg),M,N,"7개월령 추정, 귀여운 아이",용인시 동물보호센터,031-6193-3463,경기도 용인시 처인구 중부대로 1074-1 (삼가동) 용인시 동물보호센터,경기도 용인시,341405201800001,20260909,20260921,2026-09-09 14:28:26.0,http://openapi.animal.go.kr/openapi/service/rest/fileDownloadSrvc/files/shelter/2026/09/202609091409356.jpg|http://openapi.animal.go.kr/openapi/service/rest/fileDownloadSrvc/files/shelter/2026/09/202609091409416.jpg,images/441405202602826_0.jpg|images/441405202602826_1.jpg
441404202600445,경기-하남-2026-00133,보호중,20260909,경기 하남시 항동 200-1 인근,개,푸들,[개] 푸들,흰색,2021(년생),4(Kg),F,U,온순. 활발. 사람 좋아함. 애교 많음. 코 갈색. 치석 약간. 꼬리 단미 안됨. 털 많이 때탐. ,한국동물구조관리협회,031-867-9119,경기도 양주시 남면 감악산로 63-37  한국동물구조관리협회,경기도 하남시,341404202300001,20260909,20260921,2026-09-09 17:14:01.0,http://openapi.animal.go.kr/openapi/service/rest/fileDownloadSrvc/files/shelter/2026/09/202609091709148[1].jpg|http://openapi.animal.go.kr/openapi/service/rest/fileDownloadSrvc/files/shelter/2026/09/202609091709164[1].jpg,images/441404202600445_0.jpg|images/441404202600445_1.jpg
441401202600886,경기-시흥-2026-00333,보호중,20260909,수인로 2127-11,개,믹스견,[개] 믹스견,검정&흰색,2018(년생),5.6(Kg),M,Y,"목줄착용상태로 발견,약간 겁이 있어서 적응시간 필요,구조당시 다발성 찰과상",시흥동물누리보호센터,031-310-6945,경기도 시흥시 뒷방울길 218 (정왕동) ,경기도 시흥시,341401202200001,20260909,20260921,2026-09-09 16:57:16.0,http://openapi.animal.go.kr/openapi/service/rest/fileDownloadSrvc/files/shelter/2026/09/202609091609117.jpg|http://openapi.animal.go.kr/openapi/service/rest/fileDownloadSrvc/files/shelter/2026/09/202609091609136.jpg,images/441401202600886_0.jpg|images/441401202600886_1.jpg
441401202600884,경기-시흥-2026-00331,보호중,20260909,큰솔로7번길 26-1,개,포메라니안,[개] 포메라니안,흰색,2020(년생),2.3(Kg),M,N,"알로페시아 추정, 작고 소중한 귀염둥이, 자가미용 흔적있음",시흥동물누리보호센터,031-310-6945,경기도 시흥시 뒷방울길 218 (정왕동) ,경기도 시흥시,341401202200001,20260909,20260921,2026-09-09 14:04:45.0,http://openapi.animal.go.kr/openapi/service/rest/fileDownloadSrvc/files/shelter/2026/09/20260909140947.jpg|http://openapi.animal.go.kr/openapi/service/rest/fileDownloadSrvc/files/shelter/2026/09/20260909140969.jpg,images/441401202600884_0.jpg|images/441401202600884_1.jpg
441401202600883,경기-시흥-2026-00330,보호중,20260909,포동67-228,개,포메라니안,[개] 포메라니안,"기타(검,갈)",2016(년생),3.4(Kg),M,N,"풍성한털, 귀엽고 사랑스러운 외모, 온순한 성격",시흥동물누리보호센터,031-310-6945,경기도 시흥시 뒷방울길 218 (정왕동) ,경기도 시흥시,341401202200001,20260909,20260921,2026-09-09 14:08:46.0,http://openapi.animal.go.kr/openapi/service/rest/fileDownloadSrvc/files/shelter/2026/09/202609091309186.jpg|http://openapi.animal.go.kr/openapi/service/rest/fileDownloadSrvc/files/shelter/2026/09/202609091309218.jpg,images/441401202600883_0.jpg|images/441401202600883_1.jpg
441401202600882,경기-시흥-2026-00329,보호중,20260909,포동 67-228,개,포메라니안,[개] 포메라니안,"기타(검,갈,흰)",2016(년생),2.58(Kg),F,U,"독특한 눈동자와 털, 사람 손길에 익숙하며 순하고 해맑은 아이",시흥동물누리보호센터,031-310-6945,경기도 시흥시 뒷방울길 218 (정왕동) ,경기도 시흥시,341401202200001,20260909,20260921,2026-09-09 13:39:03.0,http://openapi.animal.go.kr/openapi/service/rest/fileDownloadSrvc/files/shelter/2026/09/202609091309783.jpg|http://openapi.animal.go.kr/openapi/service/rest/fileDownloadSrvc/files/shelter/2026/09/202609091309803.jpg,images/441401202600882_0.jpg|images/441401202600882_1.jpg
441394202601592,경기-고양-2026-00545,보호중,20260909,덕이동 1108-2 부근,개,믹스견,[개] 믹스견,흰색&황갈색,2025(년생),12(Kg),M,N,치료요함,고양시동물보호센터,031-962-3232,"경기도 고양시 덕양구 고양대로 1695 (원흥동, 고양시 농업기술센터) 고양시동물보호센터",경기도 고양시,341394201400001,20260909,20260921,2026-09-09 15:24:53.0,http://openapi.animal.go.kr/openapi/service/rest/fileDownloadSrvc/files/shelter/2026/09/202609091209426.jpg|http://openapi.animal.go.kr/openapi/service/rest/fileDownloadSrvc/files/shelter/2026/09/202609091209474.jpg,images/441394202601592_0.jpg|images/441394202601592_1.jpg
441391202601437,경기-평택-2026-00636,보호중,20260909,고덕면 서동대로 2523,개,골든 리트리버,[개] 골든 리트리버,금색,2026(년생),15.6(Kg),F,U,8-9개월 추정 / 반환 예정,평택시동물보호센터,031-8024-8080,경기도 평택시 청북읍 청북로 497  ,경기도 평택시,341391202500001,20260909,20260921,2026-09-11 16:58:21.0,http://openapi.animal.go.kr/openapi/service/rest/fileDownloadSrvc/files/shelter/2026/09/202609091309150.png|http://openapi.animal.go.kr/openapi/service/rest/fileDownloadSrvc/files/shelter/2026/09/202609091309231.jpg,images/441391202601437_0.png|images/441391202601437_1.jpg
441378202601181,경기-성남-2026-00471,보호중,20260909,단대동40-3,개,믹스견,[개] 믹스견,갈색&흰색,2022(년생),8.5(Kg),M,Y,"귀 염증, 피부염",펫앤쉘터동물병원,031-714-8392,"경기도 성남시 분당구 불정로 266 (수내동, 유신제일조합) ",경기도 성남시,341378201300002,20260909,20260921,2026-09-10 10:28:41.0,http://openapi.animal.go.kr/openapi/service/rest/fileDownloadSrvc/files/shelter/2026/09/202609092009155.jpg|http://openapi.animal.go.kr/openapi/service/rest/fileDownloadSrvc/files/shelter/2026/09/202609092009186.jpg,images/441378202601181_0.jpg|images/441378202601181_1.jpg
441378202601180,경기-성남-2026-00470,보호중,20260909,성남동1575,개,푸들,[개] 푸들,검정색,2024(년생),5.9(Kg),F,U,"귓병, 구강내 출혈",펫앤쉘터동물병원,031-714-8392,"경기도 성남시 분당구 불정로 266 (수내동, 유신제일조합) ",경기도 성남시,341378201300002,20260909,20260921,2026-09-10 10:29:06.0,http://openapi.animal.go.kr/openapi/service/rest/fileDownloadSrvc/files/shelter/2026/09/202609092009515.jpg|http://openapi.animal.go.kr/openapi/service/rest/fileDownloadSrvc/files/shelter/2026/09/202609092009539.jpg,images/441378202601180_0.jpg|images/441378202601180_1.jpg
441378202601172,경기-성남-2026-00469,보호중,20260909,성남동 2759,개,비숑 프리제,[개] 비숑 프리제,흰색,2026(60일미만)(년생),3.6(Kg),M,N,"8개월 추정, 중성화 안됨",펫앤쉘터동물병원,031-714-8392,"경기도 성남시 분당구 불정로 266 (수내동, 유신제일조합) ",경기도 성남시,341378201300002,20260909,20260921,2026-09-10 10:29:29.0,http://openapi.animal.go.kr/openapi/service/rest/fileDownloadSrvc/files/shelter/2026/09/202609091509487.jpg|http://openapi.animal.go.kr/openapi/service/rest/fileDownloadSrvc/files/shelter/2026/09/202609091509528.jpg,images/441378202601172_0.jpg|images/441378202601172_1.jpg
441374202601117,경기-수원-2026-00455,보호중,20260909,팔달구 남수동 152,개,치와와,[개] 치와와,흑갈색,2021(년생),2.40(Kg),F,U,겁이 많음,수원시 동물보호센터,031-5191-3557,"경기도 수원시 영통구 광교호수로 234 (하동, 수원시 동물보호센터) 하동 40-10",경기도 수원시,341374202000001,20260909,20260921,2026-09-10 09:50:04.0,http://openapi.animal.go.kr/openapi/service/rest/fileDownloadSrvc/files/shelter/2026/09/202609091609821.jpg|http://openapi.animal.go.kr/openapi/service/rest/fileDownloadSrvc/files/shelter/2026/09/202609091609868[2].jpg,images/441374202601117_0.jpg|images/441374202601117_1.jpg
430366202600496,대전-서구-2026-00233,보호중,20260909,내동 12-41,개,믹스견,[개] 믹스견,황갈색,2026(년생),4.5(Kg),M,U,.,대전동물보호센터,042-270-7239,대전광역시 유성구 금남구즉로 1234 (금고동) 대전광역시 동물보호센터,대전광역시 서구,330366202000001,20260909,20260921,2026-09-09 14:47:56.0,http://openapi.animal.go.kr/openapi/service/rest/fileDownloadSrvc/files/shelter/2026/09/20260909140978.png|http://openapi.animal.go.kr/openapi/service/rest/fileDownloadSrvc/files/shelter/2026/09/202609091409105.png,images/430366202600496_0.png|images/430366202600496_1.png
428357202601419,인천-강화-2026-00468,보호중,20260909,고려왕릉로 177-25 (길정리),개,믹스견,[개] 믹스견,기타(베이지),2016(년생),14(Kg),M,N,소심하고 친해지려면 시간이 필요함. 베이지,강화군 동물보호센터,010-2797-3786,인천광역시 강화군 강화읍 강화대로 254-1  ,인천광역시 강화군,328357202400001,20260909,20260921,2026-09-09 22:07:21.0,http://openapi.animal.go.kr/openapi/service/rest/fileDownloadSrvc/files/shelter/2026/09/202609092209349.jpg|http://openapi.animal.go.kr/openapi/service/rest/fileDownloadSrvc/files/shelter/2026/09/202609092209417.jpg,images/428357202601419_0.jpg|images/428357202601419_1.jpg
428357202601418,인천-강화-2026-00467,보호중,20260909,고려왕릉로 177-25 (길정리),개,믹스견,[개] 믹스견,흰색,2026(년생),3(Kg),M,N,생후3개월령추정. 온순하나 소심함. 백구,강화군 동물보호센터,010-2797-3786,인천광역시 강화군 강화읍 강화대로 254-1  ,인천광역시 강화군,328357202400001,20260909,20260921,2026-09-09 22:07:38.0,http://openapi.animal.go.kr/openapi/service/rest/fileDownloadSrvc/files/shelter/2026/09/20260909220992.jpg|http://openapi.animal.go.kr/openapi/service/rest/fileDownloadSrvc/files/shelter/2026/09/202609092209186.jpg,images/428357202601418_0.jpg|images/428357202601418_1.jpg
428357202601417,인천-강화-2026-00466,보호중,20260909,고려왕릉로 177-25 (길정리),개,믹스견,[개] 믹스견,흰색,2023(년생),12(Kg),F,N,3살추정. 온순함.진도믹스백구,강화군 동물보호센터,010-2797-3786,인천광역시 강화군 강화읍 강화대로 254-1  ,인천광역시 강화군,328357202400001,20260909,20260921,2026-09-09 22:07:57.0,http://openapi.animal.go.kr/openapi/service/rest/fileDownloadSrvc/files/shelter/2026/09/20260909220931.jpg|http://openapi.animal.go.kr/openapi/service/rest/fileDownloadSrvc/files/shelter/2026/09/202609092209155.jpg,images/428357202601417_0.jpg|images/428357202601417_1.jpg
428351202600523,인천-미추홀-2026-00259,보호중,20260909,숭의동 33-17 주인공원 근처,개,기타,[개] 말티푸,흰색,2026(60일미만)(년생),4.00(Kg),M,N,"방울이 달려있는 검은목줄 착용, 왼쪽 눈 백내장,피부안좋은편",경동동물병원,032-765-9988,인천광역시 제물포구 개항로 61 (경동) ,인천광역시 미추홀구,328351200900001,20260909,20260921,2026-09-09 16:50:40.0,http://openapi.animal.go.kr/openapi/service/rest/fileDownloadSrvc/files/shelter/2026/09/202609091609789[1].jpg|http://openapi.animal.go.kr/openapi/service/rest/fileDownloadSrvc/files/shelter/2026/09/202609091609807.jpg,images/428351202600523_0.jpg|images/428351202600523_1.jpg
427348202600877,대구-달성-2026-00375,보호중,20260909,하빈면 기곡2길 42-7,개,믹스견,[개] 믹스견,크림색,2021(년생),5(Kg),F,N,"설사, 매우 마른 상태",119동물병원,070-8028-1195,대구광역시 달성군 다사읍 달구벌대로 893 (다사읍) ,대구광역시 달성군,327348201700002,20260909,20260921,2026-09-09 18:56:08.0,http://openapi.animal.go.kr/openapi/service/rest/fileDownloadSrvc/files/shelter/2026/09/202609091509501.jpg|http://openapi.animal.go.kr/openapi/service/rest/fileDownloadSrvc/files/shelter/2026/09/202609091509544[1].jpg,images/427348202600877_0.jpg|images/427348202600877_1.jpg
427348202600876,대구-달성-2026-00374,보호중,20260909,하빈면 기곡2길 42-7,개,믹스견,[개] 믹스견,크림색,2026(60일미만)(년생),1(Kg),M,N,.,119동물병원,070-8028-1195,대구광역시 달성군 다사읍 달구벌대로 893 (다사읍) ,대구광역시 달성군,327348201700002,20260909,20260921,2026-09-09 18:55:54.0,http://openapi.animal.go.kr/openapi/service/rest/fileDownloadSrvc/files/shelter/2026/09/202609091509104.jpg|http://openapi.animal.go.kr/openapi/service/rest/fileDownloadSrvc/files/shelter/2026/09/202609091509248.jpg,images/427348202600876_0.jpg|images/427348202600876_1.jpg
427348202600875,대구-달성-2026-00373,보호중,20260909,하빈면 기곡2길 42-7,개,믹스견,[개] 믹스견,크림색,2026(60일미만)(년생),1(Kg),F,N,.,119동물병원,070-8028-1195,대구광역시 달성군 다사읍 달구벌대로 893 (다사읍) ,대구광역시 달성군,327348201700002,20260909,20260921,2026-09-09 18:55:42.0,http://openapi.animal.go.kr/openapi/service/rest/fileDownloadSrvc/files/shelter/2026/09/202609091509245.jpg|http://openapi.animal.go.kr/openapi/service/rest/fileDownloadSrvc/files/shelter/2026/09/202609091509292.jpg,images/427348202600875_0.jpg|images/427348202600875_1.jpg
427348202600874,대구-달성-2026-00372,보호중,20260909,하빈면 기곡2길 42-7,개,믹스견,[개] 믹스견,크림색,2026(60일미만)(년생),1(Kg),F,N,.,119동물병원,070-8028-1195,대구광역시 달성군 다사읍 달구벌대로 893 (다사읍) ,대구광역시 달성군,327348201700002,20260909,20260921,2026-09-09 18:55:33.0,http://openapi.animal.go.kr/openapi/service/rest/fileDownloadSrvc/files/shelter/2026/09/202609091509826.jpg|http://openapi.animal.go.kr/openapi/service/rest/fileDownloadSrvc/files/shelter/2026/09/202609091509862.jpg,images/427348202600874_0.jpg|images/427348202600874_1.jpg
427348202600873,대구-달성-2026-00371,보호중,20260909,하빈면 기곡2길 42-7,개,믹스견,[개] 믹스견,크림색,2026(60일미만)(년생),1(Kg),F,N,.,119동물병원,070-8028-1195,대구광역시 달성군 다사읍 달구벌대로 893 (다사읍) ,대구광역시 달성군,327348201700002,20260909,20260921,2026-09-09 18:55:22.0,http://openapi.animal.go.kr/openapi/service/rest/fileDownloadSrvc/files/shelter/2026/09/202609091509514.jpg|http://openapi.animal.go.kr/openapi/service/rest/fileDownloadSrvc/files/shelter/2026/09/202609091509556.jpg,images/427348202600873_0.jpg|images/427348202600873_1.jpg
427347202600761,대구-달서-2026-00273,보호중,20260909,월성동 영남맨션 앞,개,푸들,[개] 푸들,흰색,2022(년생),1.26(Kg),M,N,피부 상태 나쁨,대구유기동물보호협회,053-964-6258,대구광역시 동구 금강로 151-13 (금강동) ,대구광역시 달서구,327347201400001,20260909,20260921,2026-09-09 12:22:33.0,http://openapi.animal.go.kr/openapi/service/rest/fileDownloadSrvc/files/shelter/2026/09/202609091209758.jpg|http://openapi.animal.go.kr/openapi/service/rest/fileDownloadSrvc/files/shelter/2026/09/20260909120977.jpg,images/427347202600761_0.jpg|images/427347202600761_1.jpg
413590202600247,광주-진도-2026-00015,보호중,20260909,지산면 오류리 522번지,개,믹스견,[개] 믹스견,흰색&황갈색,2023(년생),6(Kg),F,U,목줄이 없고 겁이많음 순함,진도군임시보호소,061-540-6326,전라남도 진도군 진도읍 성죽골길 30  ,전남광주통합특별시 진도군,346500202400002,20260909,20260921,2026-09-09 10:24:17.0,http://openapi.animal.go.kr/openapi/service/rest/fileDownloadSrvc/files/shelter/2026/09/202609091009565.jpg|http://openapi.animal.go.kr/openapi/service/rest/fileDownloadSrvc/files/shelter/2026/09/202609091009589.jpg,images/413590202600247_0.jpg|images/413590202600247_1.jpg
413590202600246,광주-진도-2026-00014,보호중,20260909,지산면 오류리 522번지,개,믹스견,[개] 믹스견,흑갈색,2018(년생),10(Kg),F,U,"목줄없음, 순함",진도군임시보호소,061-540-6326,전라남도 진도군 진도읍 성죽골길 30  ,전남광주통합특별시 진도군,346500202400002,20260909,20260921,2026-09-09 10:21:40.0,http://openapi.animal.go.kr/openapi/service/rest/fileDownloadSrvc/files/shelter/2026/09/202609091009977.jpg|http://openapi.animal.go.kr/openapi/service/rest/fileDownloadSrvc/files/shelter/2026/09/20260909100903.jpg,images/413590202600246_0.jpg|images/413590202600246_1.jpg
413589202600249,광주-영광-2026-00052,보호중,20260909,영광읍 신하리 257-1,개,믹스견,[개] 믹스견,검정색,2024(년생),16(Kg),M,N,영광읍 신하리 257-1에서 구조한 검정색 수컷 믹스 강아지,영광동물보호센터,010-9188-5525,전라남도 영광군 불갑면 함영로 2755-48  ,전남광주통합특별시 영광군,346497201300001,20260909,20260921,2026-09-09 13:24:04.0,http://openapi.animal.go.kr/openapi/service/rest/fileDownloadSrvc/files/shelter/2026/09/20260909130933.jpg|http://openapi.animal.go.kr/openapi/service/rest/fileDownloadSrvc/files/shelter/2026/09/202609091309146.jpg,images/413589202600249_0.jpg|images/413589202600249_1.jpg
413589202600248,광주-영광-2026-00051,보호중,20260909,영광읍 양○해장국 앞,개,말티즈,[개] 말티즈,회색,2023(년생),4(Kg),F,N,영광읍 양○해장국 앞에서 구조된 회색 암컷 말티푸,영광동물보호센터,010-9188-5525,전라남도 영광군 불갑면 함영로 2755-48  ,전남광주통합특별시 영광군,346497201300001,20260909,20260921,2026-09-09 13:24:04.0,http://openapi.animal.go.kr/openapi/service/rest/fileDownloadSrvc/files/shelter/2026/09/202609091309205.jpg|http://openapi.animal.go.kr/openapi/service/rest/fileDownloadSrvc/files/shelter/2026/09/202609091309377.jpg,images/413589202600248_0.jpg|images/413589202600248_1.jpg
413589202600247,광주-영광-2026-00050,보호중,20260909,법성 덕흥리 마을근처수로,개,믹스견,[개] 믹스견,흰색,2024(년생),7(Kg),F,N,법성 덕흥리 마을근처수로에 유기된 두마리 강아지 중 흰색 암컷 믹스 강아지,영광동물보호센터,010-9188-5525,전라남도 영광군 불갑면 함영로 2755-48  ,전남광주통합특별시 영광군,346497201300001,20260909,20260921,2026-09-09 13:24:04.0,http://openapi.animal.go.kr/openapi/service/rest/fileDownloadSrvc/files/shelter/2026/09/202609091309719.jpg|http://openapi.animal.go.kr/openapi/service/rest/fileDownloadSrvc/files/shelter/2026/09/202609091309995[1].jpg,images/413589202600247_0.jpg|images/413589202600247_1.jpg
413589202600246,광주-영광-2026-00049,보호중,20260909,법성 덕흥리 마을근처수로,개,믹스견,[개] 믹스견,검정색,2023(년생),9(Kg),M,N,법성 덕흥리 마을근처수로에 유기된 두마리 강아지 중 검정색 수컷 믹스 강아지,영광동물보호센터,010-9188-5525,전라남도 영광군 불갑면 함영로 2755-48  ,전남광주통합특별시 영광군,346497201300001,20260909,20260921,2026-09-09 13:24:04.0,http://openapi.animal.go.kr/openapi/service/rest/fileDownloadSrvc/files/shelter/2026/09/202609091309482.jpg|http://openapi.animal.go.kr/openapi/service/rest/fileDownloadSrvc/files/shelter/2026/09/202609091309295.jpg,images/413589202600246_0.jpg|images/413589202600246_1.jpg
413579202601411,광주-나주-2026-00354,보호중,20260909,나주시공산면동촌리120묘지,개,믹스견,[개] 믹스견,기타(연갈색),2026(60일미만)(년생),1.3(Kg),F,N,묘지옆컨테이너아래7마리분만하여기름 구조 생후50일정도로보임,나주유기동물보호센터,010-2331-7377,전라남도 나주시 산포면 내기3길 71-43 [*미고시] ,전남광주통합특별시 나주시,346483202100001,20260909,20260921,2026-09-09 16:14:17.0,http://openapi.animal.go.kr/openapi/service/rest/fileDownloadSrvc/files/shelter/2026/09/20260909160916.jpg|http://openapi.animal.go.kr/openapi/service/rest/fileDownloadSrvc/files/shelter/2026/09/202609091609476.jpg,images/413579202601411_0.jpg|images/413579202601411_1.jpg
413579202601410,광주-나주-2026-00353,보호중,20260909,나주시공산면동촌리120묘지,개,믹스견,[개] 믹스견,갈색&흰색,2026(60일미만)(년생),1.4(Kg),F,N,묘지옆컨테이너아래7마리분만하여기름 구조 생후50일정도로보임,나주유기동물보호센터,010-2331-7377,전라남도 나주시 산포면 내기3길 71-43 [*미고시] ,전남광주통합특별시 나주시,346483202100001,20260909,20260921,2026-09-09 16:14:17.0,http://openapi.animal.go.kr/openapi/service/rest/fileDownloadSrvc/files/shelter/2026/09/202609091609652.jpg|http://openapi.animal.go.kr/openapi/service/rest/fileDownloadSrvc/files/shelter/2026/09/20260909160964.jpg,images/413579202601410_0.jpg|images/413579202601410_1.jpg
413579202601409,광주-나주-2026-00352,보호중,20260909,나주시공산면동촌리120묘지,개,믹스견,[개] 믹스견,기타(갈흰),2026(60일미만)(년생),1.3(Kg),M,N,묘지옆컨테이너아래7마리분만하여기름 구조 생후50일정도로보임,나주유기동물보호센터,010-2331-7377,전라남도 나주시 산포면 내기3길 71-43 [*미고시] ,전남광주통합특별시 나주시,346483202100001,20260909,20260921,2026-09-09 16:14:17.0,http://openapi.animal.go.kr/openapi/service/rest/fileDownloadSrvc/files/shelter/2026/09/202609091609563.jpg|http://openapi.animal.go.kr/openapi/service/rest/fileDownloadSrvc/files/shelter/2026/09/202609091609913.jpg,images/413579202601409_0.jpg|images/413579202601409_1.jpg
413579202601408,광주-나주-2026-00351,보호중,20260909,나주시공산면동촌리120묘지,개,믹스견,[개] 믹스견,기타(흰갈),2026(60일미만)(년생),1.3(Kg),F,N,묘지옆컨테이너아래7마리분만하여기름 구조 생후50일정도로보임,나주유기동물보호센터,010-2331-7377,전라남도 나주시 산포면 내기3길 71-43 [*미고시] ,전남광주통합특별시 나주시,346483202100001,20260909,20260921,2026-09-09 16:14:17.0,http://openapi.animal.go.kr/openapi/service/rest/fileDownloadSrvc/files/shelter/2026/09/202609091609401.jpg|http://openapi.animal.go.kr/openapi/service/rest/fileDownloadSrvc/files/shelter/2026/09/20260909160993.jpg,images/413579202601408_0.jpg|images/413579202601408_1.jpg
413579202601407,광주-나주-2026-00350,보호중,20260909,나주시공산면동촌리120묘지,개,믹스견,[개] 믹스견,기타(연갈색),2026(60일미만)(년생),1.2(Kg),M,N,묘지옆컨테이너아래7마리분만하여기름 구조 생후50일정도로보임,나주유기동물보호센터,010-2331-7377,전라남도 나주시 산포면 내기3길 71-43 [*미고시] ,전남광주통합특별시 나주시,346483202100001,20260909,20260921,2026-09-09 16:14:17.0,http://openapi.animal.go.kr/openapi/service/rest/fileDownloadSrvc/files/shelter/2026/09/202609091609348.jpg|http://openapi.animal.go.kr/openapi/service/rest/fileDownloadSrvc/files/shelter/2026/09/202609091609585.jpg,images/413579202601407_0.jpg|images/413579202601407_1.jpg
411318202600400,서울-영등포-2026-00116,보호중,20260909,서울 영등포구 신길동 116-15 인근,개,믹스견,[개] 믹스견,갈색&검정,2020(년생),7.6(Kg),F,U,우안 충혈. 온순. 얌전. 핑크색 목걸이에 딸기그림. 칩있음. 치석. 눈물자국. 양 눈 백내장. 눈곱.,한국동물구조관리협회,031-867-9119,경기도 양주시 남면 감악산로 63-37 ,서울특별시 영등포구,311318201200001,20260909,20260921,2026-09-09 17:10:52.0,http://openapi.animal.go.kr/openapi/service/rest/fileDownloadSrvc/files/shelter/2026/09/20260909170924.jpg|http://openapi.animal.go.kr/openapi/service/rest/fileDownloadSrvc/files/shelter/2026/09/20260909170936.jpg,images/411318202600400_0.jpg|images/411318202600400_1.jpg
442420202600475,강원-강릉-2026-00275,보호중,20260908,강동면 갯목길 가정집 부근,개,이탈리안 그레이 하운드,[개] 이탈리안 그레이 하운드,회색,2023(년생),8(Kg),M,U,목줄없이 발견,강릉시 동물사랑센터,033-641-7515,강원도 강릉시 성산면 내맬길 172  ,강원특별자치도 강릉시,342420201500001,20260913,20260923,2026-09-13 11:49:21.0,http://openapi.animal.go.kr/openapi/service/rest/fileDownloadSrvc/files/shelter/2026/09/202609131109159.jpg|http://openapi.animal.go.kr/openapi/service/rest/fileDownloadSrvc/files/shelter/2026/09/202609131109339.jpg,images/442420202600475_0.jpg|images/442420202600475_1.jpg
447523202600401,경북-예천-2026-00141,보호중,20260908,예천읍 대심리,개,믹스견,[개] 믹스견,갈색&검정,2026(년생),4(Kg),M,N,보들보들 아름다운 검정털과 쫑그한 귀! 시고르베르만입니다~,예천군유기동물보호소,054-650-6578,"경상북도 예천군 예천읍 충효로 632-84 (예천읍, 유기동물보호소) ",경상북도 예천군,347523201200001,20260912,20260922,2026-09-12 09:29:15.0,http://openapi.animal.go.kr/openapi/service/rest/fileDownloadSrvc/files/shelter/2026/09/202609120909820.jpeg|http://openapi.animal.go.kr/openapi/service/rest/fileDownloadSrvc/files/shelter/2026/09/202609120909867.jpeg,images/447523202600401_0.jpeg|images/447523202600401_1.jpeg
428355202600483,인천-계양-2026-00272,보호중,20260908,임학동 패밀리코아앞,개,포메라니안,[개] 포메라니안,크림색,2020(년생),4.0(Kg),M,N,피부병있슴,신영재동물병원,032-552-0075,인천광역시 계양구 장제로 923 (병방동) ,인천광역시 계양구,328355200900001,20260911,20260921,2026-09-11 10:02:11.0,http://openapi.animal.go.kr/openapi/service/rest/fileDownloadSrvc/files/shelter/2026/09/202609110009878.jpg|http://openapi.animal.go.kr/openapi/service/rest/fileDownloadSrvc/files/shelter/2026/09/202609110009896.jpg,images/428355202600483_0.jpg|images/428355202600483_1.jpg
428355202600482,인천-계양-2026-00271,보호중,20260908,다남동 비닐하우스앞,개,믹스견,[개] 믹스견,갈색,2026(년생),4.0(Kg),M,N,목척추이상 굽어있슴,신영재동물병원,032-552-0075,인천광역시 계양구 장제로 923 (병방동) ,인천광역시 계양구,328355200900001,20260911,20260921,2026-09-11 10:02:03.0,http://openapi.animal.go.kr/openapi/service/rest/fileDownloadSrvc/files/shelter/2026/09/20260911000904.jpg|http://openapi.animal.go.kr/openapi/service/rest/fileDownloadSrvc/files/shelter/2026/09/20260911000932.jpg,images/428355202600482_0.jpg|images/428355202600482_1.jpg
447525202600384,경북-울진-2026-00165,보호중,20260908,매화면,개,믹스견,[개] 믹스견,흰색,2026(60일미만)(년생),4(Kg),M,U,친근하고 온순함,울진군 동물보호센터,054-789-6795,경상북도 울진군 울진읍 대흥신림로 916-37  ,경상북도 울진군,347525202100001,20260910,20260921,2026-09-10 08:58:56.0,http://openapi.animal.go.kr/openapi/service/rest/fileDownloadSrvc/files/shelter/2026/09/202609100809697.jpg|http://openapi.animal.go.kr/openapi/service/rest/fileDownloadSrvc/files/shelter/2026/09/20260910080995.jpg,images/447525202600384_0.jpg|images/447525202600384_1.jpg
447525202600383,경북-울진-2026-00164,보호중,20260908,매화면,개,믹스견,[개] 믹스견,흰색,2026(60일미만)(년생),4(Kg),F,U,친근하고 온순함,울진군 동물보호센터,054-789-6795,경상북도 울진군 울진읍 대흥신림로 916-37  ,경상북도 울진군,347525202100001,20260910,20260921,2026-09-10 08:55:24.0,http://openapi.animal.go.kr/openapi/service/rest/fileDownloadSrvc/files/shelter/2026/09/202609100809883.jpg|http://openapi.animal.go.kr/openapi/service/rest/fileDownloadSrvc/files/shelter/2026/09/202609100809625.jpg,images/447525202600383_0.jpg|images/447525202600383_1.jpg
445468202602363,전북-익산-2026-01199,보호중,20260908,익산시 삼기면 용연길 192,개,믹스견,[개] 믹스견,갈색&흰색,2022(년생),8(Kg),F,N,교통사고로 많이다처 일어나질못함,익산유기동물보호소,063-855-1214,전북특별자치도 익산시 삼기면 황금로 342-17  ,전북특별자치도 익산시,345468201200001,20260910,20260921,2026-09-10 09:03:02.0,http://openapi.animal.go.kr/openapi/service/rest/fileDownloadSrvc/files/shelter/2026/09/202609091309961.jpg|http://openapi.animal.go.kr/openapi/service/rest/fileDownloadSrvc/files/shelter/2026/09/202609091309979.jpg,images/445468202602363_0.jpg|images/445468202602363_1.jpg
445468202602362,전북-익산-2026-01198,보호중,20260908,익산시 어양동 전자랜드 사거리,개,믹스견,[개] 믹스견,검정색,2019(년생),5(Kg),M,N,작고 많이말라있으며 순함,익산유기동물보호소,063-855-1214,전북특별자치도 익산시 삼기면 황금로 342-17  ,전북특별자치도 익산시,345468201200001,20260910,20260921,2026-09-10 09:02:44.0,http://openapi.animal.go.kr/openapi/service/rest/fileDownloadSrvc/files/shelter/2026/09/202609081709923.jpg|http://openapi.animal.go.kr/openapi/service/rest/fileDownloadSrvc/files/shelter/2026/09/202609081709962.jpg,images/445468202602362_0.jpg|images/445468202602362_1.jpg
442424202600472,강원-삼척-2026-00129,보호중,20260908,흥전리 토종농원 인근,개,믹스견,[개] 믹스견,검정&황갈색,2022(년생),8(Kg),F,U,순함,삼척시동물보호센터,033-571-2610,강원도 삼척시 미로면 동안로 86-45  ,강원특별자치도 삼척시,342424201300001,20260910,20260921,2026-09-09 10:19:02.0,http://openapi.animal.go.kr/openapi/service/rest/fileDownloadSrvc/files/shelter/2026/09/202609081309572.jpg|http://openapi.animal.go.kr/openapi/service/rest/fileDownloadSrvc/files/shelter/2026/09/202609081309804.jpg,images/442424202600472_0.jpg|images/442424202600472_1.jpg
441559202601101,경기-양주-2026-00543,보호중,20260908,경기 양주시 백석읍 연곡리 산38 인근,개,시베리안 허스키,[개] 시베리안 허스키,검정&흰색,2023(년생),30.5(Kg),M,Y,검정 가죽 목줄에 초록/검정 리드줄 착용. 온순. 활발. 사람 좋아함. 오드아이. 눈곱. ,한국동물구조관리협회,031-867-9119,경기도 양주시 남면 감악산로 63-37 (남면) ,경기도 양주시,341559200900001,20260910,20260921,2026-09-10 14:19:12.0,http://openapi.animal.go.kr/openapi/service/rest/fileDownloadSrvc/files/shelter/2026/09/202609091709498.jpg|http://openapi.animal.go.kr/openapi/service/rest/fileDownloadSrvc/files/shelter/2026/09/202609091709512.jpg,images/441559202601101_0.jpg|images/441559202601101_1.jpg
441408202601721,경기-안성-2026-00481,보호중,20260908,일죽면 화봉리 29-1,개,믹스견,[개] 믹스견,검정&흰색,2025(년생),10.5(Kg),F,U,순하고 사람을 잘 따름,안성시동물보호센터,031-673-5493,경기도 안성시 보개원삼로 157 (가사동) 미래동물병원,경기도 안성시,341408200900001,20260910,20260921,2026-09-10 11:26:37.0,http://openapi.animal.go.kr/openapi/service/rest/fileDownloadSrvc/files/shelter/2026/09/202609101009618[1].jpg|http://openapi.animal.go.kr/openapi/service/rest/fileDownloadSrvc/files/shelter/2026/09/202609101009654.jpg,images/441408202601721_0.jpg|images/441408202601721_1.jpg
428357202601420,인천-강화-2026-00469,보호중,20260908,안골길 27-25 부근,개,믹스견,[개] 믹스견,흰색,2022(년생),10.85(Kg),F,N,"온순함, 7일 구조자견 어미",베스트동물병원,032-934-9340,"인천광역시 강화군 강화읍 강화대로 217 (강화읍, 린나이보일러) ",인천광역시 강화군,328357200900001,20260910,20260921,2026-09-10 19:16:23.0,http://openapi.animal.go.kr/openapi/service/rest/fileDownloadSrvc/files/shelter/2026/09/202609101909456.jpg|http://openapi.animal.go.kr/openapi/service/rest/fileDownloadSrvc/files/shelter/2026/09/202609101909527.jpg,images/428357202601420_0.jpg|images/428357202601420_1.jpg
413589202600252,광주-장성-2026-00039,보호중,20260908,황룡면 옥정2리,개,믹스견,[개] 믹스견,갈색&검정&흰색,2023(년생),13(Kg),M,N,"특이한 검정점박이 무늬(머리,등,다리),사람을 조금 경계하는편",장성군동물보호센터,061-390-8422,전라남도 장성군 삼계면 능성로 382-31  0,전남광주통합특별시 장성군,346498202000001,20260910,20260921,2026-09-10 16:41:30.0,http://openapi.animal.go.kr/openapi/service/rest/fileDownloadSrvc/files/shelter/2026/09/202609101609659.png|http://openapi.animal.go.kr/openapi/service/rest/fileDownloadSrvc/files/shelter/2026/09/202609101609691[1].jpg,images/413589202600252_0.png|images/413589202600252_1.jpg
450650202602159,제주-제주-2026-02083,보호중,20260908,서귀포시 표선면 가시리로198번길 150-29,개,믹스견,[개] 믹스견,흰색,2023(년생),14(Kg),F,N,개체관리번호 1675 - 심장사상충,제주 동물보호센터,064-710-4065,제주특별자치도 제주시 첨단동길 184-14 (용강동) ,제주특별자치도,350650201200001,20260909,20260921,2026-09-09 08:55:09.0,http://openapi.animal.go.kr/openapi/service/rest/fileDownloadSrvc/files/shelter/2026/09/202609081709626.jpg|http://openapi.animal.go.kr/openapi/service/rest/fileDownloadSrvc/files/shelter/2026/09/202609081709642.jpg,images/450650202602159_0.jpg|images/450650202602159_1.jpg
450650202602158,제주-제주-2026-02082,보호중,20260908,서귀포시 남원읍 남원리 2201-2,개,믹스견,[개] 믹스견,흰색,2023(년생),15.4(Kg),M,N,개체관리번호 1674,제주 동물보호센터,064-710-4065,제주특별자치도 제주시 첨단동길 184-14 (용강동) ,제주특별자치도,350650201200001,20260909,20260921,2026-09-09 08:51:41.0,http://openapi.animal.go.kr/openapi/service/rest/fileDownloadSrvc/files/shelter/2026/09/202609081709366.jpg|http://openapi.animal.go.kr/openapi/service/rest/fileDownloadSrvc/files/shelter/2026/09/202609081709389.jpg,images/450650202602158_0.jpg|images/450650202602158_1.jpg
450650202602157,제주-제주-2026-02081,보호중,20260908,서귀포시 남원읍 신흥리 1927-9,개,믹스견,[개] 믹스견,흰색,2026(년생),16.1(Kg),M,N,개체관리번호 1673 - 9개월/쇠사슬목줄,제주 동물보호센터,064-710-4065,제주특별자치도 제주시 첨단동길 184-14 (용강동) ,제주특별자치도,350650201200001,20260909,20260921,2026-09-09 08:54:07.0,http://openapi.animal.go.kr/openapi/service/rest/fileDownloadSrvc/files/shelter/2026/09/202609081709487.jpg|http://openapi.animal.go.kr/openapi/service/rest/fileDownloadSrvc/files/shelter/2026/09/202609081709506[1].jpg,images/450650202602157_0.jpg|images/450650202602157_1.jpg
450650202602155,제주-제주-2026-02079,보호중,20260908,제주시 조천읍 대흘리 2445,개,믹스견,[개] 믹스견,갈색,2026(60일미만)(년생),2.5(Kg),M,N,개체관리번호 1671 - 2개월,제주 동물보호센터,064-710-4065,제주특별자치도 제주시 첨단동길 184-14 (용강동) ,제주특별자치도,350650201200001,20260909,20260921,2026-09-09 08:52:53.0,http://openapi.animal.go.kr/openapi/service/rest/fileDownloadSrvc/files/shelter/2026/09/202609081709622.jpg|http://openapi.animal.go.kr/openapi/service/rest/fileDownloadSrvc/files/shelter/2026/09/202609081709637.jpg,images/450650202602155_0.jpg|images/450650202602155_1.jpg
448567202601245,경남-창원1-2026-00640,보호중,20260908,진해구 이동 62-234 (옥수탕 앞 도로),개,말티즈,[개] 말티즈,흰색,2019(년생),3(Kg),F,N,"착용품 없음, 털 조금 엉켜있음",창원동물보호센터,055-225-5701,경상남도 창원시 성산구 공단로474번길 117 (상복동) 창원동물보호센터,경상남도 창원시 의창성산구,348527200900001,20260909,20260921,2026-09-09 07:37:36.0,http://openapi.animal.go.kr/openapi/service/rest/fileDownloadSrvc/files/shelter/2026/09/202609090709954.jpg|http://openapi.animal.go.kr/openapi/service/rest/fileDownloadSrvc/files/shelter/2026/09/202609090709987[1].jpg,images/448567202601245_0.jpg|images/448567202601245_1.jpg
444461202600303,충남-예산-2026-00161,보호중,20260908,대흥면 갈신2리 마을회관 부근,개,믹스견,[개] 믹스견,검정&흰색,2026(60일미만)(년생),1.2(Kg),F,U,신고자 가정에서 보호중. 박스에 넣어 버려짐. 쪼꼬미. 1차 접종+내외부구충,예산임시동물보호센터,041-339-7838,충청남도 예산군 예산읍 군청로 22  ,충청남도 예산군,344461202400001,20260909,20260916,2026-09-09 13:39:21.0,http://openapi.animal.go.kr/openapi/service/rest/fileDownloadSrvc/files/shelter/2026/09/202609091309487[1].jpg|http://openapi.animal.go.kr/openapi/service/rest/fileDownloadSrvc/files/shelter/2026/09/202609091309529.jpg,images/444461202600303_0.jpg|images/444461202600303_1.jpg
444455202600425,충남-금산-2026-00151,보호중,20260908,제원면 낙안길39-30,개,믹스견,[개] 믹스견,검정색,2025(년생),10(Kg),M,N,가슴에 흰털이 있음,제일동물병원,041-751-3739,충청남도 금산군 금산읍 비단로 59  ,충청남도 금산군,344455202300001,20260909,20260921,2026-09-09 09:52:34.0,http://openapi.animal.go.kr/openapi/service/rest/fileDownloadSrvc/files/shelter/2026/09/202609090909631.jpg|http://openapi.animal.go.kr/openapi/service/rest/fileDownloadSrvc/files/shelter/2026/09/202609090909670.png,images/444455202600425_0.jpg|images/444455202600425_1.png
444452202601739,충남-아산-2026-00335,보호중,20260908,온양6동. 초원아파트 입구 자동차도로 배회,개,말티즈,[개] 말티즈,흰색,2020(년생),3.8kg(Kg),M,N,1739호(관리) 335호(공고),아산동물복지지원센터,041-530-6200,충청남도 아산시 환경공원로 158 (배미동) ,충청남도 아산시,344452202300001,20260909,20260921,2026-09-09 19:02:21.0,http://openapi.animal.go.kr/openapi/service/rest/fileDownloadSrvc/files/shelter/2026/09/202609091409127.jpg|http://openapi.animal.go.kr/openapi/service/rest/fileDownloadSrvc/files/shelter/2026/09/202609091409179.jpg,images/444452202601739_0.jpg|images/444452202601739_1.jpg
443444202600332,충북-영동-2026-00138,보호중,20260908,양산면 호탄길38-13,개,믹스견,[개] 믹스견,붉고 엷은 황갈색,2020(년생),10.6(Kg),M,N,"미등록, 우측 전지 골절",최종주동물병원,043-744-4209,"충청북도 영동군 영동읍 계산로 54 (영동읍, 최종주동물병원) ",충청북도 영동군,343444200900002,20260909,20260921,2026-09-09 11:43:42.0,http://openapi.animal.go.kr/openapi/service/rest/fileDownloadSrvc/files/shelter/2026/09/202609091109412[1].jpg|http://openapi.animal.go.kr/openapi/service/rest/fileDownloadSrvc/files/shelter/2026/09/202609091109455.jpg,images/443444202600332_0.jpg|images/443444202600332_1.jpg
443444202600331,충북-영동-2026-00137,보호중,20260908,영동황간로1199(서송원),개,믹스견,[개] 믹스견,검정&흰색,2021(년생),7.2(Kg),M,N,미등록,최종주동물병원,043-744-4209,"충청북도 영동군 영동읍 계산로 54 (영동읍, 최종주동물병원) ",충청북도 영동군,343444200900002,20260909,20260921,2026-09-09 11:43:23.0,http://openapi.animal.go.kr/openapi/service/rest/fileDownloadSrvc/files/shelter/2026/09/202609091109186.jpg|http://openapi.animal.go.kr/openapi/service/rest/fileDownloadSrvc/files/shelter/2026/09/202609091109219.jpg,images/443444202600331_0.jpg|images/443444202600331_1.jpg
443444202600330,충북-영동-2026-00136,보호중,20260908,영동황간로1199(서송원),개,믹스견,[개] 믹스견,옅은 황색,2019(년생),5.4(Kg),M,N,"미등록, 피부병 심각, 매우 예민함",최종주동물병원,043-744-4209,"충청북도 영동군 영동읍 계산로 54 (영동읍, 최종주동물병원) ",충청북도 영동군,343444200900002,20260909,20260921,2026-09-09 11:43:07.0,http://openapi.animal.go.kr/openapi/service/rest/fileDownloadSrvc/files/shelter/2026/09/202609091109891.jpg|http://openapi.animal.go.kr/openapi/service/rest/fileDownloadSrvc/files/shelter/2026/09/202609091109924[1].jpg,images/443444202600330_0.jpg|images/443444202600330_1.jpg
443444202600329,충북-영동-2026-00135,보호중,20260908,황간면사무소,개,믹스견,[개] 믹스견,검정&황갈색,2021(년생),5.9(Kg),F,U,"미등록, 복부팽대",최종주동물병원,043-744-4209,"충청북도 영동군 영동읍 계산로 54 (영동읍, 최종주동물병원) ",충청북도 영동군,343444200900002,20260909,20260921,2026-09-09 11:42:51.0,http://openapi.animal.go.kr/openapi/service/rest/fileDownloadSrvc/files/shelter/2026/09/202609091109737.jpg|http://openapi.animal.go.kr/openapi/service/rest/fileDownloadSrvc/files/shelter/2026/09/202609091109767.jpg,images/443444202600329_0.jpg|images/443444202600329_1.jpg
442427202600501,강원-영월-2026-00040,보호중,20260908,북면 영월로 1246 주변,개,믹스견,[개] 믹스견,갈색&검정,2023(년생),9(Kg),F,U,온순하고 사람과 교감이 잘됨,영월군 동물보호센터,033-374-4983,강원특별자치도 영월군 남면 갈골길 12  영월군 동물보호센터,강원특별자치도 영월군,342427201400001,20260909,20260921,2026-09-09 16:15:53.0,http://openapi.animal.go.kr/openapi/service/rest/fileDownloadSrvc/files/shelter/2026/09/202609091409415.jpg|http://openapi.animal.go.kr/openapi/service/rest/fileDownloadSrvc/files/shelter/2026/09/202609091409438.jpg,images/442427202600501_0.jpg|images/442427202600501_1.jpg
441560202600994,경기-포천-2026-00676,보호중,20260908,경기 포천시 이동면 여우고개로255번길 207 인근,개,보더 콜리,[개] 보더 콜리,기타(검/회/흰),2021(년생),19.5(Kg),M,Y,검정색 목줄 착용. 온순. 활발. 사람 좋아함. 오드아이. 눈곱. 칩있음. 꼬리 단미 안됨. 털 상태 양호. ,한국동물구조관리협회,031-867-9119,경기도 양주시 남면 감악산로 63-37  ,경기도 포천시,341560201000002,20260909,20260921,2026-09-09 16:40:45.0,http://openapi.animal.go.kr/openapi/service/rest/fileDownloadSrvc/files/shelter/2026/09/202609091609647[1].jpg|http://openapi.animal.go.kr/openapi/service/rest/fileDownloadSrvc/files/shelter/2026/09/202609091609658[1].jpg,images/441560202600994_0.jpg|images/441560202600994_1.jpg
441560202600993,경기-포천-2026-00675,보호중,20260908,경기 포천시 일동면 사리재4길 10-3 인근,개,믹스견,[개] 믹스견,흰색&검은반점,2025(년생),7(Kg),M,N,빨간바탕에 양 사이드 노란띠 목줄/목걸이 착용. 피부질환. 경계. 예민. 방어적 입질. ,한국동물구조관리협회,031-867-9119,경기도 양주시 남면 감악산로 63-37  ,경기도 포천시,341560201000002,20260909,20260921,2026-09-09 16:40:45.0,http://openapi.animal.go.kr/openapi/service/rest/fileDownloadSrvc/files/shelter/2026/09/202609091609911[1].jpg|http://openapi.animal.go.kr/openapi/service/rest/fileDownloadSrvc/files/shelter/2026/09/202609091609927[1].jpg,images/441560202600993_0.jpg|images/441560202600993_1.jpg
441560202600992,경기-포천-2026-00674,보호중,20260908,경기 포천시 일동면 사리재4길 10-3 인근,개,믹스견,[개] 믹스견,흰색,2023(년생),8(Kg),M,N,파랑 바탕 가장자리 노랑띠 목줄. 진드기 오염. 양 귀 상처.전신피부질환.경계.예민.겁.방어적 입질. ,한국동물구조관리협회,031-867-9119,경기도 양주시 남면 감악산로 63-37  ,경기도 포천시,341560201000002,20260909,20260921,2026-09-09 16:40:45.0,http://openapi.animal.go.kr/openapi/service/rest/fileDownloadSrvc/files/shelter/2026/09/202609091609964[1].jpg|http://openapi.animal.go.kr/openapi/service/rest/fileDownloadSrvc/files/shelter/2026/09/202609091609977.jpg,images/441560202600992_0.jpg|images/441560202600992_1.jpg
441560202600991,경기-포천-2026-00673,보호중,20260908,경기 포천시 일동면 사리재4길 10-3 인근,개,믹스견,[개] 믹스견,흰색,2024(년생),8.5(Kg),F,U,초록바탕에 양 사이드 노란띠 목걸이 착용. 입질. 눈곱. 경계. 겁. 꼬리 단미 안됨. 털 상태 양호.,한국동물구조관리협회,031-867-9119,경기도 양주시 남면 감악산로 63-37  ,경기도 포천시,341560201000002,20260909,20260921,2026-09-09 16:40:45.0,http://openapi.animal.go.kr/openapi/service/rest/fileDownloadSrvc/files/shelter/2026/09/202609091609143.jpg|http://openapi.animal.go.kr/openapi/service/rest/fileDownloadSrvc/files/shelter/2026/09/202609091609156[1].jpg,images/441560202600991_0.jpg|images/441560202600991_1.jpg
441560202600990,경기-포천-2026-00672,보호중,20260908,경기 포천시 일동면 수입리 330 인근,개,믹스견,[개] 믹스견,흰색,2022(년생),5(Kg),M,N,경계. 예민. 겁. 방어적 입질 있으나 터치 가능.  진드기오염. 우안 삼안점. 코 검정. 꼬리 단미 안됨. ,한국동물구조관리협회,031-867-9119,경기도 양주시 남면 감악산로 63-37  ,경기도 포천시,341560201000002,20260909,20260921,2026-09-09 16:40:44.0,http://openapi.animal.go.kr/openapi/service/rest/fileDownloadSrvc/files/shelter/2026/09/202609091609548.jpg|http://openapi.animal.go.kr/openapi/service/rest/fileDownloadSrvc/files/shelter/2026/09/202609091609560.jpg,images/441560202600990_0.jpg|images/441560202600990_1.jpg
441560202600989,경기-포천-2026-00671,보호중,20260908,경기 포천시 소흘읍 태봉로 125,개,믹스견,[개] 믹스견,검정색,2019(년생),13(Kg),M,N,좌 전지 상완 골절. 기립 못함. 피부병. 심장 사상충 양성. 기력 없음. 우안 결막염. 눈곱. 치석. ,한국동물구조관리협회,031-867-9119,경기도 양주시 남면 감악산로 63-37  ,경기도 포천시,341560201000002,20260909,20260921,2026-09-09 16:40:44.0,http://openapi.animal.go.kr/openapi/service/rest/fileDownloadSrvc/files/shelter/2026/09/20260909160992.jpg|http://openapi.animal.go.kr/openapi/service/rest/fileDownloadSrvc/files/shelter/2026/09/202609091609111.jpg,images/441560202600989_0.jpg|images/441560202600989_1.jpg
441560202600988,경기-포천-2026-00670,보호중,20260908,경기 포천시 일동면 사리재4길 10-3 인근,개,믹스견,[개] 믹스견,갈색&검정,2023(년생),10(Kg),M,N,빨강바탕 사이드 노랑띠 목걸이 착용. 경계. 예민. 겁. 코 검정. 양 귀에 피부병. 꼬리 단미 안됨. ,한국동물구조관리협회,031-867-9119,경기도 양주시 남면 감악산로 63-37  ,경기도 포천시,341560201000002,20260909,20260921,2026-09-09 16:40:44.0,http://openapi.animal.go.kr/openapi/service/rest/fileDownloadSrvc/files/shelter/2026/09/202609091609241[1].jpg|http://openapi.animal.go.kr/openapi/service/rest/fileDownloadSrvc/files/shelter/2026/09/202609091609257[2].jpg,images/441560202600988_0.jpg|images/441560202600988_1.jpg
441414202600666,경기-연천-2026-00235,보호중,20260908,경기 연천군 전곡읍 선사로 한탄강 관광지 인근,개,믹스견,[개] 믹스견,갈색&흰색,2021(년생),10(Kg),M,N,코 검정. 칭얼거림. 눈곱. 우안 결막염. 온순. 활발. 저돌적. 와이어 목줄에 황토색 목걸이 착용.,한국동물구조관리협회,031-867-9119,경기도 양주시 남면 감악산로 63-37 ,경기도 연천군,341414201300001,20260909,20260921,2026-09-09 16:29:17.0,http://openapi.animal.go.kr/openapi/service/rest/fileDownloadSrvc/files/shelter/2026/09/202609091609624.jpg|http://openapi.animal.go.kr/openapi/service/rest/fileDownloadSrvc/files/shelter/2026/09/202609091609685.jpg,images/441414202600666_0.jpg|images/441414202600666_1.jpg
441406202600998,경기-파주-2026-00620,보호중,20260908,경기 파주시 해바라기길 62 (문발동) 인근,개,믹스견,[개] 믹스견,흰색,2023(년생),13(Kg),F,U,파란바탕에 빨간 줄 목줄 착용. 온순. 얌전. 겁있음. 약간 여윔. 콧등에 상처. 꼬리 단미 안됨.,한국동물구조관리협회,031-867-9119,경기도 양주시 남면 감악산로 63-37  ,경기도 파주시,341406202200002,20260909,20260921,2026-09-09 17:03:29.0,http://openapi.animal.go.kr/openapi/service/rest/fileDownloadSrvc/files/shelter/2026/09/202609091609372.jpg|http://openapi.animal.go.kr/openapi/service/rest/fileDownloadSrvc/files/shelter/2026/09/202609091609388[2].jpg,images/441406202600998_0.jpg|images/441406202600998_1.jpg
441382202600596,경기-의정부-2026-00169,보호중,20260908,"경기 의정부시 호동로 36-1 (호원동, 양지빌라) 인근",개,믹스견,[개] 믹스견,갈색,2022(년생),4(Kg),M,N,코 팥죽색. 미용 함. 경계. 예민. 겁. 방어적 입질. 눈물자국. 꼬리 단미 안됨. 털 상태 양호.,한국동물구조관리협회,031-867-9119,경기도 양주시 남면 감악산로 63-37 (남면) ,경기도 의정부시,341382200900001,20260909,20260921,2026-09-09 16:48:26.0,http://openapi.animal.go.kr/openapi/service/rest/fileDownloadSrvc/files/shelter/2026/09/202609091609577.jpg|http://openapi.animal.go.kr/openapi/service/rest/fileDownloadSrvc/files/shelter/2026/09/202609091609590[1].jpg,images/441382202600596_0.jpg|images/441382202600596_1.jpg
431373202601477,울산-울주-2026-00657,보호중,20260908,삼동면 출강2길,개,믹스견,[개] 믹스견,갈색&검정&흰색,2022(년생),4.2(Kg),Q,U,겁많음,울산유기동물보호센터,052-238-6113,울산광역시 울주군 온양읍 발리 1144,울산광역시 울주군,331373201200002,20260909,20260921,2026-09-09 13:00:31.0,http://openapi.animal.go.kr/openapi/service/rest/fileDownloadSrvc/files/shelter/2026/09/202609091309439.jpg|http://openapi.animal.go.kr/openapi/service/rest/fileDownloadSrvc/files/shelter/2026/09/202609091309710.jpg,images/431373202601477_0.jpg|images/431373202601477_1.jpg
431371202600516,울산-동구-2026-00262,보호중,20260908,주전부근,개,스탠다드 푸들,[개] 스탠다드 푸들,갈색,2025(년생),9.7(Kg),F,U,순함 다리가긴편,울산유기동물보호센터,052-238-6113,울산광역시 울주군 온양읍 화산발리로 543 (온양읍) ,울산광역시 동구,331371201200001,20260909,20260921,2026-09-10 09:30:39.0,http://openapi.animal.go.kr/openapi/service/rest/fileDownloadSrvc/files/shelter/2026/09/202609091209963.jpg|http://openapi.animal.go.kr/openapi/service/rest/fileDownloadSrvc/files/shelter/2026/09/202609091209289.jpg,images/431371202600516_0.jpg|images/431371202600516_1.jpg
431370202600842,울산-남구-2026-00475,보호중,20260908,동산로29번길,개,믹스견,[개] 믹스견,갈색,2026(60일미만)(년생),3.3(Kg),M,N,겁이좀있으나 온순함,울산유기동물보호센터,052-238-6113,울산광역시 울주군 온양읍 화산발리로 543 (온양읍) ,울산광역시 남구,331370201200003,20260909,20260921,2026-09-09 13:48:58.0,http://openapi.animal.go.kr/openapi/service/rest/fileDownloadSrvc/files/shelter/2026/09/202609091309741.jpg|http://openapi.animal.go.kr/openapi/service/rest/fileDownloadSrvc/files/shelter/2026/09/202609091309645.jpg,images/431370202600842_0.jpg|images/431370202600842_1.jpg
431370202600841,울산-남구-2026-00474,보호중,20260908,동산로29번길,개,믹스견,[개] 믹스견,갈색,2026(60일미만)(년생),3(Kg),M,N,온순함,울산유기동물보호센터,052-238-6113,울산광역시 울주군 온양읍 화산발리로 543 (온양읍) ,울산광역시 남구,331370201200003,20260909,20260921,2026-09-09 13:48:58.0,http://openapi.animal.go.kr/openapi/service/rest/fileDownloadSrvc/files/shelter/2026/09/202609091309292.jpg|http://openapi.animal.go.kr/openapi/service/rest/fileDownloadSrvc/files/shelter/2026/09/202609091309158.jpg,images/431370202600841_0.jpg|images/431370202600841_1.jpg
428354202600698,인천-부평-2026-00392,보호중,20260908,열우물로90,개,믹스견,[개] 믹스견,흰색&황갈색,2021(년생),9.5(Kg),M,N,소심함,한국유기동물복지협회,031-941-6355,"경기도 파주시 광탄면 혜음로 345  1층,2층",인천광역시 부평구,328354202600001,20260909,20260921,2026-09-09 15:31:44.0,http://openapi.animal.go.kr/openapi/service/rest/fileDownloadSrvc/files/shelter/2026/09/202609081709715.jpg|http://openapi.animal.go.kr/openapi/service/rest/fileDownloadSrvc/files/shelter/2026/09/202609081709763[1].jpg,images/428354202600698_0.jpg|images/428354202600698_1.jpg
426339202600342,부산-사상-2026-00184,보호중,20260908,낙동대로 1494,개,푸들,[개] 푸들,갈색,2020(년생),4(Kg),M,Y,"미용상태양호,겁이많으나 온순함",부산동물보호센터,051-832-7119,부산광역시 강서구 맥도강변길 752-15 (대저2동) ,부산광역시 사상구,326339202600001,20260909,20260921,2026-09-09 13:37:53.0,http://openapi.animal.go.kr/openapi/service/rest/fileDownloadSrvc/files/shelter/2026/09/202609091309317.jpg|http://openapi.animal.go.kr/openapi/service/rest/fileDownloadSrvc/files/shelter/2026/09/202609091309373.jpg,images/426339202600342_0.jpg|images/426339202600342_1.jpg
413590202600145,광주-완도-2026-00035,보호중,20260908,고금면 상정리부두 인근,개,믹스견,[개] 믹스견,흰색,2026(년생),4(Kg),F,N,흰색,유기동물임시보호센터,061-550-5749,전라남도 완도군 신지면 신지로6번길 23-89 (신지면) ,전남광주통합특별시 완도군,346499201300001,20260909,20260921,2026-09-09 10:14:00.0,http://openapi.animal.go.kr/openapi/service/rest/fileDownloadSrvc/files/shelter/2026/09/20260909100966.jpg|http://openapi.animal.go.kr/openapi/service/rest/fileDownloadSrvc/files/shelter/2026/09/202609091009122.jpg,images/413590202600145_0.jpg|images/413590202600145_1.jpg
413590202600144,광주-완도-2026-00034,보호중,20260908,고금면 상정리부두 인근,개,믹스견,[개] 믹스견,밤색&흰색,2024(년생),6(Kg),F,N,밤색&흰색,유기동물임시보호센터,061-550-5749,전라남도 완도군 신지면 신지로6번길 23-89 (신지면) ,전남광주통합특별시 완도군,346499201300001,20260909,20260921,2026-09-09 10:11:46.0,http://openapi.animal.go.kr/openapi/service/rest/fileDownloadSrvc/files/shelter/2026/09/202609091009922[1].jpg|http://openapi.animal.go.kr/openapi/service/rest/fileDownloadSrvc/files/shelter/2026/09/202609091009960.jpg,images/413590202600144_0.jpg|images/413590202600144_1.jpg
413587202600228,광주-해남-2026-00070,보호중,20260908,옥천면 백호리,개,믹스견,[개] 믹스견,검정&흰색,2023(년생),11.54(Kg),M,U,사람을 경계함. 목걸이 착용.,해남유기동물보호센터,061-531-3916,전라남도 해남군 해남읍 용머리길 14-37  ,전남광주통합특별시 해남군,346493200900001,20260909,20260921,2026-09-08 13:57:36.0,http://openapi.animal.go.kr/openapi/service/rest/fileDownloadSrvc/files/shelter/2026/09/202609081309971.jpg|http://openapi.animal.go.kr/openapi/service/rest/fileDownloadSrvc/files/shelter/2026/09/202609081309983.jpg,images/413587202600228_0.jpg|images/413587202600228_1.jpg
411314202600280,서울-양천-2026-00083,보호중,20260908,서울 양천구 월정로 219 (신월동) 인근,개,라브라도 리트리버,[개] 라브라도 리트리버,크림색,2021(년생),29(Kg),M,N,주황색 손잡이 있는 하네스와 빨간색 리드줄 착용. 온순. 얌전. 사람 잘 따름. 분홍 코. 꼬리 끝 갈색. ,동물구조관리협회,031-867-9119,경기도 양주시 남면 감악산로 63-37  (사)한국동물구조관리협회,서울특별시 양천구,311314202600001,20260909,20260921,2026-09-09 16:59:08.0,http://openapi.animal.go.kr/openapi/service/rest/fileDownloadSrvc/files/shelter/2026/09/202609091609337[1].jpg|http://openapi.animal.go.kr/openapi/service/rest/fileDownloadSrvc/files/shelter/2026/09/202609091609353.jpg,images/411314202600280_0.jpg|images/411314202600280_1.jpg
411308202600386,서울-강북-2026-00107,보호중,20260908,서울 강북구 한천로 1097 (수유동) 인근,개,빠삐용(콘티넨탈 토이 스파니엘),[개] 빠삐용(콘티넨탈 토이 스파니엘),검정&흰색,2021(년생),3.4(Kg),M,Y,온순. 활발. 좌안 결막염. 눈곱. 여윔. 약간의 치석. 코 검정. 꼬리 단미 안됨. 털 때탐.,한국동물구조관리협회,031-867-9119,경기도 양주시 남면 상수리 410-1,서울특별시 강북구,311308201000001,20260909,20260921,2026-09-09 16:26:51.0,http://openapi.animal.go.kr/openapi/service/rest/fileDownloadSrvc/files/shelter/2026/09/202609091609921[1].jpg|http://openapi.animal.go.kr/openapi/service/rest/fileDownloadSrvc/files/shelter/2026/09/202609091609937[1].jpg,images/411308202600386_0.jpg|images/411308202600386_1.jpg
448567202601244,경남-창원1-2026-00639,보호중,20260908,마산합포구 산호동 상신크루지움오피스텔,개,포메라니안,[개] 포메라니안,기타(연갈+흰색),2021(년생),6(Kg),M,Y,"동물 병원 인계, 알로페시아 피부병 있음",창원동물보호센터,055-225-5701,경상남도 창원시 성산구 공단로474번길 117 (상복동) 창원동물보호센터,경상남도 창원시 의창성산구,348527200900001,20260908,20260918,2026-09-08 17:05:24.0,http://openapi.animal.go.kr/openapi/service/rest/fileDownloadSrvc/files/shelter/2026/09/202609081709563.jpg|http://openapi.animal.go.kr/openapi/service/rest/fileDownloadSrvc/files/shelter/2026/09/202609081709629.jpg,images/448567202601244_0.jpg|images/448567202601244_1.jpg
448567202601242,경남-창원1-2026-00637,보호중,20260908,마산합포구 진동면 진동초등학교,개,믹스견,[개] 믹스견,엷은 황갈색&흰색,2026(60일미만)(년생),1.8(Kg),M,N,"26년 7월생 추정, 착용품 없음, 남매 함께 입소 (공고 중 입양 가능)",창원동물보호센터,055-225-5701,경상남도 창원시 성산구 공단로474번길 117 (상복동) 창원동물보호센터,경상남도 창원시 의창성산구,348527200900001,20260908,20260918,2026-09-10 14:45:37.0,http://openapi.animal.go.kr/openapi/service/rest/fileDownloadSrvc/files/shelter/2026/09/202609081609590.jpg|http://openapi.animal.go.kr/openapi/service/rest/fileDownloadSrvc/files/shelter/2026/09/202609081609658.jpg,images/448567202601242_0.jpg|images/448567202601242_1.jpg
448567202601241,경남-창원1-2026-00636,보호중,20260908,마산합포구 진동면 진동초등학교,개,믹스견,[개] 믹스견,흰색,2026(60일미만)(년생),2(Kg),F,N,"26년 7월생 추정, 착용품 없음, 남매 함께 입소 (공고 중 입양 가능)",창원동물보호센터,055-225-5701,경상남도 창원시 성산구 공단로474번길 117 (상복동) 창원동물보호센터,경상남도 창원시 의창성산구,348527200900001,20260908,20260918,2026-09-10 14:44:55.0,http://openapi.animal.go.kr/openapi/service/rest/fileDownloadSrvc/files/shelter/2026/09/202609081609857.jpg|http://openapi.animal.go.kr/openapi/service/rest/fileDownloadSrvc/files/shelter/2026/09/202609081609925.jpg,images/448567202601241_0.jpg|images/448567202601241_1.jpg
448548202600779,경남-합천-2026-00307,보호중,20260908,합천읍,개,믹스견,[개] 믹스견,갈색,2026(년생),2(Kg),F,N,비닐하우스 유기 ,태민동물보호센터,010-2868-2108,"경상남도 합천군 합천읍 옥산로 16 (합천읍, 까치빌라) 태민동물병원",경상남도 합천군,348548201700001,20260908,20260918,2026-09-08 18:49:49.0,http://openapi.animal.go.kr/openapi/service/rest/fileDownloadSrvc/files/shelter/2026/09/202609081809838.jpg|http://openapi.animal.go.kr/openapi/service/rest/fileDownloadSrvc/files/shelter/2026/09/202609081809952.jpg,images/448548202600779_0.jpg|images/448548202600779_1.jpg
448548202600778,경남-합천-2026-00306,보호중,20260908,합천읍,개,믹스견,[개] 믹스견,갈색,2026(년생),2(Kg),F,N,비닐하우스 유기 ,태민동물보호센터,010-2868-2108,"경상남도 합천군 합천읍 옥산로 16 (합천읍, 까치빌라) 태민동물병원",경상남도 합천군,348548201700001,20260908,20260918,2026-09-08 18:49:49.0,http://openapi.animal.go.kr/openapi/service/rest/fileDownloadSrvc/files/shelter/2026/09/202609081809529[1].jpg|http://openapi.animal.go.kr/openapi/service/rest/fileDownloadSrvc/files/shelter/2026/09/202609081809675[1].jpg,images/448548202600778_0.jpg|images/448548202600778_1.jpg
448548202600777,경남-합천-2026-00305,보호중,20260908,합천읍,개,믹스견,[개] 믹스견,갈색,2026(년생),2(Kg),M,N,비닐하우스 유기 ,태민동물보호센터,010-2868-2108,"경상남도 합천군 합천읍 옥산로 16 (합천읍, 까치빌라) 태민동물병원",경상남도 합천군,348548201700001,20260908,20260918,2026-09-08 18:49:48.0,http://openapi.animal.go.kr/openapi/service/rest/fileDownloadSrvc/files/shelter/2026/09/20260908180972.jpg|http://openapi.animal.go.kr/openapi/service/rest/fileDownloadSrvc/files/shelter/2026/09/202609081809267.jpg,images/448548202600777_0.jpg|images/448548202600777_1.jpg
448548202600776,경남-합천-2026-00304,보호중,20260908,대병면,개,믹스견,[개] 믹스견,갈색,2022(년생),16(Kg),M,N,마을 배회 ,태민동물보호센터,010-2868-2108,"경상남도 합천군 합천읍 옥산로 16 (합천읍, 까치빌라) 태민동물병원",경상남도 합천군,348548201700001,20260908,20260918,2026-09-08 18:49:48.0,http://openapi.animal.go.kr/openapi/service/rest/fileDownloadSrvc/files/shelter/2026/09/202609081809812.jpg|http://openapi.animal.go.kr/openapi/service/rest/fileDownloadSrvc/files/shelter/2026/09/202609081809883[1].jpg,images/448548202600776_0.jpg|images/448548202600776_1.jpg
448548202600775,경남-합천-2026-00303,보호중,20260908,가회면,개,믹스견,[개] 믹스견,갈색,2022(년생),18(Kg),M,N,마을산 배회 ,태민동물보호센터,010-2868-2108,"경상남도 합천군 합천읍 옥산로 16 (합천읍, 까치빌라) 태민동물병원",경상남도 합천군,348548201700001,20260908,20260918,2026-09-08 18:49:48.0,http://openapi.animal.go.kr/openapi/service/rest/fileDownloadSrvc/files/shelter/2026/09/20260908180915[1].jpg|http://openapi.animal.go.kr/openapi/service/rest/fileDownloadSrvc/files/shelter/2026/09/20260908180989.jpg,images/448548202600775_0.jpg|images/448548202600775_1.jpg
448548202600774,경남-합천-2026-00302,보호중,20260908,가야면,개,믹스견,[개] 믹스견,갈색&검정,2021(년생),5(Kg),F,N,마을 도로변 배회 ,태민동물보호센터,010-2868-2108,"경상남도 합천군 합천읍 옥산로 16 (합천읍, 까치빌라) 태민동물병원",경상남도 합천군,348548201700001,20260908,20260918,2026-09-08 18:49:48.0,http://openapi.animal.go.kr/openapi/service/rest/fileDownloadSrvc/files/shelter/2026/09/202609081809560.jpg|http://openapi.animal.go.kr/openapi/service/rest/fileDownloadSrvc/files/shelter/2026/09/202609081809121.jpg,images/448548202600774_0.jpg|images/448548202600774_1.jpg
448547202600816,경남-거창-2026-00265,보호중,20260908,경남 거창군 북상면 산수길 13,개,믹스견,[개] 믹스견,흰색,2023(년생),6(Kg),F,N,"사나움, 마취로 포획, 경계심함",거창군 동물보호소,010-2617-6245,경상남도 거창군 거창읍 가실길 203  ,경상남도 거창군,348547202500001,20260908,20260918,2026-09-08 19:13:58.0,http://openapi.animal.go.kr/openapi/service/rest/fileDownloadSrvc/files/shelter/2026/09/20260908190913.png|http://openapi.animal.go.kr/openapi/service/rest/fileDownloadSrvc/files/shelter/2026/09/20260908190943.png,images/448547202600816_0.png|images/448547202600816_1.png
448547202600812,경남-거창-2026-00261,보호중,20260908,경남 거창군 거창읍 운정3길 110,개,푸들,[개] 푸들,갈색,2016(년생),4(Kg),M,Y,"노령견, 백내장, 미용되어있음",거창군 동물보호소,010-2617-6245,경상남도 거창군 거창읍 가실길 203  ,경상남도 거창군,348547202500001,20260908,20260918,2026-09-08 15:06:06.0,http://openapi.animal.go.kr/openapi/service/rest/fileDownloadSrvc/files/shelter/2026/09/202609081509569.jpg|http://openapi.animal.go.kr/openapi/service/rest/fileDownloadSrvc/files/shelter/2026/09/202609081509946.jpg,images/448547202600812_0.jpg|images/448547202600812_1.jpg
448547202600811,경남-거창-2026-00260,보호중,20260908,경남 거창군 거창읍 운정3길 110,개,믹스견,[개] 믹스견,검정색,2023(년생),6(Kg),F,N,"미용되어있음, 진드기많음",거창군 동물보호소,010-2617-6245,경상남도 거창군 거창읍 가실길 203  ,경상남도 거창군,348547202500001,20260908,20260918,2026-09-08 15:06:06.0,http://openapi.animal.go.kr/openapi/service/rest/fileDownloadSrvc/files/shelter/2026/09/202609081409528[1].jpg|http://openapi.animal.go.kr/openapi/service/rest/fileDownloadSrvc/files/shelter/2026/09/202609081409963.jpg,images/448547202600811_0.jpg|images/448547202600811_1.jpg
448544202600394,경남-하동-2026-00131,보호중,20260908,경상남도 하동군 하동읍 송림3길 30,개,믹스견,[개] 믹스견,흰색,2024(년생),7.8(Kg),M,U,성격은 온순하고 사람손을 타기는 하나 경계함,하동군유기동물보호소,055-880-2677,경상남도 하동군 적량면 한옥정길 90 (적량면) 유기동물보호소,경상남도 하동군,348544201100001,20260908,20260918,2026-09-08 13:58:54.0,http://openapi.animal.go.kr/openapi/service/rest/fileDownloadSrvc/files/shelter/2026/09/202609080909960.jpg|http://openapi.animal.go.kr/openapi/service/rest/fileDownloadSrvc/files/shelter/2026/09/20260908090905.jpg,images/448544202600394_0.jpg|images/448544202600394_1.jpg
448542202600886,경남-고성-2026-00111,보호중,20260908,고성시장,개,믹스견,[개] 믹스견,크림색,2026(60일미만)(년생),1(Kg),M,N,관리번호 6-112,고성군 동물가족센터,055-670-4346,경상남도 고성군 고성읍 동해로 123  고성군 동물가족센터,경상남도 고성군,348542202000002,20260908,20260918,2026-09-08 15:52:55.0,http://openapi.animal.go.kr/openapi/service/rest/fileDownloadSrvc/files/shelter/2026/09/20260908150927.jpeg|http://openapi.animal.go.kr/openapi/service/rest/fileDownloadSrvc/files/shelter/2026/09/20260908150946.jpeg,images/448542202600886_0.jpeg|images/448542202600886_1.jpeg
448542202600885,경남-고성-2026-00110,보호중,20260908,고성시장,개,믹스견,[개] 믹스견,갈색&검정,2026(60일미만)(년생),1(Kg),M,N,관리번호 6-111,고성군 동물가족센터,055-670-4346,경상남도 고성군 고성읍 동해로 123  고성군 동물가족센터,경상남도 고성군,348542202000002,20260908,20260918,2026-09-08 15:52:41.0,http://openapi.animal.go.kr/openapi/service/rest/fileDownloadSrvc/files/shelter/2026/09/202609081509346.jpeg|http://openapi.animal.go.kr/openapi/service/rest/fileDownloadSrvc/files/shelter/2026/09/202609081509362.jpeg,images/448542202600885_0.jpeg|images/448542202600885_1.jpeg
448542202600884,경남-고성-2026-00109,보호중,20260908,고성시장,개,믹스견,[개] 믹스견,검정&흰색,2026(60일미만)(년생),0.9(Kg),F,N,관리번호 6-110,고성군 동물가족센터,055-670-4346,경상남도 고성군 고성읍 동해로 123  고성군 동물가족센터,경상남도 고성군,348542202000002,20260908,20260918,2026-09-08 15:52:31.0,http://openapi.animal.go.kr/openapi/service/rest/fileDownloadSrvc/files/shelter/2026/09/202609081509153.jpeg|http://openapi.animal.go.kr/openapi/service/rest/fileDownloadSrvc/files/shelter/2026/09/202609081509170.jpeg,images/448542202600884_0.jpeg|images/448542202600884_1.jpeg
448542202600883,경남-고성-2026-00108,보호중,20260908,월평교회,개,믹스견,[개] 믹스견,흑갈색,2026(60일미만)(년생),2(Kg),M,N,관리번호 6-109,고성군 동물가족센터,055-670-4346,경상남도 고성군 고성읍 동해로 123  고성군 동물가족센터,경상남도 고성군,348542202000002,20260908,20260918,2026-09-08 15:52:11.0,http://openapi.animal.go.kr/openapi/service/rest/fileDownloadSrvc/files/shelter/2026/09/202609081509339.jpeg|http://openapi.animal.go.kr/openapi/service/rest/fileDownloadSrvc/files/shelter/2026/09/202609081509358.jpeg,images/448542202600883_0.jpeg|images/448542202600883_1.jpeg
448542202600882,경남-고성-2026-00107,보호중,20260908,월평교회,개,믹스견,[개] 믹스견,갈색,2026(60일미만)(년생),1.6(Kg),M,N,관리번호 6-108,고성군 동물가족센터,055-670-4346,경상남도 고성군 고성읍 동해로 123  고성군 동물가족센터,경상남도 고성군,348542202000002,20260908,20260918,2026-09-08 15:51:59.0,http://openapi.animal.go.kr/openapi/service/rest/fileDownloadSrvc/files/shelter/2026/09/202609081509379.jpeg|http://openapi.animal.go.kr/openapi/service/rest/fileDownloadSrvc/files/shelter/2026/09/202609081509409.jpeg,images/448542202600882_0.jpeg|images/448542202600882_1.jpeg
448542202600881,경남-고성-2026-00106,보호중,20260908,월평교회,개,믹스견,[개] 믹스견,검정색,2026(60일미만)(년생),1.9(Kg),F,N,관리번호 6-107,고성군 동물가족센터,055-670-4346,경상남도 고성군 고성읍 동해로 123  고성군 동물가족센터,경상남도 고성군,348542202000002,20260908,20260918,2026-09-08 15:51:47.0,http://openapi.animal.go.kr/openapi/service/rest/fileDownloadSrvc/files/shelter/2026/09/202609081509798.jpeg|http://openapi.animal.go.kr/openapi/service/rest/fileDownloadSrvc/files/shelter/2026/09/202609081509819.jpeg,images/448542202600881_0.jpeg|images/448542202600881_1.jpeg
448542202600880,경남-고성-2026-00105,보호중,20260908,월평교회,개,믹스견,[개] 믹스견,검정색,2026(60일미만)(년생),1.9(Kg),F,N,관리번호 6-106,고성군 동물가족센터,055-670-4346,경상남도 고성군 고성읍 동해로 123  고성군 동물가족센터,경상남도 고성군,348542202000002,20260908,20260918,2026-09-08 15:51:19.0,http://openapi.animal.go.kr/openapi/service/rest/fileDownloadSrvc/files/shelter/2026/09/202609081509846.jpeg|http://openapi.animal.go.kr/openapi/service/rest/fileDownloadSrvc/files/shelter/2026/09/202609081509865.jpeg,images/448542202600880_0.jpeg|images/448542202600880_1.jpeg
448542202600879,경남-고성-2026-00104,보호중,20260908,월평교회,개,믹스견,[개] 믹스견,검정색,2026(60일미만)(년생),1.8(Kg),F,N,관리번호 6-105,고성군 동물가족센터,055-670-4346,경상남도 고성군 고성읍 동해로 123  고성군 동물가족센터,경상남도 고성군,348542202000002,20260908,20260918,2026-09-08 15:50:59.0,http://openapi.animal.go.kr/openapi/service/rest/fileDownloadSrvc/files/shelter/2026/09/202609081509452.jpeg|http://openapi.animal.go.kr/openapi/service/rest/fileDownloadSrvc/files/shelter/2026/09/202609081509473.jpeg,images/448542202600879_0.jpeg|images/448542202600879_1.jpeg
448541202601151,경남-창녕-2026-00384,보호중,20260908,대지면 용소길,개,믹스견,[개] 믹스견,검정색,2026(60일미만)(년생),1.5(Kg),F,N,어린 개체,창녕 유기동물보호소,010-5488-5003,경상남도 창녕군 고암면 창밀로 335-26 (고암면) 고암면 억만리 28,경상남도 창녕군,348541201300001,20260908,20260918,2026-09-09 13:20:49.0,http://openapi.animal.go.kr/openapi/service/rest/fileDownloadSrvc/files/shelter/2026/09/202609082009601.jpg|http://openapi.animal.go.kr/openapi/service/rest/fileDownloadSrvc/files/shelter/2026/09/202609082009623.jpg,images/448541202601151_0.jpg|images/448541202601151_1.jpg
448541202601149,경남-창녕-2026-00382,보호중,20260908,계성면 자래덤길,개,믹스견,[개] 믹스견,검정&흰색,2024(년생),8(Kg),F,N,중소형견,창녕 유기동물보호소,010-5488-5003,경상남도 창녕군 고암면 창밀로 335-26 (고암면) 고암면 억만리 28,경상남도 창녕군,348541201300001,20260908,20260918,2026-09-09 13:21:55.0,http://openapi.animal.go.kr/openapi/service/rest/fileDownloadSrvc/files/shelter/2026/09/202609082009749.jpg|http://openapi.animal.go.kr/openapi/service/rest/fileDownloadSrvc/files/shelter/2026/09/202609082009920.jpg,images/448541202601149_0.jpg|images/448541202601149_1.jpg
448540202601078,경남-함안-2026-00351,보호중,20260908,함안면 강명2길 42-96,개,진도견,[개] 진도견,흰색,2016(년생),11.0(Kg),M,N,"약간 경계가 있는편, 잘생김",함안군동물보호센터,010-6248-2131,경상남도 함안군 가야읍 함안대로 755 ,경상남도 함안군,348540200900001,20260908,20260918,2026-09-08 11:12:23.0,http://openapi.animal.go.kr/openapi/service/rest/fileDownloadSrvc/files/shelter/2026/09/202609081109429.jpg|http://openapi.animal.go.kr/openapi/service/rest/fileDownloadSrvc/files/shelter/2026/09/202609081109478.jpg,images/448540202601078_0.jpg|images/448540202601078_1.jpg
448540202601077,경남-함안-2026-00350,보호중,20260908,함안면 비봉로 174,개,진도견,[개] 진도견,흰색,2023(년생),13.0(Kg),M,N,"온순함, 잘생김",함안군동물보호센터,010-6248-2131,경상남도 함안군 가야읍 함안대로 755 ,경상남도 함안군,348540200900001,20260908,20260918,2026-09-08 11:12:23.0,http://openapi.animal.go.kr/openapi/service/rest/fileDownloadSrvc/files/shelter/2026/09/20260908110995.jpg|http://openapi.animal.go.kr/openapi/service/rest/fileDownloadSrvc/files/shelter/2026/09/202609081109140.jpg,images/448540202601077_0.jpg|images/448540202601077_1.jpg
448540202601075,경남-함안-2026-00348,보호중,20260908,군북면 장백로 1204-43,개,믹스견,[개] 믹스견,검정&흰색,2024(년생),6.0(Kg),F,N,"갓 태어난 자견 5두와 함께 입소함, 자견때문에 약간 예민한편",함안군동물보호센터,010-6248-2131,경상남도 함안군 가야읍 함안대로 755 ,경상남도 함안군,348540200900001,20260908,20260918,2026-09-08 11:12:23.0,http://openapi.animal.go.kr/openapi/service/rest/fileDownloadSrvc/files/shelter/2026/09/202609081009566[1].jpg|http://openapi.animal.go.kr/openapi/service/rest/fileDownloadSrvc/files/shelter/2026/09/202609081009610.jpg,images/448540202601075_0.jpg|images/448540202601075_1.jpg
448540202601074,경남-함안-2026-00347,보호중,20260908,군북면 장백로 1204-43,개,믹스견,[개] 믹스견,갈색&흰색,2026(년생),6.0(Kg),M,N,"전염병 감염위험 , 케어필요, 온순함",함안군동물보호센터,010-6248-2131,경상남도 함안군 가야읍 함안대로 755 ,경상남도 함안군,348540200900001,20260908,20260918,2026-09-08 11:12:22.0,http://openapi.animal.go.kr/openapi/service/rest/fileDownloadSrvc/files/shelter/2026/09/202609081009471.jpg|http://openapi.animal.go.kr/openapi/service/rest/fileDownloadSrvc/files/shelter/2026/09/202609081009494.jpg,images/448540202601074_0.jpg|images/448540202601074_1.jpg
448536202600837,경남-밀양-2026-00488,보호중,20260908,삼랑진읍,개,믹스견,[개] 믹스견,검정&황갈색,2026(60일미만)(년생),1.5(Kg),F,N,"공고번호 372의 5마리 자견, 7/27 보호소 출생, 왜소한 아이들",밀양시 동물보호센터,070-4113-7288,경상남도 밀양시 삼랑진읍 천태로 472 (삼랑진읍) ,경상남도 밀양시,348536201800001,20260908,20260915,2026-09-12 10:20:11.0,http://openapi.animal.go.kr/openapi/service/rest/fileDownloadSrvc/files/shelter/2026/09/202609081509751.jpg|http://openapi.animal.go.kr/openapi/service/rest/fileDownloadSrvc/files/shelter/2026/09/202609081509795.jpg,images/448536202600837_0.jpg|images/448536202600837_1.jpg
448536202600836,경남-밀양-2026-00487,보호중,20260908,삼랑진읍,개,믹스견,[개] 믹스견,검정&황갈색,2026(60일미만)(년생),1.5(Kg),M,N,"공고번호 372의 5마리 자견, 7/27 보호소 출생, 왜소한 아이들",밀양시 동물보호센터,070-4113-7288,경상남도 밀양시 삼랑진읍 천태로 472 (삼랑진읍) ,경상남도 밀양시,348536201800001,20260908,20260915,2026-09-12 10:20:32.0,http://openapi.animal.go.kr/openapi/service/rest/fileDownloadSrvc/files/shelter/2026/09/202609081509593.jpg|http://openapi.animal.go.kr/openapi/service/rest/fileDownloadSrvc/files/shelter/2026/09/202609081509638.jpg,images/448536202600836_0.jpg|images/448536202600836_1.jpg
448536202600835,경남-밀양-2026-00486,보호중,20260908,삼랑진읍,개,믹스견,[개] 믹스견,검정&황갈색,2026(60일미만)(년생),1.5(Kg),F,N,"공고번호 372의 5마리 자견, 7/27 보호소 출생, 왜소한 아이들",밀양시 동물보호센터,070-4113-7288,경상남도 밀양시 삼랑진읍 천태로 472 (삼랑진읍) ,경상남도 밀양시,348536201800001,20260908,20260915,2026-09-12 10:21:07.0,http://openapi.animal.go.kr/openapi/service/rest/fileDownloadSrvc/files/shelter/2026/09/202609081509596.jpg|http://openapi.animal.go.kr/openapi/service/rest/fileDownloadSrvc/files/shelter/2026/09/202609081509643.jpg,images/448536202600835_0.jpg|images/448536202600835_1.jpg
448536202600834,경남-밀양-2026-00485,보호중,20260908,삼랑진읍,개,믹스견,[개] 믹스견,갈색&흰색,2026(60일미만)(년생),1.5(Kg),F,N,"공고번호 372의 5마리 자견, 7/27 보호소 출생, 왜소한 아이들",밀양시 동물보호센터,070-4113-7288,경상남도 밀양시 삼랑진읍 천태로 472 (삼랑진읍) ,경상남도 밀양시,348536201800001,20260908,20260915,2026-09-12 10:21:29.0,http://openapi.animal.go.kr/openapi/service/rest/fileDownloadSrvc/files/shelter/2026/09/202609081509780.jpg|http://openapi.animal.go.kr/openapi/service/rest/fileDownloadSrvc/files/shelter/2026/09/202609081509831.jpg,images/448536202600834_0.jpg|images/448536202600834_1.jpg
448536202600833,경남-밀양-2026-00484,보호중,20260908,삼랑진읍,개,믹스견,[개] 믹스견,흰색,2026(60일미만)(년생),1.5(Kg),M,N,"공고번호 372의 5마리 자견, 7/27 보호소 출생, 왜소한 아이들",밀양시 동물보호센터,070-4113-7288,경상남도 밀양시 삼랑진읍 천태로 472 (삼랑진읍) ,경상남도 밀양시,348536201800001,20260908,20260915,2026-09-12 10:21:49.0,http://openapi.animal.go.kr/openapi/service/rest/fileDownloadSrvc/files/shelter/2026/09/202609081509856.jpg|http://openapi.animal.go.kr/openapi/service/rest/fileDownloadSrvc/files/shelter/2026/09/202609081509901.jpg,images/448536202600833_0.jpg|images/448536202600833_1.jpg
448536202600832,경남-밀양-2026-00483,보호중,20260908,삼랑진읍,개,믹스견,[개] 믹스견,흰색,2026(60일미만)(년생),2.5(Kg),M,N,"공고번호 334의 3마리 자견, 7/31 보호소 출생, 통통한 아이들, 링웜",밀양시 동물보호센터,070-4113-7288,경상남도 밀양시 삼랑진읍 천태로 472 (삼랑진읍) ,경상남도 밀양시,348536201800001,20260908,20260915,2026-09-12 10:22:10.0,http://openapi.animal.go.kr/openapi/service/rest/fileDownloadSrvc/files/shelter/2026/09/202609081409286.jpg|http://openapi.animal.go.kr/openapi/service/rest/fileDownloadSrvc/files/shelter/2026/09/202609081409346.jpg,images/448536202600832_0.jpg|images/448536202600832_1.jpg
448536202600831,경남-밀양-2026-00482,보호중,20260908,삼랑진읍,개,믹스견,[개] 믹스견,갈색&흰색,2026(60일미만)(년생),2.5(Kg),M,N,"공고번호 334의 3마리 자견, 7/31 보호소 출생, 통통한 아이들, 링웜",밀양시 동물보호센터,070-4113-7288,경상남도 밀양시 삼랑진읍 천태로 472 (삼랑진읍) ,경상남도 밀양시,348536201800001,20260908,20260915,2026-09-12 10:23:45.0,http://openapi.animal.go.kr/openapi/service/rest/fileDownloadSrvc/files/shelter/2026/09/202609081409383[1].jpg|http://openapi.animal.go.kr/openapi/service/rest/fileDownloadSrvc/files/shelter/2026/09/202609081409438.jpg,images/448536202600831_0.jpg|images/448536202600831_1.jpg
448536202600830,경남-밀양-2026-00481,보호중,20260908,삼랑진읍,개,믹스견,[개] 믹스견,검정&황갈색,2026(60일미만)(년생),2.5(Kg),F,N,"공고번호 334의 3마리 자견, 7/31 보호소 출생, 통통한 아이들, 링웜",밀양시 동물보호센터,070-4113-7288,경상남도 밀양시 삼랑진읍 천태로 472 (삼랑진읍) ,경상남도 밀양시,348536201800001,20260908,20260915,2026-09-12 10:24:05.0,http://openapi.animal.go.kr/openapi/service/rest/fileDownloadSrvc/files/shelter/2026/09/202609081409328.jpg|http://openapi.animal.go.kr/openapi/service/rest/fileDownloadSrvc/files/shelter/2026/09/202609081409372.jpg,images/448536202600830_0.jpg|images/448536202600830_1.jpg
448536202600829,경남-밀양-2026-00480,보호중,20260908,삼랑진읍,개,믹스견,[개] 믹스견,갈색&흰색,2026(60일미만)(년생),2(Kg),M,N,"공고번호 331의 3마리 자견, 7/20 보호소 출생",밀양시 동물보호센터,070-4113-7288,경상남도 밀양시 삼랑진읍 천태로 472 (삼랑진읍) ,경상남도 밀양시,348536201800001,20260908,20260915,2026-09-12 10:24:22.0,http://openapi.animal.go.kr/openapi/service/rest/fileDownloadSrvc/files/shelter/2026/09/202609081409572.jpg|http://openapi.animal.go.kr/openapi/service/rest/fileDownloadSrvc/files/shelter/2026/09/202609081409620[1].jpg,images/448536202600829_0.jpg|images/448536202600829_1.jpg
448536202600828,경남-밀양-2026-00479,보호중,20260908,삼랑진읍,개,믹스견,[개] 믹스견,갈색&흰색,2026(60일미만)(년생),2(Kg),M,N,"공고번호 331의 3마리 자견, 7/20 보호소 출생",밀양시 동물보호센터,070-4113-7288,경상남도 밀양시 삼랑진읍 천태로 472 (삼랑진읍) ,경상남도 밀양시,348536201800001,20260908,20260915,2026-09-12 10:24:43.0,http://openapi.animal.go.kr/openapi/service/rest/fileDownloadSrvc/files/shelter/2026/09/202609081409499[1].jpg|http://openapi.animal.go.kr/openapi/service/rest/fileDownloadSrvc/files/shelter/2026/09/202609081409544.jpg,images/448536202600828_0.jpg|images/448536202600828_1.jpg
448536202600827,경남-밀양-2026-00478,보호중,20260908,삼랑진읍,개,믹스견,[개] 믹스견,갈색&흰색,2026(60일미만)(년생),2(Kg),F,N,"공고번호 331의 3마리 자견, 7/20 보호소 출생",밀양시 동물보호센터,070-4113-7288,경상남도 밀양시 삼랑진읍 천태로 472 (삼랑진읍) ,경상남도 밀양시,348536201800001,20260908,20260915,2026-09-12 10:25:13.0,http://openapi.animal.go.kr/openapi/service/rest/fileDownloadSrvc/files/shelter/2026/09/202609081409873[1].jpg|http://openapi.animal.go.kr/openapi/service/rest/fileDownloadSrvc/files/shelter/2026/09/202609081409921.jpg,images/448536202600827_0.jpg|images/448536202600827_1.jpg
448536202600826,경남-밀양-2026-00477,보호중,20260908,삼랑진읍,개,믹스견,[개] 믹스견,흰색,2026(년생),3(Kg),F,N,"아직은 겁이 많아서 예민, 예쁘게 선 귀",밀양시 동물보호센터,070-4113-7288,경상남도 밀양시 삼랑진읍 천태로 472 (삼랑진읍) ,경상남도 밀양시,348536201800001,20260908,20260915,2026-09-12 10:25:30.0,http://openapi.animal.go.kr/openapi/service/rest/fileDownloadSrvc/files/shelter/2026/09/202609081309671.jpg|http://openapi.animal.go.kr/openapi/service/rest/fileDownloadSrvc/files/shelter/2026/09/202609081309720.jpg,images/448536202600826_0.jpg|images/448536202600826_1.jpg
448534202601046,경남-사천-2026-00270,보호중,20260908,모정길 가림원 인근,개,믹스견,[개] 믹스견,크림색,2026(60일미만)(년생),2(Kg),M,N,사람좋아하는 귀염댕이,사천시 동물보호센터,055-831-3768,경상남도 사천시 용현면 진삼로 902  사천시유기동물보호소,경상남도 사천시,348534202000001,20260908,20260918,2026-09-08 16:07:31.0,http://openapi.animal.go.kr/openapi/service/rest/fileDownloadSrvc/files/shelter/2026/09/202609081609720.jpg|http://openapi.animal.go.kr/openapi/service/rest/fileDownloadSrvc/files/shelter/2026/09/202609081609764.jpg,images/448534202601046_0.jpg|images/448534202601046_1.jpg
448533202600419,경남-통영-2026-00097,보호중,20260908,통영시,개,믹스견,[개] 믹스견,크림색,2023(년생),15(Kg),F,Y,생후3살 추정(2026.09.08기준),통영시동물보호센터,055-650-6250,경상남도 통영시 광도면 전두1길 9-8  ,경상남도 통영시,348533202100001,20260908,20260915,2026-09-08 17:14:07.0,http://openapi.animal.go.kr/openapi/service/rest/fileDownloadSrvc/files/shelter/2026/09/202609081509239.jpg|http://openapi.animal.go.kr/openapi/service/rest/fileDownloadSrvc/files/shelter/2026/09/202609081509491.jpg,images/448533202600419_0.jpg|images/448533202600419_1.jpg
447525202600382,경북-울진-2026-00163,보호중,20260908,울진읍,개,믹스견,[개] 믹스견,검정색,2024(년생),12(Kg),M,U,친근하고 온순함,울진군 동물보호센터,054-789-6795,경상북도 울진군 울진읍 대흥신림로 916-37  ,경상북도 울진군,347525202100001,20260908,20260918,2026-09-08 08:21:17.0,http://openapi.animal.go.kr/openapi/service/rest/fileDownloadSrvc/files/shelter/2026/09/202609080809850.jpg|http://openapi.animal.go.kr/openapi/service/rest/fileDownloadSrvc/files/shelter/2026/09/202609080809107.jpg,images/447525202600382_0.jpg|images/447525202600382_1.jpg
447524202600046,경북-봉화-2026-00046,보호중,20260908,상운면 소방서,개,믹스견,[개] 믹스견,회색얼룩무늬,2020(년생),10(Kg),F,N,경계심이 있음,봉화군유기동물보호소,054-679-6868,경상북도 봉화군 봉성면 농업인길 24 (봉성면) 봉화군농업기술센터,경상북도 봉화군,347524201400001,20260908,20260928,2026-09-08 21:02:35.0,http://openapi.animal.go.kr/openapi/service/rest/fileDownloadSrvc/files/shelter/2026/09/202609082009447.jpg|http://openapi.animal.go.kr/openapi/service/rest/fileDownloadSrvc/files/shelter/2026/09/202609082009505.jpg,images/447524202600046_0.jpg|images/447524202600046_1.jpg
447510202600553,경북-영천-2026-00250,보호중,20260908,신선로 298-31,개,믹스견,[개] 믹스견,황갈색,2026(년생),3(Kg),F,N,순한편,영천유기동물보호센터,054-339-7177,"경상북도 영천시 천문로 622-13 (오미동, 영천시농업기술센터) ",경상북도 영천시,347510201600001,20260908,20260915,2026-09-08 15:18:04.0,http://openapi.animal.go.kr/openapi/service/rest/fileDownloadSrvc/files/shelter/2026/09/202609081509285.jpg|http://openapi.animal.go.kr/openapi/service/rest/fileDownloadSrvc/files/shelter/2026/09/202609081509301.jpg,images/447510202600553_0.jpg|images/447510202600553_1.jpg
447510202600552,경북-영천-2026-00249,보호중,20260908,신선로 298-31,개,믹스견,[개] 믹스견,황갈색,2026(년생),3(Kg),M,N,순한편,영천유기동물보호센터,054-339-7177,"경상북도 영천시 천문로 622-13 (오미동, 영천시농업기술센터) ",경상북도 영천시,347510201600001,20260908,20260915,2026-09-08 15:17:59.0,http://openapi.animal.go.kr/openapi/service/rest/fileDownloadSrvc/files/shelter/2026/09/202609081509525.jpg|http://openapi.animal.go.kr/openapi/service/rest/fileDownloadSrvc/files/shelter/2026/09/202609081509545.jpg,images/447510202600552_0.jpg|images/447510202600552_1.jpg
447510202600551,경북-영천-2026-00248,보호중,20260908,신선로 298-31,개,믹스견,[개] 믹스견,황갈색,2026(년생),5(Kg),F,N,순한편,영천유기동물보호센터,054-339-7177,"경상북도 영천시 천문로 622-13 (오미동, 영천시농업기술센터) ",경상북도 영천시,347510201600001,20260908,20260915,2026-09-08 15:17:54.0,http://openapi.animal.go.kr/openapi/service/rest/fileDownloadSrvc/files/shelter/2026/09/202609081509542.jpg|http://openapi.animal.go.kr/openapi/service/rest/fileDownloadSrvc/files/shelter/2026/09/202609081509553.jpg,images/447510202600551_0.jpg|images/447510202600551_1.jpg
447510202600550,경북-영천-2026-00247,보호중,20260908,신선로 298-31,개,믹스견,[개] 믹스견,황갈색,2026(년생),3(Kg),F,N,순한편,영천유기동물보호센터,054-339-7177,"경상북도 영천시 천문로 622-13 (오미동, 영천시농업기술센터) ",경상북도 영천시,347510201600001,20260908,20260915,2026-09-08 15:17:48.0,http://openapi.animal.go.kr/openapi/service/rest/fileDownloadSrvc/files/shelter/2026/09/202609081509598.jpg|http://openapi.animal.go.kr/openapi/service/rest/fileDownloadSrvc/files/shelter/2026/09/202609081509623.jpg,images/447510202600550_0.jpg|images/447510202600550_1.jpg
447510202600549,경북-영천-2026-00246,보호중,20260908,청통로 56-6,개,믹스견,[개] 믹스견,흰색&갈색&탄,2026(년생),2(Kg),F,N,순한편,영천유기동물보호센터,054-339-7177,"경상북도 영천시 천문로 622-13 (오미동, 영천시농업기술센터) ",경상북도 영천시,347510201600001,20260908,20260915,2026-09-08 15:17:40.0,http://openapi.animal.go.kr/openapi/service/rest/fileDownloadSrvc/files/shelter/2026/09/20260908150977.jpg|http://openapi.animal.go.kr/openapi/service/rest/fileDownloadSrvc/files/shelter/2026/09/202609081509105.jpg,images/447510202600549_0.jpg|images/447510202600549_1.jpg
447510202600548,경북-영천-2026-00245,보호중,20260908,장천길 79,개,믹스견,[개] 믹스견,흰색&황갈색,2026(년생),2(Kg),F,N,순한편,영천유기동물보호센터,054-339-7177,"경상북도 영천시 천문로 622-13 (오미동, 영천시농업기술센터) ",경상북도 영천시,347510201600001,20260908,20260915,2026-09-08 15:17:36.0,http://openapi.animal.go.kr/openapi/service/rest/fileDownloadSrvc/files/shelter/2026/09/202609081509882.jpg|http://openapi.animal.go.kr/openapi/service/rest/fileDownloadSrvc/files/shelter/2026/09/202609081509913.jpg,images/447510202600548_0.jpg|images/447510202600548_1.jpg
447509202600228,경북-영주-2026-00224,보호중,20260908,꽃동산로 10,개,시베리안 허스키,[개] 시베리안 허스키,검정&흰색,2026(년생),14(Kg),F,U,순하고 사람 잘 따름,영주시 동물보호센터,054-631-3997,경상북도 영주시 장수면 반구로 143 [*미고시] 영주시동물보호센터,경상북도 영주시,347509200900001,20260908,20260918,2026-09-08 13:30:14.0,http://openapi.animal.go.kr/openapi/service/rest/fileDownloadSrvc/files/shelter/2026/09/202609081309304.jpg|http://openapi.animal.go.kr/openapi/service/rest/fileDownloadSrvc/files/shelter/2026/09/202609081309909[1].jpg,images/447509202600228_0.jpg|images/447509202600228_1.jpg
447509202600227,경북-영주-2026-00223,보호중,20260908,부석 지역대 소방서,개,믹스견,[개] 믹스견,옅은 황색,2026(년생),15(Kg),M,U,경계성 있음. 약간의 입질 경향 있음,영주시 동물보호센터,054-631-3997,경상북도 영주시 장수면 반구로 143 [*미고시] 영주시동물보호센터,경상북도 영주시,347509200900001,20260908,20260918,2026-09-08 13:30:06.0,http://openapi.animal.go.kr/openapi/service/rest/fileDownloadSrvc/files/shelter/2026/09/202609081309847.jpg|http://openapi.animal.go.kr/openapi/service/rest/fileDownloadSrvc/files/shelter/2026/09/202609081309413.jpg,images/447509202600227_0.jpg|images/447509202600227_1.jpg
447505202600879,경북-경주-2026-00707,보호중,20260908,강동면 부조중명길 160부근,개,믹스견,[개] 믹스견,흰색,2026(년생),3.4(Kg),F,N,여우같이 생긴 미모의 강아지! 적응 중이라 무서운게 많지만 순해요 피부병 심함,경주동물사랑보호센터,010-8889-2883,경상북도 경주시 천북면 천북로 8-4  경주시 동물사랑보호센터,경상북도 경주시,347505201700001,20260908,20260918,2026-09-08 10:49:34.0,http://openapi.animal.go.kr/openapi/service/rest/fileDownloadSrvc/files/shelter/2026/09/202609081009143.jpg|http://openapi.animal.go.kr/openapi/service/rest/fileDownloadSrvc/files/shelter/2026/09/202609081009927.jpg,images/447505202600879_0.jpg|images/447505202600879_1.jpg
445479202600992,전북-부안-2026-00635,보호중,20260908,보안면 새마을길 15-17,개,믹스견,[개] 믹스견,갈색&흰색,2025(년생),5(Kg),F,N,쫑긋선귀,부안군 동물보호센터,063-580-4445,전북특별자치도 부안군 주산면 주산로 369  부안군 동물보호센터,전북특별자치도 부안군,345479202100001,20260908,20260923,2026-09-08 11:26:47.0,http://openapi.animal.go.kr/openapi/service/rest/fileDownloadSrvc/files/shelter/2026/09/202609081109314.jpg|http://openapi.animal.go.kr/openapi/service/rest/fileDownloadSrvc/files/shelter/2026/09/202609081109368.jpg,images/445479202600992_0.jpg|images/445479202600992_1.jpg
445469202601015,전북-정읍-2026-00360,보호중,20260908, 송산1길 117-25 강변마을경로당,개,진도견,[개] 진도견,호반색(호랑이무늬),2019(년생),25(Kg),F,N,온순하고 사람을 좋아함,정읍시 동물보호소,063-535-6295,전북특별자치도 정읍시 2산단5길 37-1 (하북동) ,전북특별자치도 정읍시,345469202000001,20260908,20260918,2026-09-08 12:29:58.0,http://openapi.animal.go.kr/openapi/service/rest/fileDownloadSrvc/files/shelter/2026/09/202609081209325.jpg|http://openapi.animal.go.kr/openapi/service/rest/fileDownloadSrvc/files/shelter/2026/09/202609081209364[1].jpg,images/445469202601015_0.jpg|images/445469202601015_1.jpg
445469202601014,전북-정읍-2026-00359,보호중,20260908,제일고등학교운동장,개,믹스견,[개] 믹스견,흰색,2026(60일미만)(년생),3(Kg),M,N,"약 4개월추정, 약간의 경계심있음.",정읍시 동물보호소,063-535-6295,전북특별자치도 정읍시 2산단5길 37-1 (하북동) ,전북특별자치도 정읍시,345469202000001,20260908,20260918,2026-09-08 12:29:58.0,http://openapi.animal.go.kr/openapi/service/rest/fileDownloadSrvc/files/shelter/2026/09/20260908120964.jpg|http://openapi.animal.go.kr/openapi/service/rest/fileDownloadSrvc/files/shelter/2026/09/202609081209107.jpg,images/445469202601014_0.jpg|images/445469202601014_1.jpg
445469202601013,전북-정읍-2026-00358,보호중,20260908,제일고등학교운동장,개,믹스견,[개] 믹스견,흰색,2026(60일미만)(년생),3(Kg),F,N,"약 4개월추정, 약간의 경계심있음.",정읍시 동물보호소,063-535-6295,전북특별자치도 정읍시 2산단5길 37-1 (하북동) ,전북특별자치도 정읍시,345469202000001,20260908,20260918,2026-09-08 12:29:58.0,http://openapi.animal.go.kr/openapi/service/rest/fileDownloadSrvc/files/shelter/2026/09/202609081209336[1].jpg|http://openapi.animal.go.kr/openapi/service/rest/fileDownloadSrvc/files/shelter/2026/09/202609081209379.jpg,images/445469202601013_0.jpg|images/445469202601013_1.jpg
445469202601012,전북-정읍-2026-00357,보호중,20260908,소성면 입고로 596번지,개,믹스견,[개] 믹스견,검정&황갈색,2022(년생),10(Kg),M,N,약간의 경계심 있음,정읍시 동물보호소,063-535-6295,전북특별자치도 정읍시 2산단5길 37-1 (하북동) ,전북특별자치도 정읍시,345469202000001,20260908,20260918,2026-09-08 12:29:58.0,http://openapi.animal.go.kr/openapi/service/rest/fileDownloadSrvc/files/shelter/2026/09/202609081209919.jpg|http://openapi.animal.go.kr/openapi/service/rest/fileDownloadSrvc/files/shelter/2026/09/202609081209361.jpg,images/445469202601012_0.jpg|images/445469202601012_1.jpg
445469202601011,전북-정읍-2026-00356,보호중,20260908,우령리 169번지,개,진도견,[개] 진도견,흰색,2019(년생),24(Kg),M,N,온순하고 사람을 좋아함.,정읍시 동물보호소,063-535-6295,전북특별자치도 정읍시 2산단5길 37-1 (하북동) ,전북특별자치도 정읍시,345469202000001,20260908,20260918,2026-09-08 12:29:58.0,http://openapi.animal.go.kr/openapi/service/rest/fileDownloadSrvc/files/shelter/2026/09/202609081209354.jpg|http://openapi.animal.go.kr/openapi/service/rest/fileDownloadSrvc/files/shelter/2026/09/202609081209616.jpg,images/445469202601011_0.jpg|images/445469202601011_1.jpg
445469202601010,전북-정읍-2026-00355,보호중,20260908,구룡동 154-4,개,믹스견,[개] 믹스견,흰색,2022(년생),12(Kg),F,N,온순하고 사람을 좋아함,정읍시 동물보호소,063-535-6295,전북특별자치도 정읍시 2산단5길 37-1 (하북동) ,전북특별자치도 정읍시,345469202000001,20260908,20260918,2026-09-08 12:29:57.0,http://openapi.animal.go.kr/openapi/service/rest/fileDownloadSrvc/files/shelter/2026/09/20260908120984.jpg|http://openapi.animal.go.kr/openapi/service/rest/fileDownloadSrvc/files/shelter/2026/09/202609081209132.jpg,images/445469202601010_0.jpg|images/445469202601010_1.jpg
445469202601009,전북-정읍-2026-00354,보호중,20260908,구룡동 154-4,개,믹스견,[개] 믹스견,갈색&흰색,2021(년생),15(Kg),F,N,온순하고 사람을 좋아함,정읍시 동물보호소,063-535-6295,전북특별자치도 정읍시 2산단5길 37-1 (하북동) ,전북특별자치도 정읍시,345469202000001,20260908,20260918,2026-09-08 12:29:57.0,http://openapi.animal.go.kr/openapi/service/rest/fileDownloadSrvc/files/shelter/2026/09/202609081209821.jpg|http://openapi.animal.go.kr/openapi/service/rest/fileDownloadSrvc/files/shelter/2026/09/202609081209162.jpg,images/445469202601009_0.jpg|images/445469202601009_1.jpg
445467202601634,전북-군산-2026-00769,보호중,20260908,군산시 산단로 17-28(조은세상),개,믹스견,[개] 믹스견,흰색,2026(년생),3(Kg),M,N,4개월추정,군산유기동물보호센터,063-451-2975,전북특별자치도 군산시 대야면 보덕안정길 124  ,전북특별자치도 군산시,345467201000001,20260908,20260923,2026-09-08 16:27:24.0,http://openapi.animal.go.kr/openapi/service/rest/fileDownloadSrvc/files/shelter/2026/09/202609081609608.jpg|http://openapi.animal.go.kr/openapi/service/rest/fileDownloadSrvc/files/shelter/2026/09/202609081609641.jpg,images/445467202601634_0.jpg|images/445467202601634_1.jpg
445467202601633,전북-군산-2026-00768,보호중,20260908,군산시 산단로 17-28(조은세상),개,믹스견,[개] 믹스견,흰색,2026(년생),3(Kg),F,N,4개월추정,군산유기동물보호센터,063-451-2975,전북특별자치도 군산시 대야면 보덕안정길 124  ,전북특별자치도 군산시,345467201000001,20260908,20260923,2026-09-08 16:27:24.0,http://openapi.animal.go.kr/openapi/service/rest/fileDownloadSrvc/files/shelter/2026/09/20260908160914.jpg|http://openapi.animal.go.kr/openapi/service/rest/fileDownloadSrvc/files/shelter/2026/09/20260908160956.jpg,images/445467202601633_0.jpg|images/445467202601633_1.jpg
445467202601632,전북-군산-2026-00767,보호중,20260908,군산시 산단로 17-28(조은세상),개,믹스견,[개] 믹스견,흰색,2026(년생),3(Kg),F,N,4개월추정,군산유기동물보호센터,063-451-2975,전북특별자치도 군산시 대야면 보덕안정길 124  ,전북특별자치도 군산시,345467201000001,20260908,20260923,2026-09-08 16:27:24.0,http://openapi.animal.go.kr/openapi/service/rest/fileDownloadSrvc/files/shelter/2026/09/202609081609432.jpg|http://openapi.animal.go.kr/openapi/service/rest/fileDownloadSrvc/files/shelter/2026/09/202609081609476.jpg,images/445467202601632_0.jpg|images/445467202601632_1.jpg
445467202601631,전북-군산-2026-00766,보호중,20260908,군산시 산단로 17-28(조은세상),개,믹스견,[개] 믹스견,갈색&흰색,2026(년생),3(Kg),F,N,4개월추정,군산유기동물보호센터,063-451-2975,전북특별자치도 군산시 대야면 보덕안정길 124  ,전북특별자치도 군산시,345467201000001,20260908,20260923,2026-09-08 16:27:24.0,http://openapi.animal.go.kr/openapi/service/rest/fileDownloadSrvc/files/shelter/2026/09/202609081609238[1].jpg|http://openapi.animal.go.kr/openapi/service/rest/fileDownloadSrvc/files/shelter/2026/09/202609081609277.jpg,images/445467202601631_0.jpg|images/445467202601631_1.jpg
445467202601630,전북-군산-2026-00765,보호중,20260908,군산시 산단로 17-28(조은세상),개,믹스견,[개] 믹스견,갈색&흰색,2026(년생),3(Kg),M,N,4개월추정,군산유기동물보호센터,063-451-2975,전북특별자치도 군산시 대야면 보덕안정길 124  ,전북특별자치도 군산시,345467201000001,20260908,20260923,2026-09-08 16:27:23.0,http://openapi.animal.go.kr/openapi/service/rest/fileDownloadSrvc/files/shelter/2026/09/202609081609202.jpg|http://openapi.animal.go.kr/openapi/service/rest/fileDownloadSrvc/files/shelter/2026/09/202609081609270.jpg,images/445467202601630_0.jpg|images/445467202601630_1.jpg
444568202600454,충남-당진-2026-00454,보호중,20260908,당진시 고대면 삼선산수목원길 79,개,믹스견,[개] 믹스견,검정 황갈색&흰색,2026(60일미만)(년생),0.40(Kg),M,N,4주. 순함,당진시동물보호소,041-356-8210,충청남도 당진시 고대면 삼포길 180  ,충청남도 당진시,344568201700001,20260908,20260918,2026-09-08 17:51:21.0,http://openapi.animal.go.kr/openapi/service/rest/fileDownloadSrvc/files/shelter/2026/09/202609081709463[1].jpg|http://openapi.animal.go.kr/openapi/service/rest/fileDownloadSrvc/files/shelter/2026/09/202609081709537[2].jpg,images/444568202600454_0.jpg|images/444568202600454_1.jpg
444568202600453,충남-당진-2026-00453,보호중,20260908,당진시 대호지면 새마실로 281-13 인근 하천,개,믹스견,[개] 믹스견,검정&흰색,2026(60일미만)(년생),0.70(Kg),M,N,5주. 순함. ,당진시동물보호소,041-356-8210,충청남도 당진시 고대면 삼포길 180  ,충청남도 당진시,344568201700001,20260908,20260918,2026-09-08 17:49:00.0,http://openapi.animal.go.kr/openapi/service/rest/fileDownloadSrvc/files/shelter/2026/09/202609081709438.jpg|http://openapi.animal.go.kr/openapi/service/rest/fileDownloadSrvc/files/shelter/2026/09/202609081709506[2].jpg,images/444568202600453_0.jpg|images/444568202600453_1.jpg
444568202600452,충남-당진-2026-00452,보호중,20260908,당진시 대호지면 새마실로 281-13 인근 하천,개,믹스견,[개] 믹스견,흰색,2026(60일미만)(년생),0.70(Kg),M,N,5주. 순함. ,당진시동물보호소,041-356-8210,충청남도 당진시 고대면 삼포길 180  ,충청남도 당진시,344568201700001,20260908,20260918,2026-09-08 17:48:41.0,http://openapi.animal.go.kr/openapi/service/rest/fileDownloadSrvc/files/shelter/2026/09/202609081709280.jpg|http://openapi.animal.go.kr/openapi/service/rest/fileDownloadSrvc/files/shelter/2026/09/202609081709344[1].jpg,images/444568202600452_0.jpg|images/444568202600452_1.jpg
444568202600451,충남-당진-2026-00451,보호중,20260908,당진시 대호지면 새마실로 281-13 인근 하천,개,믹스견,[개] 믹스견,크림색,2026(60일미만)(년생),0.70(Kg),M,N,5주. 순함. ,당진시동물보호소,041-356-8210,충청남도 당진시 고대면 삼포길 180  ,충청남도 당진시,344568201700001,20260908,20260918,2026-09-08 17:48:27.0,http://openapi.animal.go.kr/openapi/service/rest/fileDownloadSrvc/files/shelter/2026/09/202609081709344.jpg|http://openapi.animal.go.kr/openapi/service/rest/fileDownloadSrvc/files/shelter/2026/09/202609081709406[1].jpg,images/444568202600451_0.jpg|images/444568202600451_1.jpg
444568202600450,충남-당진-2026-00450,보호중,20260908,당진시 대호지면 새마실로 281-13 인근 하천,개,믹스견,[개] 믹스견,검정&흰색,2026(60일미만)(년생),0.60(Kg),F,N,5주. 순함. ,당진시동물보호소,041-356-8210,충청남도 당진시 고대면 삼포길 180  ,충청남도 당진시,344568201700001,20260908,20260918,2026-09-08 17:47:09.0,http://openapi.animal.go.kr/openapi/service/rest/fileDownloadSrvc/files/shelter/2026/09/202609081709521.jpg|http://openapi.animal.go.kr/openapi/service/rest/fileDownloadSrvc/files/shelter/2026/09/202609081709580.jpg,images/444568202600450_0.jpg|images/444568202600450_1.jpg
444460202600615,충남-홍성-2026-00170,보호중,20260908,수덕사로 263,개,믹스견,[개] 믹스견,흰색,2026(년생),3.15(Kg),F,N,경계함,홍성반려동물문화센터,041-630-1970,충청남도 홍성군 은하면 은하로 155-38  ,충청남도 홍성군,344460202500001,20260908,20260918,2026-09-08 09:55:26.0,http://openapi.animal.go.kr/openapi/service/rest/fileDownloadSrvc/files/shelter/2026/09/202609080909396.jpg|http://openapi.animal.go.kr/openapi/service/rest/fileDownloadSrvc/files/shelter/2026/09/202609080909412.jpg,images/444460202600615_0.jpg|images/444460202600615_1.jpg
444460202600614,충남-홍성-2026-00168,보호중,20260908,수덕사로 263,개,믹스견,[개] 믹스견,흰색,2026(년생),3.65(Kg),M,N,경계함,홍성반려동물문화센터,041-630-1970,충청남도 홍성군 은하면 은하로 155-38  ,충청남도 홍성군,344460202500001,20260908,20260918,2026-09-08 09:54:56.0,http://openapi.animal.go.kr/openapi/service/rest/fileDownloadSrvc/files/shelter/2026/09/20260908090914.jpg|http://openapi.animal.go.kr/openapi/service/rest/fileDownloadSrvc/files/shelter/2026/09/20260908090936.jpg,images/444460202600614_0.jpg|images/444460202600614_1.jpg
444460202600613,충남-홍성-2026-00169,보호중,20260908,수덕사로 263,개,믹스견,[개] 믹스견,흰색,2024(년생),4.7(Kg),F,N,경계함,홍성반려동물문화센터,041-630-1970,충청남도 홍성군 은하면 은하로 155-38  ,충청남도 홍성군,344460202500001,20260908,20260918,2026-09-08 09:55:14.0,http://openapi.animal.go.kr/openapi/service/rest/fileDownloadSrvc/files/shelter/2026/09/202609080909417.png|http://openapi.animal.go.kr/openapi/service/rest/fileDownloadSrvc/files/shelter/2026/09/202609080909438.png,images/444460202600613_0.png|images/444460202600613_1.png
444457202600511,충남-부여-2026-00323,보호중,20260908,석성면 현내리 188-2,개,믹스견,[개] 믹스견,검정 황갈색&흰색,2025(년생),6(Kg),M,N,.,남부여동물보호소,041-837-8277,충청남도 부여군 임천면 위덕로47번길 36-12  (점리),충청남도 부여군,344457202000001,20260908,20260918,2026-09-09 14:55:49.0,http://openapi.animal.go.kr/openapi/service/rest/fileDownloadSrvc/files/shelter/2026/09/202609081509135.jpg|http://openapi.animal.go.kr/openapi/service/rest/fileDownloadSrvc/files/shelter/2026/09/202609081509168.jpg,images/444457202600511_0.jpg|images/444457202600511_1.jpg
444453202600943,충남-서산-2026-00471,보호중,20260908,서산공군부대 부근,개,믹스견,[개] 믹스견,노란색,2023(년생),6.5(Kg),F,N,"겁 많음, 피부질환",서산시 동물보호센터,041-660-2040,충청남도 서산시 인지면 무학재1길 99  ,충청남도 서산시,344453202100003,20260908,20260918,2026-09-11 09:50:38.0,http://openapi.animal.go.kr/openapi/service/rest/fileDownloadSrvc/files/shelter/2026/09/202609081709818.jpg|http://openapi.animal.go.kr/openapi/service/rest/fileDownloadSrvc/files/shelter/2026/09/202609081709802[1].jpg,images/444453202600943_0.jpg|images/444453202600943_1.jpg
444453202600942,충남-서산-2026-00470,보호중,20260908,음암면 음암로 86 홍일호스,개,믹스견,[개] 믹스견,흰색,2025(년생),5.2(Kg),F,N,"순함, 입소 당시 붉은  목줄 착용",서산시 동물보호센터,041-660-2040,충청남도 서산시 인지면 무학재1길 99  ,충청남도 서산시,344453202100003,20260908,20260918,2026-09-08 14:38:45.0,http://openapi.animal.go.kr/openapi/service/rest/fileDownloadSrvc/files/shelter/2026/09/202609081409830.jpg|http://openapi.animal.go.kr/openapi/service/rest/fileDownloadSrvc/files/shelter/2026/09/202609081409228.jpg,images/444453202600942_0.jpg|images/444453202600942_1.jpg
444453202600941,충남-서산-2026-00469,보호중,20260908,대산읍 오지고창개길 24,개,믹스견,[개] 믹스견,갈색,2024(년생),7.94(Kg),F,N,매우 순함,서산시 동물보호센터,041-660-2040,충청남도 서산시 인지면 무학재1길 99  ,충청남도 서산시,344453202100003,20260908,20260918,2026-09-08 14:38:37.0,http://openapi.animal.go.kr/openapi/service/rest/fileDownloadSrvc/files/shelter/2026/09/202609081409878[1].jpg|http://openapi.animal.go.kr/openapi/service/rest/fileDownloadSrvc/files/shelter/2026/09/202609081409993.jpg,images/444453202600941_0.jpg|images/444453202600941_1.jpg
444453202600940,충남-서산-2026-00468,보호중,20260908,대산읍 오지고창개길 24,개,믹스견,[개] 믹스견,흰색,2026(60일미만)(년생),0.26(Kg),M,U,입소 당시 1주령 추정,서산시 동물보호센터,041-660-2040,충청남도 서산시 인지면 무학재1길 99  ,충청남도 서산시,344453202100003,20260908,20260918,2026-09-08 14:38:29.0,http://openapi.animal.go.kr/openapi/service/rest/fileDownloadSrvc/files/shelter/2026/09/202609081409117[1].jpg|http://openapi.animal.go.kr/openapi/service/rest/fileDownloadSrvc/files/shelter/2026/09/202609081409999.jpg,images/444453202600940_0.jpg|images/444453202600940_1.jpg
444450202600587,충남-공주-2026-00219,보호중,20260908,탄천면 백제큰길 632,개,믹스견,[개] 믹스견,흰색,2022(년생),13.7(Kg),F,U,"심장사상충 양성, 파보 음성, 종합&광견병 백신, 혈전치료 및 혈전용해제 투여",공주시 동물보호센터,041-840-3495,충청남도 공주시 우성면 내산목천길 52-15  ,충청남도 공주시,344450202200001,20260908,20260921,2026-09-08 17:18:57.0,http://openapi.animal.go.kr/openapi/service/rest/fileDownloadSrvc/files/shelter/2026/09/202609081709848.jpg|http://openapi.animal.go.kr/openapi/service/rest/fileDownloadSrvc/files/shelter/2026/09/202609081709879.jpg,images/444450202600587_0.jpg|images/444450202600587_1.jpg
444449202601633,충남-천안-2026-00479,보호중,20260908,서북구 성정동 서광교회 앞,개,믹스견,[개] 믹스견,갈색&검정&흰색,2026(년생),5(Kg),M,N,"2마리 함께 입소, 4개월 추정, 활발하고 사람 좋아함",천안시 동물보호센터,010-5913-5119,"충청남도 천안시 동남구 목천읍 충절로 577  문의전화 : 입양(010-5913-5119), 구조(010-4999-6119)",충청남도 천안시,344449202100001,20260908,20260918,2026-09-08 13:25:41.0,http://openapi.animal.go.kr/openapi/service/rest/fileDownloadSrvc/files/shelter/2026/09/202609081309331.jpg|http://openapi.animal.go.kr/openapi/service/rest/fileDownloadSrvc/files/shelter/2026/09/202609081309457.jpg,images/444449202601633_0.jpg|images/444449202601633_1.jpg
444449202601632,충남-천안-2026-00478,보호중,20260908,서북구 성정동 서광교회 앞,개,믹스견,[개] 믹스견,갈색&검정&흰색,2026(년생),3.8(Kg),F,N,"2마리 함께 입소, 4개월 추정, 순하고 사람 좋아함",천안시 동물보호센터,010-5913-5119,"충청남도 천안시 동남구 목천읍 충절로 577  문의전화 : 입양(010-5913-5119), 구조(010-4999-6119)",충청남도 천안시,344449202100001,20260908,20260918,2026-09-08 13:26:41.0,http://openapi.animal.go.kr/openapi/service/rest/fileDownloadSrvc/files/shelter/2026/09/202609081309810.jpg|http://openapi.animal.go.kr/openapi/service/rest/fileDownloadSrvc/files/shelter/2026/09/202609081309851.jpg,images/444449202601632_0.jpg|images/444449202601632_1.jpg
444449202601621,충남-천안-2026-00477,보호중,20260908,동남구 병천면 충절로 1529-5 (농심물류센터 내),개,라브라도 리트리버,[개] 라브라도 리트리버,크림색,2020(년생),36.8(Kg),F,U,"순함, 배가죽이 늘어져있음, 심장사상충 양성 ",천안시 동물보호센터,010-5913-5119,"충청남도 천안시 동남구 목천읍 충절로 577  문의전화 : 입양(010-5913-5119), 구조(010-4999-6119)",충청남도 천안시,344449202100001,20260908,20260918,2026-09-08 11:29:37.0,http://openapi.animal.go.kr/openapi/service/rest/fileDownloadSrvc/files/shelter/2026/09/202609081109252.jpg|http://openapi.animal.go.kr/openapi/service/rest/fileDownloadSrvc/files/shelter/2026/09/202609081109395.jpg,images/444449202601621_0.jpg|images/444449202601621_1.jpg
444449202601620,충남-천안-2026-00476,보호중,20260908,동남구 신방동 878 파리바게트 사거리,개,푸들,[개] 푸들,갈색,2017(년생),2.4(Kg),F,U,"치석 심함, 유루증, 피부상태 안좋음, 우측 슬관절 3-4기",천안시 동물보호센터,010-5913-5119,"충청남도 천안시 동남구 목천읍 충절로 577  문의전화 : 입양(010-5913-5119), 구조(010-4999-6119)",충청남도 천안시,344449202100001,20260908,20260918,2026-09-08 10:55:56.0,http://openapi.animal.go.kr/openapi/service/rest/fileDownloadSrvc/files/shelter/2026/09/202609081009646.jpg|http://openapi.animal.go.kr/openapi/service/rest/fileDownloadSrvc/files/shelter/2026/09/202609081009833.jpg,images/444449202601620_0.jpg|images/444449202601620_1.jpg
444449202601618,충남-천안-2026-00474,보호중,20260908,서북구 성환읍 대흥리 148-9,개,믹스견,[개] 믹스견,갈색&검정,2019(년생),21.8(Kg),M,N,"순함, 마름, 목줄 착용, 심장사상충 양성 ",천안시 동물보호센터,010-5913-5119,"충청남도 천안시 동남구 목천읍 충절로 577  문의전화 : 입양(010-5913-5119), 구조(010-4999-6119)",충청남도 천안시,344449202100001,20260908,20260918,2026-09-08 10:10:23.0,http://openapi.animal.go.kr/openapi/service/rest/fileDownloadSrvc/files/shelter/2026/09/202609081009506.jpg|http://openapi.animal.go.kr/openapi/service/rest/fileDownloadSrvc/files/shelter/2026/09/202609081009570.jpg,images/444449202601618_0.jpg|images/444449202601618_1.jpg
442421202600146,강원-동해-2026-00132,보호중,20260908,강원특별자치도 동해시 구미1길 55 인근 밭,개,믹스견,[개] 믹스견,금색&흰색,2021(년생),7(Kg),F,U,"상태양호, 공고번호 2026-111~115의 어미",동해시동물보호센터,033-539-8145,"강원도 동해시 대동로 159-13 (송정동, 동해시유기동물보호소) ",강원특별자치도 동해시,342421201000001,20260908,20260918,2026-09-08 09:52:01.0,http://openapi.animal.go.kr/openapi/service/rest/fileDownloadSrvc/files/shelter/2026/09/202609080909115.jpeg|http://openapi.animal.go.kr/openapi/service/rest/fileDownloadSrvc/files/shelter/2026/09/202609080909162.jpeg,images/442421202600146_0.jpeg|images/442421202600146_1.jpeg
441553202602554,경기-화성-2026-01338,보호중,20260908,향남읍 서해로 인근,개,믹스견,[개] 믹스견,흰색,2019(년생),28(Kg),M,U,몸집이 큰 믹스강아지/ 나이가좀 있어보임/ 침착하고 신중한 성격추정/ 사람을 좋아함,화성시민동물보호센터,010-3969-1034,경기도 화성시 서신면 전곡항로 492  ,경기도 화성시,341553202500001,20260908,20260918,2026-09-08 16:53:09.0,http://openapi.animal.go.kr/openapi/service/rest/fileDownloadSrvc/files/shelter/2026/09/202609081609623.jpg|http://openapi.animal.go.kr/openapi/service/rest/fileDownloadSrvc/files/shelter/2026/09/202609081609664.jpg,images/441553202602554_0.jpg|images/441553202602554_1.jpg
441553202602532,경기-화성-2026-01337,보호중,20260908,매송면 원평리 인근,개,믹스견,[개] 믹스견,갈색&검정,2023(년생),20(Kg),M,U,목 부분에 목줄로 인해 상처가 심한 믹스견/아직 사람하고 친화적이지 않음,화성시민동물보호센터,010-3969-1034,경기도 화성시 서신면 전곡항로 492  ,경기도 화성시,341553202500001,20260908,20260918,2026-09-08 11:43:57.0,http://openapi.animal.go.kr/openapi/service/rest/fileDownloadSrvc/files/shelter/2026/09/202609081109912.jpg|http://openapi.animal.go.kr/openapi/service/rest/fileDownloadSrvc/files/shelter/2026/09/202609081109596.jpg,images/441553202602532_0.jpg|images/441553202602532_1.jpg
441553202602531,경기-화성-2026-01336,보호중,20260908,비봉면 남이로 인근,개,시바,[개] 시바,황갈색,2024(년생),12(Kg),F,U,뒷다리를 조금 저는듯함/ 너무순하고 사람을 좋아함/ 얌전한 성격으로 추정,화성시민동물보호센터,010-3969-1034,경기도 화성시 서신면 전곡항로 492  ,경기도 화성시,341553202500001,20260908,20260918,2026-09-08 11:41:22.0,http://openapi.animal.go.kr/openapi/service/rest/fileDownloadSrvc/files/shelter/2026/09/20260908110961[1].jpg|http://openapi.animal.go.kr/openapi/service/rest/fileDownloadSrvc/files/shelter/2026/09/202609081109587[1].jpg,images/441553202602531_0.jpg|images/441553202602531_1.jpg
441408202601714,경기-안성-2026-00478,보호중,20260908,대덕면 당촌 1길 90-18,개,믹스견,[개] 믹스견,흰색,2026(년생),3.9(Kg),M,N,"순함, 사진상 목줄",안성시동물보호센터,031-673-5493,경기도 안성시 보개원삼로 157 (가사동) 미래동물병원,경기도 안성시,341408200900001,20260908,20260918,2026-09-08 17:17:17.0,http://openapi.animal.go.kr/openapi/service/rest/fileDownloadSrvc/files/shelter/2026/09/202609081609193.jpg|http://openapi.animal.go.kr/openapi/service/rest/fileDownloadSrvc/files/shelter/2026/09/202609081609217.jpg,images/441408202601714_0.jpg|images/441408202601714_1.jpg
441408202601713,경기-안성-2026-00477,보호중,20260908,삼죽면 율곡리 40,개,믹스견,[개] 믹스견,갈색&검정&흰색,2026(60일미만)(년생),1.78(Kg),M,N,"4마리 같이 들어옴, 순함",안성시동물보호센터,031-673-5493,경기도 안성시 보개원삼로 157 (가사동) 미래동물병원,경기도 안성시,341408200900001,20260908,20260918,2026-09-08 17:17:17.0,http://openapi.animal.go.kr/openapi/service/rest/fileDownloadSrvc/files/shelter/2026/09/202609081609941.jpg|http://openapi.animal.go.kr/openapi/service/rest/fileDownloadSrvc/files/shelter/2026/09/202609081609966.jpg,images/441408202601713_0.jpg|images/441408202601713_1.jpg
441408202601712,경기-안성-2026-00476,보호중,20260908,삼죽면 율곡리 40,개,믹스견,[개] 믹스견,크림색,2026(60일미만)(년생),1.86(Kg),M,N,"4마리 같이 들어옴, 순함",안성시동물보호센터,031-673-5493,경기도 안성시 보개원삼로 157 (가사동) 미래동물병원,경기도 안성시,341408200900001,20260908,20260918,2026-09-08 17:17:17.0,http://openapi.animal.go.kr/openapi/service/rest/fileDownloadSrvc/files/shelter/2026/09/202609081609271.jpg|http://openapi.animal.go.kr/openapi/service/rest/fileDownloadSrvc/files/shelter/2026/09/202609081609296.jpg,images/441408202601712_0.jpg|images/441408202601712_1.jpg
441408202601711,경기-안성-2026-00475,보호중,20260908,삼죽면 율곡리 40,개,믹스견,[개] 믹스견,금색,2026(60일미만)(년생),1.34(Kg),F,N,"4마리 같이 들어옴, 순함",안성시동물보호센터,031-673-5493,경기도 안성시 보개원삼로 157 (가사동) 미래동물병원,경기도 안성시,341408200900001,20260908,20260918,2026-09-08 17:17:16.0,http://openapi.animal.go.kr/openapi/service/rest/fileDownloadSrvc/files/shelter/2026/09/202609081609561.jpg|http://openapi.animal.go.kr/openapi/service/rest/fileDownloadSrvc/files/shelter/2026/09/202609081609586.jpg,images/441408202601711_0.jpg|images/441408202601711_1.jpg
441408202601710,경기-안성-2026-00474,보호중,20260908,삼죽면 율곡리 40,개,믹스견,[개] 믹스견,흰색,2026(60일미만)(년생),1.2(Kg),F,N,"4마리 같이 들어옴, 순함",안성시동물보호센터,031-673-5493,경기도 안성시 보개원삼로 157 (가사동) 미래동물병원,경기도 안성시,341408200900001,20260908,20260918,2026-09-08 17:17:16.0,http://openapi.animal.go.kr/openapi/service/rest/fileDownloadSrvc/files/shelter/2026/09/202609081509379.jpg|http://openapi.animal.go.kr/openapi/service/rest/fileDownloadSrvc/files/shelter/2026/09/202609081509408.jpg,images/441408202601710_0.jpg|images/441408202601710_1.jpg
441405202602821,경기-용인-2026-00352,보호중,20260908,수지구 동천동 89-1,개,믹스견,[개] 믹스견,갈색&검정,2026(년생),2.6(Kg),F,N,"2마리 함께 입소, 1~2개월령 사이 추정",용인시 동물보호센터,031-6193-3463,경기도 용인시 처인구 중부대로 1074-1 (삼가동) 용인시 동물보호센터,경기도 용인시,341405201800001,20260908,20260918,2026-09-08 14:08:28.0,http://openapi.animal.go.kr/openapi/service/rest/fileDownloadSrvc/files/shelter/2026/09/202609081409894.jpg|http://openapi.animal.go.kr/openapi/service/rest/fileDownloadSrvc/files/shelter/2026/09/202609081409402.jpg,images/441405202602821_0.jpg|images/441405202602821_1.jpg
441405202602820,경기-용인-2026-00351,보호중,20260908,수지구 동천동 89-1,개,믹스견,[개] 믹스견,검정&흰색,2026(년생),3.4(Kg),M,N,"2마리 함께 입소, 1~2개월령 사이 추정",용인시 동물보호센터,031-6193-3463,경기도 용인시 처인구 중부대로 1074-1 (삼가동) 용인시 동물보호센터,경기도 용인시,341405201800001,20260908,20260918,2026-09-08 14:06:29.0,http://openapi.animal.go.kr/openapi/service/rest/fileDownloadSrvc/files/shelter/2026/09/202609081409819.jpg|http://openapi.animal.go.kr/openapi/service/rest/fileDownloadSrvc/files/shelter/2026/09/202609081409913.jpg,images/441405202602820_0.jpg|images/441405202602820_1.jpg
441399202601463,경기-남양주-2026-00383,보호중,20260908,남양주 119안전센터,개,믹스견,[개] 믹스견,흰색,2019(년생),3.7(Kg),M,N,착하고 사람 손길을 잘 따름,남양주시동물보호센터,031-590-2785,경기도 남양주시 경강로163번길 32-27 (이패동) ,경기도 남양주시,341399202200002,20260908,20260918,2026-09-09 15:35:39.0,http://openapi.animal.go.kr/openapi/service/rest/fileDownloadSrvc/files/shelter/2026/09/202609081609417.png|http://openapi.animal.go.kr/openapi/service/rest/fileDownloadSrvc/files/shelter/2026/09/202609081609442.png,images/441399202601463_0.png|images/441399202601463_1.png
441399202601462,경기-남양주-2026-00382,보호중,20260908,별내면 청학로 54번길 183-125,개,스피츠,[개] 스피츠,흰색,2024(년생),9.1(Kg),M,N,착하고 사람 손길을 잘 따름,남양주시동물보호센터,031-590-2785,경기도 남양주시 경강로163번길 32-27 (이패동) ,경기도 남양주시,341399202200002,20260908,20260918,2026-09-09 15:36:45.0,http://openapi.animal.go.kr/openapi/service/rest/fileDownloadSrvc/files/shelter/2026/09/202609081509779.png|http://openapi.animal.go.kr/openapi/service/rest/fileDownloadSrvc/files/shelter/2026/09/202609081509808.png,images/441399202601462_0.png|images/441399202601462_1.png
441394202601574,경기-고양-2026-00543,보호중,20260908,성석동52-1부근,개,믹스견,[개] 믹스견,갈색&흰색,2021(년생),8.8(Kg),F,U,"치료요함(치주염,구내염) / 검정색목줄착용",고양시동물보호센터,031-962-3232,"경기도 고양시 덕양구 고양대로 1695 (원흥동, 고양시 농업기술센터) 고양시동물보호센터",경기도 고양시,341394201400001,20260908,20260918,2026-09-08 15:05:58.0,http://openapi.animal.go.kr/openapi/service/rest/fileDownloadSrvc/files/shelter/2026/09/202609081409113[2].jpg|http://openapi.animal.go.kr/openapi/service/rest/fileDownloadSrvc/files/shelter/2026/09/202609081409169.jpg,images/441394202601574_0.jpg|images/441394202601574_1.jpg
441374202601081,경기-수원-2026-00453,보호중,20260908,장안구 하률로 2(천천동),개,스피츠,[개] 스피츠,흰색,2021(년생),8.80(Kg),M,N,스피츠,수원시 동물보호센터,031-5191-3557,"경기도 수원시 영통구 광교호수로 234 (하동, 수원시 동물보호센터) 하동 40-10",경기도 수원시,341374202000001,20260908,20260918,2026-09-08 15:18:35.0,http://openapi.animal.go.kr/openapi/service/rest/fileDownloadSrvc/files/shelter/2026/09/202609081309863.jpg|http://openapi.animal.go.kr/openapi/service/rest/fileDownloadSrvc/files/shelter/2026/09/202609081309326.jpg,images/441374202601081_0.jpg|images/441374202601081_1.jpg
428356202601133,인천-서해-2026-00112,보호중,20260908,건지로 404,개,믹스견,[개] 믹스견,갈색,2025(년생),9.8(Kg),M,N,"겁이 많음, 파란색 목줄 착용, 예쁘고 귀여움, 앙칼진 매력",가정동물병원,032-575-0833,인천광역시 서구 가정로 346 (가정동) ,인천광역시 서해구,328356201000001,20260908,20260918,2026-09-08 20:06:29.0,http://openapi.animal.go.kr/openapi/service/rest/fileDownloadSrvc/files/shelter/2026/09/202609081409709[1].jpg|http://openapi.animal.go.kr/openapi/service/rest/fileDownloadSrvc/files/shelter/2026/09/202609081409750.jpg,images/428356202601133_0.jpg|images/428356202601133_1.jpg
428351202600522,인천-미추홀-2026-00258,보호중,20260908,숭의동204-17 단독주택 근처,개,믹스견,[개] 믹스견,흰색,2025(년생),18.00(Kg),F,N,"구조당시 카키색 목줄,체인줄 착용되어 있었음",경동동물병원,032-765-9988,인천광역시 제물포구 개항로 61 (경동) ,인천광역시 미추홀구,328351200900001,20260908,20260918,2026-09-08 13:40:31.0,http://openapi.animal.go.kr/openapi/service/rest/fileDownloadSrvc/files/shelter/2026/09/202609081209446.jpg|http://openapi.animal.go.kr/openapi/service/rest/fileDownloadSrvc/files/shelter/2026/09/202609081209460.jpg,images/428351202600522_0.jpg|images/428351202600522_1.jpg
428351202600521,인천-미추홀-2026-00257,보호중,20260908,낙섬서로 50번길30 투맨피자 근처 ,개,라브라도 리트리버,[개] 라브라도 리트리버,크림색,2023(년생),28.00(Kg),M,N,"구조 당시 밤색에 징이 박혀있는 목줄 착용, 덩치가 커서 사람에게 위협적이긴 함 ",경동동물병원,032-765-9988,인천광역시 제물포구 개항로 61 (경동) ,인천광역시 미추홀구,328351200900001,20260908,20260918,2026-09-09 17:04:41.0,http://openapi.animal.go.kr/openapi/service/rest/fileDownloadSrvc/files/shelter/2026/09/202609081109265.jpg|http://openapi.animal.go.kr/openapi/service/rest/fileDownloadSrvc/files/shelter/2026/09/202609081109277[1].jpg,images/428351202600521_0.jpg|images/428351202600521_1.jpg
427348202600869,대구-달성-2026-00369,보호중,20260908,화원 한우아파트 놀이터,개,믹스견,[개] 믹스견,노란색,2024(년생),18(Kg),F,U,등록칩 없음. 공격성이 강해 진정 후 포획,화원연합동물병원,053-634-7975,대구광역시 달성군 화원읍 사문진로 447 (화원읍) 화원읍 관할,대구광역시 달성군,327348201500004,20260908,20260918,2026-09-08 17:15:11.0,http://openapi.animal.go.kr/openapi/service/rest/fileDownloadSrvc/files/shelter/2026/09/202609081309337.jpg|http://openapi.animal.go.kr/openapi/service/rest/fileDownloadSrvc/files/shelter/2026/09/202609081309284.jpg,images/427348202600869_0.jpg|images/427348202600869_1.jpg
427346202600844,대구-수성-2026-00452,보호중,20260908,대륜고 앞,개,진도견,[개] 진도견,검정색,2021(년생),15(Kg),F,U,아주 순하고 지시에도 잘 따라요..,제니스동물병원,053-756-8293,대구광역시 수성구 달구벌대로 2475 (범어동) ,대구광역시 수성구,327346201500009,20260908,20260918,2026-09-08 14:28:27.0,http://openapi.animal.go.kr/openapi/service/rest/fileDownloadSrvc/files/shelter/2026/09/20260908140973[1].jpg|http://openapi.animal.go.kr/openapi/service/rest/fileDownloadSrvc/files/shelter/2026/09/202609081409860[2].jpg,images/427346202600844_0.jpg|images/427346202600844_1.jpg
427342202600594,대구-동구-2026-00275,보호중,20260908,금호강 둑길,개,진도견,[개] 진도견,빨간색,2022(년생),21(Kg),F,U,"검정 목줄, 얼굴 옆에 큰 혹 달려 있음",대구유기동물보호센터,053-964-6258,대구광역시 동구 금강로 151-13 (금강동) ,대구광역시 동구,327342201400001,20260908,20260918,2026-09-09 12:24:08.0,http://openapi.animal.go.kr/openapi/service/rest/fileDownloadSrvc/files/shelter/2026/09/202609081709431.jpg|http://openapi.animal.go.kr/openapi/service/rest/fileDownloadSrvc/files/shelter/2026/09/202609091209909.jpg,images/427342202600594_0.jpg
413591202600205,광주-신안-2026-00037,보호중,20260908,압해읍,개,믹스견,[개] 믹스견,갈색,2023(년생),15.0(Kg),M,N,"쫑긋한 귀, 주택에 들어온 유기견, 밧줄로 된 목줄 착용",신안군유기동물보호소,010-9678-9966,전라남도 무안군 삼향읍 석매길 36  ,전남광주통합특별시 신안군,346501201700001,20260908,20260918,2026-09-08 18:54:14.0,http://openapi.animal.go.kr/openapi/service/rest/fileDownloadSrvc/files/shelter/2026/09/202609081809782.jpg|http://openapi.animal.go.kr/openapi/service/rest/fileDownloadSrvc/files/shelter/2026/09/202609081809854.jpg,images/413591202600205_0.jpg|images/413591202600205_1.jpg
413590202600245,광주-진도-2026-00010,보호중,20260908,진도읍 성죽골길 74 진도군임시보호센터,개,진도견,[개] 진도견,흰색,2022(년생),18(Kg),F,U,"순하고, 사람을 잘따름",진도군임시보호소,061-540-6326,전라남도 진도군 진도읍 성죽골길 30  ,전남광주통합특별시 진도군,346500202400002,20260908,20260918,2026-09-08 14:05:29.0,http://openapi.animal.go.kr/openapi/service/rest/fileDownloadSrvc/files/shelter/2026/09/20260908140923.jpg|http://openapi.animal.go.kr/openapi/service/rest/fileDownloadSrvc/files/shelter/2026/09/20260908140947.jpg,images/413590202600245_0.jpg|images/413590202600245_1.jpg
413590202600244,광주-진도-2026-00011,보호중,20260908,진도읍 성죽골길 74 진도군임시보호센터,개,진도견,[개] 진도견,붉고 엷은 황갈색,2022(년생),18(Kg),F,U,"겁이많고, 경계가  심함",진도군임시보호소,061-540-6326,전라남도 진도군 진도읍 성죽골길 30  ,전남광주통합특별시 진도군,346500202400002,20260908,20260918,2026-09-08 14:05:49.0,http://openapi.animal.go.kr/openapi/service/rest/fileDownloadSrvc/files/shelter/2026/09/202609081309939.jpg|http://openapi.animal.go.kr/openapi/service/rest/fileDownloadSrvc/files/shelter/2026/09/202609081309962.jpg,images/413590202600244_0.jpg|images/413590202600244_1.jpg
413590202600243,광주-진도-2026-00012,보호중,20260908,진도읍 성죽골길 74 진도군임시보호센터,개,진도견,[개] 진도견,붉고 엷은 황갈색,2022(년생),17(Kg),M,U,"겁이많고, 경계가  심함",진도군임시보호소,061-540-6326,전라남도 진도군 진도읍 성죽골길 30  ,전남광주통합특별시 진도군,346500202400002,20260908,20260918,2026-09-08 14:06:21.0,http://openapi.animal.go.kr/openapi/service/rest/fileDownloadSrvc/files/shelter/2026/09/20260908130999[1].jpg|http://openapi.animal.go.kr/openapi/service/rest/fileDownloadSrvc/files/shelter/2026/09/202609081309122.jpg,images/413590202600243_0.jpg|images/413590202600243_1.jpg
413590202600242,광주-진도-2026-00013,보호중,20260908,진도읍 성죽골길 74 진도군임시보호센터,개,진도견,[개] 진도견,붉고 엷은 황갈색,2022(년생),15(Kg),F,U,"겁이많고, 순함",진도군임시보호소,061-540-6326,전라남도 진도군 진도읍 성죽골길 30  ,전남광주통합특별시 진도군,346500202400002,20260908,20260918,2026-09-08 14:06:37.0,http://openapi.animal.go.kr/openapi/service/rest/fileDownloadSrvc/files/shelter/2026/09/202609081109152.jpg|http://openapi.animal.go.kr/openapi/service/rest/fileDownloadSrvc/files/shelter/2026/09/202609081109268.jpg,images/413590202600242_0.jpg|images/413590202600242_1.jpg
413588202600325,광주-함평-2026-00085,보호중,20260908,신광면 사천길 38,개,믹스견,[개] 믹스견,흰색,2025(년생),5.00(Kg),M,U,경계심,학교임시동물보호센터,010-5649-3435,전라남도 함평군 학교면 송산길 84 (학교면) 월산리 806-1 ,전남광주통합특별시 함평군,346496201800001,20260908,20260922,2026-09-08 07:09:53.0,http://openapi.animal.go.kr/openapi/service/rest/fileDownloadSrvc/files/shelter/2026/09/202609080709381.jpg|http://openapi.animal.go.kr/openapi/service/rest/fileDownloadSrvc/files/shelter/2026/09/202609080709793.jpg,images/413588202600325_0.jpg|images/413588202600325_1.jpg
413586202600074,광주-강진-2026-00027,보호중,20260908,강진군칠량면칠량로45-20 ,개,믹스견,[개] 믹스견,갈색,2026(년생),11(Kg),F,U,명량하고 활동성이 강하며 영민함,강진군 유기견 보호소,061-430-3237,"전라남도 강진군 강진읍 초지길 109-62 (강진읍, 강진군상하수도사업소) ",전남광주통합특별시 강진군,346492201300001,20260908,20260918,2026-09-08 15:21:51.0,http://openapi.animal.go.kr/openapi/service/rest/fileDownloadSrvc/files/shelter/2026/09/202609080909283.jpeg|http://openapi.animal.go.kr/openapi/service/rest/fileDownloadSrvc/files/shelter/2026/09/202609080909312.jpeg,images/413586202600074_0.jpeg|images/413586202600074_1.jpeg
413585202600134,광주-보성-2026-00056,보호중,20260908,미력면 미력리 319-3,개,믹스견,[개] 믹스견,흰색,2026(년생),2.7(Kg),F,N,온순함 ,보성유기동물보호센터,061-853-5405,전라남도 보성군 노동면 노동천동길 221  ,전남광주통합특별시 보성군,346489202000001,20260908,20260918,2026-09-08 16:43:56.0,http://openapi.animal.go.kr/openapi/service/rest/fileDownloadSrvc/files/shelter/2026/09/202609081609218[1].jpg|http://openapi.animal.go.kr/openapi/service/rest/fileDownloadSrvc/files/shelter/2026/09/202609081609265.jpg,images/413585202600134_0.jpg|images/413585202600134_1.jpg
413585202600133,광주-보성-2026-00055,보호중,20260908,미력면 미력리 319-3,개,믹스견,[개] 믹스견,흰색,2026(60일미만)(년생),2.6(Kg),F,N,온순함 ,보성유기동물보호센터,061-853-5405,전라남도 보성군 노동면 노동천동길 221  ,전남광주통합특별시 보성군,346489202000001,20260908,20260918,2026-09-08 16:43:43.0,http://openapi.animal.go.kr/openapi/service/rest/fileDownloadSrvc/files/shelter/2026/09/202609081609202[1].jpg|http://openapi.animal.go.kr/openapi/service/rest/fileDownloadSrvc/files/shelter/2026/09/202609081609244[1].jpg,images/413585202600133_0.jpg|images/413585202600133_1.jpg
413585202600132,광주-보성-2026-00054,보호중,20260908,미력면 미력리 319-3,개,믹스견,[개] 믹스견,흰색,2026(년생),2.6(Kg),M,N,온순함 ,보성유기동물보호센터,061-853-5405,전라남도 보성군 노동면 노동천동길 221  ,전남광주통합특별시 보성군,346489202000001,20260908,20260918,2026-09-08 16:43:30.0,http://openapi.animal.go.kr/openapi/service/rest/fileDownloadSrvc/files/shelter/2026/09/202609081609217[2].jpg|http://openapi.animal.go.kr/openapi/service/rest/fileDownloadSrvc/files/shelter/2026/09/202609081609282.jpg,images/413585202600132_0.jpg|images/413585202600132_1.jpg
413585202600131,광주-보성-2026-00053,보호중,20260908,미력면 미력리 319-3,개,믹스견,[개] 믹스견,흰색,2026(년생),2.6(Kg),M,N,온순함 ,보성유기동물보호센터,061-853-5405,전라남도 보성군 노동면 노동천동길 221  ,전남광주통합특별시 보성군,346489202000001,20260908,20260918,2026-09-08 16:43:08.0,http://openapi.animal.go.kr/openapi/service/rest/fileDownloadSrvc/files/shelter/2026/09/20260908160945.jpg|http://openapi.animal.go.kr/openapi/service/rest/fileDownloadSrvc/files/shelter/2026/09/20260908160987.jpg,images/413585202600131_0.jpg|images/413585202600131_1.jpg
413585202600130,광주-보성-2026-00052,보호중,20260908,미력면 미력리 319-3,개,믹스견,[개] 믹스견,흰색,2026(년생),2.4(Kg),F,N,온순함 ,보성유기동물보호센터,061-853-5405,전라남도 보성군 노동면 노동천동길 221  ,전남광주통합특별시 보성군,346489202000001,20260908,20260918,2026-09-08 16:42:59.0,http://openapi.animal.go.kr/openapi/service/rest/fileDownloadSrvc/files/shelter/2026/09/202609081609722[1].jpg|http://openapi.animal.go.kr/openapi/service/rest/fileDownloadSrvc/files/shelter/2026/09/202609081609763.jpg,images/413585202600130_0.jpg|images/413585202600130_1.jpg
413585202600129,광주-보성-2026-00051,보호중,20260908,미력면 미력리 319-3,개,믹스견,[개] 믹스견,흰색,2026(년생),2.5(Kg),M,N,온순함 ,보성유기동물보호센터,061-853-5405,전라남도 보성군 노동면 노동천동길 221  ,전남광주통합특별시 보성군,346489202000001,20260908,20260918,2026-09-08 16:42:52.0,http://openapi.animal.go.kr/openapi/service/rest/fileDownloadSrvc/files/shelter/2026/09/202609081609768.jpg|http://openapi.animal.go.kr/openapi/service/rest/fileDownloadSrvc/files/shelter/2026/09/202609081609809.jpg,images/413585202600129_0.jpg|images/413585202600129_1.jpg
413585202600128,광주-보성-2026-00050,보호중,20260908,미력면 미력리 319-3,개,믹스견,[개] 믹스견,흰색,2026(년생),2.3(Kg),F,N,온순함 ,보성유기동물보호센터,061-853-5405,전라남도 보성군 노동면 노동천동길 221  ,전남광주통합특별시 보성군,346489202000001,20260908,20260918,2026-09-08 16:42:45.0,http://openapi.animal.go.kr/openapi/service/rest/fileDownloadSrvc/files/shelter/2026/09/202609081609746.jpg|http://openapi.animal.go.kr/openapi/service/rest/fileDownloadSrvc/files/shelter/2026/09/202609081609794.jpg,images/413585202600128_0.jpg|images/413585202600128_1.jpg
413585202600127,광주-보성-2026-00049,보호중,20260908,미력면 미력리 319-3,개,믹스견,[개] 믹스견,흰색,2026(년생),2.1(Kg),F,N,온순함 ,보성유기동물보호센터,061-853-5405,전라남도 보성군 노동면 노동천동길 221  ,전남광주통합특별시 보성군,346489202000001,20260908,20260918,2026-09-08 16:42:35.0,http://openapi.animal.go.kr/openapi/service/rest/fileDownloadSrvc/files/shelter/2026/09/202609081609690.jpg|http://openapi.animal.go.kr/openapi/service/rest/fileDownloadSrvc/files/shelter/2026/09/202609081609733[1].jpg,images/413585202600127_0.jpg|images/413585202600127_1.jpg
413585202600126,광주-보성-2026-00048,보호중,20260908,보성읍 흥성로 2301 ,개,믹스견,[개] 믹스견,갈색,2026(년생),2.4(Kg),M,N,온순함 ,보성유기동물보호센터,061-853-5405,전라남도 보성군 노동면 노동천동길 221  ,전남광주통합특별시 보성군,346489202000001,20260908,20260918,2026-09-08 16:07:04.0,http://openapi.animal.go.kr/openapi/service/rest/fileDownloadSrvc/files/shelter/2026/09/202609081609316.jpg|http://openapi.animal.go.kr/openapi/service/rest/fileDownloadSrvc/files/shelter/2026/09/202609081609357.jpg,images/413585202600126_0.jpg|images/413585202600126_1.jpg
413585202600125,광주-보성-2026-00047,보호중,20260908,보성읍 흥성로 2301 ,개,믹스견,[개] 믹스견,회색,2026(년생),2.3(Kg),M,N,온순함 ,보성유기동물보호센터,061-853-5405,전라남도 보성군 노동면 노동천동길 221  ,전남광주통합특별시 보성군,346489202000001,20260908,20260918,2026-09-08 16:06:53.0,http://openapi.animal.go.kr/openapi/service/rest/fileDownloadSrvc/files/shelter/2026/09/202609081609293.jpg|http://openapi.animal.go.kr/openapi/service/rest/fileDownloadSrvc/files/shelter/2026/09/202609081609340.jpg,images/413585202600125_0.jpg|images/413585202600125_1.jpg
413585202600124,광주-보성-2026-00046,보호중,20260908,보성읍 흥성로 2301 ,개,믹스견,[개] 믹스견,갈색,2026(년생),2.2(Kg),M,N,온순함 ,보성유기동물보호센터,061-853-5405,전라남도 보성군 노동면 노동천동길 221  ,전남광주통합특별시 보성군,346489202000001,20260908,20260918,2026-09-08 16:06:42.0,http://openapi.animal.go.kr/openapi/service/rest/fileDownloadSrvc/files/shelter/2026/09/202609081509710[1].jpg|http://openapi.animal.go.kr/openapi/service/rest/fileDownloadSrvc/files/shelter/2026/09/202609081509758.jpg,images/413585202600124_0.jpg|images/413585202600124_1.jpg
413585202600123,광주-보성-2026-00045,보호중,20260908,회천면 객산길 30,개,믹스견,[개] 믹스견,갈색&검정&흰색,2026(년생),1.3(Kg),F,N,온순함 ,보성유기동물보호센터,061-853-5405,전라남도 보성군 노동면 노동천동길 221  ,전남광주통합특별시 보성군,346489202000001,20260908,20260918,2026-09-08 15:50:43.0,http://openapi.animal.go.kr/openapi/service/rest/fileDownloadSrvc/files/shelter/2026/09/20260908150904.jpg|http://openapi.animal.go.kr/openapi/service/rest/fileDownloadSrvc/files/shelter/2026/09/20260908150958.jpg,images/413585202600123_0.jpg|images/413585202600123_1.jpg
413585202600122,광주-보성-2026-00044,보호중,20260908,회천면 객산길 30,개,믹스견,[개] 믹스견,흰색,2026(년생),1.3(Kg),F,N,온순함 ,보성유기동물보호센터,061-853-5405,전라남도 보성군 노동면 노동천동길 221  ,전남광주통합특별시 보성군,346489202000001,20260908,20260918,2026-09-08 15:50:32.0,http://openapi.animal.go.kr/openapi/service/rest/fileDownloadSrvc/files/shelter/2026/09/202609081509862.jpg|http://openapi.animal.go.kr/openapi/service/rest/fileDownloadSrvc/files/shelter/2026/09/202609081509905.jpg,images/413585202600122_0.jpg|images/413585202600122_1.jpg
413585202600120,광주-보성-2026-00042,보호중,20260908,회천면 객산길 30,개,믹스견,[개] 믹스견,갈색&검정,2026(년생),1.6(Kg),M,N,온순함 ,보성유기동물보호센터,061-853-5405,전라남도 보성군 노동면 노동천동길 221  ,전남광주통합특별시 보성군,346489202000001,20260908,20260918,2026-09-08 15:50:17.0,http://openapi.animal.go.kr/openapi/service/rest/fileDownloadSrvc/files/shelter/2026/09/202609081509519.jpg|http://openapi.animal.go.kr/openapi/service/rest/fileDownloadSrvc/files/shelter/2026/09/202609081509575.jpg,images/413585202600120_0.jpg|images/413585202600120_1.jpg
413585202600119,광주-보성-2026-00041,보호중,20260908,득량면 호음동길 39,개,믹스견,[개] 믹스견,흰색,2026(년생),3.4(Kg),M,N,"온순함,피부병있음 ",보성유기동물보호센터,061-853-5405,전라남도 보성군 노동면 노동천동길 221  ,전남광주통합특별시 보성군,346489202000001,20260908,20260918,2026-09-08 15:42:26.0,http://openapi.animal.go.kr/openapi/service/rest/fileDownloadSrvc/files/shelter/2026/09/20260908150921.jpg|http://openapi.animal.go.kr/openapi/service/rest/fileDownloadSrvc/files/shelter/2026/09/20260908150985[1].jpg,images/413585202600119_0.jpg|images/413585202600119_1.jpg
413585202600118,광주-보성-2026-00040,보호중,20260908,득량면 호음동길 39,개,믹스견,[개] 믹스견,흰색,2026(년생),3.6(Kg),M,N,"온순함,피부병있음 ",보성유기동물보호센터,061-853-5405,전라남도 보성군 노동면 노동천동길 221  ,전남광주통합특별시 보성군,346489202000001,20260908,20260918,2026-09-08 15:42:19.0,http://openapi.animal.go.kr/openapi/service/rest/fileDownloadSrvc/files/shelter/2026/09/202609081509342.jpg|http://openapi.animal.go.kr/openapi/service/rest/fileDownloadSrvc/files/shelter/2026/09/202609081509385[1].jpg,images/413585202600118_0.jpg|images/413585202600118_1.jpg
413585202600117,광주-보성-2026-00039,보호중,20260908,득량면 호음동길 39,개,믹스견,[개] 믹스견,흰색,2026(년생),3.5(Kg),M,N,"온순함,피부병있음 ",보성유기동물보호센터,061-853-5405,전라남도 보성군 노동면 노동천동길 221  ,전남광주통합특별시 보성군,346489202000001,20260908,20260918,2026-09-08 15:42:07.0,http://openapi.animal.go.kr/openapi/service/rest/fileDownloadSrvc/files/shelter/2026/09/202609081509324.jpg|http://openapi.animal.go.kr/openapi/service/rest/fileDownloadSrvc/files/shelter/2026/09/202609081509371.jpg,images/413585202600117_0.jpg|images/413585202600117_1.jpg
413585202600116,광주-보성-2026-00038,보호중,20260908,득량면 호음동길 39,개,믹스견,[개] 믹스견,흰색,2026(년생),3.5(Kg),M,N,"온순함,피부병있음 ",보성유기동물보호센터,061-853-5405,전라남도 보성군 노동면 노동천동길 221  ,전남광주통합특별시 보성군,346489202000001,20260908,20260918,2026-09-08 15:41:57.0,http://openapi.animal.go.kr/openapi/service/rest/fileDownloadSrvc/files/shelter/2026/09/202609081509602[1].jpg|http://openapi.animal.go.kr/openapi/service/rest/fileDownloadSrvc/files/shelter/2026/09/202609081509654.jpg,images/413585202600116_0.jpg|images/413585202600116_1.jpg
413585202600115,광주-보성-2026-00037,보호중,20260908,회천면 시장길 33,개,믹스견,[개] 믹스견,검정색,2026(년생),3.2(Kg),M,N,온순함 ,보성유기동물보호센터,061-853-5405,전라남도 보성군 노동면 노동천동길 221  ,전남광주통합특별시 보성군,346489202000001,20260908,20260918,2026-09-08 15:14:56.0,http://openapi.animal.go.kr/openapi/service/rest/fileDownloadSrvc/files/shelter/2026/09/202609081509225.jpg|http://openapi.animal.go.kr/openapi/service/rest/fileDownloadSrvc/files/shelter/2026/09/202609081509272.jpg,images/413585202600115_0.jpg|images/413585202600115_1.jpg
413585202600114,광주-보성-2026-00036,보호중,20260908,회천면 시장길 33,개,믹스견,[개] 믹스견,갈색,2026(년생),3.2(Kg),F,N,온순함 ,보성유기동물보호센터,061-853-5405,전라남도 보성군 노동면 노동천동길 221  ,전남광주통합특별시 보성군,346489202000001,20260908,20260918,2026-09-08 15:14:46.0,http://openapi.animal.go.kr/openapi/service/rest/fileDownloadSrvc/files/shelter/2026/09/202609081509835.jpg|http://openapi.animal.go.kr/openapi/service/rest/fileDownloadSrvc/files/shelter/2026/09/202609081509881.jpg,images/413585202600114_0.jpg|images/413585202600114_1.jpg
413585202600113,광주-보성-2026-00035,보호중,20260908,회천면 시장길 33,개,믹스견,[개] 믹스견,검정색,2026(60일미만)(년생),3.2(Kg),F,N,온순함 ,보성유기동물보호센터,061-853-5405,전라남도 보성군 노동면 노동천동길 221  ,전남광주통합특별시 보성군,346489202000001,20260908,20260918,2026-09-08 15:14:36.0,http://openapi.animal.go.kr/openapi/service/rest/fileDownloadSrvc/files/shelter/2026/09/202609081509560.jpg|http://openapi.animal.go.kr/openapi/service/rest/fileDownloadSrvc/files/shelter/2026/09/202609081509622.jpg,images/413585202600113_0.jpg|images/413585202600113_1.jpg
413585202600112,광주-보성-2026-00034,보호중,20260908,회천면 시장길 33,개,믹스견,[개] 믹스견,검정색,2026(년생),3.1(Kg),F,N,온순함 ,보성유기동물보호센터,061-853-5405,전라남도 보성군 노동면 노동천동길 221  ,전남광주통합특별시 보성군,346489202000001,20260908,20260918,2026-09-08 15:14:27.0,http://openapi.animal.go.kr/openapi/service/rest/fileDownloadSrvc/files/shelter/2026/09/202609081509977.jpg|http://openapi.animal.go.kr/openapi/service/rest/fileDownloadSrvc/files/shelter/2026/09/20260908150940.jpg,images/413585202600112_0.jpg|images/413585202600112_1.jpg
413585202600111,광주-보성-2026-00033,보호중,20260908,회천면 시장길 33,개,믹스견,[개] 믹스견,검정색,2026(년생),3.1(Kg),F,N,온순함 ,보성유기동물보호센터,061-853-5405,전라남도 보성군 노동면 노동천동길 221  ,전남광주통합특별시 보성군,346489202000001,20260908,20260918,2026-09-08 15:14:13.0,http://openapi.animal.go.kr/openapi/service/rest/fileDownloadSrvc/files/shelter/2026/09/202609081509148.jpg|http://openapi.animal.go.kr/openapi/service/rest/fileDownloadSrvc/files/shelter/2026/09/202609081509196.jpg,images/413585202600111_0.jpg|images/413585202600111_1.jpg
413585202600110,광주-보성-2026-00032,보호중,20260908,회천면 시장길 33,개,믹스견,[개] 믹스견,검정색,2026(년생),3.2(Kg),M,N,온순함 ,보성유기동물보호센터,061-853-5405,전라남도 보성군 노동면 노동천동길 221  ,전남광주통합특별시 보성군,346489202000001,20260908,20260918,2026-09-08 15:14:02.0,http://openapi.animal.go.kr/openapi/service/rest/fileDownloadSrvc/files/shelter/2026/09/202609081509207.jpg|http://openapi.animal.go.kr/openapi/service/rest/fileDownloadSrvc/files/shelter/2026/09/202609081509262.jpg,images/413585202600110_0.jpg|images/413585202600110_1.jpg
413585202600109,광주-보성-2026-00031,보호중,20260908,회천면 시장길 33,개,믹스견,[개] 믹스견,검정색,2026(년생),3.1(Kg),F,N,온순함 ,보성유기동물보호센터,061-853-5405,전라남도 보성군 노동면 노동천동길 221  ,전남광주통합특별시 보성군,346489202000001,20260908,20260918,2026-09-08 15:13:53.0,http://openapi.animal.go.kr/openapi/service/rest/fileDownloadSrvc/files/shelter/2026/09/202609081409246[1].jpg|http://openapi.animal.go.kr/openapi/service/rest/fileDownloadSrvc/files/shelter/2026/09/202609081409299[1].jpg,images/413585202600109_0.jpg|images/413585202600109_1.jpg
413585202600108,광주-보성-2026-00030,보호중,20260908,웅치면 부춘길 16,개,믹스견,[개] 믹스견,흰색,2023(년생),5.1(Kg),F,N,온순함 ,보성유기동물보호센터,061-853-5405,전라남도 보성군 노동면 노동천동길 221  ,전남광주통합특별시 보성군,346489202000001,20260908,20260918,2026-09-08 14:48:37.0,http://openapi.animal.go.kr/openapi/service/rest/fileDownloadSrvc/files/shelter/2026/09/202609081409870[1].jpg|http://openapi.animal.go.kr/openapi/service/rest/fileDownloadSrvc/files/shelter/2026/09/202609081409958.jpg,images/413585202600108_0.jpg|images/413585202600108_1.jpg
413578202601712,광주-여수-2026-00082,보호중,20260908,여서동 (부영초~부영7차사이),개,믹스견,[개] 믹스견,흰색,2023(년생),12(Kg),M,N,구조 당시 목띠+파란&빨간 줄 달린 상태/온순함,반려동물보호센터,061-659-2474,전남광주통합특별시 여수시 여수산단로 292-62 (평여동) 반려동물보호센터,전남광주통합특별시 여수시,346481200900001,20260908,20260918,2026-09-08 17:54:30.0,http://openapi.animal.go.kr/openapi/service/rest/fileDownloadSrvc/files/shelter/2026/09/202609081709630.jpg|http://openapi.animal.go.kr/openapi/service/rest/fileDownloadSrvc/files/shelter/2026/09/202609081709843.jpg,images/413578202601712_0.jpg|images/413578202601712_1.jpg
427514202600210,대구-군위-2026-00196,보호중,20260908,부계면 남산리,개,포메라니안,[개] 포메라니안,기타(흰색&금색),2021(년생),3(Kg),F,N,사람을 굉장히 좋아하고 순함,군위종합동물병원,010-5121-3193,대구광역시 군위군 군위읍 군청로 49-18  1층,대구광역시 군위군,327514202400001,20260906,20260916,2026-09-08 12:56:00.0,http://openapi.animal.go.kr/openapi/service/rest/fileDownloadSrvc/files/shelter/2026/09/202609081209177.jpg|http://openapi.animal.go.kr/openapi/service/rest/fileDownloadSrvc/files/shelter/2026/09/202609081209204.jpg,images/427514202600210_0.jpg|images/427514202600210_1.jpg
447520202600160,경북-고령-2026-00103,보호중,20260907,운수면 봉평리 부근,개,믹스견,[개] 믹스견,검정색,2024(년생),12.00(Kg),M,N,들개무리,고령군 유기견 보호소,010-4419-4135,경상북도 고령군 운수면 하법길 37 (운수면) ,경상북도 고령군,347520202000001,20260911,20260921,2026-09-11 16:58:54.0,http://openapi.animal.go.kr/openapi/service/rest/fileDownloadSrvc/files/shelter/2026/09/202609111609340.jpg|http://openapi.animal.go.kr/openapi/service/rest/fileDownloadSrvc/files/shelter/2026/09/202609111609361[1].jpg,images/447520202600160_0.jpg|images/447520202600160_1.jpg
447520202600159,경북-고령-2026-00102,보호중,20260907,운수면 봉평리 부근,개,믹스견,[개] 믹스견,갈색,2024(년생),12.00(Kg),M,N,들개무리,고령군 유기견 보호소,010-4419-4135,경상북도 고령군 운수면 하법길 37 (운수면) ,경상북도 고령군,347520202000001,20260911,20260921,2026-09-11 16:58:53.0,http://openapi.animal.go.kr/openapi/service/rest/fileDownloadSrvc/files/shelter/2026/09/202609111609364.jpg|http://openapi.animal.go.kr/openapi/service/rest/fileDownloadSrvc/files/shelter/2026/09/202609111609397[1].jpg,images/447520202600159_0.jpg|images/447520202600159_1.jpg
447520202600158,경북-고령-2026-00101,보호중,20260907,운수면 봉평리 부근,개,믹스견,[개] 믹스견,검정색,2024(년생),12.00(Kg),M,N,들개무리,고령군 유기견 보호소,010-4419-4135,경상북도 고령군 운수면 하법길 37 (운수면) ,경상북도 고령군,347520202000001,20260911,20260921,2026-09-11 16:58:53.0,http://openapi.animal.go.kr/openapi/service/rest/fileDownloadSrvc/files/shelter/2026/09/202609111609170.jpg|http://openapi.animal.go.kr/openapi/service/rest/fileDownloadSrvc/files/shelter/2026/09/202609111609189[1].jpg,images/447520202600158_0.jpg|images/447520202600158_1.jpg
447520202600157,경북-고령-2026-00100,보호중,20260907,운수면 봉평리 부근,개,믹스견,[개] 믹스견,검정색,2024(년생),12.00(Kg),F,N,들개무리,고령군 유기견 보호소,010-4419-4135,경상북도 고령군 운수면 하법길 37 (운수면) ,경상북도 고령군,347520202000001,20260911,20260921,2026-09-11 16:58:53.0,http://openapi.animal.go.kr/openapi/service/rest/fileDownloadSrvc/files/shelter/2026/09/202609111609525.jpg|http://openapi.animal.go.kr/openapi/service/rest/fileDownloadSrvc/files/shelter/2026/09/202609111609546[2].jpg,images/447520202600157_0.jpg|images/447520202600157_1.jpg
430364202600562,대전-동구-2026-00153,보호중,20260907,대별로 46-4 인근,개,치와와,[개] 치와와,갈색&흰색,2020(년생),4.88(Kg),F,U,소유자 연락처 변경 필요,대전동물보호센터,042-270-7239,대전광역시 유성구 금남구즉로 1234 (금고동) 대전광역시 동물보호센터,대전광역시 동구,330364202000001,20260911,20260921,2026-09-11 14:59:19.0,http://openapi.animal.go.kr/openapi/service/rest/fileDownloadSrvc/files/shelter/2026/09/202609111409443.png|http://openapi.animal.go.kr/openapi/service/rest/fileDownloadSrvc/files/shelter/2026/09/202609111409478.png,images/430364202600562_0.png|images/430364202600562_1.png
428355202600481,인천-계양-2026-00270,보호중,20260907,임학동 한국아파트앞,개,믹스견,[개] 믹스견,갈색,2022(년생),18.0(Kg),M,N,철물점목걸이+초록색목끈착용됨,신영재동물병원,032-552-0075,인천광역시 계양구 장제로 923 (병방동) ,인천광역시 계양구,328355200900001,20260910,20260921,2026-09-10 17:26:35.0,http://openapi.animal.go.kr/openapi/service/rest/fileDownloadSrvc/files/shelter/2026/09/202609072109541.jpg|http://openapi.animal.go.kr/openapi/service/rest/fileDownloadSrvc/files/shelter/2026/09/202609072109565.jpg,images/428355202600481_0.jpg|images/428355202600481_1.jpg
413589202600251,광주-장성-2026-00038,보호중,20260907,황룡면 장산리 37-6 ,개,믹스견,[개] 믹스견,흰색,2026(년생),5(Kg),M,N,"사람을 무서워하고 소심함, 두마리 함께 구조",장성군동물보호센터,061-390-8422,전라남도 장성군 삼계면 능성로 382-31  0,전남광주통합특별시 장성군,346498202000001,20260910,20260921,2026-09-10 16:41:30.0,http://openapi.animal.go.kr/openapi/service/rest/fileDownloadSrvc/files/shelter/2026/09/202609101609706.png|http://openapi.animal.go.kr/openapi/service/rest/fileDownloadSrvc/files/shelter/2026/09/202609101609720.jpg,images/413589202600251_0.png|images/413589202600251_1.jpg
413589202600250,광주-장성-2026-00037,보호중,20260907,황룡면 장산리 37-6,개,믹스견,[개] 믹스견,갈색,2026(년생),5.5(Kg),F,N,"소심하지만 활발함,두마리 함께 구조",장성군동물보호센터,061-390-8422,전라남도 장성군 삼계면 능성로 382-31  0,전남광주통합특별시 장성군,346498202000001,20260910,20260921,2026-09-10 16:41:30.0,http://openapi.animal.go.kr/openapi/service/rest/fileDownloadSrvc/files/shelter/2026/09/202609101609754.png|http://openapi.animal.go.kr/openapi/service/rest/fileDownloadSrvc/files/shelter/2026/09/202609101609765.jpg,images/413589202600250_0.png|images/413589202600250_1.jpg
443446202600515,충북-괴산-2026-00170,보호중,20260907,괴산읍 충민로 검승3길 41,개,믹스견,[개] 믹스견,호반색(호랑이무늬),2023(년생),20(Kg),M,U,경계심이 많음,괴산증평동물보호센터,010-3169-1151,충청북도 증평군 도안면 입장길 239 (도안면) ,충청북도 괴산군,343446201800002,20260909,20260921,2026-09-09 09:11:18.0,http://openapi.animal.go.kr/openapi/service/rest/fileDownloadSrvc/files/shelter/2026/09/202609090909990.jpg|http://openapi.animal.go.kr/openapi/service/rest/fileDownloadSrvc/files/shelter/2026/09/202609090909397.jpg,images/443446202600515_0.jpg|images/443446202600515_1.jpg
431373202601476,울산-울주-2026-00656,보호중,20260907,온양119,개,믹스견,[개] 믹스견,갈색&검정,2025(년생),6.5(Kg),Q,N,사나움,울산유기동물보호센터,052-238-6113,울산광역시 울주군 온양읍 발리 1144,울산광역시 울주군,331373201200002,20260909,20260921,2026-09-09 11:59:08.0,http://openapi.animal.go.kr/openapi/service/rest/fileDownloadSrvc/files/shelter/2026/09/202609091109469.png|http://openapi.animal.go.kr/openapi/service/rest/fileDownloadSrvc/files/shelter/2026/09/202609091109494.png,images/431373202601476_0.png|images/431373202601476_1.png
426334202600780,부산-사하-2026-00314,보호중,20260907,괴정지구대,개,포메라니안,[개] 포메라니안,크림색,2021(년생),3(Kg),M,Y,"미용상태양호,사람을좋아하고온순함",부산동물보호센터,051-832-7119,부산광역시 강서구 맥도강변길 752-15 (대저2동) ,부산광역시 사하구,326334202600001,20260909,20260921,2026-09-09 14:50:50.0,http://openapi.animal.go.kr/openapi/service/rest/fileDownloadSrvc/files/shelter/2026/09/202609091409595.jpg|http://openapi.animal.go.kr/openapi/service/rest/fileDownloadSrvc/files/shelter/2026/09/202609091409364.jpg,images/426334202600780_0.jpg|images/426334202600780_1.jpg
450650202602153,제주-제주-2026-02077,보호중,20260907,서귀포시 안덕면 서광동로40 서광아이비파크,개,믹스견,[개] 믹스견,검정색,2024(년생),2.1(Kg),M,N,개체관리번호 1670,제주 동물보호센터,064-710-4065,제주특별자치도 제주시 첨단동길 184-14 (용강동) ,제주특별자치도,350650201200001,20260908,20260918,2026-09-08 09:16:21.0,http://openapi.animal.go.kr/openapi/service/rest/fileDownloadSrvc/files/shelter/2026/09/202609080909899.jpg|http://openapi.animal.go.kr/openapi/service/rest/fileDownloadSrvc/files/shelter/2026/09/202609080909920.jpg,images/450650202602153_0.jpg|images/450650202602153_1.jpg
450650202602152,제주-제주-2026-02076,보호중,20260907,서귀포시 남원읍 남원리2201-2,개,믹스견,[개] 믹스견,갈색,2025(년생),15.2(Kg),F,U,개체관리번호 1669 ,제주 동물보호센터,064-710-4065,제주특별자치도 제주시 첨단동길 184-14 (용강동) ,제주특별자치도,350650201200001,20260908,20260918,2026-09-08 09:16:20.0,http://openapi.animal.go.kr/openapi/service/rest/fileDownloadSrvc/files/shelter/2026/09/202609080909593.jpg|http://openapi.animal.go.kr/openapi/service/rest/fileDownloadSrvc/files/shelter/2026/09/202609080909621.jpg,images/450650202602152_0.jpg|images/450650202602152_1.jpg
450650202602151,제주-제주-2026-02075,보호중,20260907,서귀포시 안덕면 동광리 산28-1 인근,개,믹스견,[개] 믹스견,흰색,2019(년생),3(Kg),F,U,"개체관리번호 1668 - 피부염, 부정교합",제주 동물보호센터,064-710-4065,제주특별자치도 제주시 첨단동길 184-14 (용강동) ,제주특별자치도,350650201200001,20260908,20260918,2026-09-08 09:16:20.0,http://openapi.animal.go.kr/openapi/service/rest/fileDownloadSrvc/files/shelter/2026/09/202609080909126.jpg|http://openapi.animal.go.kr/openapi/service/rest/fileDownloadSrvc/files/shelter/2026/09/202609080909138.jpg,images/450650202602151_0.jpg|images/450650202602151_1.jpg
450650202602150,제주-제주-2026-02074,보호중,20260907,서귀포시 남원읍 위미대화로16번길4,개,믹스견,[개] 믹스견,흰색,2020(년생),11.5(Kg),M,N,개체관리번호 1667 - 심장사상충,제주 동물보호센터,064-710-4065,제주특별자치도 제주시 첨단동길 184-14 (용강동) ,제주특별자치도,350650201200001,20260908,20260918,2026-09-08 09:16:20.0,http://openapi.animal.go.kr/openapi/service/rest/fileDownloadSrvc/files/shelter/2026/09/202609080909129.jpg|http://openapi.animal.go.kr/openapi/service/rest/fileDownloadSrvc/files/shelter/2026/09/202609080909145.jpg,images/450650202602150_0.jpg|images/450650202602150_1.jpg
450650202602149,제주-제주-2026-02073,보호중,20260907,서귀포시 대정읍 신도리381,개,믹스견,[개] 믹스견,흰색,2022(년생),9(Kg),F,U,개체관리번호 1666 - 우후지 외상으로 근육 및 피하직 소실 및 염증,제주 동물보호센터,064-710-4065,제주특별자치도 제주시 첨단동길 184-14 (용강동) ,제주특별자치도,350650201200001,20260908,20260918,2026-09-08 09:16:20.0,http://openapi.animal.go.kr/openapi/service/rest/fileDownloadSrvc/files/shelter/2026/09/202609080909912.jpg|http://openapi.animal.go.kr/openapi/service/rest/fileDownloadSrvc/files/shelter/2026/09/202609080909927.jpg,images/450650202602149_0.jpg|images/450650202602149_1.jpg
450650202602148,제주-제주-2026-02072,보호중,20260907,제주시 애월읍 신엄리1743,개,믹스견,[개] 믹스견,검정색,2021(년생),10.8(Kg),F,U,개체관리번호 1665,제주 동물보호센터,064-710-4065,제주특별자치도 제주시 첨단동길 184-14 (용강동) ,제주특별자치도,350650201200001,20260908,20260918,2026-09-08 09:16:20.0,http://openapi.animal.go.kr/openapi/service/rest/fileDownloadSrvc/files/shelter/2026/09/20260908090989.jpg|http://openapi.animal.go.kr/openapi/service/rest/fileDownloadSrvc/files/shelter/2026/09/202609080909104.jpg,images/450650202602148_0.jpg|images/450650202602148_1.jpg
450650202602147,제주-제주-2026-02071,보호중,20260907,제주시 구좌읍 상도로329 인근,개,믹스견,[개] 믹스견,흰색,2024(년생),11.4(Kg),M,N,개체관리번호 1664 - 좌골발골절. 좌둔부 교상,제주 동물보호센터,064-710-4065,제주특별자치도 제주시 첨단동길 184-14 (용강동) ,제주특별자치도,350650201200001,20260908,20260918,2026-09-08 09:16:19.0,http://openapi.animal.go.kr/openapi/service/rest/fileDownloadSrvc/files/shelter/2026/09/202609080809163.jpg|http://openapi.animal.go.kr/openapi/service/rest/fileDownloadSrvc/files/shelter/2026/09/202609080809178.jpg,images/450650202602147_0.jpg|images/450650202602147_1.jpg
448539202600265,경남-의령-2026-00115,보호중,20260907,낙서면 낙동강로 985 여의마을,개,믹스견,[개] 믹스견,검정색,2026(년생),1.5(Kg),M,U,"검정색털, 입질심함",의령군 동물보호센터,055-570-4203,경상남도 의령군 의령읍 남강로 485-75  ,경상남도 의령군,348539201900001,20260908,20260921,2026-09-08 13:57:14.0,http://openapi.animal.go.kr/openapi/service/rest/fileDownloadSrvc/files/shelter/2026/09/20260908130958.jpg|http://openapi.animal.go.kr/openapi/service/rest/fileDownloadSrvc/files/shelter/2026/09/202609081309103.jpg,images/448539202600265_0.jpg|images/448539202600265_1.jpg
448535202601135,경남-김해-2026-00747,보호중,20260907,김해시 동부 119,개,믹스견,[개] 믹스견,갈색&흰색,2024(년생),7(Kg),F,U,김해시-747,(사)동물보호관리협회,051-971-6208,부산광역시 강서구 가락대로1283번길 25-2 (봉림동) ,경상남도 김해시,348535202400001,20260908,20260918,2026-09-08 09:57:13.0,http://openapi.animal.go.kr/openapi/service/rest/fileDownloadSrvc/files/shelter/2026/09/202609080909699.png|http://openapi.animal.go.kr/openapi/service/rest/fileDownloadSrvc/files/shelter/2026/09/202609080909875.png,images/448535202601135_0.png|images/448535202601135_1.png
448535202601134,경남-김해-2026-00746,보호중,20260907,김해시 상동 119,개,믹스견,[개] 믹스견,검정색,2019(년생),15(Kg),M,U,"김해시-746, 피부병, 매우 사나움, 들개",(사)동물보호관리협회,051-971-6208,부산광역시 강서구 가락대로1283번길 25-2 (봉림동) ,경상남도 김해시,348535202400001,20260908,20260918,2026-09-08 09:57:13.0,http://openapi.animal.go.kr/openapi/service/rest/fileDownloadSrvc/files/shelter/2026/09/20260908090904.png|http://openapi.animal.go.kr/openapi/service/rest/fileDownloadSrvc/files/shelter/2026/09/202609080909743.png,images/448535202601134_0.png|images/448535202601134_1.png
448533202600418,경남-통영-2026-00096,보호중,20260907,용남면 노싯골 90-65,개,비숑 프리제,[개] 비숑 프리제,크림색,2022(년생),7.5(Kg),M,Y,생후4살기준(2026.09.07기준),통영시동물보호센터,055-650-6250,경상남도 통영시 광도면 전두1길 9-8  ,경상남도 통영시,348533202100001,20260908,20260915,2026-09-08 13:47:07.0,http://openapi.animal.go.kr/openapi/service/rest/fileDownloadSrvc/files/shelter/2026/09/202609071309984[1].jpg|http://openapi.animal.go.kr/openapi/service/rest/fileDownloadSrvc/files/shelter/2026/09/202609071309499.jpg,images/448533202600418_0.jpg|images/448533202600418_1.jpg
448533202600417,경남-통영-2026-00095,보호중,20260907,통영시,개,골든 리트리버,[개] 골든 리트리버,갈색,2014(년생),32(Kg),M,N,생후12살(2026.09.07기준),통영시동물보호센터,055-650-6250,경상남도 통영시 광도면 전두1길 9-8  ,경상남도 통영시,348533202100001,20260908,20260915,2026-09-08 13:46:56.0,http://openapi.animal.go.kr/openapi/service/rest/fileDownloadSrvc/files/shelter/2026/09/202609071309719.jpg|http://openapi.animal.go.kr/openapi/service/rest/fileDownloadSrvc/files/shelter/2026/09/202609071309964.jpg,images/448533202600417_0.jpg|images/448533202600417_1.jpg
448533202600416,경남-통영-2026-00094,보호중,20260907,정량동 노머트 가게앞,개,치와와,[개] 치와와,검정&흰색,2021(년생),2.7(Kg),M,Y,생후5살추정(2026.09.07기준),통영시동물보호센터,055-650-6250,경상남도 통영시 광도면 전두1길 9-8  ,경상남도 통영시,348533202100001,20260908,20260915,2026-09-08 13:46:45.0,http://openapi.animal.go.kr/openapi/service/rest/fileDownloadSrvc/files/shelter/2026/09/20260907130909.jpg|http://openapi.animal.go.kr/openapi/service/rest/fileDownloadSrvc/files/shelter/2026/09/202609071309138.jpg,images/448533202600416_0.jpg|images/448533202600416_1.jpg
447525202600380,경북-울진-2026-00161,보호중,20260907,울진읍,개,믹스견,[개] 믹스견,흰색,2024(년생),15(Kg),F,U,친근하고 온순함,울진군 동물보호센터,054-789-6795,경상북도 울진군 울진읍 대흥신림로 916-37  ,경상북도 울진군,347525202100001,20260908,20260918,2026-09-07 11:34:47.0,http://openapi.animal.go.kr/openapi/service/rest/fileDownloadSrvc/files/shelter/2026/09/202609071109182.jpg|http://openapi.animal.go.kr/openapi/service/rest/fileDownloadSrvc/files/shelter/2026/09/202609071109852.jpg,images/447525202600380_0.jpg|images/447525202600380_1.jpg
447523202600400,경북-예천-2026-00140,보호중,20260907,예천읍 동본리,개,믹스견,[개] 믹스견,흰색,2023(년생),4(Kg),M,N,저는요 소심하고 겁많고 귀엽고 사람좋아하고 가족을 찾고있어요,예천군유기동물보호소,054-650-6578,"경상북도 예천군 예천읍 충효로 632-84 (예천읍, 유기동물보호소) ",경상북도 예천군,347523201200001,20260908,20260918,2026-09-08 16:51:32.0,http://openapi.animal.go.kr/openapi/service/rest/fileDownloadSrvc/files/shelter/2026/09/202609081609376.jpeg|http://openapi.animal.go.kr/openapi/service/rest/fileDownloadSrvc/files/shelter/2026/09/202609081609402.jpeg,images/447523202600400_0.jpeg|images/447523202600400_1.jpeg
447507202600163,경북-안동-2026-00167,보호중,20260907,임하면 오대리,개,믹스견,[개] 믹스견,황갈색,2025(년생),7(Kg),M,N,보통체형 사람을 잘따르고  친화력좋음 영리함,유기동물보호센터,010-7703-1999,경상북도 안동시 서후면 풍산태사로 3252-29 (서후면) ,경상북도 안동시,347507200900001,20260908,20260915,2026-09-08 00:06:49.0,http://openapi.animal.go.kr/openapi/service/rest/fileDownloadSrvc/files/shelter/2026/09/202609080009145.jpg|http://openapi.animal.go.kr/openapi/service/rest/fileDownloadSrvc/files/shelter/2026/09/202609080009260.jpg,images/447507202600163_0.jpg|images/447507202600163_1.jpg
443440202600267,충북-제천-2026-00104,보호중,20260907,용두대로15길11,개,말티즈,[개] 말티즈,흰색,2024(년생),3.08(Kg),M,N,인수견,제천시 동물보호센터,043-647-0059,충청북도 제천시 금성면 적성로8길 51 (금성면) ,충청북도 제천시,343440201500002,20260908,20260918,2026-09-08 10:22:18.0,http://openapi.animal.go.kr/openapi/service/rest/fileDownloadSrvc/files/shelter/2026/09/202609081009562.jpg|http://openapi.animal.go.kr/openapi/service/rest/fileDownloadSrvc/files/shelter/2026/09/202609081009638.jpg,images/443440202600267_0.jpg|images/443440202600267_1.jpg
442434202600471,강원-고성-2026-00213,보호중,20260907,천진해변,개,믹스견,[개] 믹스견,갈색&검정,2022(년생),8(Kg),M,N,순하고 사람을 따름. 뒷다리에 오래된 상처 있음,고성군 동물보호센터,033-680-4170,강원특별자치도 고성군 간성읍 진부령로 2768-10  ,강원특별자치도 고성군,342434202500001,20260908,20260917,2026-09-09 15:12:01.0,http://openapi.animal.go.kr/openapi/service/rest/fileDownloadSrvc/files/shelter/2026/09/202609081109517.jpeg|http://openapi.animal.go.kr/openapi/service/rest/fileDownloadSrvc/files/shelter/2026/09/202609081109540.jpeg,images/442434202600471_0.jpeg|images/442434202600471_1.jpeg
441560202600987,경기-포천-2026-00669,보호중,20260907,경기 포천시 소흘읍 호국로 567 인근,개,라브라도 리트리버,[개] 라브라도 리트리버,갈색,2018(년생),28(Kg),F,U,온순. 얌전. 우안 초록 눈곱. 양 눈 혼탁. 꼬리 단미 안됨. 털 때탐.,한국동물구조관리협회,031-867-9119,경기도 양주시 남면 감악산로 63-37  ,경기도 포천시,341560201000002,20260908,20260918,2026-09-08 17:24:16.0,http://openapi.animal.go.kr/openapi/service/rest/fileDownloadSrvc/files/shelter/2026/09/20260908170998.jpg|http://openapi.animal.go.kr/openapi/service/rest/fileDownloadSrvc/files/shelter/2026/09/202609081709111[1].jpg,images/441560202600987_0.jpg|images/441560202600987_1.jpg
441560202600986,경기-포천-2026-00668,보호중,20260907,경기 포천시 군내면 용정3길 62-15 인근,개,믹스견,[개] 믹스견,갈색&검정,2026(년생),3.4(Kg),M,N,온순. 얌전. 귀 끝 피부질환. 진드기 오염. 꼬리 단미 안됨. 털 상태 양호.,한국동물구조관리협회,031-867-9119,경기도 양주시 남면 감악산로 63-37  ,경기도 포천시,341560201000002,20260908,20260918,2026-09-08 17:24:15.0,http://openapi.animal.go.kr/openapi/service/rest/fileDownloadSrvc/files/shelter/2026/09/202609081709688.jpg|http://openapi.animal.go.kr/openapi/service/rest/fileDownloadSrvc/files/shelter/2026/09/202609081709700.jpg,images/441560202600986_0.jpg|images/441560202600986_1.jpg
441560202600985,경기-포천-2026-00667,보호중,20260907,경기 포천시 내촌면 금강로2110번길 88-48 인근,개,믹스견,[개] 믹스견,흰색,2019(년생),7.2(Kg),M,N,겁. 온순. 침흘림. 치석. 양 눈 백내장. 꼬리 단미 안됨. 털 때탐.,한국동물구조관리협회,031-867-9119,경기도 양주시 남면 감악산로 63-37  ,경기도 포천시,341560201000002,20260908,20260918,2026-09-08 17:24:15.0,http://openapi.animal.go.kr/openapi/service/rest/fileDownloadSrvc/files/shelter/2026/09/202609081709650.jpg|http://openapi.animal.go.kr/openapi/service/rest/fileDownloadSrvc/files/shelter/2026/09/202609081709664.jpg,images/441560202600985_0.jpg|images/441560202600985_1.jpg
441560202600984,경기-포천-2026-00666,보호중,20260907,경기 포천시 일동면 수입리 330 인근,개,믹스견,[개] 믹스견,갈색,2024(년생),6.5(Kg),F,U,겁. 얌전. 양 눈 초록 눈곱. 꼬리 단미 안됨. 진드기오염. 털 상태 양호.,한국동물구조관리협회,031-867-9119,경기도 양주시 남면 감악산로 63-37  ,경기도 포천시,341560201000002,20260908,20260918,2026-09-08 17:24:15.0,http://openapi.animal.go.kr/openapi/service/rest/fileDownloadSrvc/files/shelter/2026/09/202609081709458.jpg|http://openapi.animal.go.kr/openapi/service/rest/fileDownloadSrvc/files/shelter/2026/09/202609081709471[2].jpg,images/441560202600984_0.jpg|images/441560202600984_1.jpg
441406202600993,경기-파주-2026-00616,보호중,20260907,경기 파주시 적성면 율포길 96 인근,개,믹스견,[개] 믹스견,갈색&흰색,2021(년생),20(Kg),M,N,온순. 얌전. 코 분홍. 꼬리 단미 안됨. 털 상태 양호.,한국동물구조관리협회,031-867-9119,경기도 양주시 남면 감악산로 63-37  ,경기도 파주시,341406202200002,20260908,20260918,2026-09-08 17:49:30.0,http://openapi.animal.go.kr/openapi/service/rest/fileDownloadSrvc/files/shelter/2026/09/202609081709764.jpg|http://openapi.animal.go.kr/openapi/service/rest/fileDownloadSrvc/files/shelter/2026/09/202609081709778[1].jpg,images/441406202600993_0.jpg|images/441406202600993_1.jpg
441382202600595,경기-의정부-2026-00168,보호중,20260907,경기 의정부시 호국로1828번길 233 (자일동) 인근,개,믹스견,[개] 믹스견,갈색&검정,2026(60일미만)(년생),2.5(Kg),M,N,온순. 얌전. 꼬리 단미. 진드기오염. 안됨. 털 상태 양호.,한국동물구조관리협회,031-867-9119,경기도 양주시 남면 감악산로 63-37 (남면) ,경기도 의정부시,341382200900001,20260908,20260918,2026-09-08 17:29:09.0,http://openapi.animal.go.kr/openapi/service/rest/fileDownloadSrvc/files/shelter/2026/09/202609081709943.jpg|http://openapi.animal.go.kr/openapi/service/rest/fileDownloadSrvc/files/shelter/2026/09/202609081709958.jpg,images/441382202600595_0.jpg|images/441382202600595_1.jpg
441382202600594,경기-의정부-2026-00167,보호중,20260907,경기 의정부시 호국로1828번길 233 (자일동) 인근,개,믹스견,[개] 믹스견,기타(검/갈),2026(60일미만)(년생),2.1(Kg),M,N,온순. 얌전. 꼬리 쪽 탈모/피부질환. 진드기 오염. 꼬리 단미 안됨. 털 상태 양호.,한국동물구조관리협회,031-867-9119,경기도 양주시 남면 감악산로 63-37 (남면) ,경기도 의정부시,341382200900001,20260908,20260918,2026-09-08 17:29:09.0,http://openapi.animal.go.kr/openapi/service/rest/fileDownloadSrvc/files/shelter/2026/09/202609081709316.jpg|http://openapi.animal.go.kr/openapi/service/rest/fileDownloadSrvc/files/shelter/2026/09/202609081709328.jpg,images/441382202600594_0.jpg|images/441382202600594_1.jpg
428357202601416,인천-강화-2026-00465,보호중,20260907,안골길 27-25 부근,개,믹스견,[개] 믹스견,흰색,2026(60일미만)(년생),4.22(Kg),M,N,생후 60일 추정,베스트동물병원,032-934-9340,"인천광역시 강화군 강화읍 강화대로 217 (강화읍, 린나이보일러) ",인천광역시 강화군,328357200900001,20260908,20260918,2026-09-08 16:46:16.0,http://openapi.animal.go.kr/openapi/service/rest/fileDownloadSrvc/files/shelter/2026/09/202609081609717.jpg|http://openapi.animal.go.kr/openapi/service/rest/fileDownloadSrvc/files/shelter/2026/09/202609081609814.jpg,images/428357202601416_0.jpg|images/428357202601416_1.jpg
428357202601414,인천-강화-2026-00463,보호중,20260907,신삼리 산93 부근,개,믹스견,[개] 믹스견,흰색,2018(년생),11.75(Kg),F,N,온순함,베스트동물병원,032-934-9340,"인천광역시 강화군 강화읍 강화대로 217 (강화읍, 린나이보일러) ",인천광역시 강화군,328357200900001,20260908,20260918,2026-09-08 16:46:15.0,http://openapi.animal.go.kr/openapi/service/rest/fileDownloadSrvc/files/shelter/2026/09/202609081609643.jpg|http://openapi.animal.go.kr/openapi/service/rest/fileDownloadSrvc/files/shelter/2026/09/202609081609792.jpg,images/428357202601414_0.jpg|images/428357202601414_1.jpg
428351202600519,인천-미추홀-2026-00255,보호중,20260907,주안동로30-1 양하오피스텔 근처,개,치와와,[개] 치와와,갈색&검정,2019(년생),3.30(Kg),M,N,"약간의 각막혼탁,감기,콧물",경동동물병원,032-765-9988,인천광역시 제물포구 개항로 61 (경동) ,인천광역시 미추홀구,328351200900001,20260908,20260918,2026-09-08 11:30:28.0,http://openapi.animal.go.kr/openapi/service/rest/fileDownloadSrvc/files/shelter/2026/09/202609071909738.jpg|http://openapi.animal.go.kr/openapi/service/rest/fileDownloadSrvc/files/shelter/2026/09/202609071909756.jpg,images/428351202600519_0.jpg|images/428351202600519_1.jpg
427347202600752,대구-달서-2026-00271,보호중,20260907,서당로 3길 32,개,푸들,[개] 푸들,엷은 황갈색&흰색,2026(60일미만)(년생),1.5(Kg),M,N,미용,대구유기동물보호협회,053-964-6258,대구광역시 동구 금강로 151-13 (금강동) ,대구광역시 달서구,327347201400001,20260908,20260918,2026-09-09 12:20:10.0,http://openapi.animal.go.kr/openapi/service/rest/fileDownloadSrvc/files/shelter/2026/09/202609081209869.jpg|http://openapi.animal.go.kr/openapi/service/rest/fileDownloadSrvc/files/shelter/2026/09/202609091209190.jpg,images/427347202600752_0.jpg
426340202600372,부산-기장-2026-00239,보호중,20260907,철마로449 장전교 앞,개,믹스견,[개] 믹스견,갈색&흰색,2022(년생),22(Kg),M,N,"순함, 갈+흰",사단법인 동부,051-701-7599,부산광역시 해운대구 송정2로13번길 46 (송정동) ,부산광역시 기장군,326340201100001,20260908,20260918,2026-09-08 19:13:55.0,http://openapi.animal.go.kr/openapi/service/rest/fileDownloadSrvc/files/shelter/2026/09/20260908190940.jpg|http://openapi.animal.go.kr/openapi/service/rest/fileDownloadSrvc/files/shelter/2026/09/20260908190951[1].jpg,images/426340202600372_0.jpg|images/426340202600372_1.jpg
426339202600340,부산-사상-2026-00182,보호중,20260907,사상로 104,개,믹스견,[개] 믹스견,갈색,2023(년생),6.5(Kg),M,N,"온순하고사람을 잘따름,초록색하네스착용,목부분털이깍여있음",부산동물보호센터,051-832-7119,부산광역시 강서구 맥도강변길 752-15 (대저2동) ,부산광역시 사상구,326339202600001,20260908,20260918,2026-09-08 14:51:12.0,http://openapi.animal.go.kr/openapi/service/rest/fileDownloadSrvc/files/shelter/2026/09/20260908140996[1].jpg|http://openapi.animal.go.kr/openapi/service/rest/fileDownloadSrvc/files/shelter/2026/09/202609081409151.jpg,images/426339202600340_0.jpg|images/426339202600340_1.jpg
426338202600343,부산-수영-2026-00191,보호중,20260907,부산공업 고등학교,개,시바,[개] 시바,기타(검+갈+흰),2024(년생),8(Kg),F,U,"순함, 검+흰+갈",(사)동부동물보호협회,051-701-7599,부산광역시 해운대구 송정2로13번길 46 (송정동) ,부산광역시 수영구,326338201300001,20260908,20260915,2026-09-08 11:06:05.0,http://openapi.animal.go.kr/openapi/service/rest/fileDownloadSrvc/files/shelter/2026/09/202609081109894.jpg|http://openapi.animal.go.kr/openapi/service/rest/fileDownloadSrvc/files/shelter/2026/09/202609081109910.jpg,images/426338202600343_0.jpg|images/426338202600343_1.jpg
426326202600376,부산-서구-2026-00216,보호중,20260907,대영로 34,개,미디엄 푸들,[개] 미디엄 푸들,갈색,2026(년생),3(Kg),M,U,"미용상태양호,사람을좋아하고온순함,애교가많음,서구1-50",부산동물보호센터,051-832-7119,부산광역시 강서구 맥도강변길 752-15 (대저2동) ,부산광역시 서구,326326201000001,20260908,20260918,2026-09-08 11:54:11.0,http://openapi.animal.go.kr/openapi/service/rest/fileDownloadSrvc/files/shelter/2026/09/202609081109929.jpg|http://openapi.animal.go.kr/openapi/service/rest/fileDownloadSrvc/files/shelter/2026/09/202609081109711.jpg,images/426326202600376_0.jpg|images/426326202600376_1.jpg
413587202600227,광주-해남-2026-00069,보호중,20260907,화산면 평호리,개,믹스견,[개] 믹스견,갈색&흰색,2025(년생),3.47(Kg),F,U,사람을 잘따름. 목걸이 착용.,해남유기동물보호센터,061-531-3916,전라남도 해남군 해남읍 용머리길 14-37  ,전남광주통합특별시 해남군,346493200900001,20260908,20260918,2026-09-07 17:36:41.0,http://openapi.animal.go.kr/openapi/service/rest/fileDownloadSrvc/files/shelter/2026/09/202609071709466[1].jpg|http://openapi.animal.go.kr/openapi/service/rest/fileDownloadSrvc/files/shelter/2026/09/202609071709482.jpg,images/413587202600227_0.jpg|images/413587202600227_1.jpg
413587202600226,광주-해남-2026-00068,보호중,20260907,송지면 우근리,개,믹스견,[개] 믹스견,흰색,2024(년생),5.63(Kg),M,U,사람을 잘따름.,해남유기동물보호센터,061-531-3916,전라남도 해남군 해남읍 용머리길 14-37  ,전남광주통합특별시 해남군,346493200900001,20260908,20260918,2026-09-07 17:36:29.0,http://openapi.animal.go.kr/openapi/service/rest/fileDownloadSrvc/files/shelter/2026/09/202609071709170.jpg|http://openapi.animal.go.kr/openapi/service/rest/fileDownloadSrvc/files/shelter/2026/09/202609071709181.jpg,images/413587202600226_0.jpg|images/413587202600226_1.jpg
413587202600225,광주-해남-2026-00067,보호중,20260907,산이면 대진리,개,믹스견,[개] 믹스견,흰색,2024(년생),10.35(Kg),M,U,사람을 잘따름. 목걸이 착용.,해남유기동물보호센터,061-531-3916,전라남도 해남군 해남읍 용머리길 14-37  ,전남광주통합특별시 해남군,346493200900001,20260908,20260918,2026-09-07 10:00:53.0,http://openapi.animal.go.kr/openapi/service/rest/fileDownloadSrvc/files/shelter/2026/09/202609070909265.jpg|http://openapi.animal.go.kr/openapi/service/rest/fileDownloadSrvc/files/shelter/2026/09/202609070909277.jpg,images/413587202600225_0.jpg|images/413587202600225_1.jpg
413585202600226,광주-화순-2026-00057,보호중,20260907,동복면 읍애리 569-3,개,믹스견,[개] 믹스견,레몬색&흰색,2026(60일미만)(년생),1(Kg),F,N,.,화순군유기동물보호소,010-2663-6907,전라남도 화순군 한천면 덕음로 115 (한천면) ,전남광주통합특별시 화순군,346490202000001,20260908,20260918,2026-09-07 20:01:02.0,http://openapi.animal.go.kr/openapi/service/rest/fileDownloadSrvc/files/shelter/2026/09/202609071909720.jpg|http://openapi.animal.go.kr/openapi/service/rest/fileDownloadSrvc/files/shelter/2026/09/202609071909762.jpg,images/413585202600226_0.jpg|images/413585202600226_1.jpg
413585202600215,광주-화순-2026-00055,보호중,20260907,화순읍 시장길 7,개,믹스견,[개] 믹스견,레몬색&흰색,2023(년생),15(Kg),M,U,.,화순군유기동물보호소,010-2663-6907,전라남도 화순군 한천면 덕음로 115 (한천면) ,전남광주통합특별시 화순군,346490202000001,20260908,20260918,2026-09-07 20:00:48.0,http://openapi.animal.go.kr/openapi/service/rest/fileDownloadSrvc/files/shelter/2026/09/202609071909795.jpg|http://openapi.animal.go.kr/openapi/service/rest/fileDownloadSrvc/files/shelter/2026/09/202609071909850.jpg,images/413585202600215_0.jpg|images/413585202600215_1.jpg
413582202600663,광주-광산-2026-00084,보호중,20260907,광산구 운남동,개,믹스견,[개] 믹스견,갈색&검정,2025(년생),11(Kg),M,N,"26-0517 레이, 목줄착용",광주동물보호센터,062-613-6770,전남광주통합특별시 북구 본촌마을길 25-1 (본촌동) 광주동물보호센터,전남광주통합특별시 광산구,329363201300001,20260908,20260918,2026-09-08 11:01:04.0,http://openapi.animal.go.kr/openapi/service/rest/fileDownloadSrvc/files/shelter/2026/09/20260908110977.jpg|http://openapi.animal.go.kr/openapi/service/rest/fileDownloadSrvc/files/shelter/2026/09/202609081109137.jpg,images/413582202600663_0.jpg|images/413582202600663_1.jpg
411311202600454,서울-은평-2026-00176,보호중,20260907,서울 은평구 응암로 215 인근,개,비숑 프리제,[개] 비숑 프리제,흰색,2020(년생),7.8(Kg),M,Y,빨강색 바탕 하트 그려진 목줄. 온순. 활발. 양 슬개골. 입주변 지저분. 치석 약간. 꼬리 단미 안됨.,한국동물구조관리협회,031-867-9119,경기도 양주시 남면 감악산로 63-48  ,서울특별시 은평구,311311201100001,20260908,20260918,2026-09-08 17:12:26.0,http://openapi.animal.go.kr/openapi/service/rest/fileDownloadSrvc/files/shelter/2026/09/202609081709597.jpg|http://openapi.animal.go.kr/openapi/service/rest/fileDownloadSrvc/files/shelter/2026/09/202609081709607.jpg,images/411311202600454_0.jpg|images/411311202600454_1.jpg
469569202600601,세종-세종-2026-00247,보호중,20260907,세종시 전의면 운주산로 123(고물상수집장내),개,말티즈,[개] 말티즈,크림색,2016(년생),4.1(Kg),F,N,.,세종유기동물보호센터,010-4435-3720,세종특별자치시  전동면 미륵당1길 188 (전동면) ,세종특별자치시,369569202000001,20260907,20260917,2026-09-07 21:25:19.0,http://openapi.animal.go.kr/openapi/service/rest/fileDownloadSrvc/files/shelter/2026/09/202609072109629.jpeg|http://openapi.animal.go.kr/openapi/service/rest/fileDownloadSrvc/files/shelter/2026/09/202609072109678.jpeg,images/469569202600601_0.jpeg|images/469569202600601_1.jpeg
448567202601218,경남-창원1-2026-00635,보호중,20260907,마산합포구 진북면 부평리 260-1,개,믹스견,[개] 믹스견,엷은 황갈색&흰색,2026(60일미만)(년생),1.5(Kg),F,N,"26년 8월생 추정, 남매들과 함께 입소, 착용품 없음, 다리 피부 안좋음 (공고 중 입양 가능)",창원동물보호센터,055-225-5701,경상남도 창원시 성산구 공단로474번길 117 (상복동) 창원동물보호센터,경상남도 창원시 의창성산구,348527200900001,20260907,20260917,2026-09-08 12:52:46.0,http://openapi.animal.go.kr/openapi/service/rest/fileDownloadSrvc/files/shelter/2026/09/202609071709766.jpg|http://openapi.animal.go.kr/openapi/service/rest/fileDownloadSrvc/files/shelter/2026/09/202609071709837.jpg,images/448567202601218_0.jpg|images/448567202601218_1.jpg
448567202601217,경남-창원1-2026-00634,보호중,20260907,마산합포구 진북면 부평리 260-1,개,믹스견,[개] 믹스견,갈색&검정&흰색,2026(60일미만)(년생),1.5(Kg),F,N,"26년 8월생 추정, 남매들과 함께 입소, 착용품 없음, 다리 피부 안좋음 (공고 중 입양 가능)",창원동물보호센터,055-225-5701,경상남도 창원시 성산구 공단로474번길 117 (상복동) 창원동물보호센터,경상남도 창원시 의창성산구,348527200900001,20260907,20260917,2026-09-08 12:52:07.0,http://openapi.animal.go.kr/openapi/service/rest/fileDownloadSrvc/files/shelter/2026/09/202609071709733.jpg|http://openapi.animal.go.kr/openapi/service/rest/fileDownloadSrvc/files/shelter/2026/09/202609071709805.jpg,images/448567202601217_0.jpg|images/448567202601217_1.jpg
448567202601216,경남-창원1-2026-00633,보호중,20260907,마산합포구 진북면 부평리 260-1,개,믹스견,[개] 믹스견,갈색&흰색,2026(60일미만)(년생),2(Kg),M,N,"26년 8월생 추정, 남매들과 함께 입소, 착용품 없음, 다리 피부 안좋음(공고 중 입양 가능)",창원동물보호센터,055-225-5701,경상남도 창원시 성산구 공단로474번길 117 (상복동) 창원동물보호센터,경상남도 창원시 의창성산구,348527200900001,20260907,20260917,2026-09-08 12:51:49.0,http://openapi.animal.go.kr/openapi/service/rest/fileDownloadSrvc/files/shelter/2026/09/202609071709556.jpg|http://openapi.animal.go.kr/openapi/service/rest/fileDownloadSrvc/files/shelter/2026/09/202609071709625.jpg,images/448567202601216_0.jpg|images/448567202601216_1.jpg
448567202601215,경남-창원1-2026-00632,보호중,20260907,의창구 소답동 두리어린이공원,개,말티즈,[개] 말티즈,흰색,2020(년생),4(Kg),M,N,"착용품 없음, 샴푸 냄새, 미용되어 있음",창원동물보호센터,055-225-5701,경상남도 창원시 성산구 공단로474번길 117 (상복동) 창원동물보호센터,경상남도 창원시 의창성산구,348527200900001,20260907,20260917,2026-09-07 17:03:58.0,http://openapi.animal.go.kr/openapi/service/rest/fileDownloadSrvc/files/shelter/2026/09/202609071609728.jpg|http://openapi.animal.go.kr/openapi/service/rest/fileDownloadSrvc/files/shelter/2026/09/202609071609794[2].jpg,images/448567202601215_0.jpg|images/448567202601215_1.jpg
448567202601214,경남-창원1-2026-00631,보호중,20260907,마산합포구 자산동 무학산 약수터,개,믹스견,[개] 믹스견,옅은 황색,2023(년생),4(Kg),F,U,약수터 공터에 켄넬과 함께 있었다고 함,창원동물보호센터,055-225-5701,경상남도 창원시 성산구 공단로474번길 117 (상복동) 창원동물보호센터,경상남도 창원시 의창성산구,348527200900001,20260907,20260917,2026-09-07 17:03:58.0,http://openapi.animal.go.kr/openapi/service/rest/fileDownloadSrvc/files/shelter/2026/09/202609071609958.jpg|http://openapi.animal.go.kr/openapi/service/rest/fileDownloadSrvc/files/shelter/2026/09/20260907160924[2].jpg,images/448567202601214_0.jpg|images/448567202601214_1.jpg
448567202601213,경남-창원1-2026-00630,보호중,20260907,마산합포구 자산동 무학산 약수터,개,말티즈,[개] 말티즈,흰색,2022(년생),3.5(Kg),M,N,약수터 공터에 켄넬과 함께 있었다고 함,창원동물보호센터,055-225-5701,경상남도 창원시 성산구 공단로474번길 117 (상복동) 창원동물보호센터,경상남도 창원시 의창성산구,348527200900001,20260907,20260917,2026-09-08 16:05:35.0,http://openapi.animal.go.kr/openapi/service/rest/fileDownloadSrvc/files/shelter/2026/09/202609071609478.jpg|http://openapi.animal.go.kr/openapi/service/rest/fileDownloadSrvc/files/shelter/2026/09/202609071609547.jpg,images/448567202601213_0.jpg|images/448567202601213_1.jpg
448567202601212,경남-창원1-2026-00629,보호중,20260907,마산합포구 자산동 무학산 약수터,개,포메라니안,[개] 포메라니안,흰색,2022(년생),3(Kg),M,N,약수터 공터에 켄넬과 함께 있었다고 함,창원동물보호센터,055-225-5701,경상남도 창원시 성산구 공단로474번길 117 (상복동) 창원동물보호센터,경상남도 창원시 의창성산구,348527200900001,20260907,20260917,2026-09-07 17:03:57.0,http://openapi.animal.go.kr/openapi/service/rest/fileDownloadSrvc/files/shelter/2026/09/202609071609118.jpg|http://openapi.animal.go.kr/openapi/service/rest/fileDownloadSrvc/files/shelter/2026/09/202609071609179.jpg,images/448567202601212_0.jpg|images/448567202601212_1.jpg
448567202601211,경남-창원1-2026-00628,보호중,20260907,마산합포구 자산동 무학산 약수터,개,믹스견,[개] 믹스견,옅은 황색,2025(년생),4(Kg),M,N,약수터 공터에 켄넬과 함께 있었다고 함,창원동물보호센터,055-225-5701,경상남도 창원시 성산구 공단로474번길 117 (상복동) 창원동물보호센터,경상남도 창원시 의창성산구,348527200900001,20260907,20260917,2026-09-07 17:03:57.0,http://openapi.animal.go.kr/openapi/service/rest/fileDownloadSrvc/files/shelter/2026/09/202609071609395[1].jpg|http://openapi.animal.go.kr/openapi/service/rest/fileDownloadSrvc/files/shelter/2026/09/202609071609498[1].jpg,images/448567202601211_0.jpg|images/448567202601211_1.jpg
448547202600810,경남-거창-2026-00259,보호중,20260907,경남 거창군 고제면 농산리 754-3,개,믹스견,[개] 믹스견,흰색,2024(년생),6(Kg),M,N,경계,거창군 동물보호소,010-2617-6245,경상남도 거창군 거창읍 가실길 203  ,경상남도 거창군,348547202500001,20260907,20260917,2026-09-07 18:36:04.0,http://openapi.animal.go.kr/openapi/service/rest/fileDownloadSrvc/files/shelter/2026/09/202609071809595[1].jpg|http://openapi.animal.go.kr/openapi/service/rest/fileDownloadSrvc/files/shelter/2026/09/202609071809675.jpg,images/448547202600810_0.jpg|images/448547202600810_1.jpg
448545202600418,경남-산청-2026-00047,보호중,20260907,신등면 장천리 1020-10,개,믹스견,[개] 믹스견,검정&흰색,2020(년생),3.1(Kg),F,N,구조시 목줄없음,산청동물보호센터,010-2050-8577,경상남도 산청군 산청읍 친환경로 2783-25 (산청읍) ,경상남도 산청군,348545201100002,20260907,20260917,2026-09-07 17:35:06.0,http://openapi.animal.go.kr/openapi/service/rest/fileDownloadSrvc/files/shelter/2026/09/202609071709524.jpg|http://openapi.animal.go.kr/openapi/service/rest/fileDownloadSrvc/files/shelter/2026/09/202609071709610.jpg,images/448545202600418_0.jpg|images/448545202600418_1.jpg
448541202601144,경남-창녕-2026-00377,보호중,20260907,계성면 광계리,개,믹스견,[개] 믹스견,옅은 황색,2026(60일미만)(년생),2(Kg),F,N,어린 개체,창녕 유기동물보호소,010-5488-5003,경상남도 창녕군 고암면 창밀로 335-26 (고암면) 고암면 억만리 28,경상남도 창녕군,348541201300001,20260907,20260917,2026-09-08 10:30:47.0,http://openapi.animal.go.kr/openapi/service/rest/fileDownloadSrvc/files/shelter/2026/09/202609072109917.png|http://openapi.animal.go.kr/openapi/service/rest/fileDownloadSrvc/files/shelter/2026/09/202609072109738.png,images/448541202601144_0.png|images/448541202601144_1.png
448541202601143,경남-창녕-2026-00376,보호중,20260907,장마면 화영마을,개,믹스견,[개] 믹스견,갈색&검정,2026(60일미만)(년생),1.5(Kg),M,N,어린개체,창녕 유기동물보호소,010-5488-5003,경상남도 창녕군 고암면 창밀로 335-26 (고암면) 고암면 억만리 28,경상남도 창녕군,348541201300001,20260907,20260917,2026-09-08 10:31:38.0,http://openapi.animal.go.kr/openapi/service/rest/fileDownloadSrvc/files/shelter/2026/09/202609072109200.jpg|http://openapi.animal.go.kr/openapi/service/rest/fileDownloadSrvc/files/shelter/2026/09/202609072109234.jpg,images/448541202601143_0.jpg|images/448541202601143_1.jpg
447525202600381,경북-울진-2026-00162,보호중,20260907,매화면,개,믹스견,[개] 믹스견,흰색,2023(년생),15(Kg),F,U,친근하고 온순함,울진군 동물보호센터,054-789-6795,경상북도 울진군 울진읍 대흥신림로 916-37  ,경상북도 울진군,347525202100001,20260907,20260917,2026-09-07 14:50:30.0,http://openapi.animal.go.kr/openapi/service/rest/fileDownloadSrvc/files/shelter/2026/09/202609071409259.jpg|http://openapi.animal.go.kr/openapi/service/rest/fileDownloadSrvc/files/shelter/2026/09/202609071409735[1].jpg,images/447525202600381_0.jpg|images/447525202600381_1.jpg
447525202600379,경북-울진-2026-00160,보호중,20260907,죽변면,개,믹스견,[개] 믹스견,검정&흰색,2026(60일미만)(년생),3(Kg),F,U,친근하고 온순함,울진군 동물보호센터,054-789-6795,경상북도 울진군 울진읍 대흥신림로 916-37  ,경상북도 울진군,347525202100001,20260907,20260917,2026-09-07 08:50:08.0,http://openapi.animal.go.kr/openapi/service/rest/fileDownloadSrvc/files/shelter/2026/09/202609070809155.jpg|http://openapi.animal.go.kr/openapi/service/rest/fileDownloadSrvc/files/shelter/2026/09/202609070809720.jpg,images/447525202600379_0.jpg|images/447525202600379_1.jpg
447525202600378,경북-울진-2026-00159,보호중,20260907,죽변면,개,믹스견,[개] 믹스견,검정&흰색,2026(60일미만)(년생),3(Kg),F,U,친근하고 온순함,울진군 동물보호센터,054-789-6795,경상북도 울진군 울진읍 대흥신림로 916-37  ,경상북도 울진군,347525202100001,20260907,20260917,2026-09-07 08:48:00.0,http://openapi.animal.go.kr/openapi/service/rest/fileDownloadSrvc/files/shelter/2026/09/20260907080948.jpg|http://openapi.animal.go.kr/openapi/service/rest/fileDownloadSrvc/files/shelter/2026/09/202609070809932.jpg,images/447525202600378_0.jpg|images/447525202600378_1.jpg
447525202600377,경북-울진-2026-00158,보호중,20260907,죽변면,개,믹스견,[개] 믹스견,금색,2026(60일미만)(년생),3(Kg),M,U,친근하고 온순함,울진군 동물보호센터,054-789-6795,경상북도 울진군 울진읍 대흥신림로 916-37  ,경상북도 울진군,347525202100001,20260907,20260917,2026-09-07 08:13:38.0,http://openapi.animal.go.kr/openapi/service/rest/fileDownloadSrvc/files/shelter/2026/09/202609070809500.jpg|http://openapi.animal.go.kr/openapi/service/rest/fileDownloadSrvc/files/shelter/2026/09/202609070809821.jpg,images/447525202600377_0.jpg|images/447525202600377_1.jpg
447525202600376,경북-울진-2026-00157,보호중,20260907,죽변면,개,믹스견,[개] 믹스견,흰색&황갈색,2026(60일미만)(년생),3(Kg),F,U,친근하고 온순함,울진군 동물보호센터,054-789-6795,경상북도 울진군 울진읍 대흥신림로 916-37  ,경상북도 울진군,347525202100001,20260907,20260917,2026-09-07 08:41:30.0,http://openapi.animal.go.kr/openapi/service/rest/fileDownloadSrvc/files/shelter/2026/09/202609070809226.jpg|http://openapi.animal.go.kr/openapi/service/rest/fileDownloadSrvc/files/shelter/2026/09/202609070809572.jpg,images/447525202600376_0.jpg|images/447525202600376_1.jpg
447525202600375,경북-울진-2026-00156,보호중,20260907,죽변면,개,믹스견,[개] 믹스견,흰색,2026(60일미만)(년생),3(Kg),M,U,친근하고 온순함,울진군 동물보호센터,054-789-6795,경상북도 울진군 울진읍 대흥신림로 916-37  ,경상북도 울진군,347525202100001,20260907,20260917,2026-09-07 08:40:44.0,http://openapi.animal.go.kr/openapi/service/rest/fileDownloadSrvc/files/shelter/2026/09/202609070809284.jpg|http://openapi.animal.go.kr/openapi/service/rest/fileDownloadSrvc/files/shelter/2026/09/202609070809701.jpg,images/447525202600375_0.jpg|images/447525202600375_1.jpg
447525202600374,경북-울진-2026-00155,보호중,20260907,죽변면,개,믹스견,[개] 믹스견,금색,2026(60일미만)(년생),3(Kg),F,U,친근하고 온순함,울진군 동물보호센터,054-789-6795,경상북도 울진군 울진읍 대흥신림로 916-37  ,경상북도 울진군,347525202100001,20260907,20260917,2026-09-07 08:06:39.0,http://openapi.animal.go.kr/openapi/service/rest/fileDownloadSrvc/files/shelter/2026/09/202609070809147.jpg|http://openapi.animal.go.kr/openapi/service/rest/fileDownloadSrvc/files/shelter/2026/09/202609070809951.jpg,images/447525202600374_0.jpg|images/447525202600374_1.jpg
447525202600373,경북-울진-2026-00154,보호중,20260907,죽변면,개,믹스견,[개] 믹스견,검정&흰색,2026(60일미만)(년생),3(Kg),F,U,친근하고 온순함,울진군 동물보호센터,054-789-6795,경상북도 울진군 울진읍 대흥신림로 916-37  ,경상북도 울진군,347525202100001,20260907,20260917,2026-09-07 08:04:16.0,http://openapi.animal.go.kr/openapi/service/rest/fileDownloadSrvc/files/shelter/2026/09/202609070809521.jpg|http://openapi.animal.go.kr/openapi/service/rest/fileDownloadSrvc/files/shelter/2026/09/202609070809981.jpg,images/447525202600373_0.jpg|images/447525202600373_1.jpg
447522202600308,경북-칠곡-2026-00119,보호중,20260907,북삼읍 보손리,개,믹스견,[개] 믹스견,갈색&흰색,2023(년생),4(Kg),F,N,녹색테두리목테착용 가슴부위흰색털,칠곡유기동물보호센터,054-973-5710,경상북도 칠곡군 석적읍 포망로 341 (석적읍) ,경상북도 칠곡군,347522201400001,20260907,20260917,2026-09-07 17:13:20.0,http://openapi.animal.go.kr/openapi/service/rest/fileDownloadSrvc/files/shelter/2026/09/202609071709244.jpg|http://openapi.animal.go.kr/openapi/service/rest/fileDownloadSrvc/files/shelter/2026/09/202609071709289.jpg,images/447522202600308_0.jpg|images/447522202600308_1.jpg
447519202600301,경북-청도-2026-00226,보호중,20260907,운문면 운북로 95-6,개,믹스견,[개] 믹스견,검정색,2020(년생),10(Kg),F,U,건강함,청도군동물보호센터,054-371-9267,경상북도 청도군 청도읍 중앙로 84-466  동물보호센터,경상북도 청도군,347519202100001,20260907,20260914,2026-09-07 17:43:07.0,http://openapi.animal.go.kr/openapi/service/rest/fileDownloadSrvc/files/shelter/2026/09/202609071709691.jpg|http://openapi.animal.go.kr/openapi/service/rest/fileDownloadSrvc/files/shelter/2026/09/202609071709715[1].jpg,images/447519202600301_0.jpg|images/447519202600301_1.jpg
447512202600609,경북-문경-2026-00294,보호중,20260907,영순곳천길,개,믹스견,[개] 믹스견,흰색&황갈색,2024(년생),13(Kg),F,N,목줄있으며 순함,종합축산,054-552-2233,경상북도 문경시 중앙로 170 (흥덕동) 종합축산,경상북도 문경시,347512201700001,20260907,20260914,2026-09-07 15:30:46.0,http://openapi.animal.go.kr/openapi/service/rest/fileDownloadSrvc/files/shelter/2026/09/202609071509106[1].jpg|http://openapi.animal.go.kr/openapi/service/rest/fileDownloadSrvc/files/shelter/2026/09/202609071509148.jpg,images/447512202600609_0.jpg|images/447512202600609_1.jpg
447511202601156,경북-상주-2026-00305,보호중,20260907,지천1길 133-5,개,믹스견,[개] 믹스견,검정&황갈색,2023(년생),6.61(Kg),F,N,빨강색목줄착용. 온순함,상주시 동물보호센터,010-6682-1198,경상북도 상주시 사벌국면 상풍로 124  ,경상북도 상주시,347511202000001,20260907,20260917,2026-09-07 16:11:58.0,http://openapi.animal.go.kr/openapi/service/rest/fileDownloadSrvc/files/shelter/2026/09/202609071609209.jpg|http://openapi.animal.go.kr/openapi/service/rest/fileDownloadSrvc/files/shelter/2026/09/202609071609349.jpg,images/447511202601156_0.jpg|images/447511202601156_1.jpg
447511202601153,경북-상주-2026-00304,보호중,20260907,지천1길 133-5,개,믹스견,[개] 믹스견,갈색&검정&흰색,2023(년생),5.31(Kg),F,N,빨강색 목줄착용.온순함,상주시 동물보호센터,010-6682-1198,경상북도 상주시 사벌국면 상풍로 124  ,경상북도 상주시,347511202000001,20260907,20260917,2026-09-07 15:58:13.0,http://openapi.animal.go.kr/openapi/service/rest/fileDownloadSrvc/files/shelter/2026/09/202609071509795[1].jpg|http://openapi.animal.go.kr/openapi/service/rest/fileDownloadSrvc/files/shelter/2026/09/202609071509366.jpg,images/447511202601153_0.jpg|images/447511202601153_1.jpg
447511202601152,경북-상주-2026-00303,보호중,20260907,공검면 율곡리 466,개,믹스견,[개] 믹스견,갈색&흰색,2023(년생),8.78(Kg),M,N,눈병.파란색 목줄.소방서 인계받음,상주시 동물보호센터,010-6682-1198,경상북도 상주시 사벌국면 상풍로 124  ,경상북도 상주시,347511202000001,20260907,20260917,2026-09-07 15:45:49.0,http://openapi.animal.go.kr/openapi/service/rest/fileDownloadSrvc/files/shelter/2026/09/202609071509529.jpg|http://openapi.animal.go.kr/openapi/service/rest/fileDownloadSrvc/files/shelter/2026/09/202609071509168[1].jpg,images/447511202601152_0.jpg|images/447511202601152_1.jpg
447509202600226,경북-영주-2026-00222,보호중,20260907,문수로 1406번길 156-32,개,믹스견,[개] 믹스견,적갈&검정&흰색,2026(년생),13(Kg),M,U,순하고 사람 잘 따름.목에 목줄 상처 있음,영주시 동물보호센터,054-631-3997,경상북도 영주시 장수면 반구로 143 [*미고시] 영주시동물보호센터,경상북도 영주시,347509200900001,20260907,20260917,2026-09-07 10:01:08.0,http://openapi.animal.go.kr/openapi/service/rest/fileDownloadSrvc/files/shelter/2026/09/202609070909540.jpg|http://openapi.animal.go.kr/openapi/service/rest/fileDownloadSrvc/files/shelter/2026/09/202609070909413.jpg,images/447509202600226_0.jpg|images/447509202600226_1.jpg
447506202600298,경북-김천-2026-00298,보호중,20260907,황금시장 인근,개,푸들,[개] 푸들,검정색,2024(년생),6(Kg),F,Y,"목걸이에 이름 송이라고 써있음, 얌전하나 겁 많음",김천시 동물보호센터,054-421-2547,경상북도 김천시 구성면 남김천대로 3296-22  하강리 44(김천시 유기동물보호센터),경상북도 김천시,347506201300001,20260907,20260917,2026-09-07 13:32:10.0,http://openapi.animal.go.kr/openapi/service/rest/fileDownloadSrvc/files/shelter/2026/09/202609071309428.jpg|http://openapi.animal.go.kr/openapi/service/rest/fileDownloadSrvc/files/shelter/2026/09/202609071309450[1].jpg,images/447506202600298_0.jpg|images/447506202600298_1.jpg
447506202600297,경북-김천-2026-00297,보호중,20260907,농소면 농남로 204,개,푸들,[개] 푸들,검정&흰색,2026(60일미만)(년생),3.5(Kg),M,N,"아기 스탠다드 푸들 추정, 어리고 순함",김천시 동물보호센터,054-421-2547,경상북도 김천시 구성면 남김천대로 3296-22  하강리 44(김천시 유기동물보호센터),경상북도 김천시,347506201300001,20260907,20260917,2026-09-07 13:32:10.0,http://openapi.animal.go.kr/openapi/service/rest/fileDownloadSrvc/files/shelter/2026/09/20260907130920.jpg|http://openapi.animal.go.kr/openapi/service/rest/fileDownloadSrvc/files/shelter/2026/09/20260907130940[1].jpg,images/447506202600297_0.jpg|images/447506202600297_1.jpg
447505202600876,경북-경주-2026-00704,보호중,20260907,서면 사라리318 주변,개,믹스견,[개] 믹스견,흰색,2025(년생),11(Kg),F,N,하얀 마음 백구 ! 아직 낯설어서 경계심이 심하다..,경주동물사랑보호센터,010-8889-2883,경상북도 경주시 천북면 천북로 8-4  경주시 동물사랑보호센터,경상북도 경주시,347505201700001,20260907,20260917,2026-09-07 13:50:11.0,http://openapi.animal.go.kr/openapi/service/rest/fileDownloadSrvc/files/shelter/2026/09/202609071309595.jpg|http://openapi.animal.go.kr/openapi/service/rest/fileDownloadSrvc/files/shelter/2026/09/202609071309213[1].jpg,images/447505202600876_0.jpg|images/447505202600876_1.jpg
445479202600991,전북-부안-2026-00634,보호중,20260907,계화면 금산길 14,개,믹스견,[개] 믹스견,크림색,2026(60일미만)(년생),1(Kg),F,N,새끼 강아지.(25일경),부안군 동물보호센터,063-580-4445,전북특별자치도 부안군 주산면 주산로 369  부안군 동물보호센터,전북특별자치도 부안군,345479202100001,20260907,20260922,2026-09-07 17:50:49.0,http://openapi.animal.go.kr/openapi/service/rest/fileDownloadSrvc/files/shelter/2026/09/20260907170991[1].jpg|http://openapi.animal.go.kr/openapi/service/rest/fileDownloadSrvc/files/shelter/2026/09/202609071709136[1].jpg,images/445479202600991_0.jpg|images/445479202600991_1.jpg
445479202600990,전북-부안-2026-00633,보호중,20260907,계화면 금산길 14,개,믹스견,[개] 믹스견,흰색,2026(60일미만)(년생),1(Kg),F,N,새끼 강아지.(25일경),부안군 동물보호센터,063-580-4445,전북특별자치도 부안군 주산면 주산로 369  부안군 동물보호센터,전북특별자치도 부안군,345479202100001,20260907,20260922,2026-09-07 17:50:30.0,http://openapi.animal.go.kr/openapi/service/rest/fileDownloadSrvc/files/shelter/2026/09/202609071709960.jpg|http://openapi.animal.go.kr/openapi/service/rest/fileDownloadSrvc/files/shelter/2026/09/20260907170903.jpg,images/445479202600990_0.jpg|images/445479202600990_1.jpg
445479202600989,전북-부안-2026-00632,보호중,20260907,계화면 금산길 14,개,믹스견,[개] 믹스견,갈색&검정,2026(60일미만)(년생),1(Kg),M,N,새끼 강아지.(25일경),부안군 동물보호센터,063-580-4445,전북특별자치도 부안군 주산면 주산로 369  부안군 동물보호센터,전북특별자치도 부안군,345479202100001,20260907,20260922,2026-09-07 17:49:51.0,http://openapi.animal.go.kr/openapi/service/rest/fileDownloadSrvc/files/shelter/2026/09/202609071709866.jpg|http://openapi.animal.go.kr/openapi/service/rest/fileDownloadSrvc/files/shelter/2026/09/202609071709910.jpg,images/445479202600989_0.jpg|images/445479202600989_1.jpg
445479202600988,전북-부안-2026-00631,보호중,20260907,계화면 금산길 14,개,믹스견,[개] 믹스견,크림색,2026(60일미만)(년생),1(Kg),M,N,새끼 강아지.(25일경),부안군 동물보호센터,063-580-4445,전북특별자치도 부안군 주산면 주산로 369  부안군 동물보호센터,전북특별자치도 부안군,345479202100001,20260907,20260922,2026-09-07 17:49:09.0,http://openapi.animal.go.kr/openapi/service/rest/fileDownloadSrvc/files/shelter/2026/09/202609071709236.jpg|http://openapi.animal.go.kr/openapi/service/rest/fileDownloadSrvc/files/shelter/2026/09/202609071709280[1].jpg,images/445479202600988_0.jpg|images/445479202600988_1.jpg
445479202600987,전북-부안-2026-00630,보호중,20260907,계화면 금산길 14,개,믹스견,[개] 믹스견,흰색,2026(60일미만)(년생),1(Kg),M,N,새끼 강아지.(25일경),부안군 동물보호센터,063-580-4445,전북특별자치도 부안군 주산면 주산로 369  부안군 동물보호센터,전북특별자치도 부안군,345479202100001,20260907,20260922,2026-09-07 17:48:40.0,http://openapi.animal.go.kr/openapi/service/rest/fileDownloadSrvc/files/shelter/2026/09/202609071709337.jpg|http://openapi.animal.go.kr/openapi/service/rest/fileDownloadSrvc/files/shelter/2026/09/202609071709380.jpg,images/445479202600987_0.jpg|images/445479202600987_1.jpg
445479202600986,전북-부안-2026-00629,보호중,20260907,계화면 금산길 14,개,믹스견,[개] 믹스견,"기타(크림,흰색)",2026(60일미만)(년생),1(Kg),M,N,새끼 강아지.(25일경),부안군 동물보호센터,063-580-4445,전북특별자치도 부안군 주산면 주산로 369  부안군 동물보호센터,전북특별자치도 부안군,345479202100001,20260907,20260922,2026-09-07 17:47:51.0,http://openapi.animal.go.kr/openapi/service/rest/fileDownloadSrvc/files/shelter/2026/09/202609071709468.jpg|http://openapi.animal.go.kr/openapi/service/rest/fileDownloadSrvc/files/shelter/2026/09/202609071709511[1].jpg,images/445479202600986_0.jpg|images/445479202600986_1.jpg
445472202600512,전북-완주-2026-00200,보호중,20260907,비봉면 내월길 191-19 인근,개,믹스견,[개] 믹스견,검정색,2024(년생),20(Kg),F,N,온순함,완주군유기동물보호소,063-290-3220,전북특별자치도 완주군 화산면 누하길 127  ,전북특별자치도 완주군,345472202300001,20260907,20260917,2026-09-07 09:24:41.0,http://openapi.animal.go.kr/openapi/service/rest/fileDownloadSrvc/files/shelter/2026/09/202609070909629.jpg|http://openapi.animal.go.kr/openapi/service/rest/fileDownloadSrvc/files/shelter/2026/09/202609070909141[1].jpg,images/445472202600512_0.jpg|images/445472202600512_1.jpg
445472202600511,전북-완주-2026-00199,보호중,20260907,삼봉장례식장 옆 주유소,개,믹스견,[개] 믹스견,갈색&검정,2026(년생),8(Kg),M,N,목 뒤에 상처가 있음,완주군유기동물보호소,063-290-3220,전북특별자치도 완주군 화산면 누하길 127  ,전북특별자치도 완주군,345472202300001,20260907,20260917,2026-09-07 09:20:55.0,http://openapi.animal.go.kr/openapi/service/rest/fileDownloadSrvc/files/shelter/2026/09/202609070909885.jpg|http://openapi.animal.go.kr/openapi/service/rest/fileDownloadSrvc/files/shelter/2026/09/202609070909926.jpg,images/445472202600511_0.jpg|images/445472202600511_1.jpg
445471202600339,전북-김제-2026-00273,보호중,20260907,김제시 공덕면 동계리 710근방 싸리나무 밑,개,치와와,[개] 치와와,황갈색,2024(년생),5(Kg),M,N,순하다,전북말산업복합센터,063-547-3549,전라북도 김제시 용지면 금백로 571-39 (용지면) 전북말산업복합센터,전북특별자치도 김제시,345471201800002,20260907,20260922,2026-09-07 15:50:26.0,http://openapi.animal.go.kr/openapi/service/rest/fileDownloadSrvc/files/shelter/2026/09/202609071509190[2].jpg|http://openapi.animal.go.kr/openapi/service/rest/fileDownloadSrvc/files/shelter/2026/09/202609071509118[1].jpg,images/445471202600339_0.jpg|images/445471202600339_1.jpg
445471202600338,전북-김제-2026-00272,보호중,20260907,금구면 축령마을,개,믹스견,[개] 믹스견,갈색,2026(년생),3(Kg),F,N,순하다,전북말산업복합센터,063-547-3549,전라북도 김제시 용지면 금백로 571-39 (용지면) 전북말산업복합센터,전북특별자치도 김제시,345471201800002,20260907,20260922,2026-09-07 13:50:14.0,http://openapi.animal.go.kr/openapi/service/rest/fileDownloadSrvc/files/shelter/2026/09/202609071309847.jpg|http://openapi.animal.go.kr/openapi/service/rest/fileDownloadSrvc/files/shelter/2026/09/202609071309815.jpg,images/445471202600338_0.jpg|images/445471202600338_1.jpg
445471202600337,전북-김제-2026-00271,보호중,20260907,소방서,개,믹스견,[개] 믹스견,검정&흰색,2024(년생),10(Kg),F,N,순하다,전북말산업복합센터,063-547-3549,전라북도 김제시 용지면 금백로 571-39 (용지면) 전북말산업복합센터,전북특별자치도 김제시,345471201800002,20260907,20260922,2026-09-07 13:49:05.0,http://openapi.animal.go.kr/openapi/service/rest/fileDownloadSrvc/files/shelter/2026/09/202609071309159[1].jpg|http://openapi.animal.go.kr/openapi/service/rest/fileDownloadSrvc/files/shelter/2026/09/202609071309178.jpg,images/445471202600337_0.jpg|images/445471202600337_1.jpg
445471202600336,전북-김제-2026-00270,보호중,20260907,공덕면,개,믹스견,[개] 믹스견,검정&흰색,2026(60일미만)(년생),1(Kg),M,N,눈이랑 귀는 흑갈색 ,전북말산업복합센터,063-547-3549,전라북도 김제시 용지면 금백로 571-39 (용지면) 전북말산업복합센터,전북특별자치도 김제시,345471201800002,20260907,20260922,2026-09-07 13:49:05.0,http://openapi.animal.go.kr/openapi/service/rest/fileDownloadSrvc/files/shelter/2026/09/202609071309971.jpg|http://openapi.animal.go.kr/openapi/service/rest/fileDownloadSrvc/files/shelter/2026/09/20260907130975.jpg,images/445471202600336_0.jpg|images/445471202600336_1.jpg
445471202600335,전북-김제-2026-00269,보호중,20260907,성덕면 해학로 505-61,개,믹스견,[개] 믹스견,흰색,2021(년생),20(Kg),M,N,순하다,전북말산업복합센터,063-547-3549,전라북도 김제시 용지면 금백로 571-39 (용지면) 전북말산업복합센터,전북특별자치도 김제시,345471201800002,20260907,20260922,2026-09-07 13:49:05.0,http://openapi.animal.go.kr/openapi/service/rest/fileDownloadSrvc/files/shelter/2026/09/202609071309919[1].jpg|http://openapi.animal.go.kr/openapi/service/rest/fileDownloadSrvc/files/shelter/2026/09/20260907130900[1].jpg,images/445471202600335_0.jpg|images/445471202600335_1.jpg
445470202600931,전북-남원-2026-00432,보호중,20260907,신정동,개,믹스견,[개] 믹스견,기타(푸들믹스),2016(년생),5(Kg),M,Y,백내장,하나동물병원,063-634-7582,전북특별자치도 남원시 왕정동 67 ,전북특별자치도 남원시,345470201300002,20260907,20260917,2026-09-07 13:33:15.0,http://openapi.animal.go.kr/openapi/service/rest/fileDownloadSrvc/files/shelter/2026/09/202609071309130.jpg|http://openapi.animal.go.kr/openapi/service/rest/fileDownloadSrvc/files/shelter/2026/09/202609071309599.jpg,images/445470202600931_0.jpg|images/445470202600931_1.jpg
445468202602334,전북-익산-2026-01183,보호중,20260907,함라면 양산길 29-4,개,믹스견,[개] 믹스견,흰색,2021(년생),11(Kg),M,N,"사모예드 믹스로 보이며, 나이가 좀 있고 순한 편인 듯함",익산유기동물보호소,063-855-1214,전북특별자치도 익산시 삼기면 황금로 342-17  ,전북특별자치도 익산시,345468201200001,20260907,20260917,2026-09-09 17:39:21.0,http://openapi.animal.go.kr/openapi/service/rest/fileDownloadSrvc/files/shelter/2026/09/202609071409630.jpg|http://openapi.animal.go.kr/openapi/service/rest/fileDownloadSrvc/files/shelter/2026/09/202609071409666.jpg,images/445468202602334_0.jpg|images/445468202602334_1.jpg
445464202602516,전북-전주-2026-00872,보호중,20260907,삼천동 거마공원,개,포메라니안,[개] 포메라니안,흰색,2021(년생),1.9(Kg),M,N,우측 후지 파행,프렌즈동물병원,063-227-4975,전라북도 전주시 완산구 삼천동1가 592-1,전북특별자치도 전주시,345464200900001,20260907,20260916,2026-09-07 22:45:15.0,http://openapi.animal.go.kr/openapi/service/rest/fileDownloadSrvc/files/shelter/2026/09/202609072209438.jpg|http://openapi.animal.go.kr/openapi/service/rest/fileDownloadSrvc/files/shelter/2026/09/202609072209509.jpg,images/445464202602516_0.jpg|images/445464202602516_1.jpg
444568202600449,충남-당진-2026-00449,보호중,20260907,당진시 대호만로 60,개,믹스견,[개] 믹스견,검정색,2025(년생),10.00(Kg),M,N,"순함, 사상충 음성, 광견병백신, 종합백신 완료(2026/09/07), 공고기간 끝나면 신고자분 입양예정",당진시동물보호소,041-356-8210,충청남도 당진시 고대면 삼포길 180  ,충청남도 당진시,344568201700001,20260907,20260917,2026-09-07 16:54:27.0,http://openapi.animal.go.kr/openapi/service/rest/fileDownloadSrvc/files/shelter/2026/09/202609071609537.jpg|http://openapi.animal.go.kr/openapi/service/rest/fileDownloadSrvc/files/shelter/2026/09/202609071609961[2].jpg,images/444568202600449_0.jpg|images/444568202600449_1.jpg
444461202600292,충남-예산-2026-00160,보호중,20260907,오가면 오신로 400,개,믹스견,[개] 믹스견,호반색(호랑이무늬),2026(60일미만)(년생),1.5(Kg),F,U,모견과 함께 구조. 소심하지만 쓰다듬어주면 조금씩 장난침,예산임시동물보호센터,041-339-7838,충청남도 예산군 예산읍 군청로 22  ,충청남도 예산군,344461202400001,20260907,20260914,2026-09-07 19:55:55.0,http://openapi.animal.go.kr/openapi/service/rest/fileDownloadSrvc/files/shelter/2026/09/202609071909783.jpg|http://openapi.animal.go.kr/openapi/service/rest/fileDownloadSrvc/files/shelter/2026/09/202609071909818[1].jpg,images/444461202600292_0.jpg|images/444461202600292_1.jpg
444461202600291,충남-예산-2026-00159,보호중,20260907,오가면 오신로 400,개,믹스견,[개] 믹스견,호반색&흰색,2023(년생),9(Kg),F,U,과수원에 출산함. 먼저 달려들지는 않으나 경계 심함. 흰양말 무늬,예산임시동물보호센터,041-339-7838,충청남도 예산군 예산읍 군청로 22  ,충청남도 예산군,344461202400001,20260907,20260914,2026-09-07 19:55:55.0,http://openapi.animal.go.kr/openapi/service/rest/fileDownloadSrvc/files/shelter/2026/09/202609071909435.jpg|http://openapi.animal.go.kr/openapi/service/rest/fileDownloadSrvc/files/shelter/2026/09/202609071909481.jpg,images/444461202600291_0.jpg|images/444461202600291_1.jpg
444453202600936,충남-서산-2026-00464,보호중,20260907,대산읍 오지고창개길 24,개,믹스견,[개] 믹스견,흰색,2026(60일미만)(년생),0.18(Kg),F,U,입소 당시 1주령 추정,서산시 동물보호센터,041-660-2040,충청남도 서산시 인지면 무학재1길 99  ,충청남도 서산시,344453202100003,20260907,20260917,2026-09-07 17:24:14.0,http://openapi.animal.go.kr/openapi/service/rest/fileDownloadSrvc/files/shelter/2026/09/202609071609667[1].jpg|http://openapi.animal.go.kr/openapi/service/rest/fileDownloadSrvc/files/shelter/2026/09/202609071609573.jpg,images/444453202600936_0.jpg|images/444453202600936_1.jpg
444453202600935,충남-서산-2026-00463,보호중,20260907,대산읍 오지고창개길 24,개,믹스견,[개] 믹스견,흰색,2026(60일미만)(년생),0.22(Kg),F,U,입소 당시 1주령 추정,서산시 동물보호센터,041-660-2040,충청남도 서산시 인지면 무학재1길 99  ,충청남도 서산시,344453202100003,20260907,20260917,2026-09-07 17:23:41.0,http://openapi.animal.go.kr/openapi/service/rest/fileDownloadSrvc/files/shelter/2026/09/202609071609634.jpg|http://openapi.animal.go.kr/openapi/service/rest/fileDownloadSrvc/files/shelter/2026/09/202609071609524.jpg,images/444453202600935_0.jpg|images/444453202600935_1.jpg
444453202600934,충남-서산-2026-00462,보호중,20260907,대산읍 오지고창개길 24,개,믹스견,[개] 믹스견,갈색,2026(60일미만)(년생),0.21(Kg),F,U,입소 당시 1주령 추정,서산시 동물보호센터,041-660-2040,충청남도 서산시 인지면 무학재1길 99  ,충청남도 서산시,344453202100003,20260907,20260917,2026-09-07 17:23:27.0,http://openapi.animal.go.kr/openapi/service/rest/fileDownloadSrvc/files/shelter/2026/09/202609071609774.jpg|http://openapi.animal.go.kr/openapi/service/rest/fileDownloadSrvc/files/shelter/2026/09/202609071609774[1].jpg,images/444453202600934_0.jpg|images/444453202600934_1.jpg
444453202600933,충남-서산-2026-00461,보호중,20260907,대산읍 오지고창개길 24,개,믹스견,[개] 믹스견,흰색,2026(60일미만)(년생),0.31(Kg),M,U,입소 당시 1주령 추정,서산시 동물보호센터,041-660-2040,충청남도 서산시 인지면 무학재1길 99  ,충청남도 서산시,344453202100003,20260907,20260917,2026-09-07 17:23:10.0,http://openapi.animal.go.kr/openapi/service/rest/fileDownloadSrvc/files/shelter/2026/09/202609071609726.jpg|http://openapi.animal.go.kr/openapi/service/rest/fileDownloadSrvc/files/shelter/2026/09/202609071609914.jpg,images/444453202600933_0.jpg|images/444453202600933_1.jpg
444453202600932,충남-서산-2026-00460,보호중,20260907,부석면 무학로 1158 흑콩국수,개,믹스견,[개] 믹스견,갈색&흰색,2026(60일미만)(년생),0.70(Kg),F,U,입소 당시 2주령 추정,서산시 동물보호센터,041-660-2040,충청남도 서산시 인지면 무학재1길 99  ,충청남도 서산시,344453202100003,20260907,20260917,2026-09-07 16:30:19.0,http://openapi.animal.go.kr/openapi/service/rest/fileDownloadSrvc/files/shelter/2026/09/20260907160973.jpg|http://openapi.animal.go.kr/openapi/service/rest/fileDownloadSrvc/files/shelter/2026/09/202609071609825.jpg,images/444453202600932_0.jpg|images/444453202600932_1.jpg
444453202600931,충남-서산-2026-00459,보호중,20260907,부석면 무학로 1158 흑콩국수,개,믹스견,[개] 믹스견,어두운회색,2026(60일미만)(년생),0.76(Kg),F,U,입소 당시 2주령 추정,서산시 동물보호센터,041-660-2040,충청남도 서산시 인지면 무학재1길 99  ,충청남도 서산시,344453202100003,20260907,20260917,2026-09-07 16:30:06.0,http://openapi.animal.go.kr/openapi/service/rest/fileDownloadSrvc/files/shelter/2026/09/202609071609668.jpg|http://openapi.animal.go.kr/openapi/service/rest/fileDownloadSrvc/files/shelter/2026/09/202609071609455.jpg,images/444453202600931_0.jpg|images/444453202600931_1.jpg
444453202600930,충남-서산-2026-00458,보호중,20260907,부석면 무학로 1158 흑콩국수,개,믹스견,[개] 믹스견,어두운회색,2026(60일미만)(년생),0.71(Kg),F,U,입소 당시 2주령 추정,서산시 동물보호센터,041-660-2040,충청남도 서산시 인지면 무학재1길 99  ,충청남도 서산시,344453202100003,20260907,20260917,2026-09-07 16:29:57.0,http://openapi.animal.go.kr/openapi/service/rest/fileDownloadSrvc/files/shelter/2026/09/20260907160975.jpg|http://openapi.animal.go.kr/openapi/service/rest/fileDownloadSrvc/files/shelter/2026/09/202609071609845.jpg,images/444453202600930_0.jpg|images/444453202600930_1.jpg
444453202600929,충남-서산-2026-00457,보호중,20260907,부석면 무학로 1158 흑콩국수,개,믹스견,[개] 믹스견,갈색&흰색,2026(60일미만)(년생),0.74(Kg),M,U,입소 당시 2주령 추정,서산시 동물보호센터,041-660-2040,충청남도 서산시 인지면 무학재1길 99  ,충청남도 서산시,344453202100003,20260907,20260917,2026-09-07 16:29:49.0,http://openapi.animal.go.kr/openapi/service/rest/fileDownloadSrvc/files/shelter/2026/09/20260907160937.jpg|http://openapi.animal.go.kr/openapi/service/rest/fileDownloadSrvc/files/shelter/2026/09/202609071609330.jpg,images/444453202600929_0.jpg|images/444453202600929_1.jpg
444453202600928,충남-서산-2026-00456,보호중,20260907,부석면 무학로 1158 흑콩국수,개,믹스견,[개] 믹스견,갈색&흰색,2026(60일미만)(년생),0.70(Kg),M,U,입소 당시 2주령 추정,서산시 동물보호센터,041-660-2040,충청남도 서산시 인지면 무학재1길 99  ,충청남도 서산시,344453202100003,20260907,20260917,2026-09-07 16:29:39.0,http://openapi.animal.go.kr/openapi/service/rest/fileDownloadSrvc/files/shelter/2026/09/202609071609860.jpg|http://openapi.animal.go.kr/openapi/service/rest/fileDownloadSrvc/files/shelter/2026/09/202609071609677.jpg,images/444453202600928_0.jpg|images/444453202600928_1.jpg
444453202600927,충남-서산-2026-00455,보호중,20260907,부석면 무학로 1158 흑콩국수,개,믹스견,[개] 믹스견,갈색,2024(년생),8(Kg),F,N,"약간 경계, 겁 많음",서산시 동물보호센터,041-660-2040,충청남도 서산시 인지면 무학재1길 99  ,충청남도 서산시,344453202100003,20260907,20260917,2026-09-07 16:24:22.0,http://openapi.animal.go.kr/openapi/service/rest/fileDownloadSrvc/files/shelter/2026/09/202609071509880.jpg|http://openapi.animal.go.kr/openapi/service/rest/fileDownloadSrvc/files/shelter/2026/09/202609071509674.jpg,images/444453202600927_0.jpg|images/444453202600927_1.jpg
444452202601727,충남-아산-2026-00334,보호중,20260907,음봉면 월산로 길가,개,믹스견,[개] 믹스견,크림색,2021(년생),9.4(Kg),M,N,"1727호(관리) 334호(공고), 심장사상충 양성",아산동물복지지원센터,041-530-6200,충청남도 아산시 환경공원로 158 (배미동) ,충청남도 아산시,344452202300001,20260907,20260917,2026-09-07 15:22:12.0,http://openapi.animal.go.kr/openapi/service/rest/fileDownloadSrvc/files/shelter/2026/09/202609071509906.jpg|http://openapi.animal.go.kr/openapi/service/rest/fileDownloadSrvc/files/shelter/2026/09/202609071509959.jpg,images/444452202601727_0.jpg|images/444452202601727_1.jpg
444449202601603,충남-천안-2026-00471,보호중,20260907,동남구 운전리 317-4,개,믹스견,[개] 믹스견,갈색&흰색,2026(년생),5(Kg),F,N,"5개월 추정, 순함",천안시 동물보호센터,010-5913-5119,"충청남도 천안시 동남구 목천읍 충절로 577  문의전화 : 입양(010-5913-5119), 구조(010-4999-6119)",충청남도 천안시,344449202100001,20260907,20260917,2026-09-07 10:31:15.0,http://openapi.animal.go.kr/openapi/service/rest/fileDownloadSrvc/files/shelter/2026/09/202609071009499[1].jpg|http://openapi.animal.go.kr/openapi/service/rest/fileDownloadSrvc/files/shelter/2026/09/202609071009526.jpg,images/444449202601603_0.jpg|images/444449202601603_1.jpg
443447202600542,충북-음성-2026-00345,보호중,20260907,맹동면 덕금로 234번길 42-4,개,믹스견,[개] 믹스견,흰색,2026(년생),1.8(Kg),F,N,새끼강아지(60일령 추정),음성군 동물보호센터,043-877-3081,충청북도 음성군 삼성면 대금로 715-5  ,충청북도 음성군,343447202600001,20260907,20260917,2026-09-07 18:23:32.0,http://openapi.animal.go.kr/openapi/service/rest/fileDownloadSrvc/files/shelter/2026/09/202609071809989.jpg|http://openapi.animal.go.kr/openapi/service/rest/fileDownloadSrvc/files/shelter/2026/09/202609071809162.jpg,images/443447202600542_0.jpg|images/443447202600542_1.jpg
443447202600541,충북-음성-2026-00344,보호중,20260907,맹동면 덕금로 234번길 42-4,개,믹스견,[개] 믹스견,흰색,2026(년생),1.8(Kg),M,N,새끼강아지(60일령 추정),음성군 동물보호센터,043-877-3081,충청북도 음성군 삼성면 대금로 715-5  ,충청북도 음성군,343447202600001,20260907,20260917,2026-09-07 18:23:32.0,http://openapi.animal.go.kr/openapi/service/rest/fileDownloadSrvc/files/shelter/2026/09/202609071809312.jpg|http://openapi.animal.go.kr/openapi/service/rest/fileDownloadSrvc/files/shelter/2026/09/202609071809497.jpg,images/443447202600541_0.jpg|images/443447202600541_1.jpg
443447202600540,충북-음성-2026-00343,보호중,20260907,맹동면 덕금로 234번길 42-4,개,믹스견,[개] 믹스견,기타(흰갈색),2026(년생),2.1(Kg),M,N,새끼강아지(60일령 추정),음성군 동물보호센터,043-877-3081,충청북도 음성군 삼성면 대금로 715-5  ,충청북도 음성군,343447202600001,20260907,20260917,2026-09-07 18:23:32.0,http://openapi.animal.go.kr/openapi/service/rest/fileDownloadSrvc/files/shelter/2026/09/202609071809485.jpg|http://openapi.animal.go.kr/openapi/service/rest/fileDownloadSrvc/files/shelter/2026/09/202609071809686.jpg,images/443447202600540_0.jpg|images/443447202600540_1.jpg
443447202600539,충북-음성-2026-00342,보호중,20260907,맹동면 덕금로 234번길 42-4,개,믹스견,[개] 믹스견,기타(흰갈색),2026(60일미만)(년생),1.9(Kg),M,N,새끼강아지(60일),음성군 동물보호센터,043-877-3081,충청북도 음성군 삼성면 대금로 715-5  ,충청북도 음성군,343447202600001,20260907,20260917,2026-09-07 18:23:32.0,http://openapi.animal.go.kr/openapi/service/rest/fileDownloadSrvc/files/shelter/2026/09/20260907180942.jpg|http://openapi.animal.go.kr/openapi/service/rest/fileDownloadSrvc/files/shelter/2026/09/202609071809225.jpg,images/443447202600539_0.jpg|images/443447202600539_1.jpg
443447202600538,충북-음성-2026-00341,보호중,20260907,맹동면 덕금로 234번길 42-4,개,믹스견,[개] 믹스견,기타(흰갈색),2026(년생),1.9(Kg),F,N,새끼강아지(60일),음성군 동물보호센터,043-877-3081,충청북도 음성군 삼성면 대금로 715-5  ,충청북도 음성군,343447202600001,20260907,20260917,2026-09-07 18:23:32.0,http://openapi.animal.go.kr/openapi/service/rest/fileDownloadSrvc/files/shelter/2026/09/202609071809978.jpg|http://openapi.animal.go.kr/openapi/service/rest/fileDownloadSrvc/files/shelter/2026/09/202609071809102.jpg,images/443447202600538_0.jpg|images/443447202600538_1.jpg
443447202600537,충북-음성-2026-00340,보호중,20260907,맹동면 덕금로 234번길 42-4,개,믹스견,[개] 믹스견,기타(갈색(흰줄)),2023(년생),16(Kg),F,N,성격이 온순한 편입니다,음성군 동물보호센터,043-877-3081,충청북도 음성군 삼성면 대금로 715-5  ,충청북도 음성군,343447202600001,20260907,20260917,2026-09-07 18:23:31.0,http://openapi.animal.go.kr/openapi/service/rest/fileDownloadSrvc/files/shelter/2026/09/202609071709766[1].jpg|http://openapi.animal.go.kr/openapi/service/rest/fileDownloadSrvc/files/shelter/2026/09/20260907170945.jpg,images/443447202600537_0.jpg|images/443447202600537_1.jpg
443447202600536,충북-음성-2026-00339,보호중,20260907,삼성면 점골길 14,개,믹스견,[개] 믹스견,갈색,2021(년생),14(Kg),M,N,성격 순한편이나 목위 상처로 인해 민감함,음성군 동물보호센터,043-877-3081,충청북도 음성군 삼성면 대금로 715-5  ,충청북도 음성군,343447202600001,20260907,20260917,2026-09-07 13:11:28.0,http://openapi.animal.go.kr/openapi/service/rest/fileDownloadSrvc/files/shelter/2026/09/202609071309795.jpg|http://openapi.animal.go.kr/openapi/service/rest/fileDownloadSrvc/files/shelter/2026/09/202609071309857.jpg,images/443447202600536_0.jpg|images/443447202600536_1.jpg
443443202600647,충북-옥천-2026-00382,보호중,20260907,이원면,개,믹스견,[개] 믹스견,갈색,2025(년생),25(Kg),M,N,[관리번호382]이원면 이원리에 위치한 민가 마당에 관리번호381과 함께 들어온것을 발견,옥천동물병원,043-732-8844,"충청북도 옥천군 옥천읍 삼금로 53 (옥천읍, 동물병원) 옥천동물병원",충청북도 옥천군,343443201500001,20260907,20260917,2026-09-07 17:54:09.0,http://openapi.animal.go.kr/openapi/service/rest/fileDownloadSrvc/files/shelter/2026/09/202609071709232.jpeg|http://openapi.animal.go.kr/openapi/service/rest/fileDownloadSrvc/files/shelter/2026/09/202609071709670.jpeg,images/443443202600647_0.jpeg|images/443443202600647_1.jpeg
443443202600646,충북-옥천-2026-00381,보호중,20260907,이원면,개,믹스견,[개] 믹스견,흰색,2025(년생),20(Kg),F,N,[관리번호381]이원면 이원리에 위치한 민가 마당에 관리번호382와 함께 들어온것을 발견,옥천동물병원,043-732-8844,"충청북도 옥천군 옥천읍 삼금로 53 (옥천읍, 동물병원) 옥천동물병원",충청북도 옥천군,343443201500001,20260907,20260917,2026-09-07 17:54:09.0,http://openapi.animal.go.kr/openapi/service/rest/fileDownloadSrvc/files/shelter/2026/09/202609071709217.jpeg|http://openapi.animal.go.kr/openapi/service/rest/fileDownloadSrvc/files/shelter/2026/09/202609071709432.jpeg,images/443443202600646_0.jpeg|images/443443202600646_1.jpeg
443443202600645,충북-옥천-2026-00380,보호중,20260907,청산면,개,믹스견,[개] 믹스견,갈색&흰색,2026(60일미만)(년생),3(Kg),F,N,"[관리번호380]청산면 교평리에 위치한 민가 인근에서 관리번호 378, 379와 함께 발견",옥천동물병원,043-732-8844,"충청북도 옥천군 옥천읍 삼금로 53 (옥천읍, 동물병원) 옥천동물병원",충청북도 옥천군,343443201500001,20260907,20260917,2026-09-07 17:54:09.0,http://openapi.animal.go.kr/openapi/service/rest/fileDownloadSrvc/files/shelter/2026/09/20260907170956.jpeg|http://openapi.animal.go.kr/openapi/service/rest/fileDownloadSrvc/files/shelter/2026/09/202609071709209.jpeg,images/443443202600645_0.jpeg|images/443443202600645_1.jpeg
443443202600644,충북-옥천-2026-00379,보호중,20260907,청산면,개,믹스견,[개] 믹스견,흰색,2026(60일미만)(년생),3(Kg),F,N,"[관리번호379]청산면 교평리에 위치한 민가 인근에서 관리번호 378, 380과 함께 발견",옥천동물병원,043-732-8844,"충청북도 옥천군 옥천읍 삼금로 53 (옥천읍, 동물병원) 옥천동물병원",충청북도 옥천군,343443201500001,20260907,20260917,2026-09-07 17:54:08.0,http://openapi.animal.go.kr/openapi/service/rest/fileDownloadSrvc/files/shelter/2026/09/202609071709381.png|http://openapi.animal.go.kr/openapi/service/rest/fileDownloadSrvc/files/shelter/2026/09/202609071709265.png,images/443443202600644_0.png|images/443443202600644_1.png
443443202600643,충북-옥천-2026-00378,보호중,20260907,청산면,개,믹스견,[개] 믹스견,흰색,2026(60일미만)(년생),3(Kg),M,N,"[관리번호378]청산면 교평리에 위치한 민가 인근에서 관리번호 379, 380과 함께 발견",옥천동물병원,043-732-8844,"충청북도 옥천군 옥천읍 삼금로 53 (옥천읍, 동물병원) 옥천동물병원",충청북도 옥천군,343443201500001,20260907,20260917,2026-09-07 17:53:47.0,http://openapi.animal.go.kr/openapi/service/rest/fileDownloadSrvc/files/shelter/2026/09/202609071709601.png|http://openapi.animal.go.kr/openapi/service/rest/fileDownloadSrvc/files/shelter/2026/09/202609071709325.png,images/443443202600643_0.png|images/443443202600643_1.png
442432202600094,강원-양구-2026-00042,보호중,20260907,양구군 양구읍 송청리,개,말티즈,[개] 말티즈,흰색,2026(년생),4(Kg),M,U,인형같이 귀엽고 사람 손을 잘 타요.,양구군유기동물보호소,033-480-7782,강원도 양구군 국토정중앙면 삼팔선로 680  유기동물보호소,강원특별자치도 양구군,342432201000001,20260907,20260917,2026-09-07 17:58:23.0,http://openapi.animal.go.kr/openapi/service/rest/fileDownloadSrvc/files/shelter/2026/09/20260907170967.jpg|http://openapi.animal.go.kr/openapi/service/rest/fileDownloadSrvc/files/shelter/2026/09/20260907170992.jpg,images/442432202600094_0.jpg|images/442432202600094_1.jpg
442432202600093,강원-양구-2026-00043,보호중,20260907,양구군 양구읍 공수리,개,믹스견,[개] 믹스견,갈색&흰색,2025(년생),7(Kg),F,U,겁이 많아서 낯선 사람을 경계하는 편이에요.,양구군유기동물보호소,033-480-7782,강원도 양구군 국토정중앙면 삼팔선로 680  유기동물보호소,강원특별자치도 양구군,342432201000001,20260907,20260917,2026-09-07 17:58:47.0,http://openapi.animal.go.kr/openapi/service/rest/fileDownloadSrvc/files/shelter/2026/09/202609071709285.jpg|http://openapi.animal.go.kr/openapi/service/rest/fileDownloadSrvc/files/shelter/2026/09/202609071709511[2].jpg,images/442432202600093_0.jpg|images/442432202600093_1.jpg
442430202600153,강원-철원-2026-00153,보호중,20260907,철원군 근남면 육단리,개,비숑 프리제,[개] 비숑 프리제,흰색,2023(년생),5(Kg),M,U,사람을 좋아하며 순함,철원군,033-450-5394,강원도 철원군 동송읍 장흥로 311  ,강원특별자치도 철원군,342430201900001,20260907,20260917,2026-09-08 10:12:27.0,http://openapi.animal.go.kr/openapi/service/rest/fileDownloadSrvc/files/shelter/2026/09/202609071709373.png|http://openapi.animal.go.kr/openapi/service/rest/fileDownloadSrvc/files/shelter/2026/09/202609071709400.jpg,images/442430202600153_0.png|images/442430202600153_1.jpg
442421202600145,강원-동해-2026-00131,보호중,20260907,강원 동해시 임항로 55,개,믹스견,[개] 믹스견,금색,2025(년생),5(Kg),F,U,"상태양호, 귀여움",동해시동물보호센터,033-539-8145,"강원도 동해시 대동로 159-13 (송정동, 동해시유기동물보호소) ",강원특별자치도 동해시,342421201000001,20260907,20260917,2026-09-07 18:17:09.0,http://openapi.animal.go.kr/openapi/service/rest/fileDownloadSrvc/files/shelter/2026/09/202609071809620.jpg|http://openapi.animal.go.kr/openapi/service/rest/fileDownloadSrvc/files/shelter/2026/09/202609071809657.jpg,images/442421202600145_0.jpg|images/442421202600145_1.jpg
442421202600144,강원-동해-2026-00130,보호중,20260907,강원 동해시 승지로22 수원지흑염소 인근,개,포메라니안,[개] 포메라니안,갈색,2023(년생),4.5(Kg),M,U,활발하고 사람을 잘 따름,동해시동물보호센터,033-539-8145,"강원도 동해시 대동로 159-13 (송정동, 동해시유기동물보호소) ",강원특별자치도 동해시,342421201000001,20260907,20260917,2026-09-07 16:05:32.0,http://openapi.animal.go.kr/openapi/service/rest/fileDownloadSrvc/files/shelter/2026/09/202609071509735[2].jpg|http://openapi.animal.go.kr/openapi/service/rest/fileDownloadSrvc/files/shelter/2026/09/202609071509803[1].jpg,images/442421202600144_0.jpg|images/442421202600144_1.jpg
442418202600820,강원-춘천-2026-00252,보호중,20260907,천전리 1004,개,푸들,[개] 푸들,검정색,2024(년생),4(Kg),M,U,온순,춘천시 동물보호센터,033-245-5351,강원도 춘천시 신북읍 영서로 3282 (신북읍) (전)102보충대 주차장,강원특별자치도 춘천시,342418201300001,20260907,20260917,2026-09-07 13:51:28.0,http://openapi.animal.go.kr/openapi/service/rest/fileDownloadSrvc/files/shelter/2026/09/202609071309758[1].jpg|http://openapi.animal.go.kr/openapi/service/rest/fileDownloadSrvc/files/shelter/2026/09/202609071309774.jpg,images/442418202600820_0.jpg|images/442418202600820_1.jpg
441553202602529,경기-화성-2026-01334,보호중,20260907,마도면 쌍송리 인근,개,포메라니안,[개] 포메라니안,흰색,2019(년생),5(Kg),M,U,통통하고 귀여운 포메강아지/ 겁이조금 있으나 경계심은 없음/ 순하고 사람을 잘따름,화성시민동물보호센터,010-3969-1034,경기도 화성시 서신면 전곡항로 492  ,경기도 화성시,341553202500001,20260907,20260917,2026-09-07 17:25:22.0,http://openapi.animal.go.kr/openapi/service/rest/fileDownloadSrvc/files/shelter/2026/09/202609071709897.jpg|http://openapi.animal.go.kr/openapi/service/rest/fileDownloadSrvc/files/shelter/2026/09/202609071709568.jpg,images/441553202602529_0.jpg|images/441553202602529_1.jpg
441553202602528,경기-화성-2026-01333,보호중,20260907,양감면 은행나무로 인근,개,믹스견,[개] 믹스견,갈색,2023(년생),28(Kg),F,U,겁이 많고 숨고싶어함/ 소심하고 조심스러움/ 팔다리가 많이 젖어있음,화성시민동물보호센터,010-3969-1034,경기도 화성시 서신면 전곡항로 492  ,경기도 화성시,341553202500001,20260907,20260917,2026-09-07 17:25:22.0,http://openapi.animal.go.kr/openapi/service/rest/fileDownloadSrvc/files/shelter/2026/09/202609071709975[1].jpg|http://openapi.animal.go.kr/openapi/service/rest/fileDownloadSrvc/files/shelter/2026/09/202609071709889.jpg,images/441553202602528_0.jpg|images/441553202602528_1.jpg
441553202602522,경기-화성-2026-01327,보호중,20260907,전곡항로 인근,개,푸들,[개] 푸들,흰색,2026(년생),4(Kg),M,Y,말티푸로 추정이 되는 강아지/ 사람을 좋아하고 발랄함/ 혼자있는걸 싫어함,화성시민동물보호센터,010-3969-1034,경기도 화성시 서신면 전곡항로 492  ,경기도 화성시,341553202500001,20260907,20260917,2026-09-07 14:49:09.0,http://openapi.animal.go.kr/openapi/service/rest/fileDownloadSrvc/files/shelter/2026/09/202609071409307.jpg|http://openapi.animal.go.kr/openapi/service/rest/fileDownloadSrvc/files/shelter/2026/09/202609071409397.jpg,images/441553202602522_0.jpg|images/441553202602522_1.jpg
441553202602521,경기-화성-2026-01326,보호중,20260907,향남읍 서봉로 인근,개,믹스견,[개] 믹스견,흰색&황갈색,2022(년생),24(Kg),M,U,겁이 조금 많은 아이/ 천천히 다가가줘야 함/ 너무나도 억울해보이는 눈매,화성시민동물보호센터,010-3969-1034,경기도 화성시 서신면 전곡항로 492  ,경기도 화성시,341553202500001,20260907,20260917,2026-09-07 14:49:09.0,http://openapi.animal.go.kr/openapi/service/rest/fileDownloadSrvc/files/shelter/2026/09/202609071409547[1].jpg|http://openapi.animal.go.kr/openapi/service/rest/fileDownloadSrvc/files/shelter/2026/09/202609071409816.jpg,images/441553202602521_0.jpg|images/441553202602521_1.jpg
441553202602520,경기-화성-2026-01325,보호중,20260907,향남읍 서봉로 인근,개,믹스견,[개] 믹스견,갈색&흰색,2023(년생),22(Kg),M,U,마르고 겁이좀 많은 강아지/ 얼굴에 싸운 듯한 흉터가 있음/ 소심한 성격,화성시민동물보호센터,010-3969-1034,경기도 화성시 서신면 전곡항로 492  ,경기도 화성시,341553202500001,20260907,20260917,2026-09-07 14:49:09.0,http://openapi.animal.go.kr/openapi/service/rest/fileDownloadSrvc/files/shelter/2026/09/202609071409115.jpg|http://openapi.animal.go.kr/openapi/service/rest/fileDownloadSrvc/files/shelter/2026/09/202609071409774[1].jpg,images/441553202602520_0.jpg|images/441553202602520_1.jpg
441553202602519,경기-화성-2026-01324,보호중,20260907,서신면 쇠경주길 인근,개,믹스견,[개] 믹스견,흰색,2026(60일미만)(년생),4(Kg),F,U,겁이 조금 있는 귀여운 강아지/ 사람을 좋아함/ 순하고 얌전함/ 사람품을 좋아함,화성시민동물보호센터,010-3969-1034,경기도 화성시 서신면 전곡항로 492  ,경기도 화성시,341553202500001,20260907,20260917,2026-09-07 14:49:09.0,http://openapi.animal.go.kr/openapi/service/rest/fileDownloadSrvc/files/shelter/2026/09/20260907140998.jpg|http://openapi.animal.go.kr/openapi/service/rest/fileDownloadSrvc/files/shelter/2026/09/202609071409893.jpg,images/441553202602519_0.jpg|images/441553202602519_1.jpg
441553202602518,경기-화성-2026-01323,보호중,20260907,서신면 쇠경주길 인근,개,믹스견,[개] 믹스견,흰색,2026(60일미만)(년생),4(Kg),M,U,순하고 사람을 좋아하는 강아지/ 겁이 조금 있으나 경계심 없음/ 만져주는걸 좋아함,화성시민동물보호센터,010-3969-1034,경기도 화성시 서신면 전곡항로 492  ,경기도 화성시,341553202500001,20260907,20260917,2026-09-07 14:49:09.0,http://openapi.animal.go.kr/openapi/service/rest/fileDownloadSrvc/files/shelter/2026/09/202609071409943.jpg|http://openapi.animal.go.kr/openapi/service/rest/fileDownloadSrvc/files/shelter/2026/09/202609071409944.jpg,images/441553202602518_0.jpg|images/441553202602518_1.jpg
441408202601707,경기-안성-2026-00471,보호중,20260907,양성면 삼암리 481-3,개,믹스견,[개] 믹스견,흰색,2023(년생),10.65(Kg),F,U,"순하고 얌전함하, 사진상 목줄",안성시동물보호센터,031-673-5493,경기도 안성시 보개원삼로 157 (가사동) 미래동물병원,경기도 안성시,341408200900001,20260907,20260917,2026-09-07 17:36:20.0,http://openapi.animal.go.kr/openapi/service/rest/fileDownloadSrvc/files/shelter/2026/09/202609071709884.jpg|http://openapi.animal.go.kr/openapi/service/rest/fileDownloadSrvc/files/shelter/2026/09/202609071709905[1].jpg,images/441408202601707_0.jpg|images/441408202601707_1.jpg
441405202602811,경기-용인-2026-00350,보호중,20260907,기흥구 구성로 392 물푸레마을휴먼시아9단지아파트,개,믹스견,[개] 믹스견,갈색&검정&흰색,2026(년생),3.4(Kg),F,N,"2마리 함께 입소, 1~2개월령 사이 추정",용인시 동물보호센터,031-6193-3463,경기도 용인시 처인구 중부대로 1074-1 (삼가동) 용인시 동물보호센터,경기도 용인시,341405201800001,20260907,20260917,2026-09-07 13:12:53.0,http://openapi.animal.go.kr/openapi/service/rest/fileDownloadSrvc/files/shelter/2026/09/202609071309795[1].jpg|http://openapi.animal.go.kr/openapi/service/rest/fileDownloadSrvc/files/shelter/2026/09/202609071309890.jpg,images/441405202602811_0.jpg|images/441405202602811_1.jpg
441405202602810,경기-용인-2026-00349,보호중,20260907,기흥구 구성로 392 물푸레마을휴먼시아9단지아파트,개,믹스견,[개] 믹스견,흰색,2026(년생),3.2(Kg),F,N,"2마리 함께 입소, 1~2개월령 사이 추정",용인시 동물보호센터,031-6193-3463,경기도 용인시 처인구 중부대로 1074-1 (삼가동) 용인시 동물보호센터,경기도 용인시,341405201800001,20260907,20260917,2026-09-07 13:10:35.0,http://openapi.animal.go.kr/openapi/service/rest/fileDownloadSrvc/files/shelter/2026/09/202609071309674.jpg|http://openapi.animal.go.kr/openapi/service/rest/fileDownloadSrvc/files/shelter/2026/09/202609071309932.jpg,images/441405202602810_0.jpg|images/441405202602810_1.jpg
441399202601448,경기-남양주-2026-00381,보호중,20260907,오남리79,개,믹스견,[개] 믹스견,흰색,2021(년생),29(Kg),F,N,착하고 사람 손길을 잘 따름,남양주시동물보호센터,031-590-2785,경기도 남양주시 경강로163번길 32-27 (이패동) ,경기도 남양주시,341399202200002,20260907,20260917,2026-09-10 15:59:58.0,http://openapi.animal.go.kr/openapi/service/rest/fileDownloadSrvc/files/shelter/2026/09/202609071509348.png|http://openapi.animal.go.kr/openapi/service/rest/fileDownloadSrvc/files/shelter/2026/09/202609071509374.png,images/441399202601448_0.png|images/441399202601448_1.png
441394202601555,경기-고양-2026-00538,보호중,20260907,현천동 632 부근,개,믹스견,[개] 믹스견,검정색,2026(60일미만)(년생),2.5(Kg),M,N,강아지,고양시동물보호센터,031-962-3232,"경기도 고양시 덕양구 고양대로 1695 (원흥동, 고양시 농업기술센터) 고양시동물보호센터",경기도 고양시,341394201400001,20260907,20260917,2026-09-08 13:47:43.0,http://openapi.animal.go.kr/openapi/service/rest/fileDownloadSrvc/files/shelter/2026/09/202609071509795.jpg|http://openapi.animal.go.kr/openapi/service/rest/fileDownloadSrvc/files/shelter/2026/09/202609071509840.jpg,images/441394202601555_0.jpg|images/441394202601555_1.jpg
441393202601107,경기-안산-2026-00648,보호중,20260907,장화3안길12-1 부근,개,말티즈,[개] 말티즈,기타(백),2025(년생),4(Kg),M,Y,"말티푸,빨간목줄착용,순함",한국야생동물보호협회,031-296-0124,경기도 안산시 상록구 청곡길 50 (부곡동) 안산시 상록구 부곡동 231-5,경기도 안산시,341393200900001,20260907,20260917,2026-09-07 17:37:45.0,http://openapi.animal.go.kr/openapi/service/rest/fileDownloadSrvc/files/shelter/2026/09/20260907170984.jpg|http://openapi.animal.go.kr/openapi/service/rest/fileDownloadSrvc/files/shelter/2026/09/202609071709912[1].jpg,images/441393202601107_0.jpg|images/441393202601107_1.jpg
441391202601408,경기-평택-2026-00630,보호중,20260907,고덕면 두릉리 249-3 편의점 앞,개,믹스견,[개] 믹스견,검정&황갈색,2021(년생),24(Kg),F,N,"허스키믹스?, 소유주 반환 시도중",평택시동물보호센터,031-8024-8080,경기도 평택시 청북읍 청북로 497  ,경기도 평택시,341391202500001,20260907,20260917,2026-09-07 15:59:14.0,http://openapi.animal.go.kr/openapi/service/rest/fileDownloadSrvc/files/shelter/2026/09/202609071509112.jpg|http://openapi.animal.go.kr/openapi/service/rest/fileDownloadSrvc/files/shelter/2026/09/202609071509151.jpg,images/441391202601408_0.jpg|images/441391202601408_1.jpg
441391202601407,경기-평택-2026-00629,보호중,20260907,탄현로 261,개,믹스견,[개] 믹스견,흰색,2026(년생),2.7(Kg),F,N,"3개월령 추정, 추첨제 예상 , 얼굴잡는거 싫어함(행동교정 필요)",평택시동물보호센터,031-8024-8080,경기도 평택시 청북읍 청북로 497  ,경기도 평택시,341391202500001,20260907,20260917,2026-09-11 17:38:21.0,http://openapi.animal.go.kr/openapi/service/rest/fileDownloadSrvc/files/shelter/2026/09/202609071509743[1].jpg|http://openapi.animal.go.kr/openapi/service/rest/fileDownloadSrvc/files/shelter/2026/09/202609071509782.jpg,images/441391202601407_0.jpg|images/441391202601407_1.jpg
431373202601467,울산-울주-2026-00651,보호중,20260907,온양119,개,믹스견,[개] 믹스견,회색,2026(60일미만)(년생),1.85(Kg),F,N,"이쁜회색빛털에 흰색털, 얌전하고온순함",울산유기동물보호센터,052-238-6113,울산광역시 울주군 온양읍 발리 1144,울산광역시 울주군,331373201200002,20260907,20260917,2026-09-07 11:42:21.0,http://openapi.animal.go.kr/openapi/service/rest/fileDownloadSrvc/files/shelter/2026/09/202609071109996.jpg|http://openapi.animal.go.kr/openapi/service/rest/fileDownloadSrvc/files/shelter/2026/09/202609071109484[1].jpg,images/431373202601467_0.jpg|images/431373202601467_1.jpg
431373202601466,울산-울주-2026-00650,보호중,20260907,온양119,개,믹스견,[개] 믹스견,검정색,2026(60일미만)(년생),2(Kg),F,N,귀여운 흰양말신은 아기강아지,울산유기동물보호센터,052-238-6113,울산광역시 울주군 온양읍 발리 1144,울산광역시 울주군,331373201200002,20260907,20260917,2026-09-07 11:42:21.0,http://openapi.animal.go.kr/openapi/service/rest/fileDownloadSrvc/files/shelter/2026/09/202609071109281.jpg|http://openapi.animal.go.kr/openapi/service/rest/fileDownloadSrvc/files/shelter/2026/09/202609071109692.jpg,images/431373202601466_0.jpg|images/431373202601466_1.jpg
431373202601465,울산-울주-2026-00649,보호중,20260907,온양119,개,믹스견,[개] 믹스견,갈색,2026(60일미만)(년생),2(Kg),M,N,치명적 귀여움 순함,울산유기동물보호센터,052-238-6113,울산광역시 울주군 온양읍 발리 1144,울산광역시 울주군,331373201200002,20260907,20260917,2026-09-07 11:42:20.0,http://openapi.animal.go.kr/openapi/service/rest/fileDownloadSrvc/files/shelter/2026/09/202609071109379.jpg|http://openapi.animal.go.kr/openapi/service/rest/fileDownloadSrvc/files/shelter/2026/09/202609071109615.jpg,images/431373202601465_0.jpg|images/431373202601465_1.jpg
428357202601404,인천-강화-2026-00453,보호중,20260907,갑곳리 풍물시장 뒤편,개,믹스견,[개] 믹스견,회색,2026(년생),2(Kg),F,N,생후3개월령추정. 온순함.회색,강화군 동물보호센터,010-2797-3786,인천광역시 강화군 강화읍 강화대로 254-1  ,인천광역시 강화군,328357202400001,20260907,20260917,2026-09-07 12:37:59.0,http://openapi.animal.go.kr/openapi/service/rest/fileDownloadSrvc/files/shelter/2026/09/20260907120957.jpg|http://openapi.animal.go.kr/openapi/service/rest/fileDownloadSrvc/files/shelter/2026/09/202609071209160.jpg,images/428357202601404_0.jpg|images/428357202601404_1.jpg
428357202601402,인천-강화-2026-00451,보호중,20260907,갑곳리 풍물시장 뒤편 ,개,믹스견,[개] 믹스견,흰색,2026(년생),1.72(Kg),M,N,생후3개월령추정. 백구,강화군 동물보호센터,010-2797-3786,인천광역시 강화군 강화읍 강화대로 254-1  ,인천광역시 강화군,328357202400001,20260907,20260917,2026-09-07 12:38:40.0,http://openapi.animal.go.kr/openapi/service/rest/fileDownloadSrvc/files/shelter/2026/09/202609071209424.jpg|http://openapi.animal.go.kr/openapi/service/rest/fileDownloadSrvc/files/shelter/2026/09/202609071209624[1].jpg,images/428357202601402_0.jpg|images/428357202601402_1.jpg
427343202600852,대구-서구-2026-00503,보호중,20260907,달서로 9길 36,개,믹스견,[개] 믹스견,흰색,2018(년생),5.5(Kg),F,U,"회색옷, 검정하네스에 쇠사슬 줄이 달렸음",대구시수의사회(평리),053-552-0075,대구광역시 서구 서대구로 189 (평리동) 2층,대구광역시 서구,327343201500005,20260907,20260917,2026-09-07 12:39:23.0,http://openapi.animal.go.kr/openapi/service/rest/fileDownloadSrvc/files/shelter/2026/09/202609071209395.jpg|http://openapi.animal.go.kr/openapi/service/rest/fileDownloadSrvc/files/shelter/2026/09/202609071209248[1].jpg,images/427343202600852_0.jpg|images/427343202600852_1.jpg
426337202600562,부산-연제-2026-00169,보호중,20260907,토현로 10,개,진도견,[개] 진도견,기타(황토색흰색),2023(년생),15.0(Kg),M,N,불량(쇠약)민감,청조동물병원,051-503-0688,부산광역시 연제구 온천천남로 4 (연산동) ,부산광역시 연제구,326337201300001,20260907,20260917,2026-09-07 16:28:59.0,http://openapi.animal.go.kr/openapi/service/rest/fileDownloadSrvc/files/shelter/2026/09/202609071609731.jpg|http://openapi.animal.go.kr/openapi/service/rest/fileDownloadSrvc/files/shelter/2026/09/20260907160922.jpg,images/426337202600562_0.jpg|images/426337202600562_1.jpg
426336202600557,부산-강서-2026-00382,보호중,20260907,대저중앙로 168,개,믹스견,[개] 믹스견,레몬색&흰색,2026(년생),3(Kg),M,U,"온순하고사람을잘따름,쫑긋한귀가매력적,강서1-225",부산동물보호센터,051-832-7119,부산광역시 강서구 맥도강변길 752-15 (대저2동) ,부산광역시 강서구,326336202500001,20260907,20260917,2026-09-07 18:14:38.0,http://openapi.animal.go.kr/openapi/service/rest/fileDownloadSrvc/files/shelter/2026/09/202609071809166[1].jpg|http://openapi.animal.go.kr/openapi/service/rest/fileDownloadSrvc/files/shelter/2026/09/202609071809189.jpg,images/426336202600557_0.jpg|images/426336202600557_1.jpg
426325202600312,부산-중구-2026-00113,보호중,20260907,복병산 체육공원,개,믹스견,[개] 믹스견,갈색,2019(년생),4(Kg),M,U,"노령견,약간의백내장이있음,경계심이강함,중구1-55",부산동물보호센터,051-832-7119,부산광역시 강서구 맥도강변길 752-15 (대저2동) ,부산광역시 중구,326325201300001,20260907,20260917,2026-09-07 15:10:09.0,http://openapi.animal.go.kr/openapi/service/rest/fileDownloadSrvc/files/shelter/2026/09/202609071509847.jpg|http://openapi.animal.go.kr/openapi/service/rest/fileDownloadSrvc/files/shelter/2026/09/202609071509868.jpg,images/426325202600312_0.jpg|images/426325202600312_1.jpg
413589202600245,광주-영광-2026-00048,보호중,20260907,영광 소방서,개,믹스견,[개] 믹스견,검정색,2024(년생),15(Kg),M,N,영광소방서에서 구조된 검정색 수컷 믹스 강아지,영광동물보호센터,010-9188-5525,전라남도 영광군 불갑면 함영로 2755-48  ,전남광주통합특별시 영광군,346497201300001,20260907,20260917,2026-09-07 09:50:37.0,http://openapi.animal.go.kr/openapi/service/rest/fileDownloadSrvc/files/shelter/2026/09/202609070909198.jpg|http://openapi.animal.go.kr/openapi/service/rest/fileDownloadSrvc/files/shelter/2026/09/202609070909640.jpg,images/413589202600245_0.jpg|images/413589202600245_1.jpg
413588202600324,광주-함평-2026-00084,보호중,20260907,월야면 독골길 23,개,믹스견,[개] 믹스견,갈색&흰색,2026(60일미만)(년생),2.00(Kg),F,U,경계심,학교임시동물보호센터,010-5649-3435,전라남도 함평군 학교면 송산길 84 (학교면) 월산리 806-1 ,전남광주통합특별시 함평군,346496201800001,20260907,20260921,2026-09-07 09:12:29.0,http://openapi.animal.go.kr/openapi/service/rest/fileDownloadSrvc/files/shelter/2026/09/202609070909916.jpg|http://openapi.animal.go.kr/openapi/service/rest/fileDownloadSrvc/files/shelter/2026/09/202609070909495.jpg,images/413588202600324_0.jpg|images/413588202600324_1.jpg
413588202600323,광주-함평-2026-00083,보호중,20260907,월야면 독골길 23,개,믹스견,[개] 믹스견,흰색,2026(년생),2.00(Kg),M,U,경계심,학교임시동물보호센터,010-5649-3435,전라남도 함평군 학교면 송산길 84 (학교면) 월산리 806-1 ,전남광주통합특별시 함평군,346496201800001,20260907,20260921,2026-09-07 09:03:01.0,http://openapi.animal.go.kr/openapi/service/rest/fileDownloadSrvc/files/shelter/2026/09/202609070909675.jpg|http://openapi.animal.go.kr/openapi/service/rest/fileDownloadSrvc/files/shelter/2026/09/202609070909406.jpg,images/413588202600323_0.jpg|images/413588202600323_1.jpg
413588202600322,광주-함평-2026-00082,보호중,20260907,월야면 독골길 23,개,믹스견,[개] 믹스견,흰색,2026(년생),2.00(Kg),M,U,경계심,학교임시동물보호센터,010-5649-3435,전라남도 함평군 학교면 송산길 84 (학교면) 월산리 806-1 ,전남광주통합특별시 함평군,346496201800001,20260907,20260921,2026-09-07 08:53:53.0,http://openapi.animal.go.kr/openapi/service/rest/fileDownloadSrvc/files/shelter/2026/09/202609070809579[2].jpg|http://openapi.animal.go.kr/openapi/service/rest/fileDownloadSrvc/files/shelter/2026/09/202609070809374.jpg,images/413588202600322_0.jpg|images/413588202600322_1.jpg
413585202600228,광주-화순-2026-00048,보호중,20260907,도곡면 유신동길 61번지,개,믹스견,[개] 믹스견,검정&황갈색,2021(년생),12(Kg),F,U,.,화순군유기동물보호소,010-2663-6907,전라남도 화순군 한천면 덕음로 115 (한천면) ,전남광주통합특별시 화순군,346490202000001,20260907,20260917,2026-09-07 19:59:32.0,http://openapi.animal.go.kr/openapi/service/rest/fileDownloadSrvc/files/shelter/2026/09/202609071909687.jpg|http://openapi.animal.go.kr/openapi/service/rest/fileDownloadSrvc/files/shelter/2026/09/202609071909740.jpg,images/413585202600228_0.jpg|images/413585202600228_1.jpg
413585202600227,광주-화순-2026-00056,보호중,20260907,도곡면 유신동길 61번지,개,믹스견,[개] 믹스견,검정 황갈색&흰색,2025(년생),15(Kg),M,U,.,화순군유기동물보호소,010-2663-6907,전라남도 화순군 한천면 덕음로 115 (한천면) ,전남광주통합특별시 화순군,346490202000001,20260907,20260917,2026-09-07 20:00:56.0,http://openapi.animal.go.kr/openapi/service/rest/fileDownloadSrvc/files/shelter/2026/09/202609071909554.jpg|http://openapi.animal.go.kr/openapi/service/rest/fileDownloadSrvc/files/shelter/2026/09/202609071909813[1].jpg,images/413585202600227_0.jpg|images/413585202600227_1.jpg
413585202600225,광주-화순-2026-00058,보호중,20260907,동복면 읍애리 569-3,개,믹스견,[개] 믹스견,갈색&흰색,2026(60일미만)(년생),1(Kg),F,N,.,화순군유기동물보호소,010-2663-6907,전라남도 화순군 한천면 덕음로 115 (한천면) ,전남광주통합특별시 화순군,346490202000001,20260907,20260917,2026-09-07 20:01:11.0,http://openapi.animal.go.kr/openapi/service/rest/fileDownloadSrvc/files/shelter/2026/09/202609071909576.jpg|http://openapi.animal.go.kr/openapi/service/rest/fileDownloadSrvc/files/shelter/2026/09/202609071909614.jpg,images/413585202600225_0.jpg|images/413585202600225_1.jpg
413585202600224,광주-화순-2026-00059,보호중,20260907,동복면 읍애리 569-3,개,믹스견,[개] 믹스견,갈색&검정&흰색,2026(60일미만)(년생),1(Kg),F,N,.,화순군유기동물보호소,010-2663-6907,전라남도 화순군 한천면 덕음로 115 (한천면) ,전남광주통합특별시 화순군,346490202000001,20260907,20260917,2026-09-07 20:01:18.0,http://openapi.animal.go.kr/openapi/service/rest/fileDownloadSrvc/files/shelter/2026/09/202609071909764[1].jpg|http://openapi.animal.go.kr/openapi/service/rest/fileDownloadSrvc/files/shelter/2026/09/202609071909813.jpg,images/413585202600224_0.jpg|images/413585202600224_1.jpg
413585202600223,광주-화순-2026-00060,보호중,20260907,동복면 읍애리 569-3,개,믹스견,[개] 믹스견,검정 황갈색&흰색,2026(60일미만)(년생),1(Kg),M,N,.,화순군유기동물보호소,010-2663-6907,전라남도 화순군 한천면 덕음로 115 (한천면) ,전남광주통합특별시 화순군,346490202000001,20260907,20260917,2026-09-07 20:01:24.0,http://openapi.animal.go.kr/openapi/service/rest/fileDownloadSrvc/files/shelter/2026/09/202609071909823.jpg|http://openapi.animal.go.kr/openapi/service/rest/fileDownloadSrvc/files/shelter/2026/09/202609071909865[1].jpg,images/413585202600223_0.jpg|images/413585202600223_1.jpg
413585202600222,광주-화순-2026-00061,보호중,20260907,동복면 읍애리 569-3,개,믹스견,[개] 믹스견,검정 황갈색&흰색,2026(60일미만)(년생),1(Kg),M,N,.,화순군유기동물보호소,010-2663-6907,전라남도 화순군 한천면 덕음로 115 (한천면) ,전남광주통합특별시 화순군,346490202000001,20260907,20260917,2026-09-07 20:01:35.0,http://openapi.animal.go.kr/openapi/service/rest/fileDownloadSrvc/files/shelter/2026/09/202609071909757.jpg|http://openapi.animal.go.kr/openapi/service/rest/fileDownloadSrvc/files/shelter/2026/09/202609071909801.jpg,images/413585202600222_0.jpg|images/413585202600222_1.jpg
413585202600221,광주-화순-2026-00062,보호중,20260907,동복면 복천길 33 인근,개,믹스견,[개] 믹스견,갈색,2025(년생),15(Kg),M,U,.,화순군유기동물보호소,010-2663-6907,전라남도 화순군 한천면 덕음로 115 (한천면) ,전남광주통합특별시 화순군,346490202000001,20260907,20260917,2026-09-07 20:01:41.0,http://openapi.animal.go.kr/openapi/service/rest/fileDownloadSrvc/files/shelter/2026/09/202609071909488.jpg|http://openapi.animal.go.kr/openapi/service/rest/fileDownloadSrvc/files/shelter/2026/09/202609071909538.jpg,images/413585202600221_0.jpg|images/413585202600221_1.jpg
413585202600220,광주-화순-2026-00063,보호중,20260907,동복면 복천길 33 인근,개,믹스견,[개] 믹스견,흰색,2024(년생),15(Kg),F,U,.,화순군유기동물보호소,010-2663-6907,전라남도 화순군 한천면 덕음로 115 (한천면) ,전남광주통합특별시 화순군,346490202000001,20260907,20260917,2026-09-07 20:01:50.0,http://openapi.animal.go.kr/openapi/service/rest/fileDownloadSrvc/files/shelter/2026/09/202609071909601.jpg|http://openapi.animal.go.kr/openapi/service/rest/fileDownloadSrvc/files/shelter/2026/09/202609071909650.jpg,images/413585202600220_0.jpg|images/413585202600220_1.jpg
413585202600219,광주-화순-2026-00064,보호중,20260907,동복면 복천길 33 인근,개,믹스견,[개] 믹스견,갈색&흰색,2024(년생),20(Kg),M,U,.,화순군유기동물보호소,010-2663-6907,전라남도 화순군 한천면 덕음로 115 (한천면) ,전남광주통합특별시 화순군,346490202000001,20260907,20260917,2026-09-07 20:01:58.0,http://openapi.animal.go.kr/openapi/service/rest/fileDownloadSrvc/files/shelter/2026/09/202609071909227.jpg|http://openapi.animal.go.kr/openapi/service/rest/fileDownloadSrvc/files/shelter/2026/09/202609071909271.jpg,images/413585202600219_0.jpg|images/413585202600219_1.jpg
413585202600218,광주-화순-2026-00065,보호중,20260907,화순우체국,개,믹스견,[개] 믹스견,흰색,2026(년생),3(Kg),M,N,.,화순군유기동물보호소,010-2663-6907,전라남도 화순군 한천면 덕음로 115 (한천면) ,전남광주통합특별시 화순군,346490202000001,20260907,20260917,2026-09-07 20:02:04.0,http://openapi.animal.go.kr/openapi/service/rest/fileDownloadSrvc/files/shelter/2026/09/202609071909472.jpg|http://openapi.animal.go.kr/openapi/service/rest/fileDownloadSrvc/files/shelter/2026/09/202609071909516.jpg,images/413585202600218_0.jpg|images/413585202600218_1.jpg
413585202600217,광주-화순-2026-00050,보호중,20260907,화순읍 하만제 저수지 인근,개,믹스견,[개] 믹스견,검정&흰색,2026(년생),5(Kg),F,U,.,화순군유기동물보호소,010-2663-6907,전라남도 화순군 한천면 덕음로 115 (한천면) ,전남광주통합특별시 화순군,346490202000001,20260907,20260917,2026-09-07 20:00:09.0,http://openapi.animal.go.kr/openapi/service/rest/fileDownloadSrvc/files/shelter/2026/09/202609071909479.jpg|http://openapi.animal.go.kr/openapi/service/rest/fileDownloadSrvc/files/shelter/2026/09/202609071909525[1].jpg,images/413585202600217_0.jpg|images/413585202600217_1.jpg
413585202600216,광주-화순-2026-00051,보호중,20260907,화순읍 하만제 저수지 인근,개,믹스견,[개] 믹스견,검정색,2026(년생),5(Kg),M,U,.,화순군유기동물보호소,010-2663-6907,전라남도 화순군 한천면 덕음로 115 (한천면) ,전남광주통합특별시 화순군,346490202000001,20260907,20260917,2026-09-07 20:00:17.0,http://openapi.animal.go.kr/openapi/service/rest/fileDownloadSrvc/files/shelter/2026/09/202609071909641.jpg|http://openapi.animal.go.kr/openapi/service/rest/fileDownloadSrvc/files/shelter/2026/09/202609071909742.jpg,images/413585202600216_0.jpg|images/413585202600216_1.jpg
413585202600211,광주-화순-2026-00049,보호중,20260907,능주면 원지리 185,개,믹스견,[개] 믹스견,흰색,2024(년생),15(Kg),M,U,.,화순군유기동물보호소,010-2663-6907,전라남도 화순군 한천면 덕음로 115 (한천면) ,전남광주통합특별시 화순군,346490202000001,20260907,20260917,2026-09-07 20:00:02.0,http://openapi.animal.go.kr/openapi/service/rest/fileDownloadSrvc/files/shelter/2026/09/202609071809808.jpg|http://openapi.animal.go.kr/openapi/service/rest/fileDownloadSrvc/files/shelter/2026/09/202609071809857.jpg,images/413585202600211_0.jpg|images/413585202600211_1.jpg
413585202600210,광주-화순-2026-00047,보호중,20260907,화순읍 다지리,개,믹스견,[개] 믹스견,흰색,2026(년생),2(Kg),M,N,.,화순군유기동물보호소,010-2663-6907,전라남도 화순군 한천면 덕음로 115 (한천면) ,전남광주통합특별시 화순군,346490202000001,20260907,20260917,2026-09-07 18:41:44.0,http://openapi.animal.go.kr/openapi/service/rest/fileDownloadSrvc/files/shelter/2026/09/202609071809366.jpg|http://openapi.animal.go.kr/openapi/service/rest/fileDownloadSrvc/files/shelter/2026/09/202609071809409.jpg,images/413585202600210_0.jpg|images/413585202600210_1.jpg
413585202600209,광주-화순-2026-00046,보호중,20260907,화순읍 하만제 저수지,개,믹스견,[개] 믹스견,흰색,2026(년생),2(Kg),M,U,.,화순군유기동물보호소,010-2663-6907,전라남도 화순군 한천면 덕음로 115 (한천면) ,전남광주통합특별시 화순군,346490202000001,20260907,20260917,2026-09-07 13:44:00.0,http://openapi.animal.go.kr/openapi/service/rest/fileDownloadSrvc/files/shelter/2026/09/202609071309280.jpg|http://openapi.animal.go.kr/openapi/service/rest/fileDownloadSrvc/files/shelter/2026/09/202609071309323.jpg,images/413585202600209_0.jpg|images/413585202600209_1.jpg
413584202600226,광주-구례-2026-00039,보호중,20260907,구례북초증학교,개,믹스견,[개] 믹스견,흰색,2024(년생),13(Kg),M,N,"9월7일 심사.파보,홍역키트검사,종백,광견병 접종,구충제",구례군동물보호센터,061-781-2022,전라남도 구례군 용방면 용방로 64-11  ,전남광주통합특별시 구례군,346487201800001,20260907,20260917,2026-09-07 14:57:26.0,http://openapi.animal.go.kr/openapi/service/rest/fileDownloadSrvc/files/shelter/2026/09/202609071409932[1].jpg|http://openapi.animal.go.kr/openapi/service/rest/fileDownloadSrvc/files/shelter/2026/09/202609071409439.jpg,images/413584202600226_0.jpg|images/413584202600226_1.jpg
413583202600547,광주-담양-2026-00055,보호중,20260907,담양읍 담빛리 108번,개,골든 리트리버,[개] 골든 리트리버,크림색,2023(년생),18(Kg),M,N,"사람좋아함,종합+광견병 예방접종",담양군 동물보호센터,061-380-2734,전라남도 담양군 무정면 무정로 756  동물보호센터,전남광주통합특별시 담양군,346485202600001,20260907,20260921,2026-09-07 17:27:59.0,http://openapi.animal.go.kr/openapi/service/rest/fileDownloadSrvc/files/shelter/2026/09/202609071709251.jpg|http://openapi.animal.go.kr/openapi/service/rest/fileDownloadSrvc/files/shelter/2026/09/202609071709266.jpg,images/413583202600547_0.jpg|images/413583202600547_1.jpg
413583202600546,광주-담양-2026-00054,보호중,20260907,봉산면 제월리 인월산업 내,개,믹스견,[개] 믹스견,흰색,2023(년생),13(Kg),F,N,"온순함,종합+광견병 예방접종",담양군 동물보호센터,061-380-2734,전라남도 담양군 무정면 무정로 756  동물보호센터,전남광주통합특별시 담양군,346485202600001,20260907,20260921,2026-09-07 17:27:59.0,http://openapi.animal.go.kr/openapi/service/rest/fileDownloadSrvc/files/shelter/2026/09/202609071709392.jpg|http://openapi.animal.go.kr/openapi/service/rest/fileDownloadSrvc/files/shelter/2026/09/202609071709408.jpg,images/413583202600546_0.jpg|images/413583202600546_1.jpg
413581202600327,광주-남구-2026-00044,보호중,20260907,남구 대촌동,개,믹스견,[개] 믹스견,검정 황갈색&흰색,2023(년생),8.2(Kg),F,U,"26-0516 딸기, 빨간색 목줄 착용",광주동물보호센터,062-613-6770,전남광주통합특별시 북구 본촌마을길 25-1 (본촌동) 광주동물보호센터,전남광주통합특별시 남구,329361201300001,20260907,20260917,2026-09-07 17:27:24.0,http://openapi.animal.go.kr/openapi/service/rest/fileDownloadSrvc/files/shelter/2026/09/20260907170985.jpg|http://openapi.animal.go.kr/openapi/service/rest/fileDownloadSrvc/files/shelter/2026/09/202609071709129.jpg,images/413581202600327_0.jpg|images/413581202600327_1.jpg
413581202600326,광주-남구-2026-00043,보호중,20260907,남구 독립로80번길 8,개,포메라니안,[개] 포메라니안,갈색,2016(년생),3.7(Kg),M,N,"26-0515 우주, 안구혼탁 있음.",광주동물보호센터,062-613-6770,전남광주통합특별시 북구 본촌마을길 25-1 (본촌동) 광주동물보호센터,전남광주통합특별시 남구,329361201300001,20260907,20260917,2026-09-07 13:36:15.0,http://openapi.animal.go.kr/openapi/service/rest/fileDownloadSrvc/files/shelter/2026/09/202609071309512[1].jpg|http://openapi.animal.go.kr/openapi/service/rest/fileDownloadSrvc/files/shelter/2026/09/202609071309567.jpg,images/413581202600326_0.jpg|images/413581202600326_1.jpg
413579202600351,광주-순천-2026-00092,보호중,20260907,송광면,개,믹스견,[개] 믹스견,갈색,2021(년생),18(Kg),M,N,"사상충:양성, 접종(종합백신,코로나장염,광견병,데피니트,스팟라인)",순천시유기동물보호소,061-749-3094,"전라남도 순천시 승주읍 승주로 628 (승주읍, 농업기술센터) 순천시유기동물보호소",전남광주통합특별시 순천시,346482201600003,20260907,20260917,2026-09-08 14:13:55.0,http://openapi.animal.go.kr/openapi/service/rest/fileDownloadSrvc/files/shelter/2026/09/202609071509512.jpg|http://openapi.animal.go.kr/openapi/service/rest/fileDownloadSrvc/files/shelter/2026/09/202609071509547.jpg,images/413579202600351_0.jpg|images/413579202600351_1.jpg
428355202600480,인천-계양-2026-00269,보호중,20260906,계양구청 당직실(효성동 풍경채),개,믹스견,[개] 믹스견,금색&흰색,2021(년생),12.0(Kg),M,Y,"순함,털짧게 미용됨",신영재동물병원,032-552-0075,인천광역시 계양구 장제로 923 (병방동) ,인천광역시 계양구,328355200900001,20260910,20260921,2026-09-10 17:26:28.0,http://openapi.animal.go.kr/openapi/service/rest/fileDownloadSrvc/files/shelter/2026/09/202609072109664.jpg|http://openapi.animal.go.kr/openapi/service/rest/fileDownloadSrvc/files/shelter/2026/09/202609072109685.jpg,images/428355202600480_0.jpg|images/428355202600480_1.jpg
447506202600296,경북-김천-2026-00296,보호중,20260906,농소면 농남로 204,개,푸들,[개] 푸들,검정&흰색,2026(60일미만)(년생),3.5(Kg),M,N,"아기 스탠다드 푸들 추정, 어리고 순함",김천시 동물보호센터,054-421-2547,경상북도 김천시 구성면 남김천대로 3296-22  하강리 44(김천시 유기동물보호센터),경상북도 김천시,347506201300001,20260907,20260917,2026-09-07 13:32:10.0,http://openapi.animal.go.kr/openapi/service/rest/fileDownloadSrvc/files/shelter/2026/09/202609071309349.jpg|http://openapi.animal.go.kr/openapi/service/rest/fileDownloadSrvc/files/shelter/2026/09/202609071309382.jpg,images/447506202600296_0.jpg|images/447506202600296_1.jpg
445468202602333,전북-익산-2026-01182,보호중,20260906,익산시 왕궁남초등학교 운동장,개,믹스견,[개] 믹스견,검정색,2024(년생),18(Kg),F,N,들개로 사람에 대한 경계심이 심함.,익산유기동물보호소,063-855-1214,전북특별자치도 익산시 삼기면 황금로 342-17  ,전북특별자치도 익산시,345468201200001,20260907,20260917,2026-09-09 17:39:10.0,http://openapi.animal.go.kr/openapi/service/rest/fileDownloadSrvc/files/shelter/2026/09/202609071409655.jpg|http://openapi.animal.go.kr/openapi/service/rest/fileDownloadSrvc/files/shelter/2026/09/202609071409691.jpg,images/445468202602333_0.jpg|images/445468202602333_1.jpg
444461202600290,충남-예산-2026-00158,보호중,20260906,응봉면 증곡리,개,믹스견,[개] 믹스견,흰색,2025(년생),4(Kg),F,U,겁이 매우 많음. 방어성 입질 살짝 있음. 작고 아담함. 커다란 눈망울,예산임시동물보호센터,041-339-7838,충청남도 예산군 예산읍 군청로 22  ,충청남도 예산군,344461202400001,20260907,20260914,2026-09-07 19:37:51.0,http://openapi.animal.go.kr/openapi/service/rest/fileDownloadSrvc/files/shelter/2026/09/20260907190906.jpg|http://openapi.animal.go.kr/openapi/service/rest/fileDownloadSrvc/files/shelter/2026/09/20260907190944.jpg,images/444461202600290_0.jpg|images/444461202600290_1.jpg
441394202601545,경기-고양-2026-00537,보호중,20260906,대화동870-2부근,개,기타,[개] 폼피츠,갈색&흰색,2021(년생),3(Kg),F,U,없음,고양시동물보호센터,031-962-3232,"경기도 고양시 덕양구 고양대로 1695 (원흥동, 고양시 농업기술센터) 고양시동물보호센터",경기도 고양시,341394201400001,20260907,20260917,2026-09-08 13:47:18.0,http://openapi.animal.go.kr/openapi/service/rest/fileDownloadSrvc/files/shelter/2026/09/202609061809187.jpg|http://openapi.animal.go.kr/openapi/service/rest/fileDownloadSrvc/files/shelter/2026/09/202609061809252.jpg,images/441394202601545_0.jpg|images/441394202601545_1.jpg
441393202601106,경기-안산-2026-00647,보호중,20260906,대부동동 산317-4 부근,개,푸들,[개] 푸들,기타(갈),2018(년생),4(Kg),F,U,순함,한국야생동물보호협회,031-296-0124,경기도 안산시 상록구 청곡길 50 (부곡동) 안산시 상록구 부곡동 231-5,경기도 안산시,341393200900001,20260907,20260917,2026-09-07 17:37:44.0,http://openapi.animal.go.kr/openapi/service/rest/fileDownloadSrvc/files/shelter/2026/09/202609071709187.jpg|http://openapi.animal.go.kr/openapi/service/rest/fileDownloadSrvc/files/shelter/2026/09/202609071709206.jpg,images/441393202601106_0.jpg|images/441393202601106_1.jpg
430365202600318,대전-중구-2026-00143,보호중,20260906,중촌동 406-10 번지 주변,개,믹스견,[개] 믹스견,황갈색,2023(년생),4(Kg),F,U,특이사항 없음,대전동물보호센터,042-270-7239,대전광역시 유성구 금남구즉로 1234 (금고동) 대전광역시 동물보호센터,대전광역시 중구,330365202000001,20260907,20260917,2026-09-07 14:29:59.0,http://openapi.animal.go.kr/openapi/service/rest/fileDownloadSrvc/files/shelter/2026/09/20260907140951.png|http://openapi.animal.go.kr/openapi/service/rest/fileDownloadSrvc/files/shelter/2026/09/202609071409628.png,images/430365202600318_0.png|images/430365202600318_1.png
428354202600684,인천-부평-2026-00384,보호중,20260906,부평구청,개,포메라니안,[개] 포메라니안,갈색,2024(년생),3(Kg),M,N,갈색등가방착용상태,늘푸른동물병원,032-507-0075,인천광역시 부평구 후정동로 60 (삼산동) ,인천광역시 부평구,328354201700002,20260907,20260917,2026-09-07 13:30:00.0,http://openapi.animal.go.kr/openapi/service/rest/fileDownloadSrvc/files/shelter/2026/09/20260907100913[1].jpg|http://openapi.animal.go.kr/openapi/service/rest/fileDownloadSrvc/files/shelter/2026/09/202609071009535[1].jpg,images/428354202600684_0.jpg|images/428354202600684_1.jpg
426332202600495,부산-북구-2026-00299,보호중,20260906,덕천로352번길 13,개,믹스견,[개] 믹스견,황갈색,2026(60일미만)(년생),10(Kg),F,N,"겁이많음,목줄을하고있음,관리가되어있음,북구1-72",부산동물보호센터,051-832-7119,부산광역시 강서구 맥도강변길 752-15 (대저2동) ,부산광역시 북구,326332201000001,20260907,20260917,2026-09-07 18:46:08.0,http://openapi.animal.go.kr/openapi/service/rest/fileDownloadSrvc/files/shelter/2026/09/20260907180977.jpg|http://openapi.animal.go.kr/openapi/service/rest/fileDownloadSrvc/files/shelter/2026/09/20260907180997[1].jpg,images/426332202600495_0.jpg|images/426332202600495_1.jpg
413590202600143,광주-완도-2026-00033,보호중,20260906,군외면 달도리 냉동창고 인근,개,믹스견,[개] 믹스견,흰색,2026(년생),8(Kg),F,N,흰색,유기동물임시보호센터,061-550-5749,전라남도 완도군 신지면 신지로6번길 23-89 (신지면) ,전남광주통합특별시 완도군,346499201300001,20260907,20260917,2026-09-07 15:53:24.0,http://openapi.animal.go.kr/openapi/service/rest/fileDownloadSrvc/files/shelter/2026/09/202609071509283[1].jpg|http://openapi.animal.go.kr/openapi/service/rest/fileDownloadSrvc/files/shelter/2026/09/202609071509325[1].jpg,images/413590202600143_0.jpg|images/413590202600143_1.jpg
413590202600142,광주-완도-2026-00032,보호중,20260906,군외면 달도리 냉동창고 인근,개,믹스견,[개] 믹스견,갈색,2026(년생),8(Kg),M,N,갈색,유기동물임시보호센터,061-550-5749,전라남도 완도군 신지면 신지로6번길 23-89 (신지면) ,전남광주통합특별시 완도군,346499201300001,20260907,20260917,2026-09-07 15:50:40.0,http://openapi.animal.go.kr/openapi/service/rest/fileDownloadSrvc/files/shelter/2026/09/202609071509215.jpg|http://openapi.animal.go.kr/openapi/service/rest/fileDownloadSrvc/files/shelter/2026/09/202609071509256.jpg,images/413590202600142_0.jpg|images/413590202600142_1.jpg
413590202600141,광주-완도-2026-00031,보호중,20260906,군외면 달도리 냉동창고 인근,개,믹스견,[개] 믹스견,흰색,2023(년생),15(Kg),F,N,흰색,유기동물임시보호센터,061-550-5749,전라남도 완도군 신지면 신지로6번길 23-89 (신지면) ,전남광주통합특별시 완도군,346499201300001,20260907,20260917,2026-09-07 15:42:29.0,http://openapi.animal.go.kr/openapi/service/rest/fileDownloadSrvc/files/shelter/2026/09/202609071509173.jpg|http://openapi.animal.go.kr/openapi/service/rest/fileDownloadSrvc/files/shelter/2026/09/202609071509210.jpg,images/413590202600141_0.jpg|images/413590202600141_1.jpg
413590202600140,광주-완도-2026-00030,보호중,20260906,노화읍 충도115번길13,개,믹스견,[개] 믹스견,흰색,2024(년생),3(Kg),F,N,흰색,유기동물임시보호센터,061-550-5749,전라남도 완도군 신지면 신지로6번길 23-89 (신지면) ,전남광주통합특별시 완도군,346499201300001,20260907,20260917,2026-09-07 15:07:19.0,http://openapi.animal.go.kr/openapi/service/rest/fileDownloadSrvc/files/shelter/2026/09/202609071509607.jpg|http://openapi.animal.go.kr/openapi/service/rest/fileDownloadSrvc/files/shelter/2026/09/202609071509654[1].jpg,images/413590202600140_0.jpg|images/413590202600140_1.jpg
413578202601697,광주-목포-2026-00105,보호중,20260906,영암마트 상동점(20:10),개,말티즈,[개] 말티즈,흰색,2025(년생),3.2(Kg),M,N,"체구가 작고 순함, 두 눈에 눈물자국,신고자가 미용",목포시유기동물보호소,010-9678-9966,전라남도 무안군 삼향읍 석매길 36  ,전남광주통합특별시 목포시,346480201000001,20260907,20260917,2026-09-07 07:20:51.0,http://openapi.animal.go.kr/openapi/service/rest/fileDownloadSrvc/files/shelter/2026/09/202609070709948.jpg|http://openapi.animal.go.kr/openapi/service/rest/fileDownloadSrvc/files/shelter/2026/09/202609070709979.jpg,images/413578202601697_0.jpg|images/413578202601697_1.jpg
411318202600398,서울-영등포-2026-00114,보호중,20260906,서울 영등포구 도신로54길 1 (신길동),개,믹스견,[개] 믹스견,흰색,2026(년생),11.6(Kg),M,N,온순. 얌전. 주황색 판다 그림 있는 목줄. 꼬리 단미 안됨. 털 상태 양호. ,한국동물구조관리협회,031-867-9119,경기도 양주시 남면 감악산로 63-37 ,서울특별시 영등포구,311318201200001,20260907,20260917,2026-09-07 18:13:33.0,http://openapi.animal.go.kr/openapi/service/rest/fileDownloadSrvc/files/shelter/2026/09/202609071809898.jpg|http://openapi.animal.go.kr/openapi/service/rest/fileDownloadSrvc/files/shelter/2026/09/202609071809941.jpg,images/411318202600398_0.jpg|images/411318202600398_1.jpg
448567202601206,경남-창원1-2026-00627,보호중,20260906,마산합포구 구산면 반동길 바다근처 밭,개,믹스견,[개] 믹스견,검정색,2016(년생),3(Kg),F,N,"착용품 없음, 백내장, 가슴쪽 종양 심함",창원동물보호센터,055-225-5701,경상남도 창원시 성산구 공단로474번길 117 (상복동) 창원동물보호센터,경상남도 창원시 의창성산구,348527200900001,20260906,20260916,2026-09-07 14:16:48.0,http://openapi.animal.go.kr/openapi/service/rest/fileDownloadSrvc/files/shelter/2026/09/202609061509264.jpg|http://openapi.animal.go.kr/openapi/service/rest/fileDownloadSrvc/files/shelter/2026/09/202609061509293.jpg,images/448567202601206_0.jpg|images/448567202601206_1.jpg
448567202601205,경남-창원1-2026-00626,보호중,20260906,의창구 대산면 진남로 283 주변,개,믹스견,[개] 믹스견,갈색,2023(년생),10(Kg),F,N,"착용품 없음, 대형포획틀 포획, 26.09.10 복부 팽만감- 초음파 검사- 임신 확인",창원동물보호센터,055-225-5701,경상남도 창원시 성산구 공단로474번길 117 (상복동) 창원동물보호센터,경상남도 창원시 의창성산구,348527200900001,20260906,20260916,2026-09-12 11:46:25.0,http://openapi.animal.go.kr/openapi/service/rest/fileDownloadSrvc/files/shelter/2026/09/202609061309728.jpg|http://openapi.animal.go.kr/openapi/service/rest/fileDownloadSrvc/files/shelter/2026/09/202609061309753.jpg,images/448567202601205_0.jpg|images/448567202601205_1.jpg
448567202601204,경남-창원1-2026-00625,보호중,20260906,진해구 웅천동 CU 앞 도로,개,믹스견,[개] 믹스견,갈색&검정,2024(년생),20(Kg),M,N,", 셰퍼드 믹스 같음, 왼쪽 앞다리 골절",창원동물보호센터,055-225-5701,경상남도 창원시 성산구 공단로474번길 117 (상복동) 창원동물보호센터,경상남도 창원시 의창성산구,348527200900001,20260906,20260916,2026-09-07 08:00:01.0,http://openapi.animal.go.kr/openapi/service/rest/fileDownloadSrvc/files/shelter/2026/09/202609061309920.jpg|http://openapi.animal.go.kr/openapi/service/rest/fileDownloadSrvc/files/shelter/2026/09/202609061309954.jpg,images/448567202601204_0.jpg|images/448567202601204_1.jpg
448541202601142,경남-창녕-2026-00375,보호중,20260906,장마면 도동마을,개,믹스견,[개] 믹스견,갈색&검정,2026(60일미만)(년생),1(Kg),F,N,어린개체,창녕 유기동물보호소,010-5488-5003,경상남도 창녕군 고암면 창밀로 335-26 (고암면) 고암면 억만리 28,경상남도 창녕군,348541201300001,20260906,20260916,2026-09-07 09:55:46.0,http://openapi.animal.go.kr/openapi/service/rest/fileDownloadSrvc/files/shelter/2026/09/202609062009247[1].jpg|http://openapi.animal.go.kr/openapi/service/rest/fileDownloadSrvc/files/shelter/2026/09/202609062009267.jpg,images/448541202601142_0.jpg|images/448541202601142_1.jpg
448541202601141,경남-창녕-2026-00374,보호중,20260906,이방면 옥천리,개,믹스견,[개] 믹스견,흰색,2021(년생),4(Kg),M,N,털이 곱슬함,창녕 유기동물보호소,010-5488-5003,경상남도 창녕군 고암면 창밀로 335-26 (고암면) 고암면 억만리 28,경상남도 창녕군,348541201300001,20260906,20260916,2026-09-07 09:56:46.0,http://openapi.animal.go.kr/openapi/service/rest/fileDownloadSrvc/files/shelter/2026/09/202609062009618.png|http://openapi.animal.go.kr/openapi/service/rest/fileDownloadSrvc/files/shelter/2026/09/202609062009144.png,images/448541202601141_0.png|images/448541202601141_1.png
448541202601140,경남-창녕-2026-00373,보호중,20260906,남지119,개,믹스견,[개] 믹스견,흰색,2019(년생),15(Kg),M,Y,진도믹스 추정,창녕 유기동물보호소,010-5488-5003,경상남도 창녕군 고암면 창밀로 335-26 (고암면) 고암면 억만리 28,경상남도 창녕군,348541201300001,20260906,20260916,2026-09-07 09:57:19.0,http://openapi.animal.go.kr/openapi/service/rest/fileDownloadSrvc/files/shelter/2026/09/202609062009987.jpg|http://openapi.animal.go.kr/openapi/service/rest/fileDownloadSrvc/files/shelter/2026/09/202609062009969[1].jpg,images/448541202601140_0.jpg|images/448541202601140_1.jpg
447521202600380,경북-성주-2026-00286,보호중,20260906,성주군 선남면 선노로522,개,기타,[개] 진도믹스견,흰색,2026(60일미만)(년생),1.8(Kg),F,N,"온순하고 건강함, 너무귀엽고 예쁨",성주군동물보호센터,010-2949-6699,경상북도 성주군 선남면 선노로 522 (선남면) ,경상북도 성주군,347521201900002,20260906,20260914,2026-09-08 14:21:33.0,http://openapi.animal.go.kr/openapi/service/rest/fileDownloadSrvc/files/shelter/2026/09/202609081409441.jpg|http://openapi.animal.go.kr/openapi/service/rest/fileDownloadSrvc/files/shelter/2026/09/20260906120943.jpg,images/447521202600380_0.jpg|images/447521202600380_1.jpg
447521202600379,경북-성주-2026-00285,보호중,20260906,성주군 선남면 선노로522,개,기타,[개] 진도믹스견,흰색,2026(60일미만)(년생),2(Kg),M,N,너무너무예쁨,성주군동물보호센터,010-2949-6699,경상북도 성주군 선남면 선노로 522 (선남면) ,경상북도 성주군,347521201900002,20260906,20260914,2026-09-08 14:22:00.0,http://openapi.animal.go.kr/openapi/service/rest/fileDownloadSrvc/files/shelter/2026/09/202609081409308.jpg|http://openapi.animal.go.kr/openapi/service/rest/fileDownloadSrvc/files/shelter/2026/09/202609061209299.jpg,images/447521202600379_0.jpg|images/447521202600379_1.jpg
447521202600378,경북-성주-2026-00284,보호중,20260906,성주읍 성산교(성산8길2),개,믹스견,[개] 믹스견,갈색,2024(년생),7.3(Kg),F,N,"엄청순하고, 사람 너무 잘따름",성주군동물보호센터,010-2949-6699,경상북도 성주군 선남면 선노로 522 (선남면) ,경상북도 성주군,347521201900002,20260906,20260914,2026-09-06 08:03:31.0,http://openapi.animal.go.kr/openapi/service/rest/fileDownloadSrvc/files/shelter/2026/09/202609060809528.jpg|http://openapi.animal.go.kr/openapi/service/rest/fileDownloadSrvc/files/shelter/2026/09/202609060809575.jpg,images/447521202600378_0.jpg|images/447521202600378_1.jpg
447521202600377,경북-성주-2026-00283,보호중,20260906,성주읍 성산교(성산8길2),개,믹스견,[개] 믹스견,흰색&황갈색,2024(년생),7(Kg),F,N,"순하고, 사람잘따름",성주군동물보호센터,010-2949-6699,경상북도 성주군 선남면 선노로 522 (선남면) ,경상북도 성주군,347521201900002,20260906,20260914,2026-09-06 08:03:31.0,http://openapi.animal.go.kr/openapi/service/rest/fileDownloadSrvc/files/shelter/2026/09/20260906080904.jpg|http://openapi.animal.go.kr/openapi/service/rest/fileDownloadSrvc/files/shelter/2026/09/202609060809934.jpg,images/447521202600377_0.jpg|images/447521202600377_1.jpg
447513202601020,경북-경산-2026-00372,보호중,20260906,하양 동서리,개,믹스견,[개] 믹스견,검정색,2023(년생),9.5(Kg),F,N,"인근 동네에서 배회하여 포획구조, 경계심이 있음",경산시유기동물보호소,010-2536-0955,경상북도 경산시 용성면 사양지길 95 (용성면) ,경상북도 경산시,347513201800003,20260906,20260916,2026-09-06 18:36:48.0,http://openapi.animal.go.kr/openapi/service/rest/fileDownloadSrvc/files/shelter/2026/09/20260906180931.jpg|http://openapi.animal.go.kr/openapi/service/rest/fileDownloadSrvc/files/shelter/2026/09/202609061809273.jpg,images/447513202601020_0.jpg|images/447513202601020_1.jpg
447513202601019,경북-경산-2026-00371,보호중,20260906,진량 현내리,개,믹스견,[개] 믹스견,크림색,2021(년생),9(Kg),F,N,"인근 동네에서 발견하여 구조, 웰시코기 믹스",경산시유기동물보호소,010-2536-0955,경상북도 경산시 용성면 사양지길 95 (용성면) ,경상북도 경산시,347513201800003,20260906,20260916,2026-09-06 18:36:47.0,http://openapi.animal.go.kr/openapi/service/rest/fileDownloadSrvc/files/shelter/2026/09/20260906180909.jpg|http://openapi.animal.go.kr/openapi/service/rest/fileDownloadSrvc/files/shelter/2026/09/202609061809345.jpg,images/447513202601019_0.jpg|images/447513202601019_1.jpg
447508202601208,경북-구미-2026-00297,보호중,20260906,해평면 해평리 470-8,개,믹스견,[개] 믹스견,갈색&흰색,2026(60일미만)(년생),2.4(Kg),F,N,온순하고 사람을 좋아함,구미시 동물보호센터,054-481-5809,경상북도 구미시 옥성면 선상동로 1358  애니멀 케어 센터,경상북도 구미시,347508202000001,20260906,20260916,2026-09-06 14:39:56.0,http://openapi.animal.go.kr/openapi/service/rest/fileDownloadSrvc/files/shelter/2026/09/202609061409476.jpg|http://openapi.animal.go.kr/openapi/service/rest/fileDownloadSrvc/files/shelter/2026/09/202609061409879.jpg,images/447508202601208_0.jpg|images/447508202601208_1.jpg
447508202601207,경북-구미-2026-00296,보호중,20260906,해평면 해평리470-8,개,믹스견,[개] 믹스견,갈색&흰색,2026(년생),2.8(Kg),F,N,온순하며 사람을 좋아함,구미시 동물보호센터,054-481-5809,경상북도 구미시 옥성면 선상동로 1358  애니멀 케어 센터,경상북도 구미시,347508202000001,20260906,20260916,2026-09-06 14:32:24.0,http://openapi.animal.go.kr/openapi/service/rest/fileDownloadSrvc/files/shelter/2026/09/202609061409887.jpg|http://openapi.animal.go.kr/openapi/service/rest/fileDownloadSrvc/files/shelter/2026/09/202609061409216.jpg,images/447508202601207_0.jpg|images/447508202601207_1.jpg
447502202600756,경북-포항-2026-00584,보호중,20260906,경상북도 포항시 북구 토성길 44 신광철물점 인근,개,믹스견,[개] 믹스견,검정&흰색,2024(년생),7.5(Kg),F,N,"2~3세 추정 , 약간 겁이 있지만 기본적으로 사람 좋아하고 애교 많음! , 길쭉한 몸매 보유",(사)영일동물플러스,054-262-8295,경상북도 포항시 북구 흥해읍 덕장길 224 (흥해읍) ,경상북도 포항시,347502201600001,20260906,20260916,2026-09-06 17:10:54.0,http://openapi.animal.go.kr/openapi/service/rest/fileDownloadSrvc/files/shelter/2026/09/202609061609734.jpg|http://openapi.animal.go.kr/openapi/service/rest/fileDownloadSrvc/files/shelter/2026/09/202609061609773.jpg,images/447502202600756_0.jpg|images/447502202600756_1.jpg
445464202602510,전북-전주-2026-00871,보호중,20260906,평화동 용와길 17-4,개,말티즈,[개] 말티즈,흰색,2026(년생),0.4(Kg),F,N,"관리안돼있음, 피부병 심함",링크늘푸른동물병원,063-281-0075,전라북도 전주시 완산구 서원로 225 (중화산동2가) ,전북특별자치도 전주시,345464201700001,20260906,20260915,2026-09-06 21:33:52.0,http://openapi.animal.go.kr/openapi/service/rest/fileDownloadSrvc/files/shelter/2026/09/202609062109290.jpg|http://openapi.animal.go.kr/openapi/service/rest/fileDownloadSrvc/files/shelter/2026/09/20260906210954.jpg,images/445464202602510_0.jpg|images/445464202602510_1.jpg
445464202602504,전북-전주-2026-00870,보호중,20260906,서곡 황방산,개,믹스견,[개] 믹스견,갈색,2023(년생),7.2(Kg),F,N,"산중에 고립, 피부병심함",링크늘푸른동물병원,063-281-0075,전라북도 전주시 완산구 서원로 225 (중화산동2가) ,전북특별자치도 전주시,345464201700001,20260906,20260915,2026-09-06 15:19:58.0,http://openapi.animal.go.kr/openapi/service/rest/fileDownloadSrvc/files/shelter/2026/09/202609061509190.jpg|http://openapi.animal.go.kr/openapi/service/rest/fileDownloadSrvc/files/shelter/2026/09/202609061509109.jpg,images/445464202602504_0.jpg|images/445464202602504_1.jpg
445464202602503,전북-전주-2026-00869,보호중,20260906,서곡 황방산,개,믹스견,[개] 믹스견,갈색&흰색,2023(년생),6.7(Kg),F,N,"산중에 고립, 피부병심함,작은개는 왼쪽어깨 목줄에 걸려 썩어있음",링크늘푸른동물병원,063-281-0075,전라북도 전주시 완산구 서원로 225 (중화산동2가) ,전북특별자치도 전주시,345464201700001,20260906,20260915,2026-09-06 15:19:50.0,http://openapi.animal.go.kr/openapi/service/rest/fileDownloadSrvc/files/shelter/2026/09/202609061509263.jpg|http://openapi.animal.go.kr/openapi/service/rest/fileDownloadSrvc/files/shelter/2026/09/202609061509320.jpg,images/445464202602503_0.jpg|images/445464202602503_1.jpg
444461202600289,충남-예산-2026-00157,보호중,20260906,오가면,개,믹스견,[개] 믹스견,흰색,2025(년생),6.5(Kg),M,U,소방서 포획. 노랑 목줄. 겁이 매우 많음. 방어성 입질 살짝 있음,예산임시동물보호센터,041-339-7838,충청남도 예산군 예산읍 군청로 22  ,충청남도 예산군,344461202400001,20260906,20260914,2026-09-06 18:38:30.0,http://openapi.animal.go.kr/openapi/service/rest/fileDownloadSrvc/files/shelter/2026/09/202609061809735.jpg|http://openapi.animal.go.kr/openapi/service/rest/fileDownloadSrvc/files/shelter/2026/09/202609061809771.jpg,images/444461202600289_0.jpg|images/444461202600289_1.jpg
444459202600241,충남-청양-2026-00051,보호중,20260906,남양면 구룡리 인근,개,믹스견,[개] 믹스견,흰색,2026(60일미만)(년생),3(Kg),M,N,활발하며 사람을 잘 따름,청양보호소,041-940-2978,충청남도 청양군 대치면 청산로 446-17 (대치면) ,충청남도 청양군,344459202000001,20260906,20260915,2026-09-06 15:33:20.0,http://openapi.animal.go.kr/openapi/service/rest/fileDownloadSrvc/files/shelter/2026/09/20260906150993.png|http://openapi.animal.go.kr/openapi/service/rest/fileDownloadSrvc/files/shelter/2026/09/202609061509868.png,images/444459202600241_0.png|images/444459202600241_1.png
443571202601776,충북-청주-2026-00726,보호중,20260906,화상리 화죽교회 인근,개,푸들,[개] 푸들,흰색,2022(년생),2.9(Kg),M,Y,"전체적인 미용 되어있음, 뒷 발 패드 까진 상태, 순하고 사람을 좋아하는 귀여운 아이",반려동물보호센터,043-201-2298,충청북도 청주시 흥덕구 강내면 서부로 411-23  청주시 반려동물 보호센터,충청북도 청주시,343571201600001,20260906,20260916,2026-09-12 15:53:44.0,http://openapi.animal.go.kr/openapi/service/rest/fileDownloadSrvc/files/shelter/2026/09/202609061709809.jpg|http://openapi.animal.go.kr/openapi/service/rest/fileDownloadSrvc/files/shelter/2026/09/202609061709833.jpg,images/443571202601776_0.jpg|images/443571202601776_1.jpg
441570202600579,경기-여주-2026-00391,보호중,20260906,산북면 후리,개,믹스견,[개] 믹스견,흰색,2024(년생),5.00(Kg),F,N,겁이 다소있음,위더스 동물보호센터,031-882-4381,경기도 여주시 여양2로 42 (천송동) ,경기도 여주시,341570201900003,20260906,20260916,2026-09-06 21:15:58.0,http://openapi.animal.go.kr/openapi/service/rest/fileDownloadSrvc/files/shelter/2026/09/202609062109825.jpg|http://openapi.animal.go.kr/openapi/service/rest/fileDownloadSrvc/files/shelter/2026/09/202609062109903.jpg,images/441570202600579_0.jpg|images/441570202600579_1.jpg
441570202600578,경기-여주-2026-00390,보호중,20260906,홍문동 세종로,개,믹스견,[개] 믹스견,갈색&검정,2016(년생),3.20(Kg),F,N,"겁이 많음, 배 부위 혹",위더스 동물보호센터,031-882-4381,경기도 여주시 여양2로 42 (천송동) ,경기도 여주시,341570201900003,20260906,20260916,2026-09-06 21:15:58.0,http://openapi.animal.go.kr/openapi/service/rest/fileDownloadSrvc/files/shelter/2026/09/202609062109530.jpg|http://openapi.animal.go.kr/openapi/service/rest/fileDownloadSrvc/files/shelter/2026/09/202609062109624.jpg,images/441570202600578_0.jpg|images/441570202600578_1.jpg
441570202600577,경기-여주-2026-00389,보호중,20260906,감천면 산5-3,개,믹스견,[개] 믹스견,검정&흰색,2020(년생),3.50(Kg),M,N,겁이 많음,위더스 동물보호센터,031-882-4381,경기도 여주시 여양2로 42 (천송동) ,경기도 여주시,341570201900003,20260906,20260916,2026-09-06 21:15:58.0,http://openapi.animal.go.kr/openapi/service/rest/fileDownloadSrvc/files/shelter/2026/09/202609062109353.jpg|http://openapi.animal.go.kr/openapi/service/rest/fileDownloadSrvc/files/shelter/2026/09/202609062109412.jpg,images/441570202600577_0.jpg|images/441570202600577_1.jpg
441570202600575,경기-여주-2026-00387,보호중,20260906,홍문동 세종로,개,믹스견,[개] 믹스견,기타(흰색크림색),2022(년생),18.00(Kg),M,N,"검정색 목띠착용, 온순함",위더스 동물보호센터,031-882-4381,경기도 여주시 여양2로 42 (천송동) ,경기도 여주시,341570201900003,20260906,20260916,2026-09-06 21:15:58.0,http://openapi.animal.go.kr/openapi/service/rest/fileDownloadSrvc/files/shelter/2026/09/202609062009634.jpg|http://openapi.animal.go.kr/openapi/service/rest/fileDownloadSrvc/files/shelter/2026/09/202609062009913[1].jpg,images/441570202600575_0.jpg|images/441570202600575_1.jpg
441417202601155,경기-양평-2026-00245,보호중,20260906,경기도 양평군 양서면 용담리 370,개,믹스견,[개] 믹스견,금색&흰색,2026(년생),6.7(Kg),M,N,"빨간색 목걸이 착용, 사람에게 먼저 다가오지는 않지만 손길을 거부하지 않는 차분한 성격.",양평군유기동물보호소,031-770-2337,경기도 양평군 양평읍 농업기술센터길 59-1  ,경기도 양평군,341417201800001,20260906,20260916,2026-09-07 14:24:15.0,http://openapi.animal.go.kr/openapi/service/rest/fileDownloadSrvc/files/shelter/2026/09/202609061209837.png|http://openapi.animal.go.kr/openapi/service/rest/fileDownloadSrvc/files/shelter/2026/09/202609061209861.png,images/441417202601155_0.png|images/441417202601155_1.png
441417202601154,경기-양평-2026-00244,보호중,20260906,경기도 양평군 양평읍 천변길 60 대흥2리 마을회관,개,믹스견,[개] 믹스견,갈색&검정,2023(년생),8(Kg),F,U,순하고 사람을 잘따르나 겁이 많음.,양평군유기동물보호소,031-770-2337,경기도 양평군 양평읍 농업기술센터길 59-1  ,경기도 양평군,341417201800001,20260906,20260916,2026-09-09 15:26:02.0,http://openapi.animal.go.kr/openapi/service/rest/fileDownloadSrvc/files/shelter/2026/09/202609061109573.jpg|http://openapi.animal.go.kr/openapi/service/rest/fileDownloadSrvc/files/shelter/2026/09/202609061109603.jpg,images/441417202601154_0.jpg|images/441417202601154_1.jpg
441407202601022,경기-이천-2026-00419,보호중,20260906,장호원읍 진암리,개,보더 콜리,[개] 보더 콜리,검정&흰색,2022(년생),18.00(Kg),M,N,매우온순함,위더스 동물보호센터,031-882-4381,경기도 여주시 여양2로 42 (천송동) ,경기도 이천시,341407201900001,20260906,20260916,2026-09-06 21:19:07.0,http://openapi.animal.go.kr/openapi/service/rest/fileDownloadSrvc/files/shelter/2026/09/202609062109453.jpg|http://openapi.animal.go.kr/openapi/service/rest/fileDownloadSrvc/files/shelter/2026/09/202609062109687.jpg,images/441407202601022_0.jpg|images/441407202601022_1.jpg
441394202601544,경기-고양-2026-00536,보호중,20260906,가좌동1087부근,개,믹스견,[개] 믹스견,적갈&검정&흰색,2024(년생),16(Kg),M,N,파란색(빨간색)목줄착용,고양시동물보호센터,031-962-3232,"경기도 고양시 덕양구 고양대로 1695 (원흥동, 고양시 농업기술센터) 고양시동물보호센터",경기도 고양시,341394201400001,20260906,20260916,2026-09-08 13:47:06.0,http://openapi.animal.go.kr/openapi/service/rest/fileDownloadSrvc/files/shelter/2026/09/202609061509827.jpg|http://openapi.animal.go.kr/openapi/service/rest/fileDownloadSrvc/files/shelter/2026/09/202609061509869.jpg,images/441394202601544_0.jpg|images/441394202601544_1.jpg
441386202601082,경기-부천-2026-00371,보호중,20260906,고강동 324-7,개,푸들,[개] 푸들,갈색,2026(년생),1.41(Kg),M,N,"(입소당시)생후3개월추정,갈색 목줄 착용중, 지알디아 양성",24시아이동물메디컬,032-677-5262,경기도 부천시 오정구 소사로 779 (원종동) 201호,경기도 부천시,341386200900001,20260906,20260916,2026-09-11 13:55:22.0,http://openapi.animal.go.kr/openapi/service/rest/fileDownloadSrvc/files/shelter/2026/09/202609061409118.jpg|http://openapi.animal.go.kr/openapi/service/rest/fileDownloadSrvc/files/shelter/2026/09/202609061409158.jpg,images/441386202601082_0.jpg|images/441386202601082_1.jpg
441378202601145,경기-성남-2026-00459,보호중,20260906,은행동 1856,개,믹스견,[개] 믹스견,갈색,2018(년생),6.4(Kg),F,U,"피부병, 귓병, 치석심함",펫앤쉘터동물병원,031-714-8392,"경기도 성남시 분당구 불정로 266 (수내동, 유신제일조합) ",경기도 성남시,341378201300002,20260906,20260916,2026-09-06 14:01:33.0,http://openapi.animal.go.kr/openapi/service/rest/fileDownloadSrvc/files/shelter/2026/09/20260906130942.jpg|http://openapi.animal.go.kr/openapi/service/rest/fileDownloadSrvc/files/shelter/2026/09/20260906130976.jpg,images/441378202601145_0.jpg|images/441378202601145_1.jpg
413581202600325,광주-남구-2026-00042,보호중,20260906,남구 송하119,개,믹스견,[개] 믹스견,옅은 황색,2023(년생),25(Kg),M,N,26-0514 만복 내장칩없음,광주동물보호센터,062-613-6770,전남광주통합특별시 북구 본촌마을길 25-1 (본촌동) 광주동물보호센터,전남광주통합특별시 남구,329361201300001,20260906,20260916,2026-09-06 15:44:09.0,http://openapi.animal.go.kr/openapi/service/rest/fileDownloadSrvc/files/shelter/2026/09/202609061509813.jpg|http://openapi.animal.go.kr/openapi/service/rest/fileDownloadSrvc/files/shelter/2026/09/20260906150922.jpg,images/413581202600325_0.jpg|images/413581202600325_1.jpg
428353202600810,인천-남동-2026-00386,보호중,20260905,간석동 37-133,개,말티즈,[개] 말티즈,흰색,2026(60일미만)(년생),"7,52(Kg)",M,Y,허리가 긴편임. ,길동물병원,032-467-1275,인천광역시 남동구 구월로 317 (만수동) ,인천광역시 남동구,328353202600003,20260912,20260922,2026-09-12 17:37:37.0,http://openapi.animal.go.kr/openapi/service/rest/fileDownloadSrvc/files/shelter/2026/09/202609051809414.jpg|http://openapi.animal.go.kr/openapi/service/rest/fileDownloadSrvc/files/shelter/2026/09/202609051809869.jpg,images/428353202600810_0.jpg|images/428353202600810_1.jpg
428353202600809,인천-남동-2026-00385,보호중,20260905,간석동 37-133,개,믹스견,[개] 믹스견,검정&흰색,2023(년생),"4,58(Kg)",M,Y,시츄잡종,길동물병원,032-467-1275,인천광역시 남동구 구월로 317 (만수동) ,인천광역시 남동구,328353202600003,20260912,20260922,2026-09-12 17:37:37.0,http://openapi.animal.go.kr/openapi/service/rest/fileDownloadSrvc/files/shelter/2026/09/202609051809902.jpg|http://openapi.animal.go.kr/openapi/service/rest/fileDownloadSrvc/files/shelter/2026/09/202609051809420.jpg,images/428353202600809_0.jpg|images/428353202600809_1.jpg
428353202600808,인천-남동-2026-00384,보호중,20260905,간석동 37-133,개,믹스견,[개] 믹스견,검정&흰색,2023(년생),4.75(Kg),M,Y,시츄잡종,길동물병원,032-467-1275,인천광역시 남동구 구월로 317 (만수동) ,인천광역시 남동구,328353202600003,20260912,20260922,2026-09-12 17:37:36.0,http://openapi.animal.go.kr/openapi/service/rest/fileDownloadSrvc/files/shelter/2026/09/202609051809928.jpg|http://openapi.animal.go.kr/openapi/service/rest/fileDownloadSrvc/files/shelter/2026/09/202609051809199.jpg,images/428353202600808_0.jpg|images/428353202600808_1.jpg
447516202600216,경북-청송-2026-00104,보호중,20260905,청송군 청송읍 송생길 23,개,라이카,[개] 라이카,검정&흰색,2026(60일미만)(년생),15(Kg),F,U,낯가림이 조금 있음,점곡동물보호센터,054-870-6281,경상북도 청송군 현동면 청송로 3128-141  ,경상북도 청송군,347516202000001,20260910,20260921,2026-09-10 10:35:28.0,http://openapi.animal.go.kr/openapi/service/rest/fileDownloadSrvc/files/shelter/2026/09/202609101009932.jpg|http://openapi.animal.go.kr/openapi/service/rest/fileDownloadSrvc/files/shelter/2026/09/202609101009301.jpg,images/447516202600216_0.jpg|images/447516202600216_1.jpg
443446202600514,충북-괴산-2026-00169,보호중,20260905,괴산군 불정면 한불로 1602,개,믹스견,[개] 믹스견,흰색,2026(년생),12(Kg),F,U,대체적으로 건강함,괴산증평동물보호센터,010-3169-1151,충청북도 증평군 도안면 입장길 239 (도안면) ,충청북도 괴산군,343446201800002,20260909,20260921,2026-09-09 09:11:18.0,http://openapi.animal.go.kr/openapi/service/rest/fileDownloadSrvc/files/shelter/2026/09/20260909090904.jpg|http://openapi.animal.go.kr/openapi/service/rest/fileDownloadSrvc/files/shelter/2026/09/202609090909311.jpg,images/443446202600514_0.jpg|images/443446202600514_1.jpg
441559202601084,경기-양주-2026-00541,보호중,20260905,경기 양주시 은현면 용암로 161-9 인근,개,믹스견,[개] 믹스견,흰색,2023(년생),7.2(Kg),F,U,겁 많음. 입질 심함. 꼬리 단미 안됨. 털 상태 양호. ,한국동물구조관리협회,031-867-9119,경기도 양주시 남면 감악산로 63-37 (남면) ,경기도 양주시,341559200900001,20260909,20260921,2026-09-09 09:05:26.0,http://openapi.animal.go.kr/openapi/service/rest/fileDownloadSrvc/files/shelter/2026/09/202609071709315.jpg|http://openapi.animal.go.kr/openapi/service/rest/fileDownloadSrvc/files/shelter/2026/09/202609071709327.jpg,images/441559202601084_0.jpg|images/441559202601084_1.jpg
441559202601083,경기-양주-2026-00540,보호중,20260905,경기 양주시 은현면 용암로 161-9 인근,개,믹스견,[개] 믹스견,흰색,2024(년생),3.8(Kg),F,U,겁 많음. 방어적 입질. 진드기 오염. 꼬리 단미 안됨. 털 상태 양호. ,한국동물구조관리협회,031-867-9119,경기도 양주시 남면 감악산로 63-37 (남면) ,경기도 양주시,341559200900001,20260909,20260921,2026-09-09 09:04:57.0,http://openapi.animal.go.kr/openapi/service/rest/fileDownloadSrvc/files/shelter/2026/09/202609071709182.jpg|http://openapi.animal.go.kr/openapi/service/rest/fileDownloadSrvc/files/shelter/2026/09/202609071709196.jpg,images/441559202601083_0.jpg|images/441559202601083_1.jpg
447523202600399,경북-예천-2026-00139,보호중,20260905,예천읍 우계리,개,믹스견,[개] 믹스견,갈색,2026(년생),4(Kg),M,N,쌍둥이 형제 예천군 유기동물 보호소에 등장~(왼쪽),예천군유기동물보호소,054-650-6578,"경상북도 예천군 예천읍 충효로 632-84 (예천읍, 유기동물보호소) ",경상북도 예천군,347523201200001,20260908,20260918,2026-09-08 16:51:22.0,http://openapi.animal.go.kr/openapi/service/rest/fileDownloadSrvc/files/shelter/2026/09/202609081609462.jpeg|http://openapi.animal.go.kr/openapi/service/rest/fileDownloadSrvc/files/shelter/2026/09/202609081609504.jpeg,images/447523202600399_0.jpeg|images/447523202600399_1.jpeg
447523202600398,경북-예천-2026-00138,보호중,20260905,예천읍 우계리,개,믹스견,[개] 믹스견,갈색&검정,2026(년생),4(Kg),M,N,쌍둥이 형제 예천군 유기동물 보호소에 등장~(오른쪽),예천군유기동물보호소,054-650-6578,"경상북도 예천군 예천읍 충효로 632-84 (예천읍, 유기동물보호소) ",경상북도 예천군,347523201200001,20260908,20260918,2026-09-08 16:51:04.0,http://openapi.animal.go.kr/openapi/service/rest/fileDownloadSrvc/files/shelter/2026/09/202609081609195.jpeg|http://openapi.animal.go.kr/openapi/service/rest/fileDownloadSrvc/files/shelter/2026/09/202609081609251.jpeg,images/447523202600398_0.jpeg|images/447523202600398_1.jpeg
445476202600285,전북-임실-2026-00131,보호중,20260905,임실군 오수면 군평2길 18-14,개,믹스견,[개] 믹스견,갈색&검정&흰색,2026(년생),3(Kg),F,N,얌전하고 사람 잘 따름,임실유기동물보호센터,063-642-5550,"전라북도 임실군 오수면 춘향로 1554-95  펫추모공원 입구, 유기동물보호센터",전북특별자치도 임실군,345476202100001,20260908,20260923,2026-09-08 10:24:14.0,http://openapi.animal.go.kr/openapi/service/rest/fileDownloadSrvc/files/shelter/2026/09/202609071309227.jpg|http://openapi.animal.go.kr/openapi/service/rest/fileDownloadSrvc/files/shelter/2026/09/202609071309635.jpg,images/445476202600285_0.jpg|images/445476202600285_1.jpg
445476202600284,전북-임실-2026-00130,보호중,20260905,임실군 오수면 군평2길 18-14,개,믹스견,[개] 믹스견,검정 황갈색&흰색,2026(년생),3(Kg),F,N,얌전하고 사람 잘 따름,임실유기동물보호센터,063-642-5550,"전라북도 임실군 오수면 춘향로 1554-95  펫추모공원 입구, 유기동물보호센터",전북특별자치도 임실군,345476202100001,20260908,20260923,2026-09-08 10:24:14.0,http://openapi.animal.go.kr/openapi/service/rest/fileDownloadSrvc/files/shelter/2026/09/202609071309553.jpg|http://openapi.animal.go.kr/openapi/service/rest/fileDownloadSrvc/files/shelter/2026/09/202609071309972.jpg,images/445476202600284_0.jpg|images/445476202600284_1.jpg
445476202600283,전북-임실-2026-00129,보호중,20260905,임실군 성수면 삼태로 마을회관 앞,개,믹스견,[개] 믹스견,검정&황갈색,2022(년생),15(Kg),M,N,"온순한 편이며, 사람을 약간 경계함.빨강색 목줄 착용",임실유기동물보호센터,063-642-5550,"전라북도 임실군 오수면 춘향로 1554-95  펫추모공원 입구, 유기동물보호센터",전북특별자치도 임실군,345476202100001,20260908,20260923,2026-09-08 10:24:14.0,http://openapi.animal.go.kr/openapi/service/rest/fileDownloadSrvc/files/shelter/2026/09/202609071109769.jpg|http://openapi.animal.go.kr/openapi/service/rest/fileDownloadSrvc/files/shelter/2026/09/202609071109332[1].jpg,images/445476202600283_0.jpg|images/445476202600283_1.jpg
448535202601133,경남-김해-2026-00745,보호중,20260905,김해시 상동면 여차리 1041-1,개,퍼그,[개] 퍼그,"기타(연갈,검정)",2023(년생),3(Kg),F,U,김해시-745,(사)동물보호관리협회,051-971-6208,부산광역시 강서구 가락대로1283번길 25-2 (봉림동) ,경상남도 김해시,348535202400001,20260907,20260917,2026-09-07 10:42:26.0,http://openapi.animal.go.kr/openapi/service/rest/fileDownloadSrvc/files/shelter/2026/09/20260907100927.png|http://openapi.animal.go.kr/openapi/service/rest/fileDownloadSrvc/files/shelter/2026/09/202609071009904.png,images/448535202601133_0.png|images/448535202601133_1.png
445468202602331,전북-익산-2026-01181,보호중,20260905,익산시 영등동 385-17,개,믹스견,[개] 믹스견,갈색&흰색,2021(년생),5(Kg),F,N,빨간색목태쇠줄이 달려있음.사람에 대한 경계심살짝 있음.,익산유기동물보호소,063-855-1214,전북특별자치도 익산시 삼기면 황금로 342-17  ,전북특별자치도 익산시,345468201200001,20260907,20260917,2026-09-09 17:38:59.0,http://openapi.animal.go.kr/openapi/service/rest/fileDownloadSrvc/files/shelter/2026/09/202609071409426.jpg|http://openapi.animal.go.kr/openapi/service/rest/fileDownloadSrvc/files/shelter/2026/09/202609071409462.jpg,images/445468202602331_0.jpg|images/445468202602331_1.jpg
445468202602330,전북-익산-2026-01180,보호중,20260905,익산시 성당면 황성로 726,개,믹스견,[개] 믹스견,기타(흰회색),2023(년생),12(Kg),F,N,겁이 있지만 순한편임,익산유기동물보호소,063-855-1214,전북특별자치도 익산시 삼기면 황금로 342-17  ,전북특별자치도 익산시,345468201200001,20260907,20260917,2026-09-09 17:36:56.0,http://openapi.animal.go.kr/openapi/service/rest/fileDownloadSrvc/files/shelter/2026/09/202609071409309.jpg|http://openapi.animal.go.kr/openapi/service/rest/fileDownloadSrvc/files/shelter/2026/09/202609071409341.jpg,images/445468202602330_0.jpg|images/445468202602330_1.jpg
445468202602323,전북-익산-2026-01173,보호중,20260905,익산시 오산면 장신휴먼시아 3단지,개,믹스견,[개] 믹스견,검정&흰색,2021(년생),7(Kg),M,N,다리가 짧고 몸집이 작으며 순한 편임,익산유기동물보호소,063-855-1214,전북특별자치도 익산시 삼기면 황금로 342-17  ,전북특별자치도 익산시,345468201200001,20260907,20260917,2026-09-09 17:35:12.0,http://openapi.animal.go.kr/openapi/service/rest/fileDownloadSrvc/files/shelter/2026/09/202609071409156.jpg|http://openapi.animal.go.kr/openapi/service/rest/fileDownloadSrvc/files/shelter/2026/09/202609071409192.jpg,images/445468202602323_0.jpg|images/445468202602323_1.jpg
445468202602322,전북-익산-2026-01172,보호중,20260905,함라면 양산길 29-4,개,믹스견,[개] 믹스견,흰색,2025(년생),5(Kg),M,N,다리가 짧고 몸집이 작으며 순한 편임,익산유기동물보호소,063-855-1214,전북특별자치도 익산시 삼기면 황금로 342-17  ,전북특별자치도 익산시,345468201200001,20260907,20260917,2026-09-09 17:34:57.0,http://openapi.animal.go.kr/openapi/service/rest/fileDownloadSrvc/files/shelter/2026/09/202609071409151.jpg|http://openapi.animal.go.kr/openapi/service/rest/fileDownloadSrvc/files/shelter/2026/09/202609071409198.jpg,images/445468202602322_0.jpg|images/445468202602322_1.jpg
444457202600509,충남-부여-2026-00322,보호중,20260905,세도면 부흥로 670번지,개,믹스견,[개] 믹스견,엷은 황갈색&흰색,2026(60일미만)(년생),3(Kg),M,N,.,남부여동물보호소,041-837-8277,충청남도 부여군 임천면 위덕로47번길 36-12  (점리),충청남도 부여군,344457202000001,20260907,20260917,2026-09-07 09:17:30.0,http://openapi.animal.go.kr/openapi/service/rest/fileDownloadSrvc/files/shelter/2026/09/202609070909250.jpg|http://openapi.animal.go.kr/openapi/service/rest/fileDownloadSrvc/files/shelter/2026/09/202609070909440[1].jpg,images/444457202600509_0.jpg|images/444457202600509_1.jpg
442434202600469,강원-고성-2026-00211,보호중,20260905,강원특별자치도 고성군 해상리,개,믹스견,[개] 믹스견,검정색,2024(년생),5(Kg),M,N,피부병,고성군 동물보호센터,033-680-4170,강원특별자치도 고성군 간성읍 진부령로 2768-10  ,강원특별자치도 고성군,342434202500001,20260907,20260914,2026-09-09 15:10:58.0,http://openapi.animal.go.kr/openapi/service/rest/fileDownloadSrvc/files/shelter/2026/09/202609071909896.jpeg|http://openapi.animal.go.kr/openapi/service/rest/fileDownloadSrvc/files/shelter/2026/09/202609071909139.jpeg,images/442434202600469_0.jpeg|images/442434202600469_1.jpeg
441409202600970,경기-김포-2026-00387,보호중,20260905,경기 김포시 대곶면 대곶로202번길 124,개,믹스견,[개] 믹스견,흰색,2022(년생),18(Kg),M,N,경계. 겁. 코 갈색. 꼬리 단미 안됨. 털 상태 양호. ,한국동물구조관리협회,031-867-9119,경기도 양주시 남면 감악산로 63-37 (남면) ,경기도 김포시,341409201400001,20260907,20260917,2026-09-07 17:34:15.0,http://openapi.animal.go.kr/openapi/service/rest/fileDownloadSrvc/files/shelter/2026/09/202609071709521.jpg|http://openapi.animal.go.kr/openapi/service/rest/fileDownloadSrvc/files/shelter/2026/09/202609071709546.jpg,images/441409202600970_0.jpg|images/441409202600970_1.jpg
441409202600969,경기-김포-2026-00386,보호중,20260905,경기 김포시 대곶면 대곶로202번길 124,개,믹스견,[개] 믹스견,흰색,2022(년생),17(Kg),F,U,경계. 겁. 과체중. 코 분홍. 눈물 자국. 눈곱. 꼬리 단미 안됨. 털 약간 때탐. ,한국동물구조관리협회,031-867-9119,경기도 양주시 남면 감악산로 63-37 (남면) ,경기도 김포시,341409201400001,20260907,20260917,2026-09-07 17:34:15.0,http://openapi.animal.go.kr/openapi/service/rest/fileDownloadSrvc/files/shelter/2026/09/202609071709431.jpg|http://openapi.animal.go.kr/openapi/service/rest/fileDownloadSrvc/files/shelter/2026/09/202609071709443[1].jpg,images/441409202600969_0.jpg|images/441409202600969_1.jpg
441374202601080,경기-수원-2026-00452,보호중,20260905,팔달구 인계로 53(인계동),개,믹스견,[개] 믹스견,노란색,2025(년생),9.40(Kg),F,U,믹스견,수원시 동물보호센터,031-5191-3557,"경기도 수원시 영통구 광교호수로 234 (하동, 수원시 동물보호센터) 하동 40-10",경기도 수원시,341374202000001,20260907,20260917,2026-09-07 09:24:39.0,http://openapi.animal.go.kr/openapi/service/rest/fileDownloadSrvc/files/shelter/2026/09/202609070909451.jpg|http://openapi.animal.go.kr/openapi/service/rest/fileDownloadSrvc/files/shelter/2026/09/202609070909494.jpg,images/441374202601080_0.jpg|images/441374202601080_1.jpg
430367202600623,대전-유성-2026-00243,보호중,20260905,관평동 관평4거리 주변 ,개,믹스견,[개] 믹스견,흰색,2026(60일미만)(년생),6(Kg),F,U,10y,대전동물보호센터,042-270-7239,대전광역시 유성구 금남구즉로 1234 (금고동) 대전광역시 동물보호센터,대전광역시 유성구,330367200900001,20260907,20260917,2026-09-07 09:29:03.0,http://openapi.animal.go.kr/openapi/service/rest/fileDownloadSrvc/files/shelter/2026/09/202609070909429.png|http://openapi.animal.go.kr/openapi/service/rest/fileDownloadSrvc/files/shelter/2026/09/202609070909486.png,images/430367202600623_0.png|images/430367202600623_1.png
428357202601412,인천-강화-2026-00461,보호중,20260905,인화로 462-18 부근,개,믹스견,[개] 믹스견,갈색&흰색,2025(년생),11.3(Kg),F,N,온순함,베스트동물병원,032-934-9340,"인천광역시 강화군 강화읍 강화대로 217 (강화읍, 린나이보일러) ",인천광역시 강화군,328357200900001,20260907,20260917,2026-09-07 15:56:02.0,http://openapi.animal.go.kr/openapi/service/rest/fileDownloadSrvc/files/shelter/2026/09/202609071509810[2].jpg|http://openapi.animal.go.kr/openapi/service/rest/fileDownloadSrvc/files/shelter/2026/09/202609071509921[2].jpg,images/428357202601412_0.jpg|images/428357202601412_1.jpg
428357202601411,인천-강화-2026-00460,보호중,20260905,인화로 462-18 부근,개,믹스견,[개] 믹스견,갈색,2023(년생),10.1(Kg),F,N,온순함,베스트동물병원,032-934-9340,"인천광역시 강화군 강화읍 강화대로 217 (강화읍, 린나이보일러) ",인천광역시 강화군,328357200900001,20260907,20260917,2026-09-07 15:56:02.0,http://openapi.animal.go.kr/openapi/service/rest/fileDownloadSrvc/files/shelter/2026/09/202609071509994.jpg|http://openapi.animal.go.kr/openapi/service/rest/fileDownloadSrvc/files/shelter/2026/09/20260907150980.jpg,images/428357202601411_0.jpg|images/428357202601411_1.jpg
428356202601131,인천-서해-2026-00110,보호중,20260905,원신근린공원,개,이탈리안 그레이 하운드,[개] 이탈리안 그레이 하운드,황갈색,2022(년생),5.5(Kg),F,N,"신고자님이 구조 후 치료중, 너무 예쁨, 착함, 신고자 입양예정",가정동물병원,032-575-0833,인천광역시 서구 가정로 346 (가정동) ,인천광역시 서해구,328356201000001,20260907,20260917,2026-09-07 12:29:35.0,http://openapi.animal.go.kr/openapi/service/rest/fileDownloadSrvc/files/shelter/2026/09/202609051309354.jpg|http://openapi.animal.go.kr/openapi/service/rest/fileDownloadSrvc/files/shelter/2026/09/202609051309383.jpg,images/428356202601131_0.jpg|images/428356202601131_1.jpg
427348202600862,대구-달성-2026-00362,보호중,20260905,달성군 가창면 단산3길 64-8,개,믹스견,[개] 믹스견,검정&흰색,2025(년생),6.7(Kg),F,U,우측전지 교상,동인동물병원,053-424-4258,대구광역시 중구 동인동4가 국채보상로 724 (동인동4가) 가창면 관할,대구광역시 달성군,327348201700001,20260907,20260917,2026-09-07 10:48:06.0,http://openapi.animal.go.kr/openapi/service/rest/fileDownloadSrvc/files/shelter/2026/09/202609051309438.jpg|http://openapi.animal.go.kr/openapi/service/rest/fileDownloadSrvc/files/shelter/2026/09/202609051309501.jpg,images/427348202600862_0.jpg|images/427348202600862_1.jpg
427348202600861,대구-달성-2026-00361,보호중,20260905,다사읍 세천북로 37,개,요크셔 테리어,[개] 요크셔 테리어,갈색&검정,2021(년생),4(Kg),M,N,위생 불량,119동물병원,070-8028-1195,대구광역시 달성군 다사읍 달구벌대로 893 (다사읍) ,대구광역시 달성군,327348201700002,20260907,20260917,2026-09-07 10:48:06.0,http://openapi.animal.go.kr/openapi/service/rest/fileDownloadSrvc/files/shelter/2026/09/202609051209487.jpg|http://openapi.animal.go.kr/openapi/service/rest/fileDownloadSrvc/files/shelter/2026/09/202609051209747.jpg,images/427348202600861_0.jpg|images/427348202600861_1.jpg
426332202600494,부산-북구-2026-00298,보호중,20260905,와석장터로 14,개,믹스견,[개] 믹스견,검정&흰색,2026(60일미만)(년생),3.5(Kg),F,N,"겁이많음,빨간색목걸이를하고있음,약간의백내장,북구1-71",부산동물보호센터,051-832-7119,부산광역시 강서구 맥도강변길 752-15 (대저2동) ,부산광역시 북구,326332201000001,20260907,20260917,2026-09-07 18:46:02.0,http://openapi.animal.go.kr/openapi/service/rest/fileDownloadSrvc/files/shelter/2026/09/202609071809608.jpg|http://openapi.animal.go.kr/openapi/service/rest/fileDownloadSrvc/files/shelter/2026/09/202609071809628.jpg,images/426332202600494_0.jpg|images/426332202600494_1.jpg
426332202600493,부산-북구-2026-00297,보호중,20260905,북구청당직실,개,웰시 코기 카디건,[개] 웰시 코기 카디건,갈색&흰색,2026(60일미만)(년생),9(Kg),F,N,"온순하고사람을잘따름,탈수증상,덩치가큼,북구1-70",부산동물보호센터,051-832-7119,부산광역시 강서구 맥도강변길 752-15 (대저2동) ,부산광역시 북구,326332201000001,20260907,20260917,2026-09-07 18:45:56.0,http://openapi.animal.go.kr/openapi/service/rest/fileDownloadSrvc/files/shelter/2026/09/202609071809401[1].jpg|http://openapi.animal.go.kr/openapi/service/rest/fileDownloadSrvc/files/shelter/2026/09/202609071809421[2].jpg,images/426332202600493_0.jpg|images/426332202600493_1.jpg
413590202600139,광주-완도-2026-00029,보호중,20260905,신지명사십리 인근,개,믹스견,[개] 믹스견,흰색,2026(년생),3(Kg),M,N,흰색,유기동물임시보호센터,061-550-5749,전라남도 완도군 신지면 신지로6번길 23-89 (신지면) ,전남광주통합특별시 완도군,346499201300001,20260907,20260917,2026-09-07 10:46:34.0,http://openapi.animal.go.kr/openapi/service/rest/fileDownloadSrvc/files/shelter/2026/09/202609071009423.jpg|http://openapi.animal.go.kr/openapi/service/rest/fileDownloadSrvc/files/shelter/2026/09/202609071009467.jpg,images/413590202600139_0.jpg|images/413590202600139_1.jpg
413590202600138,광주-완도-2026-00028,보호중,20260905,신지명사십리 인근,개,믹스견,[개] 믹스견,흰색,2026(년생),3(Kg),M,N,흰색,유기동물임시보호센터,061-550-5749,전라남도 완도군 신지면 신지로6번길 23-89 (신지면) ,전남광주통합특별시 완도군,346499201300001,20260907,20260917,2026-09-07 10:44:45.0,http://openapi.animal.go.kr/openapi/service/rest/fileDownloadSrvc/files/shelter/2026/09/202609071009727.jpg|http://openapi.animal.go.kr/openapi/service/rest/fileDownloadSrvc/files/shelter/2026/09/202609071009763[1].jpg,images/413590202600138_0.jpg|images/413590202600138_1.jpg
411316202600569,서울-구로-2026-00135,보호중,20260905,서울 구로구 평강교회 인근,개,비숑 프리제,[개] 비숑 프리제,흰색,2022(년생),4(Kg),M,N,온순. 겁 조금. 얌전. 하네스/리드줄. 꼬리 단미 안됨. 털 상태 양호. ,한국동물구조관리협회,031-867-9119,경기도 양주시 남면 감악산로 63-37  ,서울특별시 구로구,311316201100001,20260907,20260917,2026-09-07 17:22:55.0,http://openapi.animal.go.kr/openapi/service/rest/fileDownloadSrvc/files/shelter/2026/09/202609071709922[2].jpg|http://openapi.animal.go.kr/openapi/service/rest/fileDownloadSrvc/files/shelter/2026/09/202609071709938.jpg,images/411316202600569_0.jpg|images/411316202600569_1.jpg
413578202601688,광주-목포-2026-00104,보호중,20260905,비파@부근(08:30),개,믹스견,[개] 믹스견,흰색,2023(년생),6.5(Kg),F,N,"체구가 작고 미용됨, 순하고 잘따르고 영리함",목포시유기동물보호소,010-9678-9966,전라남도 무안군 삼향읍 석매길 36  ,전남광주통합특별시 목포시,346480201000001,20260906,20260916,2026-09-06 19:44:19.0,http://openapi.animal.go.kr/openapi/service/rest/fileDownloadSrvc/files/shelter/2026/09/202609061909336.jpg|http://openapi.animal.go.kr/openapi/service/rest/fileDownloadSrvc/files/shelter/2026/09/202609061909149.jpg,images/413578202601688_0.jpg|images/413578202601688_1.jpg
448567202601202,경남-창원1-2026-00623,보호중,20260905,진해구 경화주공아파트 101동 주차장,개,믹스견,[개] 믹스견,갈색,2025(년생),10(Kg),M,N,"착용품 없음, 목줄 했던 흔적 있음",창원동물보호센터,055-225-5701,경상남도 창원시 성산구 공단로474번길 117 (상복동) 창원동물보호센터,경상남도 창원시 의창성산구,348527200900001,20260905,20260915,2026-09-05 13:28:38.0,http://openapi.animal.go.kr/openapi/service/rest/fileDownloadSrvc/files/shelter/2026/09/202609051309850.jpg|http://openapi.animal.go.kr/openapi/service/rest/fileDownloadSrvc/files/shelter/2026/09/202609051309872.jpg,images/448567202601202_0.jpg|images/448567202601202_1.jpg
447512202600607,경북-문경-2026-00292,보호중,20260905,가은도탄길11,개,믹스견,[개] 믹스견,황갈색,2026(60일미만)(년생),3.7(Kg),F,N,유기된 2개월령 새끼2마리 ,종합축산,054-552-2233,경상북도 문경시 중앙로 170 (흥덕동) 종합축산,경상북도 문경시,347512201700001,20260905,20260914,2026-09-05 15:01:08.0,http://openapi.animal.go.kr/openapi/service/rest/fileDownloadSrvc/files/shelter/2026/09/202609051509479.jpg|http://openapi.animal.go.kr/openapi/service/rest/fileDownloadSrvc/files/shelter/2026/09/202609051509700.jpg,images/447512202600607_0.jpg|images/447512202600607_1.jpg
447512202600606,경북-문경-2026-00291,보호중,20260905,가은도탄길11,개,믹스견,[개] 믹스견,흰색,2026(60일미만)(년생),3.5(Kg),M,N,유기된 2개월령 새끼2마리 ,종합축산,054-552-2233,경상북도 문경시 중앙로 170 (흥덕동) 종합축산,경상북도 문경시,347512201700001,20260905,20260914,2026-09-05 15:01:08.0,http://openapi.animal.go.kr/openapi/service/rest/fileDownloadSrvc/files/shelter/2026/09/202609051409798.jpg|http://openapi.animal.go.kr/openapi/service/rest/fileDownloadSrvc/files/shelter/2026/09/202609051409914.jpg,images/447512202600606_0.jpg|images/447512202600606_1.jpg
447509202600225,경북-영주-2026-00221,보호중,20260905,문수로 1406번길 156-32,개,믹스견,[개] 믹스견,밤색&흰색,2026(년생),7.5(Kg),F,U,순함. 경계성 있음.,영주시 동물보호센터,054-631-3997,경상북도 영주시 장수면 반구로 143 [*미고시] 영주시동물보호센터,경상북도 영주시,347509200900001,20260905,20260915,2026-09-05 13:58:44.0,http://openapi.animal.go.kr/openapi/service/rest/fileDownloadSrvc/files/shelter/2026/09/202609051309580.jpg|http://openapi.animal.go.kr/openapi/service/rest/fileDownloadSrvc/files/shelter/2026/09/202609051309138.jpg,images/447509202600225_0.jpg|images/447509202600225_1.jpg
447505202600874,경북-경주-2026-00702,보호중,20260905,양남면 하서리 1214부근,개,말티즈,[개] 말티즈,흰색,2021(년생),4.5(Kg),M,Y,"발견당시 파란옷 착용, 성격 좋음, 피부병 있음.",경주동물사랑보호센터,010-8889-2883,경상북도 경주시 천북면 천북로 8-4  경주시 동물사랑보호센터,경상북도 경주시,347505201700001,20260905,20260915,2026-09-05 10:20:23.0,http://openapi.animal.go.kr/openapi/service/rest/fileDownloadSrvc/files/shelter/2026/09/202609051009822.jpg|http://openapi.animal.go.kr/openapi/service/rest/fileDownloadSrvc/files/shelter/2026/09/202609051009864.jpg,images/447505202600874_0.jpg|images/447505202600874_1.jpg
447502202600755,경북-포항-2026-00583,보호중,20260905,경상북도 포항시 북구 법원로 117 포항장성고등학교,개,푸들,[개] 푸들,검정&흰색,2026(년생),2(Kg),M,N,"3개월 (말티푸)추정 , 덥수룩한 검은 털 사이로 보이는 예쁜 눈망울 보유 , 사람 엄청좋아 하고 애교 많음 ",(사)영일동물플러스,054-262-8295,경상북도 포항시 북구 흥해읍 덕장길 224 (흥해읍) ,경상북도 포항시,347502201600001,20260905,20260915,2026-09-05 17:49:35.0,http://openapi.animal.go.kr/openapi/service/rest/fileDownloadSrvc/files/shelter/2026/09/202609051709803.jpg|http://openapi.animal.go.kr/openapi/service/rest/fileDownloadSrvc/files/shelter/2026/09/202609051709843.jpg,images/447502202600755_0.jpg|images/447502202600755_1.jpg
447502202600754,경북-포항-2026-00582,보호중,20260905,경상북도 포항시 북구 법원로 117 포항장성고등학교,개,푸들,[개] 푸들,검정&흰색,2026(년생),2.5(Kg),M,N,"3개월 (말티푸)추정 , 긴 털속에 숨은 초롱초롱한 눈 보유 , 사람 엄청좋아 하고 애교 많음 ",(사)영일동물플러스,054-262-8295,경상북도 포항시 북구 흥해읍 덕장길 224 (흥해읍) ,경상북도 포항시,347502201600001,20260905,20260915,2026-09-05 17:49:34.0,http://openapi.animal.go.kr/openapi/service/rest/fileDownloadSrvc/files/shelter/2026/09/202609051709886[1].jpg|http://openapi.animal.go.kr/openapi/service/rest/fileDownloadSrvc/files/shelter/2026/09/202609051709938.jpg,images/447502202600754_0.jpg|images/447502202600754_1.jpg
447502202600752,경북-포항-2026-00580,보호중,20260905,경상북도 포항시 남구 오천읍 냉천로 318 문덕파출소,개,믹스견,[개] 믹스견,갈색&흰색,2025(년생),5(Kg),F,N,"1세 추정 , 애교 많고 사람 좋아함 에너지가 넘치는 중 , 갈색의 점박이 패턴 보유",(사)영일동물플러스,054-262-8295,경상북도 포항시 북구 흥해읍 덕장길 224 (흥해읍) ,경상북도 포항시,347502201600001,20260905,20260915,2026-09-05 17:49:34.0,http://openapi.animal.go.kr/openapi/service/rest/fileDownloadSrvc/files/shelter/2026/09/202609051709942.jpg|http://openapi.animal.go.kr/openapi/service/rest/fileDownloadSrvc/files/shelter/2026/09/202609051709998.jpg,images/447502202600752_0.jpg|images/447502202600752_1.jpg
445472202600509,전북-완주-2026-00197,보호중,20260905,화산면 누하길 127,개,믹스견,[개] 믹스견,흰색,2026(60일미만)(년생),2.0(Kg),M,N,2개월령 강아지,완주군유기동물보호소,063-290-3220,전북특별자치도 완주군 화산면 누하길 127  ,전북특별자치도 완주군,345472202300001,20260905,20260915,2026-09-05 11:14:52.0,http://openapi.animal.go.kr/openapi/service/rest/fileDownloadSrvc/files/shelter/2026/09/202609051109624[1].jpg|http://openapi.animal.go.kr/openapi/service/rest/fileDownloadSrvc/files/shelter/2026/09/202609051109244.jpg,images/445472202600509_0.jpg|images/445472202600509_1.jpg
445472202600508,전북-완주-2026-00196,보호중,20260905,화산면 누하길 127,개,믹스견,[개] 믹스견,흰색,2026(60일미만)(년생),2.0(Kg),M,N,2개월령 강아지,완주군유기동물보호소,063-290-3220,전북특별자치도 완주군 화산면 누하길 127  ,전북특별자치도 완주군,345472202300001,20260905,20260915,2026-09-05 11:13:02.0,http://openapi.animal.go.kr/openapi/service/rest/fileDownloadSrvc/files/shelter/2026/09/202609051109431.jpg|http://openapi.animal.go.kr/openapi/service/rest/fileDownloadSrvc/files/shelter/2026/09/202609051109103.jpg,images/445472202600508_0.jpg|images/445472202600508_1.jpg
444462202600594,충남-태안-2026-00345,보호중,20260905,태안읍 삼한길 224-141,개,믹스견,[개] 믹스견,황갈색,2023(년생),5(Kg),M,N,활발하고 잘따름,최동물병원,041-672-0346,충청남도 태안군 태안읍 남문리 504-6,충청남도 태안군,344462200900001,20260905,20260915,2026-09-05 12:08:01.0,http://openapi.animal.go.kr/openapi/service/rest/fileDownloadSrvc/files/shelter/2026/09/202609051209761.jpg|http://openapi.animal.go.kr/openapi/service/rest/fileDownloadSrvc/files/shelter/2026/09/202609051209775.jpg,images/444462202600594_0.jpg|images/444462202600594_1.jpg
444449202601586,충남-천안-2026-00469,보호중,20260905,서북구 직산읍 군동리 254,개,믹스견,[개] 믹스견,갈색&검정&흰색,2026(년생),4.1(Kg),F,N,"5개월 추정, 시바믹스, 순함, 하기 싫은거 할 때 예민함",천안시 동물보호센터,010-5913-5119,"충청남도 천안시 동남구 목천읍 충절로 577  문의전화 : 입양(010-5913-5119), 구조(010-4999-6119)",충청남도 천안시,344449202100001,20260905,20260915,2026-09-11 14:10:23.0,http://openapi.animal.go.kr/openapi/service/rest/fileDownloadSrvc/files/shelter/2026/09/202609051409195.jpg|http://openapi.animal.go.kr/openapi/service/rest/fileDownloadSrvc/files/shelter/2026/09/202609051409612.jpg,images/444449202601586_0.jpg|images/444449202601586_1.jpg
443447202600533,충북-음성-2026-00336,보호중,20260905,금왕읍 청평길 92-16,개,믹스견,[개] 믹스견,흰색,2024(년생),12(Kg),M,N,"청색 목사리, 쇠줄,온순함.",음성군 동물보호센터,043-877-3081,충청북도 음성군 삼성면 대금로 715-5  ,충청북도 음성군,343447202600001,20260905,20260915,2026-09-05 12:30:51.0,http://openapi.animal.go.kr/openapi/service/rest/fileDownloadSrvc/files/shelter/2026/09/202609051209611.jpg|http://openapi.animal.go.kr/openapi/service/rest/fileDownloadSrvc/files/shelter/2026/09/202609051209923.jpg,images/443447202600533_0.jpg|images/443447202600533_1.jpg
441553202602517,경기-화성-2026-01322,보호중,20260905,비봉면 남이로인근,개,믹스견,[개] 믹스견,갈색&흰색,2020(년생),5(Kg),F,U,사람 좋아함 / 애교많음 / 활발한 성격/ 칩 없음,화성시민동물보호센터,010-3969-1034,경기도 화성시 서신면 전곡항로 492  ,경기도 화성시,341553202500001,20260905,20260915,2026-09-05 15:31:04.0,http://openapi.animal.go.kr/openapi/service/rest/fileDownloadSrvc/files/shelter/2026/09/202609051409446.jpg|http://openapi.animal.go.kr/openapi/service/rest/fileDownloadSrvc/files/shelter/2026/09/202609051409344.jpg,images/441553202602517_0.jpg|images/441553202602517_1.jpg
441553202602516,경기-화성-2026-01321,보호중,20260905,비봉면 남이로 인근,개,믹스견,[개] 믹스견,갈색&흰색,2020(년생),5(Kg),F,U,활발한 성격 / 경계심 살짝 있음 / 똘망한 눈동자가 예쁜 강아지/칩 없음,화성시민동물보호센터,010-3969-1034,경기도 화성시 서신면 전곡항로 492  ,경기도 화성시,341553202500001,20260905,20260915,2026-09-05 15:31:04.0,http://openapi.animal.go.kr/openapi/service/rest/fileDownloadSrvc/files/shelter/2026/09/202609051409140.jpg|http://openapi.animal.go.kr/openapi/service/rest/fileDownloadSrvc/files/shelter/2026/09/20260905140985.jpg,images/441553202602516_0.jpg|images/441553202602516_1.jpg
427342202600590,대구-동구-2026-00274,보호중,20260905,금강동 잠수교,개,믹스견,[개] 믹스견,갈색&흰색,2020(년생),3.62(Kg),F,U,"피부병 심함, 사고추정 기립불가, 내장칩, 견주 연락 X",대구유기동물보호센터,053-964-6258,대구광역시 동구 금강로 151-13 (금강동) ,대구광역시 동구,327342201400001,20260905,20260915,2026-09-05 14:07:01.0,http://openapi.animal.go.kr/openapi/service/rest/fileDownloadSrvc/files/shelter/2026/09/20260905120937.jpg|http://openapi.animal.go.kr/openapi/service/rest/fileDownloadSrvc/files/shelter/2026/09/202609051409619.jpg,images/427342202600590_0.jpg
413588202600321,광주-함평-2026-00081,보호중,20260905,학교면 신평길 31,개,믹스견,[개] 믹스견,갈색&흰색,2026(년생),2.50(Kg),M,U,경계심,학교임시동물보호센터,010-5649-3435,전라남도 함평군 학교면 송산길 84 (학교면) 월산리 806-1 ,전남광주통합특별시 함평군,346496201800001,20260905,20260921,2026-09-05 07:30:15.0,http://openapi.animal.go.kr/openapi/service/rest/fileDownloadSrvc/files/shelter/2026/09/202609050709425.jpg|http://openapi.animal.go.kr/openapi/service/rest/fileDownloadSrvc/files/shelter/2026/09/202609050709870.jpg,images/413588202600321_0.jpg|images/413588202600321_1.jpg
413588202600320,광주-함평-2026-00080,보호중,20260905,학교면 신평길 31,개,믹스견,[개] 믹스견,갈색&흰색,2026(년생),2.50(Kg),F,U,경계심,학교임시동물보호센터,010-5649-3435,전라남도 함평군 학교면 송산길 84 (학교면) 월산리 806-1 ,전남광주통합특별시 함평군,346496201800001,20260905,20260921,2026-09-05 07:27:03.0,http://openapi.animal.go.kr/openapi/service/rest/fileDownloadSrvc/files/shelter/2026/09/202609050709154.jpg|http://openapi.animal.go.kr/openapi/service/rest/fileDownloadSrvc/files/shelter/2026/09/202609050709719.jpg,images/413588202600320_0.jpg|images/413588202600320_1.jpg
413588202600319,광주-함평-2026-00079,보호중,20260905,학교면 신평길 31,개,믹스견,[개] 믹스견,갈색&검정,2026(년생),2.50(Kg),F,U,경계심,학교임시동물보호센터,010-5649-3435,전라남도 함평군 학교면 송산길 84 (학교면) 월산리 806-1 ,전남광주통합특별시 함평군,346496201800001,20260905,20260921,2026-09-05 07:22:55.0,http://openapi.animal.go.kr/openapi/service/rest/fileDownloadSrvc/files/shelter/2026/09/202609050709419.jpg|http://openapi.animal.go.kr/openapi/service/rest/fileDownloadSrvc/files/shelter/2026/09/20260905070977.jpg,images/413588202600319_0.jpg|images/413588202600319_1.jpg
413588202600318,광주-함평-2026-00078,보호중,20260905,학교면 신평길 31,개,믹스견,[개] 믹스견,검정색,2025(년생),2.50(Kg),F,U,경계심,학교임시동물보호센터,010-5649-3435,전라남도 함평군 학교면 송산길 84 (학교면) 월산리 806-1 ,전남광주통합특별시 함평군,346496201800001,20260905,20260921,2026-09-05 07:18:38.0,http://openapi.animal.go.kr/openapi/service/rest/fileDownloadSrvc/files/shelter/2026/09/202609050709756.jpg|http://openapi.animal.go.kr/openapi/service/rest/fileDownloadSrvc/files/shelter/2026/09/202609050709685.jpg,images/413588202600318_0.jpg|images/413588202600318_1.jpg
413582202600650,광주-광산-2026-00082,보호중,20260905,광산구 우산동,개,믹스견,[개] 믹스견,갈색,2026(60일미만)(년생),2.6(Kg),F,N,26-0513 페퍼 칩없음,광주동물보호센터,062-613-6770,전남광주통합특별시 북구 본촌마을길 25-1 (본촌동) 광주동물보호센터,전남광주통합특별시 광산구,329363201300001,20260905,20260915,2026-09-05 14:31:32.0,http://openapi.animal.go.kr/openapi/service/rest/fileDownloadSrvc/files/shelter/2026/09/202609051409597.jpg|http://openapi.animal.go.kr/openapi/service/rest/fileDownloadSrvc/files/shelter/2026/09/202609051409633.jpg,images/413582202600650_0.jpg|images/413582202600650_1.jpg
413581202600324,광주-남구-2026-00041,보호중,20260905,남구 진월동,개,포메라니안,[개] 포메라니안,흰색,2026(60일미만)(년생),0.7(Kg),F,N," 26-0512 솔트, 공고기간 종료 후 입양상담 가능(공고기간 중 입양문의 받지 않음)",광주동물보호센터,062-613-6770,전남광주통합특별시 북구 본촌마을길 25-1 (본촌동) 광주동물보호센터,전남광주통합특별시 남구,329361201300001,20260905,20260915,2026-09-07 17:28:15.0,http://openapi.animal.go.kr/openapi/service/rest/fileDownloadSrvc/files/shelter/2026/09/202609051409517[1].jpg|http://openapi.animal.go.kr/openapi/service/rest/fileDownloadSrvc/files/shelter/2026/09/202609051409583.jpg,images/413581202600324_0.jpg|images/413581202600324_1.jpg
411323202600651,서울-송파-2026-00104,보호중,20260905,서울 송파구 올림픽로 326 (신천동) 인근,개,비숑 프리제,[개] 비숑 프리제,흰색,2022(년생),5(Kg),M,Y,온순. 활발. 꼬리 분홍색 염색 됨. 꼬리 단미 안됨. 털 상태 양호.,한국동물구조관리협회,031-867-9119,경기도 양주시 남면 감악산로 63-37 (남면) ,서울특별시 송파구,311323201100001,20260905,20260915,2026-09-05 18:17:45.0,http://openapi.animal.go.kr/openapi/service/rest/fileDownloadSrvc/files/shelter/2026/09/202609051809430.jpg|http://openapi.animal.go.kr/openapi/service/rest/fileDownloadSrvc/files/shelter/2026/09/202609051809442.jpg,images/411323202600651_0.jpg|images/411323202600651_1.jpg
411317202600351,서울-금천-2026-00090,보호중,20260905,"서울 금천구 가산로 147 (가산동, 가산지웰에스테이트)",개,푸들,[개] 푸들,흰색,2024(년생),4(Kg),F,U,온순. 얌전. 양 눈 눈곱. 꼬리 단미 안됨. 털 때탐.,한국동물구조관리협회,031-867-9119,경기도 양주시 남면 감악산로 63-37 (남면) ,서울특별시 금천구,311317201400001,20260905,20260915,2026-09-05 18:19:41.0,http://openapi.animal.go.kr/openapi/service/rest/fileDownloadSrvc/files/shelter/2026/09/202609051809229.jpg|http://openapi.animal.go.kr/openapi/service/rest/fileDownloadSrvc/files/shelter/2026/09/202609051809243.jpg,images/411317202600351_0.jpg|images/411317202600351_1.jpg
431373202601509,울산-울주-2026-00659,보호중,20260904,마근마을 부근,개,말티즈,[개] 말티즈,흰색,2018(년생),1.6(Kg),M,U,"사람좋아함,설사증상 조금있음",울산유기동물보호센터,052-238-6113,울산광역시 울주군 온양읍 발리 1144,울산광역시 울주군,331373201200002,20260910,20260921,2026-09-10 10:42:00.0,http://openapi.animal.go.kr/openapi/service/rest/fileDownloadSrvc/files/shelter/2026/09/202609101009135.jpg|http://openapi.animal.go.kr/openapi/service/rest/fileDownloadSrvc/files/shelter/2026/09/202609101009367.jpg,images/431373202601509_0.jpg|images/431373202601509_1.jpg
428355202600478,인천-계양-2026-00267,보호중,20260904,계산동 한미삼오아파트 관리실,개,말티즈,[개] 말티즈,흰색,2020(년생),4.0(Kg),M,Y,발목털 짧게 비용되있슴,신영재동물병원,032-552-0075,인천광역시 계양구 장제로 923 (병방동) ,인천광역시 계양구,328355200900001,20260910,20260921,2026-09-10 17:26:10.0,http://openapi.animal.go.kr/openapi/service/rest/fileDownloadSrvc/files/shelter/2026/09/202609072109153[1].jpg|http://openapi.animal.go.kr/openapi/service/rest/fileDownloadSrvc/files/shelter/2026/09/202609072109199.jpg,images/428355202600478_0.jpg|images/428355202600478_1.jpg
441559202601074,경기-양주-2026-00539,보호중,20260904,경기 양주시 회천남로 115 인근,개,기타,[개] 닥스훈트,기타(갈/검),2016(년생),6.5(Kg),M,N,친화적. 활발. 코 검정. 눈곱. 양 눈 백내장. 치석. 칩 있음. 꼬리 단미 안됨. 털 상태 양호.,한국동물구조관리협회,031-867-9119,경기도 양주시 남면 감악산로 63-37 (남면) ,경기도 양주시,341559200900001,20260909,20260921,2026-09-09 09:03:13.0,http://openapi.animal.go.kr/openapi/service/rest/fileDownloadSrvc/files/shelter/2026/09/202609051709288.jpg|http://openapi.animal.go.kr/openapi/service/rest/fileDownloadSrvc/files/shelter/2026/09/202609051709316[1].jpg,images/441559202601074_0.jpg|images/441559202601074_1.jpg
431373202601469,울산-울주-2026-00652,보호중,20260904,마근마을 부근,개,믹스견,[개] 믹스견,흰색,2020(년생),13(Kg),F,U,순하고 겁좀있음,울산유기동물보호센터,052-238-6113,울산광역시 울주군 온양읍 발리 1144,울산광역시 울주군,331373201200002,20260908,20260918,2026-09-08 08:58:43.0,http://openapi.animal.go.kr/openapi/service/rest/fileDownloadSrvc/files/shelter/2026/09/202609080809886.jpg|http://openapi.animal.go.kr/openapi/service/rest/fileDownloadSrvc/files/shelter/2026/09/202609080809416.jpg,images/431373202601469_0.jpg|images/431373202601469_1.jpg
431372202600715,울산-북구-2026-00358,보호중,20260904,상방로 81,개,푸들,[개] 푸들,갈색,2022(년생),7(Kg),F,U,온순함,울산유기동물보호센터,052-238-6113,울산광역시 울주군 온양읍 화산발리로 543  ,울산광역시 북구,331372201200001,20260908,20260918,2026-09-08 08:50:51.0,http://openapi.animal.go.kr/openapi/service/rest/fileDownloadSrvc/files/shelter/2026/09/202609080809239.jpg|http://openapi.animal.go.kr/openapi/service/rest/fileDownloadSrvc/files/shelter/2026/09/202609080809414.jpg,images/431372202600715_0.jpg|images/431372202600715_1.jpg
448545202600416,경남-산청-2026-00046,보호중,20260904,단성면 사월리 28-3,개,믹스견,[개] 믹스견,갈색,2020(년생),22.3(Kg),M,N,구조시 검정 목줄,산청동물보호센터,010-2050-8577,경상남도 산청군 산청읍 친환경로 2783-25 (산청읍) ,경상남도 산청군,348545201100002,20260907,20260917,2026-09-07 17:35:06.0,http://openapi.animal.go.kr/openapi/service/rest/fileDownloadSrvc/files/shelter/2026/09/202609071709339.jpg|http://openapi.animal.go.kr/openapi/service/rest/fileDownloadSrvc/files/shelter/2026/09/202609071709416.jpg,images/448545202600416_0.jpg|images/448545202600416_1.jpg
448545202600415,경남-산청-2026-00045,보호중,20260904,신안면 수월로 539,개,믹스견,[개] 믹스견,흰색,2020(년생),4.5(Kg),M,N,구조시 하네스 착용,산청동물보호센터,010-2050-8577,경상남도 산청군 산청읍 친환경로 2783-25 (산청읍) ,경상남도 산청군,348545201100002,20260907,20260917,2026-09-07 17:35:06.0,http://openapi.animal.go.kr/openapi/service/rest/fileDownloadSrvc/files/shelter/2026/09/202609071709263.jpg|http://openapi.animal.go.kr/openapi/service/rest/fileDownloadSrvc/files/shelter/2026/09/202609071709338[1].jpg,images/448545202600415_0.jpg|images/448545202600415_1.jpg
448545202600414,경남-산청-2026-00044,보호중,20260904,단성면 사월리 28-3,개,믹스견,[개] 믹스견,갈색,2020(년생),22.3(Kg),M,N,구조시 목줄없음,산청동물보호센터,010-2050-8577,경상남도 산청군 산청읍 친환경로 2783-25 (산청읍) ,경상남도 산청군,348545201100002,20260907,20260917,2026-09-07 17:35:05.0,http://openapi.animal.go.kr/openapi/service/rest/fileDownloadSrvc/files/shelter/2026/09/202609071709305.jpg|http://openapi.animal.go.kr/openapi/service/rest/fileDownloadSrvc/files/shelter/2026/09/202609071709376.jpg,images/448545202600414_0.jpg|images/448545202600414_1.jpg
448538202600474,경남-양산-2026-00188,보호중,20260904,동면법기리960-4 (지하차도),개,포메라니안,[개] 포메라니안,기타(황색검정),2019(년생),3.3(Kg),F,U,"황색검정,순함,유인틀포획",양산시 동물보호센터,055-392-5669,경상남도 양산시 동면 양산대로 618  양산시 농업기술센터,경상남도 양산시,348538200900001,20260907,20260917,2026-09-07 16:34:03.0,http://openapi.animal.go.kr/openapi/service/rest/fileDownloadSrvc/files/shelter/2026/09/202609071609206.jpg|http://openapi.animal.go.kr/openapi/service/rest/fileDownloadSrvc/files/shelter/2026/09/202609071609954.jpg,images/448538202600474_0.jpg|images/448538202600474_1.jpg
448535202601130,경남-김해-2026-00742,보호중,20260904,김해시 진영 한빛 도서관 부근,개,믹스견,[개] 믹스견,회색,2026(년생),3(Kg),M,U,"김해시-742,  3두 입소",(사)동물보호관리협회,051-971-6208,부산광역시 강서구 가락대로1283번길 25-2 (봉림동) ,경상남도 김해시,348535202400001,20260907,20260917,2026-09-07 10:42:26.0,http://openapi.animal.go.kr/openapi/service/rest/fileDownloadSrvc/files/shelter/2026/09/202609071009390.png|http://openapi.animal.go.kr/openapi/service/rest/fileDownloadSrvc/files/shelter/2026/09/202609071009510.png,images/448535202601130_0.png|images/448535202601130_1.png
448535202601129,경남-김해-2026-00741,보호중,20260904,김해시 진영 한빛 도서관 부근,개,믹스견,[개] 믹스견,회색,2026(년생),3(Kg),M,U,"김해시-741, 3두 입소",(사)동물보호관리협회,051-971-6208,부산광역시 강서구 가락대로1283번길 25-2 (봉림동) ,경상남도 김해시,348535202400001,20260907,20260917,2026-09-07 10:42:26.0,http://openapi.animal.go.kr/openapi/service/rest/fileDownloadSrvc/files/shelter/2026/09/202609071009714.png|http://openapi.animal.go.kr/openapi/service/rest/fileDownloadSrvc/files/shelter/2026/09/202609071009350.png,images/448535202601129_0.png|images/448535202601129_1.png
448535202601127,경남-김해-2026-00739,보호중,20260904,김해시 진영읍 서천마을 주차장 부근,개,믹스견,[개] 믹스견,갈색&흰색,2026(년생),3(Kg),F,U,김해시-739,(사)동물보호관리협회,051-971-6208,부산광역시 강서구 가락대로1283번길 25-2 (봉림동) ,경상남도 김해시,348535202400001,20260907,20260917,2026-09-07 10:42:25.0,http://openapi.animal.go.kr/openapi/service/rest/fileDownloadSrvc/files/shelter/2026/09/202609071009747.png|http://openapi.animal.go.kr/openapi/service/rest/fileDownloadSrvc/files/shelter/2026/09/202609071009776.png,images/448535202601127_0.png|images/448535202601127_1.png
444459202600240,충남-청양-2026-00050,보호중,20260904,남양면 구룡리 인근,개,믹스견,[개] 믹스견,흰색,2026(60일미만)(년생),2(Kg),M,N,조용하고 사람을 잘 따름,청양보호소,041-940-2978,충청남도 청양군 대치면 청산로 446-17 (대치면) ,충청남도 청양군,344459202000001,20260907,20260916,2026-09-06 15:06:29.0,http://openapi.animal.go.kr/openapi/service/rest/fileDownloadSrvc/files/shelter/2026/09/202609061509855.jpg|http://openapi.animal.go.kr/openapi/service/rest/fileDownloadSrvc/files/shelter/2026/09/202609061509893.jpg,images/444459202600240_0.jpg|images/444459202600240_1.jpg
444450202600586,충남-공주-2026-00218,보호중,20260904,"사곡면 유구마곡사로 660, 쑥고개 쉼터 주변",개,믹스견,[개] 믹스견,흰색,2023(년생),6.5(Kg),M,N,"3마리 구조, 목줄, 심장사상충&파보 음성, 종합&광견병 백신, 심장사상충약",공주시 동물보호센터,041-840-3495,충청남도 공주시 우성면 내산목천길 52-15  ,충청남도 공주시,344450202200001,20260907,20260921,2026-09-07 09:58:39.0,http://openapi.animal.go.kr/openapi/service/rest/fileDownloadSrvc/files/shelter/2026/09/202609070909510.jpg|http://openapi.animal.go.kr/openapi/service/rest/fileDownloadSrvc/files/shelter/2026/09/202609070909528.jpg,images/444450202600586_0.jpg|images/444450202600586_1.jpg
444450202600585,충남-공주-2026-00217,보호중,20260904,"사곡면 유구마곡사로 660, 쑥고개 쉼터 주변",개,믹스견,[개] 믹스견,갈색&흰색,2026(년생),7.8(Kg),F,U,"6개월, 3마리 구조, 심장사상충&파보 음성, 종합&광견병 백신, 심장사상충약, 우안 화농성 눈곱",공주시 동물보호센터,041-840-3495,충청남도 공주시 우성면 내산목천길 52-15  ,충청남도 공주시,344450202200001,20260907,20260921,2026-09-07 09:55:59.0,http://openapi.animal.go.kr/openapi/service/rest/fileDownloadSrvc/files/shelter/2026/09/202609070909343[1].jpg|http://openapi.animal.go.kr/openapi/service/rest/fileDownloadSrvc/files/shelter/2026/09/202609070909358.jpg,images/444450202600585_0.jpg|images/444450202600585_1.jpg
444450202600584,충남-공주-2026-00216,보호중,20260904,"사곡면 유구마곡사로 660, 쑥고개 쉼터 주변",개,믹스견,[개] 믹스견,갈색&흰색,2026(년생),8.2(Kg),M,N,"6개월, 3마리 구조, 심장사상충&파보 음성, 종합&광견병 백신, 심장사상충약",공주시 동물보호센터,041-840-3495,충청남도 공주시 우성면 내산목천길 52-15  ,충청남도 공주시,344450202200001,20260907,20260921,2026-09-07 09:51:31.0,http://openapi.animal.go.kr/openapi/service/rest/fileDownloadSrvc/files/shelter/2026/09/20260907090935[1].jpg|http://openapi.animal.go.kr/openapi/service/rest/fileDownloadSrvc/files/shelter/2026/09/20260907090949.jpg,images/444450202600584_0.jpg|images/444450202600584_1.jpg
443445202600622,충북-진천-2026-00289,보호중,20260904,광혜원면 화랑길 64-14,개,말티즈,[개] 말티즈,흰색,2022(년생),4(Kg),M,U,"피모는 미용흔적있음, 온순함/마이크로칩없음, 심장사상충검사 음성/전반적인 건강은 양호함",증평 가정견 훈련소,010-3169-1151,충청북도 증평군 도안면 입장길 239  ,충청북도 진천군,343445202200001,20260907,20260917,2026-09-07 09:27:14.0,http://openapi.animal.go.kr/openapi/service/rest/fileDownloadSrvc/files/shelter/2026/09/202609070909397.jpg|http://openapi.animal.go.kr/openapi/service/rest/fileDownloadSrvc/files/shelter/2026/09/202609070909496.jpg,images/443445202600622_0.jpg|images/443445202600622_1.jpg
442420202600468,강원-강릉-2026-00268,보호중,20260904,해안로 페션 앞,개,믹스견,[개] 믹스견,갈색&흰색,2025(년생),6(Kg),F,N,온순함,강릉시 동물사랑센터,033-641-7515,강원도 강릉시 성산면 내맬길 172  ,강원특별자치도 강릉시,342420201500001,20260907,20260917,2026-09-09 14:46:49.0,http://openapi.animal.go.kr/openapi/service/rest/fileDownloadSrvc/files/shelter/2026/09/202609071609989[1].jpg|http://openapi.animal.go.kr/openapi/service/rest/fileDownloadSrvc/files/shelter/2026/09/202609071609737.jpg,images/442420202600468_0.jpg|images/442420202600468_1.jpg
441559202601082,경기-양주-2026-00534,보호중,20260904,경기 양주시 남면 삼일로 851-34 인근,개,믹스견,[개] 믹스견,갈색&흰색,2020(년생),3(Kg),F,U,온순. 얌전. 코 팥죽색. 눈곱. 눈물자국. 유선발달. 치석. 꼬리 단미 안됨. 털 상태 양호.,한국동물구조관리협회,031-867-9119,경기도 양주시 남면 감악산로 63-37 (남면) ,경기도 양주시,341559200900001,20260907,20260917,2026-09-07 13:24:36.0,http://openapi.animal.go.kr/openapi/service/rest/fileDownloadSrvc/files/shelter/2026/09/202609051709942[1].jpg|http://openapi.animal.go.kr/openapi/service/rest/fileDownloadSrvc/files/shelter/2026/09/202609051709973.jpg,images/441559202601082_0.jpg|images/441559202601082_1.jpg
441559202601081,경기-양주-2026-00535,보호중,20260904,경기 양주시 남면 삼일로 851-34 인근,개,믹스견,[개] 믹스견,갈색&흰색,2020(년생),5.7(Kg),M,N,코분홍/검정. 눈곱. 진드기 오염. 치석. 피부질환. 부정교합. 온순. 얌전. ,한국동물구조관리협회,031-867-9119,경기도 양주시 남면 감악산로 63-37 (남면) ,경기도 양주시,341559200900001,20260907,20260917,2026-09-07 13:25:05.0,http://openapi.animal.go.kr/openapi/service/rest/fileDownloadSrvc/files/shelter/2026/09/202609051709351.jpg|http://openapi.animal.go.kr/openapi/service/rest/fileDownloadSrvc/files/shelter/2026/09/202609051709362.jpg,images/441559202601081_0.jpg|images/441559202601081_1.jpg
441559202601080,경기-양주-2026-00537,보호중,20260904,경기 양주시 남면 삼일로 851-34 인근,개,믹스견,[개] 믹스견,갈색&흰색,2020(년생),8.2(Kg),M,N,코 팥죽색. 눈곱. 눈물자국. 겁 있음. 얌전. 꼬리 단미 안됨. 털 상태 양호.,한국동물구조관리협회,031-867-9119,경기도 양주시 남면 감악산로 63-37 (남면) ,경기도 양주시,341559200900001,20260907,20260917,2026-09-07 13:26:15.0,http://openapi.animal.go.kr/openapi/service/rest/fileDownloadSrvc/files/shelter/2026/09/202609051709288[1].jpg|http://openapi.animal.go.kr/openapi/service/rest/fileDownloadSrvc/files/shelter/2026/09/202609051709299.jpg,images/441559202601080_0.jpg|images/441559202601080_1.jpg
441559202601079,경기-양주-2026-00538,보호중,20260904,경기 양주시 남면 삼일로 851-34 인근,개,믹스견,[개] 믹스견,갈색&흰색,2020(년생),4.8(Kg),F,U,코 팥죽색. 눈곱. 눈물자국. 유선 발달. 진드기 오염. 치석. 겁 있음. 얌전. 꼬리 단미 안됨.,한국동물구조관리협회,031-867-9119,경기도 양주시 남면 감악산로 63-37 (남면) ,경기도 양주시,341559200900001,20260907,20260917,2026-09-07 13:26:37.0,http://openapi.animal.go.kr/openapi/service/rest/fileDownloadSrvc/files/shelter/2026/09/202609051709495.jpg|http://openapi.animal.go.kr/openapi/service/rest/fileDownloadSrvc/files/shelter/2026/09/202609051709509.jpg,images/441559202601079_0.jpg|images/441559202601079_1.jpg
441559202601078,경기-양주-2026-00536,보호중,20260904,경기 양주시 남면 삼일로 851-34 인근,개,믹스견,[개] 믹스견,갈색&흰색,2020(년생),3.4(Kg),F,U,코 팥죽색. 눈곱. 눈물자국. 유선발달. 진드기 오염. 치석. 겁 있음. 얌전. 꼬리 단미 안됨.,한국동물구조관리협회,031-867-9119,경기도 양주시 남면 감악산로 63-37 (남면) ,경기도 양주시,341559200900001,20260907,20260917,2026-09-07 13:25:42.0,http://openapi.animal.go.kr/openapi/service/rest/fileDownloadSrvc/files/shelter/2026/09/202609051709677.jpg|http://openapi.animal.go.kr/openapi/service/rest/fileDownloadSrvc/files/shelter/2026/09/202609051709688.jpg,images/441559202601078_0.jpg|images/441559202601078_1.jpg
441559202601077,경기-양주-2026-00533,보호중,20260904,경기 양주시 남면 삼일로 851-34 인근,개,믹스견,[개] 믹스견,갈색&흰색,2020(년생),3.1(Kg),F,U,코 팥죽색. 눈곱. 눈물자국. 유선발달. 진드기 오염. 치석. 겁 있음. 얌전. 꼬리 단미 안됨.,한국동물구조관리협회,031-867-9119,경기도 양주시 남면 감악산로 63-37 (남면) ,경기도 양주시,341559200900001,20260907,20260917,2026-09-07 13:24:10.0,http://openapi.animal.go.kr/openapi/service/rest/fileDownloadSrvc/files/shelter/2026/09/20260905170948.jpg|http://openapi.animal.go.kr/openapi/service/rest/fileDownloadSrvc/files/shelter/2026/09/20260905170960.jpg,images/441559202601077_0.jpg|images/441559202601077_1.jpg
441559202601076,경기-양주-2026-00532,보호중,20260904,경기 양주시 남면 삼일로 851-34 인근,개,믹스견,[개] 믹스견,갈색&흰색,2020(년생),7.9(Kg),F,U,코분홍/검정. 눈곱. 진드기 오염. 유선발달. 치석. 겁 있음. 얌전. 꼬리 단미 안됨. 털 상태 양호.,한국동물구조관리협회,031-867-9119,경기도 양주시 남면 감악산로 63-37 (남면) ,경기도 양주시,341559200900001,20260907,20260917,2026-09-07 13:23:41.0,http://openapi.animal.go.kr/openapi/service/rest/fileDownloadSrvc/files/shelter/2026/09/20260905170930.jpg|http://openapi.animal.go.kr/openapi/service/rest/fileDownloadSrvc/files/shelter/2026/09/20260905170943.jpg,images/441559202601076_0.jpg|images/441559202601076_1.jpg
441559202601075,경기-양주-2026-00531,보호중,20260904,경기 양주시 남면 삼일로 851-34 인근,개,믹스견,[개] 믹스견,갈색&흰색,2020(년생),6(Kg),M,N,코 팥죽색. 눈곱. 눈물자국. 부정교합. 치석. 겁있음. 얌전. 꼬리 단미 안됨. 털 상태 양호.,한국동물구조관리협회,031-867-9119,경기도 양주시 남면 감악산로 63-37 (남면) ,경기도 양주시,341559200900001,20260907,20260917,2026-09-07 13:23:22.0,http://openapi.animal.go.kr/openapi/service/rest/fileDownloadSrvc/files/shelter/2026/09/202609051709560.jpg|http://openapi.animal.go.kr/openapi/service/rest/fileDownloadSrvc/files/shelter/2026/09/202609051709604.jpg,images/441559202601075_0.jpg|images/441559202601075_1.jpg
441559202601073,경기-양주-2026-00530,보호중,20260904,경기 양주시 남면 삼일로 851-34 인근,개,믹스견,[개] 믹스견,갈색&흰색,2020(년생),4.2(Kg),M,N,코 팥죽색. 눈곱. 눈물자국. 치석. 진드기 오염. 온순. 얌전. 꼬리 단미 안됨. 털 뭉침.,한국동물구조관리협회,031-867-9119,경기도 양주시 남면 감악산로 63-37 (남면) ,경기도 양주시,341559200900001,20260907,20260917,2026-09-07 13:22:52.0,http://openapi.animal.go.kr/openapi/service/rest/fileDownloadSrvc/files/shelter/2026/09/202609051709106[2].jpg|http://openapi.animal.go.kr/openapi/service/rest/fileDownloadSrvc/files/shelter/2026/09/202609051709126.jpg,images/441559202601073_0.jpg|images/441559202601073_1.jpg
441559202601072,경기-양주-2026-00529,보호중,20260904,경기 양주시 남면 삼일로 851-34 인근,개,믹스견,[개] 믹스견,흰색,2020(년생),5.8(Kg),M,N,온순. 얌전. 겁. 꼬리 단미 안됨. 털 약간 때탐.,한국동물구조관리협회,031-867-9119,경기도 양주시 남면 감악산로 63-37 (남면) ,경기도 양주시,341559200900001,20260907,20260917,2026-09-07 13:22:25.0,http://openapi.animal.go.kr/openapi/service/rest/fileDownloadSrvc/files/shelter/2026/09/202609051709929.jpg|http://openapi.animal.go.kr/openapi/service/rest/fileDownloadSrvc/files/shelter/2026/09/202609051709941.jpg,images/441559202601072_0.jpg|images/441559202601072_1.jpg
431373202601464,울산-울주-2026-00648,보호중,20260904,방말길7,개,믹스견,[개] 믹스견,갈색&검정&흰색,2026(60일미만)(년생),5.1(Kg),M,N,겁많고까칠함,울산유기동물보호센터,052-238-6113,울산광역시 울주군 온양읍 발리 1144,울산광역시 울주군,331373201200002,20260907,20260917,2026-09-07 11:42:20.0,http://openapi.animal.go.kr/openapi/service/rest/fileDownloadSrvc/files/shelter/2026/09/202609071109460.jpg|http://openapi.animal.go.kr/openapi/service/rest/fileDownloadSrvc/files/shelter/2026/09/202609071109991.jpg,images/431373202601464_0.jpg|images/431373202601464_1.jpg
428357202601410,인천-강화-2026-00459,보호중,20260904,인화로 462-18 부근,개,믹스견,[개] 믹스견,흰색,2026(60일미만)(년생),0.60(Kg),F,N,생후 30일령 추정,베스트동물병원,032-934-9340,"인천광역시 강화군 강화읍 강화대로 217 (강화읍, 린나이보일러) ",인천광역시 강화군,328357200900001,20260907,20260917,2026-09-07 15:56:02.0,http://openapi.animal.go.kr/openapi/service/rest/fileDownloadSrvc/files/shelter/2026/09/202609071509654[2].jpg|http://openapi.animal.go.kr/openapi/service/rest/fileDownloadSrvc/files/shelter/2026/09/202609071509735[1].jpg,images/428357202601410_0.jpg|images/428357202601410_1.jpg
428357202601409,인천-강화-2026-00458,보호중,20260904,인화로 462-18 부근,개,믹스견,[개] 믹스견,흰색,2026(60일미만)(년생),0.74(Kg),F,N,생후 30일령 추정,베스트동물병원,032-934-9340,"인천광역시 강화군 강화읍 강화대로 217 (강화읍, 린나이보일러) ",인천광역시 강화군,328357200900001,20260907,20260917,2026-09-07 15:56:02.0,http://openapi.animal.go.kr/openapi/service/rest/fileDownloadSrvc/files/shelter/2026/09/202609071509423[1].jpg|http://openapi.animal.go.kr/openapi/service/rest/fileDownloadSrvc/files/shelter/2026/09/202609071509326[2].jpg,images/428357202601409_0.jpg|images/428357202601409_1.jpg
428357202601408,인천-강화-2026-00457,보호중,20260904,인화로 462-18 부근,개,믹스견,[개] 믹스견,흰색,2026(60일미만)(년생),0.60(Kg),F,N,생후 30일령 추정,베스트동물병원,032-934-9340,"인천광역시 강화군 강화읍 강화대로 217 (강화읍, 린나이보일러) ",인천광역시 강화군,328357200900001,20260907,20260917,2026-09-07 15:56:01.0,http://openapi.animal.go.kr/openapi/service/rest/fileDownloadSrvc/files/shelter/2026/09/202609071509209.jpg|http://openapi.animal.go.kr/openapi/service/rest/fileDownloadSrvc/files/shelter/2026/09/202609071509299.jpg,images/428357202601408_0.jpg|images/428357202601408_1.jpg
428357202601407,인천-강화-2026-00456,보호중,20260904,인화로 462-18 부근,개,믹스견,[개] 믹스견,흰색,2026(60일미만)(년생),0.70(Kg),F,N,생후 30일령 추정,베스트동물병원,032-934-9340,"인천광역시 강화군 강화읍 강화대로 217 (강화읍, 린나이보일러) ",인천광역시 강화군,328357200900001,20260907,20260917,2026-09-07 15:56:01.0,http://openapi.animal.go.kr/openapi/service/rest/fileDownloadSrvc/files/shelter/2026/09/202609071509270.jpg|http://openapi.animal.go.kr/openapi/service/rest/fileDownloadSrvc/files/shelter/2026/09/202609071509355.jpg,images/428357202601407_0.jpg|images/428357202601407_1.jpg
428357202601406,인천-강화-2026-00455,보호중,20260904,창후리314-5 부근,개,믹스견,[개] 믹스견,갈색,2021(년생),12.30(Kg),F,N,온순함,베스트동물병원,032-934-9340,"인천광역시 강화군 강화읍 강화대로 217 (강화읍, 린나이보일러) ",인천광역시 강화군,328357200900001,20260907,20260917,2026-09-07 15:56:01.0,http://openapi.animal.go.kr/openapi/service/rest/fileDownloadSrvc/files/shelter/2026/09/202609071409514[4].jpg|http://openapi.animal.go.kr/openapi/service/rest/fileDownloadSrvc/files/shelter/2026/09/202609071409634[1].jpg,images/428357202601406_0.jpg|images/428357202601406_1.jpg
427348202600859,대구-달성-2026-00359,보호중,20260904,하빈면 하산길 129-46,개,믹스견,[개] 믹스견,갈색&검정&흰색,2026(년생),2.8(Kg),M,N,"진드기 감염 심함, 유순함",119동물병원,070-8028-1195,대구광역시 달성군 다사읍 달구벌대로 893 (다사읍) ,대구광역시 달성군,327348201700002,20260907,20260917,2026-09-07 10:48:05.0,http://openapi.animal.go.kr/openapi/service/rest/fileDownloadSrvc/files/shelter/2026/08/202609041309679.jpg|http://openapi.animal.go.kr/openapi/service/rest/fileDownloadSrvc/files/shelter/2026/08/202609041309725.jpg,images/427348202600859_0.jpg|images/427348202600859_1.jpg
427348202600858,대구-달성-2026-00358,보호중,20260904,옥포 세광 무지개 아파트 ,개,푸들,[개] 푸들,갈색,2025(년생),4.1(Kg),M,N,등록칩 없음. 온순함. 말티푸 외형 ,화원연합동물병원,053-634-7975,대구광역시 달성군 화원읍 사문진로 447 (화원읍) 화원읍 관할,대구광역시 달성군,327348201500004,20260907,20260917,2026-09-07 10:48:05.0,http://openapi.animal.go.kr/openapi/service/rest/fileDownloadSrvc/files/shelter/2026/08/202609041009728.jpg|http://openapi.animal.go.kr/openapi/service/rest/fileDownloadSrvc/files/shelter/2026/08/202609041009831.jpg,images/427348202600858_0.jpg|images/427348202600858_1.jpg
411313202600307,서울-마포-2026-00125,보호중,20260904,마포구청,개,믹스견,[개] 믹스견,갈색&검정&흰색,2013(년생),10(Kg),F,U,노견 심장질환 상태나쁨,홍익동물병원,02-325-2026,서울특별시 마포구 독막로 45 (합정동) ,서울특별시 마포구,311313201000017,20260907,20260917,2026-09-05 10:05:37.0,http://openapi.animal.go.kr/openapi/service/rest/fileDownloadSrvc/files/shelter/2026/08/202609041409113.jpg|http://openapi.animal.go.kr/openapi/service/rest/fileDownloadSrvc/files/shelter/2026/08/202609041409210.jpg,images/411313202600307_0.jpg|images/411313202600307_1.jpg
411313202600305,서울-마포-2026-00123,보호중,20260904,도화우성아파트 12동 뒤 벤츠,개,말티즈,[개] 말티즈,흰색,2020(년생),1.96(Kg),F,N,연한녹색하네스 모히칸머리 눈물자국,홍익동물병원,02-325-2026,서울특별시 마포구 독막로 45 (합정동) ,서울특별시 마포구,311313201000017,20260907,20260917,2026-09-05 10:05:14.0,http://openapi.animal.go.kr/openapi/service/rest/fileDownloadSrvc/files/shelter/2026/08/202609041109315.jpg|http://openapi.animal.go.kr/openapi/service/rest/fileDownloadSrvc/files/shelter/2026/08/202609041109538.jpg,images/411313202600305_0.jpg|images/411313202600305_1.jpg
442419202600743,강원-원주-2026-00383,보호중,20260904,허니포레스트주차장,개,믹스견,[개] 믹스견,크림색,2023(년생),10(Kg),F,N,"목줄착용, 마른편, 성격은 온순하나, 케이지 들어가는것을 싫어함",원주시동물보호센터,033-731-1119,강원특별자치도 원주시 호저면 칠봉로 109-17  ,강원특별자치도 원주시,342419200900001,20260906,20260916,2026-09-06 20:30:12.0,http://openapi.animal.go.kr/openapi/service/rest/fileDownloadSrvc/files/shelter/2026/09/202609062009476.jpg|http://openapi.animal.go.kr/openapi/service/rest/fileDownloadSrvc/files/shelter/2026/09/202609062009502.jpg,images/442419202600743_0.jpg|images/442419202600743_1.jpg
413582202600651,광주-북구-2026-00085,보호중,20260904,북구 두암동,개,시츄,[개] 시츄,갈색&흰색,2021(년생),3.7(Kg),F,U,26-0508 쥬쥬 내장칩없음 복부종양,광주동물보호센터,062-613-6770,전남광주통합특별시 북구 본촌마을길 25-1 (본촌동) 광주동물보호센터,전남광주통합특별시 북구,329362201300001,20260906,20260916,2026-09-06 09:37:37.0,http://openapi.animal.go.kr/openapi/service/rest/fileDownloadSrvc/files/shelter/2026/09/202609060909723.png|http://openapi.animal.go.kr/openapi/service/rest/fileDownloadSrvc/files/shelter/2026/09/20260906090936.png,images/413582202600651_0.png|images/413582202600651_1.png
450650202602143,제주-제주-2026-02067,보호중,20260904,서귀포시 성산읍 섭지코지로107 섭지코지 인근 일주동로,개,푸들,[개] 푸들,회색,2026(년생),3.8(Kg),M,N,개체관리번호 1662 - 8개월,제주 동물보호센터,064-710-4065,제주특별자치도 제주시 첨단동길 184-14 (용강동) ,제주특별자치도,350650201200001,20260905,20260915,2026-09-05 10:20:35.0,http://openapi.animal.go.kr/openapi/service/rest/fileDownloadSrvc/files/shelter/2026/09/202609051009701.jpg|http://openapi.animal.go.kr/openapi/service/rest/fileDownloadSrvc/files/shelter/2026/09/202609051009713.jpg,images/450650202602143_0.jpg|images/450650202602143_1.jpg
450650202602142,제주-제주-2026-02066,보호중,20260904,서귀포시 남원읍 수망리 수망교차로 인근 갓길,개,믹스견,[개] 믹스견,검정색,2026(60일미만)(년생),2.7(Kg),M,N,개체관리번호 1661 - 6주차,제주 동물보호센터,064-710-4065,제주특별자치도 제주시 첨단동길 184-14 (용강동) ,제주특별자치도,350650201200001,20260905,20260915,2026-09-05 10:20:34.0,http://openapi.animal.go.kr/openapi/service/rest/fileDownloadSrvc/files/shelter/2026/09/202609051009235.jpg|http://openapi.animal.go.kr/openapi/service/rest/fileDownloadSrvc/files/shelter/2026/09/202609051009249.jpg,images/450650202602142_0.jpg|images/450650202602142_1.jpg
450650202602141,제주-제주-2026-02065,보호중,20260904,서귀포시 남원읍 수망리 수망교차로 인근 갓길,개,믹스견,[개] 믹스견,검정색,2026(60일미만)(년생),2.8(Kg),M,N,개체관리번호 1660 - 6주차/피부염,제주 동물보호센터,064-710-4065,제주특별자치도 제주시 첨단동길 184-14 (용강동) ,제주특별자치도,350650201200001,20260905,20260915,2026-09-05 10:20:34.0,http://openapi.animal.go.kr/openapi/service/rest/fileDownloadSrvc/files/shelter/2026/09/202609051009208.jpg|http://openapi.animal.go.kr/openapi/service/rest/fileDownloadSrvc/files/shelter/2026/09/202609051009221.jpg,images/450650202602141_0.jpg|images/450650202602141_1.jpg
450650202602140,제주-제주-2026-02064,보호중,20260904,서귀포시 남원읍 수망리 수망교차로 인근 갓길,개,믹스견,[개] 믹스견,검정색,2026(60일미만)(년생),2.7(Kg),F,N,개체관리번호 1659 - 6주차,제주 동물보호센터,064-710-4065,제주특별자치도 제주시 첨단동길 184-14 (용강동) ,제주특별자치도,350650201200001,20260905,20260915,2026-09-05 10:20:34.0,http://openapi.animal.go.kr/openapi/service/rest/fileDownloadSrvc/files/shelter/2026/09/202609051009601.jpg|http://openapi.animal.go.kr/openapi/service/rest/fileDownloadSrvc/files/shelter/2026/09/202609051009613.jpg,images/450650202602140_0.jpg|images/450650202602140_1.jpg
450650202602139,제주-제주-2026-02063,보호중,20260904,서귀포시 남원읍 수망리 수망교차로 인근 갓길,개,믹스견,[개] 믹스견,검정색,2026(60일미만)(년생),2.4(Kg),F,N,개체관리번호 1658 - 6주차,제주 동물보호센터,064-710-4065,제주특별자치도 제주시 첨단동길 184-14 (용강동) ,제주특별자치도,350650201200001,20260905,20260915,2026-09-05 10:20:34.0,http://openapi.animal.go.kr/openapi/service/rest/fileDownloadSrvc/files/shelter/2026/09/202609051009307.jpg|http://openapi.animal.go.kr/openapi/service/rest/fileDownloadSrvc/files/shelter/2026/09/202609051009324.jpg,images/450650202602139_0.jpg|images/450650202602139_1.jpg
450650202602138,제주-제주-2026-02062,보호중,20260904,서귀포시 남원읍 수망리 수망교차로 인근 갓길,개,믹스견,[개] 믹스견,검정색,2026(60일미만)(년생),2.9(Kg),F,N,개체관리번호 1657 - 6주차,제주 동물보호센터,064-710-4065,제주특별자치도 제주시 첨단동길 184-14 (용강동) ,제주특별자치도,350650201200001,20260905,20260915,2026-09-05 10:20:33.0,http://openapi.animal.go.kr/openapi/service/rest/fileDownloadSrvc/files/shelter/2026/09/202609051009818.jpg|http://openapi.animal.go.kr/openapi/service/rest/fileDownloadSrvc/files/shelter/2026/09/202609051009838.jpg,images/450650202602138_0.jpg|images/450650202602138_1.jpg
450650202602137,제주-제주-2026-02061,보호중,20260904,서귀포시 남원읍 수망리 수망교차로 인근 갓길,개,믹스견,[개] 믹스견,검정색,2026(60일미만)(년생),2.4(Kg),F,N,개체관리번호 1656 - 6주차,제주 동물보호센터,064-710-4065,제주특별자치도 제주시 첨단동길 184-14 (용강동) ,제주특별자치도,350650201200001,20260905,20260915,2026-09-05 10:20:33.0,http://openapi.animal.go.kr/openapi/service/rest/fileDownloadSrvc/files/shelter/2026/09/202609051009841.jpg|http://openapi.animal.go.kr/openapi/service/rest/fileDownloadSrvc/files/shelter/2026/09/202609051009855.jpg,images/450650202602137_0.jpg|images/450650202602137_1.jpg
448567202601200,경남-창원1-2026-00621,보호중,20260904,마산합포구 가포초등학교,개,믹스견,[개] 믹스견,옅은 황색,2026(년생),7(Kg),M,N,"소방서 인계, 26년 2월생 추정, 착용품 없음",창원동물보호센터,055-225-5701,경상남도 창원시 성산구 공단로474번길 117 (상복동) 창원동물보호센터,경상남도 창원시 의창성산구,348527200900001,20260905,20260915,2026-09-05 08:11:45.0,http://openapi.animal.go.kr/openapi/service/rest/fileDownloadSrvc/files/shelter/2026/09/20260905080937.jpg|http://openapi.animal.go.kr/openapi/service/rest/fileDownloadSrvc/files/shelter/2026/09/202609050809908.jpg,images/448567202601200_0.jpg|images/448567202601200_1.jpg
448567202601199,경남-창원1-2026-00620,보호중,20260904,마산회원구 합성동 269-4,개,푸들,[개] 푸들,흰색,2020(년생),4(Kg),F,U,"착용품 없음, 샴푸 냄새",창원동물보호센터,055-225-5701,경상남도 창원시 성산구 공단로474번길 117 (상복동) 창원동물보호센터,경상남도 창원시 의창성산구,348527200900001,20260905,20260915,2026-09-05 08:11:45.0,http://openapi.animal.go.kr/openapi/service/rest/fileDownloadSrvc/files/shelter/2026/09/202609050809519.jpg|http://openapi.animal.go.kr/openapi/service/rest/fileDownloadSrvc/files/shelter/2026/09/202609050809646.jpg,images/448567202601199_0.jpg|images/448567202601199_1.jpg
448536202600825,경남-밀양-2026-00476,보호중,20260904,삼랑진읍,개,믹스견,[개] 믹스견,흰색,2025(년생),9(Kg),M,N,"매우 순하고 애교쟁이, 예쁜 진도 얼굴",밀양시 동물보호센터,070-4113-7288,경상남도 밀양시 삼랑진읍 천태로 472 (삼랑진읍) ,경상남도 밀양시,348536201800001,20260905,20260914,2026-09-12 10:25:50.0,http://openapi.animal.go.kr/openapi/service/rest/fileDownloadSrvc/files/shelter/2026/09/202609051509665.jpg|http://openapi.animal.go.kr/openapi/service/rest/fileDownloadSrvc/files/shelter/2026/09/202609051509967.jpg,images/448536202600825_0.jpg|images/448536202600825_1.jpg
447507202600159,경북-안동-2026-00163,보호중,20260904,북후면 영명학교 부근,개,말티즈,[개] 말티즈,흰색,2024(년생),3.5(Kg),F,U,하네스착용 작은체형 순하고 영리함 산책잘함,유기동물보호센터,010-7703-1999,경상북도 안동시 서후면 풍산태사로 3252-29 (서후면) ,경상북도 안동시,347507200900001,20260905,20260914,2026-09-05 14:10:20.0,http://openapi.animal.go.kr/openapi/service/rest/fileDownloadSrvc/files/shelter/2026/09/202609051409378.jpg|http://openapi.animal.go.kr/openapi/service/rest/fileDownloadSrvc/files/shelter/2026/09/202609051409432.jpg,images/447507202600159_0.jpg|images/447507202600159_1.jpg
444461202600288,충남-예산-2026-00156,보호중,20260904,봉산면 봉림리 595-8,개,믹스견,[개] 믹스견,흰색,2026(년생),3(Kg),M,U,(입양전제 임시보호중)모견과 포획. 3개월령. 겁 먹었으나 착함. 약간 꼬리 흔들음. 얌전함,예산임시동물보호센터,041-339-7838,충청남도 예산군 예산읍 군청로 22  ,충청남도 예산군,344461202400001,20260905,20260914,2026-09-07 21:05:55.0,http://openapi.animal.go.kr/openapi/service/rest/fileDownloadSrvc/files/shelter/2026/09/202609051509333.jpg|http://openapi.animal.go.kr/openapi/service/rest/fileDownloadSrvc/files/shelter/2026/09/202609051509370.jpg,images/444461202600288_0.jpg|images/444461202600288_1.jpg
444461202600287,충남-예산-2026-00155,보호중,20260904,봉산면 봉림리 595-8,개,믹스견,[개] 믹스견,갈색&검정&흰색,2023(년생),7(Kg),F,U,자견과 포획. 착하고 귀여움. 얌전함. 조용함. 웃상 강아지,예산임시동물보호센터,041-339-7838,충청남도 예산군 예산읍 군청로 22  ,충청남도 예산군,344461202400001,20260905,20260914,2026-09-05 15:09:30.0,http://openapi.animal.go.kr/openapi/service/rest/fileDownloadSrvc/files/shelter/2026/09/202609051509416.jpg|http://openapi.animal.go.kr/openapi/service/rest/fileDownloadSrvc/files/shelter/2026/09/202609051509452.jpg,images/444461202600287_0.jpg|images/444461202600287_1.jpg
441560202600977,경기-포천-2026-00664,보호중,20260904,경기 포천시 군내면 유교로 209-27 인근,개,믹스견,[개] 믹스견,갈색&흰색,2024(년생),15.2(Kg),F,U,코 팥죽색. 눈곱. 겁 많음. 입질 심함. 꼬리 단미 안됨. 털 상태 양호.,한국동물구조관리협회,031-867-9119,경기도 양주시 남면 감악산로 63-37  ,경기도 포천시,341560201000002,20260905,20260915,2026-09-05 18:09:13.0,http://openapi.animal.go.kr/openapi/service/rest/fileDownloadSrvc/files/shelter/2026/09/202609051809709.jpg|http://openapi.animal.go.kr/openapi/service/rest/fileDownloadSrvc/files/shelter/2026/09/202609051809721.jpg,images/441560202600977_0.jpg|images/441560202600977_1.jpg
441560202600976,경기-포천-2026-00663,보호중,20260904,경기 포천시 군내면 유교로 209-27 인근,개,믹스견,[개] 믹스견,갈색&흰색,2024(년생),15.3(Kg),M,N,순함. 입질. 코 팥죽색. 눈곱. 겁있음. 꼬리 담미 안됨. 털 상태 양호.,한국동물구조관리협회,031-867-9119,경기도 양주시 남면 감악산로 63-37  ,경기도 포천시,341560201000002,20260905,20260915,2026-09-05 18:09:13.0,http://openapi.animal.go.kr/openapi/service/rest/fileDownloadSrvc/files/shelter/2026/09/202609051809638[1].jpg|http://openapi.animal.go.kr/openapi/service/rest/fileDownloadSrvc/files/shelter/2026/09/202609051809660.jpg,images/441560202600976_0.jpg|images/441560202600976_1.jpg
441560202600975,경기-포천-2026-00662,보호중,20260904,경기 포천시 영중면 금주리 214-7 인근,개,믹스견,[개] 믹스견,갈색&흰색,2024(년생),9.1(Kg),F,U,온순. 얌전. 유선발달. 코 팥죽색. 진드기 오염. 꼬리 단미 안됨. 털 상태 양호.,한국동물구조관리협회,031-867-9119,경기도 양주시 남면 감악산로 63-37  ,경기도 포천시,341560201000002,20260905,20260915,2026-09-05 18:09:13.0,http://openapi.animal.go.kr/openapi/service/rest/fileDownloadSrvc/files/shelter/2026/09/202609051809904.jpg|http://openapi.animal.go.kr/openapi/service/rest/fileDownloadSrvc/files/shelter/2026/09/202609051809915.jpg,images/441560202600975_0.jpg|images/441560202600975_1.jpg
441560202600974,경기-포천-2026-00661,보호중,20260904,경기 포천시 군내면 유교로 209-27 인근,개,믹스견,[개] 믹스견,흰색,2024(년생),11(Kg),F,U,순함. 겁. 얌전. 콧등 상처 흔적. 꼬리 단미 안됨. 털 상태 양호.,한국동물구조관리협회,031-867-9119,경기도 양주시 남면 감악산로 63-37  ,경기도 포천시,341560201000002,20260905,20260915,2026-09-05 18:09:13.0,http://openapi.animal.go.kr/openapi/service/rest/fileDownloadSrvc/files/shelter/2026/09/202609051809626.jpg|http://openapi.animal.go.kr/openapi/service/rest/fileDownloadSrvc/files/shelter/2026/09/202609051809638.jpg,images/441560202600974_0.jpg|images/441560202600974_1.jpg
441409202600968,경기-김포-2026-00385,보호중,20260904,경기 김포시 월곶면 고양로152번길 21 인근,개,믹스견,[개] 믹스견,기타(갈/검),2026(년생),2.3(Kg),F,U,코 검정. 눈곱. 우안 옆 상처. 겁 있음. 방어적 입질. 꼬리 단미 안됨. 털 상태 양호.,한국동물구조관리협회,031-867-9119,경기도 양주시 남면 감악산로 63-37 (남면) ,경기도 김포시,341409201400001,20260905,20260915,2026-09-05 18:12:08.0,http://openapi.animal.go.kr/openapi/service/rest/fileDownloadSrvc/files/shelter/2026/09/202609051809742.jpg|http://openapi.animal.go.kr/openapi/service/rest/fileDownloadSrvc/files/shelter/2026/09/202609051809772.jpg,images/441409202600968_0.jpg|images/441409202600968_1.jpg
441398202600363,경기-구리-2026-00142,보호중,20260904,경기 구리시 갈매순환로204번길 113 (갈매동) 인근,개,시츄,[개] 시츄,갈색&흰색,2018(년생),4(Kg),F,U,온순. 얌전. 안구 돌출. 치석 많음. 칩있음. 꼬리 단미 안됨. 털 상태 양호.,한국동물구조관리협회,031-867-9119,경기도 양주시 남면 감악산로 63-37  ,경기도 구리시,341398200900001,20260905,20260915,2026-09-05 17:59:39.0,http://openapi.animal.go.kr/openapi/service/rest/fileDownloadSrvc/files/shelter/2026/09/20260905170983.jpg|http://openapi.animal.go.kr/openapi/service/rest/fileDownloadSrvc/files/shelter/2026/09/20260905170997.jpg,images/441398202600363_0.jpg|images/441398202600363_1.jpg
441393202601086,경기-안산-2026-00636,보호중,20260904,대부119안전센터에서 인수,개,프렌치 불독,[개] 프렌치 불독,기타(흑갈),2020(년생),8(Kg),F,U,순함,한국야생동물보호협회,031-296-0124,경기도 안산시 상록구 청곡길 50 (부곡동) 안산시 상록구 부곡동 231-5,경기도 안산시,341393200900001,20260905,20260915,2026-09-05 16:08:48.0,http://openapi.animal.go.kr/openapi/service/rest/fileDownloadSrvc/files/shelter/2026/09/202609051509641[2].jpg|http://openapi.animal.go.kr/openapi/service/rest/fileDownloadSrvc/files/shelter/2026/09/202609051509676.jpg,images/441393202601086_0.jpg|images/441393202601086_1.jpg
441392202600201,경기-동두천-2026-00121,보호중,20260904,경기 동두천시 방죽로 23 (생연동),개,믹스견,[개] 믹스견,기타(노/흰),2023(년생),18(Kg),M,N,코 팥죽색. 눈곱. 검정 목걸이. 겁 있음. 얌전. 꼬리 단미 안됨. 털 상태 양호.,한국동물구조관리협회,031-867-9119,경기도 양주시 남면 감악산로 63-37 ,경기도 동두천시,341392201300001,20260905,20260915,2026-09-05 17:35:04.0,http://openapi.animal.go.kr/openapi/service/rest/fileDownloadSrvc/files/shelter/2026/09/202609051709421.jpg|http://openapi.animal.go.kr/openapi/service/rest/fileDownloadSrvc/files/shelter/2026/09/202609051709432.jpg,images/441392202600201_0.jpg|images/441392202600201_1.jpg
427345202600563,대구-북구-2026-00274,보호중,20260904,팔거천동로 32-36,개,믹스견,[개] 믹스견,흰색,2026(60일미만)(년생),1(Kg),M,N,"몸 가누지 못함, 상태 매우 나쁨",대구유기동물보호협회,053-964-6258,대구광역시 동구 금강로 151-13 (금강동) ,대구광역시 북구,327345201400001,20260905,20260915,2026-09-05 14:25:56.0,http://openapi.animal.go.kr/openapi/service/rest/fileDownloadSrvc/files/shelter/2026/09/202609051209746.jpg|http://openapi.animal.go.kr/openapi/service/rest/fileDownloadSrvc/files/shelter/2026/09/202609051409607.jpg,images/427345202600563_0.jpg
427342202600589,대구-동구-2026-00273,보호중,20260904,신천 119,개,믹스견,[개] 믹스견,검정&황갈색,2020(년생),18(Kg),M,N,기력 없음,대구유기동물보호센터,053-964-6258,대구광역시 동구 금강로 151-13 (금강동) ,대구광역시 동구,327342201400001,20260905,20260915,2026-09-05 14:07:08.0,http://openapi.animal.go.kr/openapi/service/rest/fileDownloadSrvc/files/shelter/2026/09/202609051109188.jpg|http://openapi.animal.go.kr/openapi/service/rest/fileDownloadSrvc/files/shelter/2026/09/202609051409331.jpg,images/427342202600589_0.jpg
413587202600224,광주-해남-2026-00066,보호중,20260904,해남읍 내사리,개,믹스견,[개] 믹스견,흰색,2023(년생),16.62(Kg),F,U,사람을 경계함. 목걸이 착용.,해남유기동물보호센터,061-531-3916,전라남도 해남군 해남읍 용머리길 14-37  ,전남광주통합특별시 해남군,346493200900001,20260905,20260915,2026-09-04 14:35:37.0,http://openapi.animal.go.kr/openapi/service/rest/fileDownloadSrvc/files/shelter/2026/08/202609041309273.jpg|http://openapi.animal.go.kr/openapi/service/rest/fileDownloadSrvc/files/shelter/2026/08/202609041309292.jpg,images/413587202600224_0.jpg|images/413587202600224_1.jpg
411320202600422,서울-관악-2026-00179,보호중,20260904,관악로30길,개,믹스견,[개] 믹스견,갈색&흰색,2023(년생),21(Kg),M,N,온순하며 목줄 착용,디아크 동물종합병원,02-816-7582,서울특별시 동작구 장승배기로27길 18 (노량진동) 1층,서울특별시 관악구,311320202400001,20260905,20260915,2026-09-05 16:04:10.0,http://openapi.animal.go.kr/openapi/service/rest/fileDownloadSrvc/files/shelter/2026/09/20260905140931.jpg|http://openapi.animal.go.kr/openapi/service/rest/fileDownloadSrvc/files/shelter/2026/09/202609051409123[1].jpg,images/411320202600422_0.jpg|images/411320202600422_1.jpg
411320202600421,서울-관악-2026-00178,보호중,20260904,관악로30길,개,믹스견,[개] 믹스견,갈색,2023(년생),18(Kg),M,N,약간 예민한 상태이며 목줄 착용,디아크 동물종합병원,02-816-7582,서울특별시 동작구 장승배기로27길 18 (노량진동) 1층,서울특별시 관악구,311320202400001,20260905,20260915,2026-09-05 16:03:31.0,http://openapi.animal.go.kr/openapi/service/rest/fileDownloadSrvc/files/shelter/2026/09/202609051409559.jpg|http://openapi.animal.go.kr/openapi/service/rest/fileDownloadSrvc/files/shelter/2026/09/202609051409600.jpg,images/411320202600421_0.jpg|images/411320202600421_1.jpg
448567202601196,경남-창원1-2026-00617,보호중,20260904,의창구 소답동 박성희소아과 밑 (소답시장 주변),개,푸들,[개] 푸들,흰색,2025(년생),3.4(Kg),F,U,"일반 인계 입소, 신고자께서 6월에 발견하시고 2달 정도 보호하셨다 함, 미용도 2번 하셨다고 함",창원동물보호센터,055-225-5701,경상남도 창원시 성산구 공단로474번길 117 (상복동) 창원동물보호센터,경상남도 창원시 의창성산구,348527200900001,20260904,20260914,2026-09-04 13:55:24.0,http://openapi.animal.go.kr/openapi/service/rest/fileDownloadSrvc/files/shelter/2026/08/202609041309431.jpg|http://openapi.animal.go.kr/openapi/service/rest/fileDownloadSrvc/files/shelter/2026/08/202609041309455[1].jpg,images/448567202601196_0.jpg|images/448567202601196_1.jpg
448544202600393,경남-하동-2026-00130,보호중,20260904,경상남도 하동군 악양면 상신대길 28-20,개,믹스견,[개] 믹스견,갈색,2021(년생),23.8(Kg),M,U,겁이많고 사람을 경계함.,하동군유기동물보호소,055-880-2677,경상남도 하동군 적량면 한옥정길 90 (적량면) 유기동물보호소,경상남도 하동군,348544201100001,20260904,20260914,2026-09-04 13:49:28.0,http://openapi.animal.go.kr/openapi/service/rest/fileDownloadSrvc/files/shelter/2026/08/202609041309413[1].jpg|http://openapi.animal.go.kr/openapi/service/rest/fileDownloadSrvc/files/shelter/2026/08/202609041309753.jpg,images/448544202600393_0.jpg|images/448544202600393_1.jpg
448544202600392,경남-하동-2026-00129,보호중,20260904,경상남도 하동군 북천면 직전1길 27,개,믹스견,[개] 믹스견,갈색&흰색,2026(년생),4.2(Kg),F,U,겁이많고 사람손을 타지 않음.,하동군유기동물보호소,055-880-2677,경상남도 하동군 적량면 한옥정길 90 (적량면) 유기동물보호소,경상남도 하동군,348544201100001,20260904,20260914,2026-09-04 13:49:28.0,http://openapi.animal.go.kr/openapi/service/rest/fileDownloadSrvc/files/shelter/2026/08/202609041309127.jpg|http://openapi.animal.go.kr/openapi/service/rest/fileDownloadSrvc/files/shelter/2026/08/202609041309600.jpg,images/448544202600392_0.jpg|images/448544202600392_1.jpg
448544202600391,경남-하동-2026-00128,보호중,20260904,경상남도 하동군 북천면 직전1길 27,개,믹스견,[개] 믹스견,밤색,2026(년생),3.6(Kg),F,U,겁이많고 사람손을 타지 않음.,하동군유기동물보호소,055-880-2677,경상남도 하동군 적량면 한옥정길 90 (적량면) 유기동물보호소,경상남도 하동군,348544201100001,20260904,20260914,2026-09-04 13:49:27.0,http://openapi.animal.go.kr/openapi/service/rest/fileDownloadSrvc/files/shelter/2026/08/202609041309947.jpg|http://openapi.animal.go.kr/openapi/service/rest/fileDownloadSrvc/files/shelter/2026/08/202609041309556.jpg,images/448544202600391_0.jpg|images/448544202600391_1.jpg
448544202600390,경남-하동-2026-00127,보호중,20260904,경상남도 하동군 진교면 구곡1길 23,개,믹스견,[개] 믹스견,검정색,2026(년생),4.1(Kg),F,U,겁이많고 사람손을 타지 않음.,하동군유기동물보호소,055-880-2677,경상남도 하동군 적량면 한옥정길 90 (적량면) 유기동물보호소,경상남도 하동군,348544201100001,20260904,20260914,2026-09-04 13:49:27.0,http://openapi.animal.go.kr/openapi/service/rest/fileDownloadSrvc/files/shelter/2026/08/202609041309681.jpg|http://openapi.animal.go.kr/openapi/service/rest/fileDownloadSrvc/files/shelter/2026/08/202609041309341.jpg,images/448544202600390_0.jpg|images/448544202600390_1.jpg
448544202600389,경남-하동-2026-00126,보호중,20260904,경상남도 하동군 진교면 구곡1길 23,개,믹스견,[개] 믹스견,갈색,2026(년생),2.2(Kg),F,N,겁이많고 사람손을 타지 않음.,하동군유기동물보호소,055-880-2677,경상남도 하동군 적량면 한옥정길 90 (적량면) 유기동물보호소,경상남도 하동군,348544201100001,20260904,20260914,2026-09-09 13:42:58.0,http://openapi.animal.go.kr/openapi/service/rest/fileDownloadSrvc/files/shelter/2026/08/202609041309299.jpg|http://openapi.animal.go.kr/openapi/service/rest/fileDownloadSrvc/files/shelter/2026/08/202609041309801[1].jpg,images/448544202600389_0.jpg|images/448544202600389_1.jpg
448543202600203,경남-남해-2026-00144,보호중,20260904,창선면 승마장,개,믹스견,[개] 믹스견,갈색&흰색,2026(년생),2(Kg),M,N,"특이사항없음,1차접종완료",남해군동물보호센터,055-860-3974,경상남도 남해군 이동면 남해대로 2449  동물보호센터,경상남도 남해군,348543201300001,20260904,20260914,2026-09-04 17:54:04.0,http://openapi.animal.go.kr/openapi/service/rest/fileDownloadSrvc/files/shelter/2026/08/202609041709234.jpg|http://openapi.animal.go.kr/openapi/service/rest/fileDownloadSrvc/files/shelter/2026/08/202609041709241.jpg,images/448543202600203_0.jpg|images/448543202600203_1.jpg
448531202601296,경남-진주-2026-00307,보호중,20260904,진주시 내동면 유수리 607-7,개,아메리칸 아키다,[개] 아메리칸 아키다,검정&흰색,2017(년생),28.5(Kg),M,N,순하고 착함 (힘이 강함),진주시동물보호센터,055-749-6134,"경상남도 진주시 집현면 신당길207번길 22 (집현면, 지역농업개발시설) ",경상남도 진주시,348531201000001,20260904,20260914,2026-09-07 10:07:21.0,http://openapi.animal.go.kr/openapi/service/rest/fileDownloadSrvc/files/shelter/2026/08/202609041709346.jpg|http://openapi.animal.go.kr/openapi/service/rest/fileDownloadSrvc/files/shelter/2026/08/202609041709376.jpg,images/448531202601296_0.jpg|images/448531202601296_1.jpg
448531202601295,경남-진주-2026-00306,보호중,20260904,진주시 미천면 벌당리 419-1,개,믹스견,[개] 믹스견,갈색,2025(년생),11.4(Kg),F,N,겁많고 방어적임 ,진주시동물보호센터,055-749-6134,"경상남도 진주시 집현면 신당길207번길 22 (집현면, 지역농업개발시설) ",경상남도 진주시,348531201000001,20260904,20260914,2026-09-04 16:34:34.0,http://openapi.animal.go.kr/openapi/service/rest/fileDownloadSrvc/files/shelter/2026/08/202609041609846.jpg|http://openapi.animal.go.kr/openapi/service/rest/fileDownloadSrvc/files/shelter/2026/08/202609041609868.jpg,images/448531202601295_0.jpg|images/448531202601295_1.jpg
447525202600372,경북-울진-2026-00153,보호중,20260904,울진읍,개,믹스견,[개] 믹스견,검정색,2025(년생),7(Kg),F,U,친근하고 온순함,울진군 동물보호센터,054-789-6795,경상북도 울진군 울진읍 대흥신림로 916-37  ,경상북도 울진군,347525202100001,20260904,20260914,2026-09-07 08:53:44.0,http://openapi.animal.go.kr/openapi/service/rest/fileDownloadSrvc/files/shelter/2026/08/202609041409147.jpg|http://openapi.animal.go.kr/openapi/service/rest/fileDownloadSrvc/files/shelter/2026/08/202609041409800.jpg,images/447525202600372_0.jpg|images/447525202600372_1.jpg
447525202600371,경북-울진-2026-00152,보호중,20260904,죽변면,개,믹스견,[개] 믹스견,흰색,2024(년생),15(Kg),F,U,친근하고 온순함,울진군 동물보호센터,054-789-6795,경상북도 울진군 울진읍 대흥신림로 916-37  ,경상북도 울진군,347525202100001,20260904,20260914,2026-09-04 14:57:23.0,http://openapi.animal.go.kr/openapi/service/rest/fileDownloadSrvc/files/shelter/2026/08/202609041409418.jpg|http://openapi.animal.go.kr/openapi/service/rest/fileDownloadSrvc/files/shelter/2026/08/202609041409966.jpg,images/447525202600371_0.jpg|images/447525202600371_1.jpg
447511202601123,경북-상주-2026-00301,보호중,20260904,상주시외서면백전1길마을회관부근,개,믹스견,[개] 믹스견,갈색&검정,2023(년생),4.50(Kg),F,U,주황색목줄착용상태로 구조되었음,상주시 동물보호센터,010-6682-1198,경상북도 상주시 사벌국면 상풍로 124  ,경상북도 상주시,347511202000001,20260904,20260914,2026-09-04 16:43:06.0,http://openapi.animal.go.kr/openapi/service/rest/fileDownloadSrvc/files/shelter/2026/08/202609041609955.jpg|http://openapi.animal.go.kr/openapi/service/rest/fileDownloadSrvc/files/shelter/2026/08/20260904160925[1].jpg,images/447511202601123_0.jpg|images/447511202601123_1.jpg
447508202601206,경북-구미-2026-00295,보호중,20260904,박정희로25길 8-4,개,말티즈,[개] 말티즈,흰색,2021(년생),6(Kg),F,N,온순하고 사람 잘 따름(주인행방불명),구미시 동물보호센터,054-481-5809,경상북도 구미시 옥성면 선상동로 1358  애니멀 케어 센터,경상북도 구미시,347508202000001,20260904,20260914,2026-09-04 11:33:07.0,http://openapi.animal.go.kr/openapi/service/rest/fileDownloadSrvc/files/shelter/2026/08/202609041109522.jpeg|http://openapi.animal.go.kr/openapi/service/rest/fileDownloadSrvc/files/shelter/2026/08/202609041109654.jpeg,images/447508202601206_0.jpeg|images/447508202601206_1.jpeg
447505202600873,경북-경주-2026-00701,보호중,20260904,에일린의 뜰 인근,개,기타,[개] 폼피츠,흰색,2026(60일미만)(년생),0.86(Kg),M,N,상자에 담겨진 채로 발견됐어요. 가족이 되어주세요!!,경주동물사랑보호센터,010-8889-2883,경상북도 경주시 천북면 천북로 8-4  경주시 동물사랑보호센터,경상북도 경주시,347505201700001,20260904,20260914,2026-09-04 14:55:13.0,http://openapi.animal.go.kr/openapi/service/rest/fileDownloadSrvc/files/shelter/2026/08/202609041409984.jpg|http://openapi.animal.go.kr/openapi/service/rest/fileDownloadSrvc/files/shelter/2026/08/202609041409134[1].jpg,images/447505202600873_0.jpg|images/447505202600873_1.jpg
447505202600872,경북-경주-2026-00700,보호중,20260904,강동산단로 2길 인근,개,믹스견,[개] 믹스견,흰색,2023(년생),10(Kg),F,N,경계심이 심하고 예민하여 친해지기위한 노력이 필요해요,경주동물사랑보호센터,010-8889-2883,경상북도 경주시 천북면 천북로 8-4  경주시 동물사랑보호센터,경상북도 경주시,347505201700001,20260904,20260914,2026-09-04 14:09:33.0,http://openapi.animal.go.kr/openapi/service/rest/fileDownloadSrvc/files/shelter/2026/08/20260904140949.jpg|http://openapi.animal.go.kr/openapi/service/rest/fileDownloadSrvc/files/shelter/2026/08/202609041409607.jpg,images/447505202600872_0.jpg|images/447505202600872_1.jpg
447502202600743,경북-포항-2026-00579,보호중,20260904,경상북도 포항시 북구 법원로 117 포항장성고등학교 인근,개,믹스견,[개] 믹스견,갈색,2024(년생),8(Kg),F,U,"초록색 목테착용,금빛털에 애교쟁이 공주님,막 집나온듯 매우 깨끗함",(사)영일동물플러스,054-262-8295,경상북도 포항시 북구 흥해읍 덕장길 224 (흥해읍) ,경상북도 포항시,347502201600001,20260904,20260914,2026-09-04 17:03:56.0,http://openapi.animal.go.kr/openapi/service/rest/fileDownloadSrvc/files/shelter/2026/08/202609041409549.jpg|http://openapi.animal.go.kr/openapi/service/rest/fileDownloadSrvc/files/shelter/2026/08/202609041409589.jpg,images/447502202600743_0.jpg|images/447502202600743_1.jpg
445479202600985,전북-부안-2026-00628,보호중,20260904,상서면 용동리길 65,개,믹스견,[개] 믹스견,흰색,2023(년생),8(Kg),F,N,순해보임,부안군 동물보호센터,063-580-4445,전북특별자치도 부안군 주산면 주산로 369  부안군 동물보호센터,전북특별자치도 부안군,345479202100001,20260904,20260921,2026-09-04 17:12:53.0,http://openapi.animal.go.kr/openapi/service/rest/fileDownloadSrvc/files/shelter/2026/08/202609041709898.jpg|http://openapi.animal.go.kr/openapi/service/rest/fileDownloadSrvc/files/shelter/2026/08/202609041709943.jpg,images/445479202600985_0.jpg|images/445479202600985_1.jpg
445479202600984,전북-부안-2026-00627,보호중,20260904,상서면 용동리길 65,개,믹스견,[개] 믹스견,흰색,2019(년생),12(Kg),F,N,경계심 있어보임,부안군 동물보호센터,063-580-4445,전북특별자치도 부안군 주산면 주산로 369  부안군 동물보호센터,전북특별자치도 부안군,345479202100001,20260904,20260921,2026-09-04 17:12:38.0,http://openapi.animal.go.kr/openapi/service/rest/fileDownloadSrvc/files/shelter/2026/08/202609041709312.jpg|http://openapi.animal.go.kr/openapi/service/rest/fileDownloadSrvc/files/shelter/2026/08/202609041709360.jpg,images/445479202600984_0.jpg|images/445479202600984_1.jpg
445468202602312,전북-익산-2026-01167,보호중,20260904,익산시 신용동 81-9,개,믹스견,[개] 믹스견,흰색,2022(년생),12(Kg),F,N,들개 생활을 해 경계가 심하고 마른 편임,익산유기동물보호소,063-855-1214,전북특별자치도 익산시 삼기면 황금로 342-17  ,전북특별자치도 익산시,345468201200001,20260904,20260914,2026-09-09 17:32:23.0,http://openapi.animal.go.kr/openapi/service/rest/fileDownloadSrvc/files/shelter/2026/08/202609041609960.jpg|http://openapi.animal.go.kr/openapi/service/rest/fileDownloadSrvc/files/shelter/2026/08/202609041609997.jpg,images/445468202602312_0.jpg|images/445468202602312_1.jpg
445468202602311,전북-익산-2026-01166,보호중,20260904,익산시 함열읍 다송리408-12 ,개,믹스견,[개] 믹스견,흰색,2026(60일미만)(년생),1(Kg),F,N,"생후 2개월에 접어든 것으로 보이며, 진드기가 많이 붙어있고 아주 순함",익산유기동물보호소,063-855-1214,전북특별자치도 익산시 삼기면 황금로 342-17  ,전북특별자치도 익산시,345468201200001,20260904,20260914,2026-09-09 17:32:10.0,http://openapi.animal.go.kr/openapi/service/rest/fileDownloadSrvc/files/shelter/2026/08/20260904160977.jpg|http://openapi.animal.go.kr/openapi/service/rest/fileDownloadSrvc/files/shelter/2026/08/202609041609114.jpg,images/445468202602311_0.jpg|images/445468202602311_1.jpg
445468202602310,전북-익산-2026-01165,보호중,20260904,익산시 함열읍 다송리408-12 ,개,믹스견,[개] 믹스견,흰색,2026(년생),1.2(Kg),M,N,"생후 2개월에 접어든 것으로 보이며, 진드기가 많이 붙어있고 아주 순함",익산유기동물보호소,063-855-1214,전북특별자치도 익산시 삼기면 황금로 342-17  ,전북특별자치도 익산시,345468201200001,20260904,20260914,2026-09-09 17:31:59.0,http://openapi.animal.go.kr/openapi/service/rest/fileDownloadSrvc/files/shelter/2026/08/202609041609426.jpg|http://openapi.animal.go.kr/openapi/service/rest/fileDownloadSrvc/files/shelter/2026/08/202609041609464.jpg,images/445468202602310_0.jpg|images/445468202602310_1.jpg
445468202602309,전북-익산-2026-01164,보호중,20260904,익산시 오산면 평동로 370,개,진도견,[개] 진도견,기타(회색),2026(60일미만)(년생),0.5(Kg),F,N,"생후 5일된 진도믹스로 추정되며, 통통하고 건강한 상태임",익산유기동물보호소,063-855-1214,전북특별자치도 익산시 삼기면 황금로 342-17  ,전북특별자치도 익산시,345468201200001,20260904,20260914,2026-09-09 17:31:46.0,http://openapi.animal.go.kr/openapi/service/rest/fileDownloadSrvc/files/shelter/2026/08/202609041609565.jpg|http://openapi.animal.go.kr/openapi/service/rest/fileDownloadSrvc/files/shelter/2026/08/202609041609606.jpg,images/445468202602309_0.jpg|images/445468202602309_1.jpg
445468202602308,전북-익산-2026-01163,보호중,20260904,익산시 오산면 평동로 370,개,진도견,[개] 진도견,기타(검정&흰색),2026(60일미만)(년생),0.5(Kg),F,N,"생후 5일된 진도믹스로 추정되며, 통통하고 건강한 상태임",익산유기동물보호소,063-855-1214,전북특별자치도 익산시 삼기면 황금로 342-17  ,전북특별자치도 익산시,345468201200001,20260904,20260914,2026-09-09 17:31:34.0,http://openapi.animal.go.kr/openapi/service/rest/fileDownloadSrvc/files/shelter/2026/08/202609041609717.jpg|http://openapi.animal.go.kr/openapi/service/rest/fileDownloadSrvc/files/shelter/2026/08/202609041609756.jpg,images/445468202602308_0.jpg|images/445468202602308_1.jpg
445468202602307,전북-익산-2026-01162,보호중,20260904,익산시 오산면 평동로 370,개,진도견,[개] 진도견,기타(검정&흰색),2026(60일미만)(년생),0.5(Kg),F,N,"생후 5일된 진도믹스로 추정되며, 통통하고 건강한 상태임",익산유기동물보호소,063-855-1214,전북특별자치도 익산시 삼기면 황금로 342-17  ,전북특별자치도 익산시,345468201200001,20260904,20260914,2026-09-09 17:31:16.0,http://openapi.animal.go.kr/openapi/service/rest/fileDownloadSrvc/files/shelter/2026/08/202609041609719[1].jpg|http://openapi.animal.go.kr/openapi/service/rest/fileDownloadSrvc/files/shelter/2026/08/202609041609758.jpg,images/445468202602307_0.jpg|images/445468202602307_1.jpg
445468202602306,전북-익산-2026-01161,보호중,20260904,익산시 오산면 평동로 370,개,진도견,[개] 진도견,기타(호피),2026(60일미만)(년생),0.5(Kg),M,N,"생후 5일된 진도믹스로 추정되며, 통통하고 건강한 상태임",익산유기동물보호소,063-855-1214,전북특별자치도 익산시 삼기면 황금로 342-17  ,전북특별자치도 익산시,345468201200001,20260904,20260914,2026-09-09 17:31:05.0,http://openapi.animal.go.kr/openapi/service/rest/fileDownloadSrvc/files/shelter/2026/08/202609041609694.jpg|http://openapi.animal.go.kr/openapi/service/rest/fileDownloadSrvc/files/shelter/2026/08/202609041609729.jpg,images/445468202602306_0.jpg|images/445468202602306_1.jpg
445468202602305,전북-익산-2026-01160,보호중,20260904,익산시 오산면 평동로 370,개,진도견,[개] 진도견,기타(호피),2026(60일미만)(년생),0.5(Kg),M,N,"생후 5일된 진도믹스로 추정되며, 통통하고 건강한 상태임",익산유기동물보호소,063-855-1214,전북특별자치도 익산시 삼기면 황금로 342-17  ,전북특별자치도 익산시,345468201200001,20260904,20260914,2026-09-09 17:26:33.0,http://openapi.animal.go.kr/openapi/service/rest/fileDownloadSrvc/files/shelter/2026/08/202609041609905[1].jpg|http://openapi.animal.go.kr/openapi/service/rest/fileDownloadSrvc/files/shelter/2026/08/202609041609978[1].jpg,images/445468202602305_0.jpg|images/445468202602305_1.jpg
445468202602304,전북-익산-2026-01159,보호중,20260904,익산시 오산면 평동로 370,개,진도견,[개] 진도견,흰색,2024(년생),15(Kg),F,N,경계가 심함,익산유기동물보호소,063-855-1214,전북특별자치도 익산시 삼기면 황금로 342-17  ,전북특별자치도 익산시,345468201200001,20260904,20260914,2026-09-09 17:26:19.0,http://openapi.animal.go.kr/openapi/service/rest/fileDownloadSrvc/files/shelter/2026/08/202609041509513.jpg|http://openapi.animal.go.kr/openapi/service/rest/fileDownloadSrvc/files/shelter/2026/08/202609041509549.jpg,images/445468202602304_0.jpg|images/445468202602304_1.jpg
445468202602302,전북-익산-2026-01157,보호중,20260904,익산시 함라면 양산길 29-4,개,믹스견,[개] 믹스견,흰색,2025(년생),11(Kg),M,N,"진도믹스로, 마른 편이며 조금 경계심이 있음",익산유기동물보호소,063-855-1214,전북특별자치도 익산시 삼기면 황금로 342-17  ,전북특별자치도 익산시,345468201200001,20260904,20260914,2026-09-09 17:27:08.0,http://openapi.animal.go.kr/openapi/service/rest/fileDownloadSrvc/files/shelter/2026/08/202609041509800[1].jpg|http://openapi.animal.go.kr/openapi/service/rest/fileDownloadSrvc/files/shelter/2026/08/202609041509846.jpg,images/445468202602302_0.jpg|images/445468202602302_1.jpg
445468202602301,전북-익산-2026-01156,보호중,20260904,익산시 왕궁면 양동길 27,개,믹스견,[개] 믹스견,갈색&흰색,2023(년생),5(Kg),M,N,"작은 발바리이며, 조금 경계심이 있음",익산유기동물보호소,063-855-1214,전북특별자치도 익산시 삼기면 황금로 342-17  ,전북특별자치도 익산시,345468201200001,20260904,20260914,2026-09-09 17:25:11.0,http://openapi.animal.go.kr/openapi/service/rest/fileDownloadSrvc/files/shelter/2026/08/202609041509774.jpg|http://openapi.animal.go.kr/openapi/service/rest/fileDownloadSrvc/files/shelter/2026/08/202609041509808.jpg,images/445468202602301_0.jpg|images/445468202602301_1.jpg
445468202602300,전북-익산-2026-01155,보호중,20260904,익산시 황등면 율동1길 56-23,개,진도견,[개] 진도견,흰색,2025(년생),15(Kg),M,N,사람에 대한경계심이 심하고 공격성 있음.,익산유기동물보호소,063-855-1214,전북특별자치도 익산시 삼기면 황금로 342-17  ,전북특별자치도 익산시,345468201200001,20260904,20260914,2026-09-09 17:24:57.0,http://openapi.animal.go.kr/openapi/service/rest/fileDownloadSrvc/files/shelter/2026/08/202609041509720.jpg|http://openapi.animal.go.kr/openapi/service/rest/fileDownloadSrvc/files/shelter/2026/08/202609041509756.jpg,images/445468202602300_0.jpg|images/445468202602300_1.jpg
445464202602478,전북-전주-2026-00866,보호중,20260904, 전주시 덕진구 금상길 34,개,비숑 프리제,[개] 비숑 프리제,흰색,2025(년생),4.5(Kg),M,N,순하고 귀여움,사랑플러스동물병원,063-211-0600,전북특별자치도 전주시 덕진구 쪽구름2길 8 (여의동2가) 1층,전북특별자치도 전주시,345464202400001,20260904,20260914,2026-09-04 15:35:23.0,http://openapi.animal.go.kr/openapi/service/rest/fileDownloadSrvc/files/shelter/2026/08/202609041509957.jpg|http://openapi.animal.go.kr/openapi/service/rest/fileDownloadSrvc/files/shelter/2026/08/20260904150988.jpg,images/445464202602478_0.jpg|images/445464202602478_1.jpg
444568202600446,충남-당진-2026-00446,보호중,20260904,당진시 석문면 봉치길 84-25 인근 논,개,푸들,[개] 푸들,검정&흰색,2026(년생),2.00(Kg),F,U,3개월. 순함 신고자 임시보호중으로 공고기한 만료 후 입양 예정,당진시동물보호소,041-356-8210,충청남도 당진시 고대면 삼포길 180  ,충청남도 당진시,344568201700001,20260904,20260914,2026-09-04 14:14:41.0,http://openapi.animal.go.kr/openapi/service/rest/fileDownloadSrvc/files/shelter/2026/08/20260904140972.jpg|http://openapi.animal.go.kr/openapi/service/rest/fileDownloadSrvc/files/shelter/2026/08/202609041409136.jpg,images/444568202600446_0.jpg|images/444568202600446_1.jpg
444462202600593,충남-태안-2026-00344,보호중,20260904,고남면 장곡길 240,개,믹스견,[개] 믹스견,황갈색,2026(년생),4(Kg),M,N,순하고 얌전함,최동물병원,041-672-0346,충청남도 태안군 태안읍 남문리 504-6,충청남도 태안군,344462200900001,20260904,20260914,2026-09-04 15:16:40.0,http://openapi.animal.go.kr/openapi/service/rest/fileDownloadSrvc/files/shelter/2026/08/202609041509383.jpg|http://openapi.animal.go.kr/openapi/service/rest/fileDownloadSrvc/files/shelter/2026/08/202609041509403.jpg,images/444462202600593_0.jpg|images/444462202600593_1.jpg
444459202600239,충남-청양-2026-00049,보호중,20260904,남양면 구룡리 인근,개,믹스견,[개] 믹스견,흰색,2026(60일미만)(년생),1(Kg),M,N,사람 잘 따르고 애교가 많음,청양보호소,041-940-2978,충청남도 청양군 대치면 청산로 446-17 (대치면) ,충청남도 청양군,344459202000001,20260904,20260914,2026-09-04 17:56:54.0,http://openapi.animal.go.kr/openapi/service/rest/fileDownloadSrvc/files/shelter/2026/09/202609041709120.jpg|http://openapi.animal.go.kr/openapi/service/rest/fileDownloadSrvc/files/shelter/2026/09/202609041709161.jpg,images/444459202600239_0.jpg|images/444459202600239_1.jpg
444452202601720,충남-아산-2026-00333,보호중,20260904,염치읍 산양길 80-5,개,믹스견,[개] 믹스견,흰색,2024(년생),16.6(Kg),F,N,26-1720호(관리)333호(공고)/심장사상충 양성,아산동물복지지원센터,041-530-6200,충청남도 아산시 환경공원로 158 (배미동) ,충청남도 아산시,344452202300001,20260904,20260914,2026-09-04 16:54:00.0,http://openapi.animal.go.kr/openapi/service/rest/fileDownloadSrvc/files/shelter/2026/08/202609041609587[1].jpg|http://openapi.animal.go.kr/openapi/service/rest/fileDownloadSrvc/files/shelter/2026/08/202609041609621.jpg,images/444452202601720_0.jpg|images/444452202601720_1.jpg
444452202601717,충남-아산-2026-00332,보호중,20260904,배방읍 북수서로 32,개,믹스견,[개] 믹스견,갈색&검정,2025(년생),2.3(Kg),F,N,26-1717호(관리)332호(공고),아산동물복지지원센터,041-530-6200,충청남도 아산시 환경공원로 158 (배미동) ,충청남도 아산시,344452202300001,20260904,20260914,2026-09-04 13:10:27.0,http://openapi.animal.go.kr/openapi/service/rest/fileDownloadSrvc/files/shelter/2026/08/202609041309815.jpg|http://openapi.animal.go.kr/openapi/service/rest/fileDownloadSrvc/files/shelter/2026/08/202609041309856.jpg,images/444452202601717_0.jpg|images/444452202601717_1.jpg
444451202600761,충남-보령-2026-00305,보호중,20260904,보령시 용두욕장2길 40,개,믹스견,[개] 믹스견,흑갈색,2025(년생),8(Kg),M,N,.,보령시유기동물보호소,010-5427-7210,충청남도 보령시 대천방조제로 322 (대천동) 보령시시설관리공단 내 좌측 생태공원2,충청남도 보령시,344451201300001,20260904,20260914,2026-09-04 13:23:45.0,http://openapi.animal.go.kr/openapi/service/rest/fileDownloadSrvc/files/shelter/2026/08/202609041309857.jpg|http://openapi.animal.go.kr/openapi/service/rest/fileDownloadSrvc/files/shelter/2026/08/202609041309413.jpg,images/444451202600761_0.jpg|images/444451202600761_1.jpg
444451202600760,충남-보령-2026-00304,보호중,20260904,보령시 남서1길 192-9,개,믹스견,[개] 믹스견,흰색,2019(년생),17(Kg),M,N,.,보령시유기동물보호소,010-5427-7210,충청남도 보령시 대천방조제로 322 (대천동) 보령시시설관리공단 내 좌측 생태공원2,충청남도 보령시,344451201300001,20260904,20260914,2026-09-04 08:53:05.0,http://openapi.animal.go.kr/openapi/service/rest/fileDownloadSrvc/files/shelter/2026/08/20260904080903.jpg|http://openapi.animal.go.kr/openapi/service/rest/fileDownloadSrvc/files/shelter/2026/08/202609040809631[1].jpg,images/444451202600760_0.jpg|images/444451202600760_1.jpg
444451202600759,충남-보령-2026-00303,보호중,20260904,보령시 대천5동 산호아파트 일원,개,믹스견,[개] 믹스견,흰색,2025(년생),3(Kg),M,N,.,보령시유기동물보호소,010-5427-7210,충청남도 보령시 대천방조제로 322 (대천동) 보령시시설관리공단 내 좌측 생태공원2,충청남도 보령시,344451201300001,20260904,20260914,2026-09-04 08:53:05.0,http://openapi.animal.go.kr/openapi/service/rest/fileDownloadSrvc/files/shelter/2026/08/202609040809948.jpg|http://openapi.animal.go.kr/openapi/service/rest/fileDownloadSrvc/files/shelter/2026/08/202609040809549.jpg,images/444451202600759_0.jpg|images/444451202600759_1.jpg
444449202601508,충남-천안-2026-00467,보호중,20260904,동남구 병천리 313-4,개,믹스견,[개] 믹스견,갈색&검정&흰색,2022(년생),7.3(Kg),M,N,"순함, 마름, 사람 잘 따름",천안시 동물보호센터,010-5913-5119,"충청남도 천안시 동남구 목천읍 충절로 577  문의전화 : 입양(010-5913-5119), 구조(010-4999-6119)",충청남도 천안시,344449202100001,20260904,20260914,2026-09-04 11:35:20.0,http://openapi.animal.go.kr/openapi/service/rest/fileDownloadSrvc/files/shelter/2026/08/202609041109256.jpg|http://openapi.animal.go.kr/openapi/service/rest/fileDownloadSrvc/files/shelter/2026/08/20260904110923.jpg,images/444449202601508_0.jpg|images/444449202601508_1.jpg
443571202601772,충북-청주-2026-00722,보호중,20260904,저산척북로 395 인근,개,시바,[개] 시바,황갈색,2022(년생),9(Kg),M,N,"조금 예민하지만 친해지면 착해질 친구, 뽀둥하고 귀여운 얼굴을 가지고 있음",반려동물보호센터,043-201-2298,충청북도 청주시 흥덕구 강내면 서부로 411-23  청주시 반려동물 보호센터,충청북도 청주시,343571201600001,20260904,20260914,2026-09-04 17:38:03.0,http://openapi.animal.go.kr/openapi/service/rest/fileDownloadSrvc/files/shelter/2026/08/202609041709832.jpeg|http://openapi.animal.go.kr/openapi/service/rest/fileDownloadSrvc/files/shelter/2026/08/202609041709864.jpeg,images/443571202601772_0.jpeg|images/443571202601772_1.jpeg
443447202600532,충북-음성-2026-00335,보호중,20260904,금왕읍 각구실길 220-13,개,믹스견,[개] 믹스견,흰색,2019(년생),8(Kg),F,N,성격온순(발발이),음성군 동물보호센터,043-877-3081,충청북도 음성군 삼성면 대금로 715-5  ,충청북도 음성군,343447202600001,20260904,20260914,2026-09-04 16:56:35.0,http://openapi.animal.go.kr/openapi/service/rest/fileDownloadSrvc/files/shelter/2026/08/202609041609257.jpg|http://openapi.animal.go.kr/openapi/service/rest/fileDownloadSrvc/files/shelter/2026/08/202609041609473.jpg,images/443447202600532_0.jpg|images/443447202600532_1.jpg
443447202600531,충북-음성-2026-00334,보호중,20260904,금왕읍 각구실길 220-13,개,믹스견,[개] 믹스견,흰색,2026(60일미만)(년생),1.3(Kg),F,N,(발발이)2개월 새끼강아지,음성군 동물보호센터,043-877-3081,충청북도 음성군 삼성면 대금로 715-5  ,충청북도 음성군,343447202600001,20260904,20260914,2026-09-04 16:25:20.0,http://openapi.animal.go.kr/openapi/service/rest/fileDownloadSrvc/files/shelter/2026/08/202609041609900.jpg|http://openapi.animal.go.kr/openapi/service/rest/fileDownloadSrvc/files/shelter/2026/08/202609041609145[2].jpg,images/443447202600531_0.jpg|images/443447202600531_1.jpg
443447202600530,충북-음성-2026-00333,보호중,20260904,금왕읍 각구실길 220-13,개,믹스견,[개] 믹스견,흰색,2026(60일미만)(년생),1.3(Kg),F,N,(발발이)2개월 새끼강아지,음성군 동물보호센터,043-877-3081,충청북도 음성군 삼성면 대금로 715-5  ,충청북도 음성군,343447202600001,20260904,20260914,2026-09-04 16:25:19.0,http://openapi.animal.go.kr/openapi/service/rest/fileDownloadSrvc/files/shelter/2026/08/202609041609942.jpg|http://openapi.animal.go.kr/openapi/service/rest/fileDownloadSrvc/files/shelter/2026/08/202609041609206[2].jpg,images/443447202600530_0.jpg|images/443447202600530_1.jpg
443447202600529,충북-음성-2026-00332,보호중,20260904,금왕읍 각구실길 220-13,개,믹스견,[개] 믹스견,흰색,2026(60일미만)(년생),1.3(Kg),F,N,(발발이)2개월 새끼강아지,음성군 동물보호센터,043-877-3081,충청북도 음성군 삼성면 대금로 715-5  ,충청북도 음성군,343447202600001,20260904,20260914,2026-09-04 16:25:19.0,http://openapi.animal.go.kr/openapi/service/rest/fileDownloadSrvc/files/shelter/2026/08/202609041609875.jpg|http://openapi.animal.go.kr/openapi/service/rest/fileDownloadSrvc/files/shelter/2026/08/202609041609296.jpg,images/443447202600529_0.jpg|images/443447202600529_1.jpg
443447202600528,충북-음성-2026-00331,보호중,20260904,금왕읍 각구실길 220-13,개,믹스견,[개] 믹스견,흰색,2026(년생),1.5(Kg),M,N,(발발이)2개월 새끼강아지,음성군 동물보호센터,043-877-3081,충청북도 음성군 삼성면 대금로 715-5  ,충청북도 음성군,343447202600001,20260904,20260914,2026-09-04 16:25:19.0,http://openapi.animal.go.kr/openapi/service/rest/fileDownloadSrvc/files/shelter/2026/08/202609041609430.jpg|http://openapi.animal.go.kr/openapi/service/rest/fileDownloadSrvc/files/shelter/2026/08/202609041609788.jpg,images/443447202600528_0.jpg|images/443447202600528_1.jpg
443447202600527,충북-음성-2026-00330,보호중,20260904,금왕읍 각회1리 마을회관 앞,개,믹스견,[개] 믹스견,금갈색,2024(년생),15(Kg),F,N,성격이 온순함,음성군 동물보호센터,043-877-3081,충청북도 음성군 삼성면 대금로 715-5  ,충청북도 음성군,343447202600001,20260904,20260914,2026-09-04 16:25:19.0,http://openapi.animal.go.kr/openapi/service/rest/fileDownloadSrvc/files/shelter/2026/08/202609041609254.jpg|http://openapi.animal.go.kr/openapi/service/rest/fileDownloadSrvc/files/shelter/2026/08/202609041609472.jpg,images/443447202600527_0.jpg|images/443447202600527_1.jpg
442418202600802,강원-춘천-2026-00251,보호중,20260904,수동1리 마을회관,개,믹스견,[개] 믹스견,기타(호피색),2024(년생),15(Kg),M,U,겁이조금있음,춘천시 동물보호센터,033-245-5351,강원도 춘천시 신북읍 영서로 3282 (신북읍) (전)102보충대 주차장,강원특별자치도 춘천시,342418201300001,20260904,20260914,2026-09-04 10:53:26.0,http://openapi.animal.go.kr/openapi/service/rest/fileDownloadSrvc/files/shelter/2026/08/20260904100965.jpg|http://openapi.animal.go.kr/openapi/service/rest/fileDownloadSrvc/files/shelter/2026/08/20260904100979.jpg,images/442418202600802_0.jpg|images/442418202600802_1.jpg
441553202602514,경기-화성-2026-01319,보호중,20260904,양감면 은행나무로 인근,개,믹스견,[개] 믹스견,갈색,2022(년생),20(Kg),M,U,아직은 겁이 많은듯한 믹스견/호기심은 있으나 살짝 경계심도 있음,화성시민동물보호센터,010-3969-1034,경기도 화성시 서신면 전곡항로 492  ,경기도 화성시,341553202500001,20260904,20260914,2026-09-04 15:14:28.0,http://openapi.animal.go.kr/openapi/service/rest/fileDownloadSrvc/files/shelter/2026/08/202609041509602.jpg|http://openapi.animal.go.kr/openapi/service/rest/fileDownloadSrvc/files/shelter/2026/08/202609041509665[1].jpg,images/441553202602514_0.jpg|images/441553202602514_1.jpg
441399202601420,경기-남양주-2026-00377,보호중,20260904,오남119,개,믹스견,[개] 믹스견,검정색,2021(년생),23(Kg),M,N,순하고 사람을 잘따르는 아이,남양주시동물보호센터,031-590-2785,경기도 남양주시 경강로163번길 32-27 (이패동) ,경기도 남양주시,341399202200002,20260904,20260914,2026-09-04 17:26:11.0,http://openapi.animal.go.kr/openapi/service/rest/fileDownloadSrvc/files/shelter/2026/08/202609041509946.png|http://openapi.animal.go.kr/openapi/service/rest/fileDownloadSrvc/files/shelter/2026/08/202609041509978.png,images/441399202601420_0.png|images/441399202601420_1.png
441393202601079,경기-안산-2026-00635,보호중,20260904,구봉타운길39-4 부근,개,말티즈,[개] 말티즈,기타(갈백),2023(년생),4.8(Kg),M,Y,순함,한국야생동물보호협회,031-296-0124,경기도 안산시 상록구 청곡길 50 (부곡동) 안산시 상록구 부곡동 231-5,경기도 안산시,341393200900001,20260904,20260914,2026-09-04 17:36:51.0,http://openapi.animal.go.kr/openapi/service/rest/fileDownloadSrvc/files/shelter/2026/08/202609041709971.jpg|http://openapi.animal.go.kr/openapi/service/rest/fileDownloadSrvc/files/shelter/2026/08/202609041709160[1].jpg,images/441393202601079_0.jpg|images/441393202601079_1.jpg
441391202601388,경기-평택-2026-00621,보호중,20260904,서탄면 수월암리 551,개,믹스견,[개] 믹스견,갈색&흰색,2024(년생),13(Kg),M,U,"털 깨끗하고 눈동자 색 갈색, 검정색",평택시동물보호센터,031-8024-8080,경기도 평택시 청북읍 청북로 497  ,경기도 평택시,341391202500001,20260904,20260914,2026-09-04 14:51:09.0,http://openapi.animal.go.kr/openapi/service/rest/fileDownloadSrvc/files/shelter/2026/08/20260904140998.jpg|http://openapi.animal.go.kr/openapi/service/rest/fileDownloadSrvc/files/shelter/2026/08/202609041409128[2].jpg,images/441391202601388_0.jpg|images/441391202601388_1.jpg
441391202601387,경기-평택-2026-00620,보호중,20260904,포승읍 한유지길 35-31,개,믹스견,[개] 믹스견,갈색,2026(60일미만)(년생),3(Kg),M,N,전신 피부염,평택시동물보호센터,031-8024-8080,경기도 평택시 청북읍 청북로 497  ,경기도 평택시,341391202500001,20260904,20260914,2026-09-04 13:06:04.0,http://openapi.animal.go.kr/openapi/service/rest/fileDownloadSrvc/files/shelter/2026/08/202609041309489.png|http://openapi.animal.go.kr/openapi/service/rest/fileDownloadSrvc/files/shelter/2026/08/202609041309546.png,images/441391202601387_0.png|images/441391202601387_1.png
428349202600661,인천-영종-2026-00107,보호중,20260904,운남동 몬스터당구장 앞,개,기타,[개] 말티푸,옅은 황색,2024(년생),3.6(Kg),F,U,"2살추정, 매우 순하고 털이 많이 엉켜있음",신공항동물병원,032-751-4598,인천광역시 중구 운남동로3번길 9 (운남동) ,인천광역시 영종구,328349201500001,20260904,20260914,2026-09-04 17:46:37.0,http://openapi.animal.go.kr/openapi/service/rest/fileDownloadSrvc/files/shelter/2026/08/202609041409140.jpg|http://openapi.animal.go.kr/openapi/service/rest/fileDownloadSrvc/files/shelter/2026/08/202609041409220.jpg,images/428349202600661_0.jpg|images/428349202600661_1.jpg
413590202600241,광주-진도-2026-00009,보호중,20260904, 진도군 의신면 금갑리655-8,개,믹스견,[개] 믹스견,황갈색,2024(년생),13(Kg),F,U,"목줄없음, 경계함",진도군임시보호소,061-540-6326,전라남도 진도군 진도읍 성죽골길 30  ,전남광주통합특별시 진도군,346500202400002,20260904,20260914,2026-09-09 16:45:13.0,http://openapi.animal.go.kr/openapi/service/rest/fileDownloadSrvc/files/shelter/2026/08/202609040909339.jpg|http://openapi.animal.go.kr/openapi/service/rest/fileDownloadSrvc/files/shelter/2026/08/202609040909360.jpg,images/413590202600241_0.jpg|images/413590202600241_1.jpg
413589202600197,광주-장성-2026-00036,보호중,20260904,삼서면 우치2길 28,개,믹스견,[개] 믹스견,금갈색,2023(년생),12(Kg),M,U,다소 마른 체형,장성군동물보호센터,061-390-8422,전라남도 장성군 삼계면 능성로 382-31  0,전남광주통합특별시 장성군,346498202000001,20260904,20260914,2026-09-04 16:40:34.0,http://openapi.animal.go.kr/openapi/service/rest/fileDownloadSrvc/files/shelter/2026/08/202609041609565[3].jpg|http://openapi.animal.go.kr/openapi/service/rest/fileDownloadSrvc/files/shelter/2026/08/202609041609620[1].jpg,images/413589202600197_0.jpg|images/413589202600197_1.jpg
413588202600317,광주-함평-2026-00077,보호중,20260904,함평읍 금곡길 47,개,믹스견,[개] 믹스견,흰색,2026(년생),3.00(Kg),M,U,경계심,학교임시동물보호센터,010-5649-3435,전라남도 함평군 학교면 송산길 84 (학교면) 월산리 806-1 ,전남광주통합특별시 함평군,346496201800001,20260904,20260918,2026-09-04 06:22:49.0,http://openapi.animal.go.kr/openapi/service/rest/fileDownloadSrvc/files/shelter/2026/08/202609040609232.jpg|http://openapi.animal.go.kr/openapi/service/rest/fileDownloadSrvc/files/shelter/2026/08/202609040609724.jpg,images/413588202600317_0.jpg|images/413588202600317_1.jpg
413588202600316,광주-함평-2026-00076,보호중,20260904,월야면 외치리 768,개,믹스견,[개] 믹스견,흰색,2025(년생),7.00(Kg),M,U,피부병치료요함,학교임시동물보호센터,010-5649-3435,전라남도 함평군 학교면 송산길 84 (학교면) 월산리 806-1 ,전남광주통합특별시 함평군,346496201800001,20260904,20260918,2026-09-04 06:16:52.0,http://openapi.animal.go.kr/openapi/service/rest/fileDownloadSrvc/files/shelter/2026/08/202609040609116.jpg|http://openapi.animal.go.kr/openapi/service/rest/fileDownloadSrvc/files/shelter/2026/08/202609040609656.jpg,images/413588202600316_0.jpg|images/413588202600316_1.jpg
413587202600369,광주-영암-2026-00078,보호중,20260904,녹암 대동보길 252 주변,개,믹스견,[개] 믹스견,크림색,2024(년생),15(Kg),M,N,"사람에 대한 경계심이 조금있으나, 건강함",유기동물 삼호 보호소,010-9599-5400,전라남도 영암군 삼호읍 녹색로 1117-49 (삼호읍) 영암유기동물 삼호보호소,전남광주통합특별시 영암군,346494201700001,20260904,20260914,2026-09-04 15:49:16.0,http://openapi.animal.go.kr/openapi/service/rest/fileDownloadSrvc/files/shelter/2026/08/202609041509336.png|http://openapi.animal.go.kr/openapi/service/rest/fileDownloadSrvc/files/shelter/2026/08/202609041509171.png,images/413587202600369_0.png|images/413587202600369_1.png
413582202600648,광주-광산-2026-00081,보호중,20260904,광산구 신가119,개,믹스견,[개] 믹스견,갈색&검정&흰색,2025(년생),2.3(Kg),M,N,"26-0510 마루, 겁이 많음",광주동물보호센터,062-613-6770,전남광주통합특별시 북구 본촌마을길 25-1 (본촌동) 광주동물보호센터,전남광주통합특별시 광산구,329363201300001,20260904,20260914,2026-09-04 16:06:14.0,http://openapi.animal.go.kr/openapi/service/rest/fileDownloadSrvc/files/shelter/2026/08/202609041509784.jpg|http://openapi.animal.go.kr/openapi/service/rest/fileDownloadSrvc/files/shelter/2026/08/202609041509833.jpg,images/413582202600648_0.jpg|images/413582202600648_1.jpg
413580202600409,광주-동구-2026-00039,보호중,20260904,동구 중앙로 283-1,개,믹스견,[개] 믹스견,흰색,2026(60일미만)(년생),0.6(Kg),F,N,26-0509 쌀알 생후3주추정,광주동물보호센터,062-613-6770,전남광주통합특별시 북구 본촌마을길 25-1 (본촌동) 광주동물보호센터,전남광주통합특별시 동구,329359201300001,20260904,20260914,2026-09-10 16:17:52.0,http://openapi.animal.go.kr/openapi/service/rest/fileDownloadSrvc/files/shelter/2026/08/202609041309761.jpg|http://openapi.animal.go.kr/openapi/service/rest/fileDownloadSrvc/files/shelter/2026/08/202609041309798.jpg,images/413580202600409_0.jpg|images/413580202600409_1.jpg
413579202601387,광주-나주-2026-00330,보호중,20260904,나주시왕곡면예향로3337서해종합기계,개,믹스견,[개] 믹스견,갈색,2026(60일미만)(년생),0.6(Kg),F,N,생후20일정도로보임,나주유기동물보호센터,010-2331-7377,전라남도 나주시 산포면 내기3길 71-43 [*미고시] ,전남광주통합특별시 나주시,346483202100001,20260904,20260914,2026-09-04 16:04:26.0,http://openapi.animal.go.kr/openapi/service/rest/fileDownloadSrvc/files/shelter/2026/08/202609041609344.jpg|http://openapi.animal.go.kr/openapi/service/rest/fileDownloadSrvc/files/shelter/2026/08/202609041609722[1].jpg,images/413579202601387_0.jpg|images/413579202601387_1.jpg
413579202601386,광주-나주-2026-00329,보호중,20260904,나주시왕곡면예향로3337서해종합기계,개,믹스견,[개] 믹스견,흰색,2026(60일미만)(년생),0.6(Kg),F,N,생후20일정도로보임,나주유기동물보호센터,010-2331-7377,전라남도 나주시 산포면 내기3길 71-43 [*미고시] ,전남광주통합특별시 나주시,346483202100001,20260904,20260914,2026-09-04 16:04:26.0,http://openapi.animal.go.kr/openapi/service/rest/fileDownloadSrvc/files/shelter/2026/08/202609041609292.jpg|http://openapi.animal.go.kr/openapi/service/rest/fileDownloadSrvc/files/shelter/2026/08/202609041609768.jpg,images/413579202601386_0.jpg|images/413579202601386_1.jpg
413579202601385,광주-나주-2026-00328,보호중,20260904,나주시왕곡면예향로3337서해종합기계,개,믹스견,[개] 믹스견,흰색,2026(60일미만)(년생),0.6(Kg),F,N,생후20일정도로보임,나주유기동물보호센터,010-2331-7377,전라남도 나주시 산포면 내기3길 71-43 [*미고시] ,전남광주통합특별시 나주시,346483202100001,20260904,20260914,2026-09-04 16:04:25.0,http://openapi.animal.go.kr/openapi/service/rest/fileDownloadSrvc/files/shelter/2026/08/202609041609982.jpg|http://openapi.animal.go.kr/openapi/service/rest/fileDownloadSrvc/files/shelter/2026/08/202609041609314.jpg,images/413579202601385_0.jpg|images/413579202601385_1.jpg
413579202601384,광주-나주-2026-00327,보호중,20260904,나주시왕곡면예향로3337서해종합기계,개,믹스견,[개] 믹스견,흰색,2026(60일미만)(년생),0.6(Kg),F,N,생후20일정도로보임,나주유기동물보호센터,010-2331-7377,전라남도 나주시 산포면 내기3길 71-43 [*미고시] ,전남광주통합특별시 나주시,346483202100001,20260904,20260914,2026-09-04 16:04:25.0,http://openapi.animal.go.kr/openapi/service/rest/fileDownloadSrvc/files/shelter/2026/08/20260904150983[1].jpg|http://openapi.animal.go.kr/openapi/service/rest/fileDownloadSrvc/files/shelter/2026/08/202609041509390.jpg,images/413579202601384_0.jpg|images/413579202601384_1.jpg
413579202601383,광주-나주-2026-00326,보호중,20260904,나주시왕곡면예향로3337서해종합기계,개,믹스견,[개] 믹스견,흰색,2026(60일미만)(년생),0.6(Kg),F,N,생후20일정도로보임,나주유기동물보호센터,010-2331-7377,전라남도 나주시 산포면 내기3길 71-43 [*미고시] ,전남광주통합특별시 나주시,346483202100001,20260904,20260914,2026-09-04 16:04:25.0,http://openapi.animal.go.kr/openapi/service/rest/fileDownloadSrvc/files/shelter/2026/08/202609041509240[1].jpg|http://openapi.animal.go.kr/openapi/service/rest/fileDownloadSrvc/files/shelter/2026/08/202609041509525.jpg,images/413579202601383_0.jpg|images/413579202601383_1.jpg
413579202601382,광주-나주-2026-00325,보호중,20260904,나주시왕곡면예향로3337서해종합기계,개,믹스견,[개] 믹스견,흰색,2026(60일미만)(년생),0.6(Kg),F,N,생후20일정도로보임,나주유기동물보호센터,010-2331-7377,전라남도 나주시 산포면 내기3길 71-43 [*미고시] ,전남광주통합특별시 나주시,346483202100001,20260904,20260914,2026-09-04 16:04:25.0,http://openapi.animal.go.kr/openapi/service/rest/fileDownloadSrvc/files/shelter/2026/08/202609041509680.jpg|http://openapi.animal.go.kr/openapi/service/rest/fileDownloadSrvc/files/shelter/2026/08/20260904150990[2].jpg,images/413579202601382_0.jpg|images/413579202601382_1.jpg
413579202601381,광주-나주-2026-00324,보호중,20260904,나주시왕곡면예향로3337서해종합기계,개,믹스견,[개] 믹스견,흰색,2026(60일미만)(년생),0.6(Kg),F,N,생후20일정도로보임,나주유기동물보호센터,010-2331-7377,전라남도 나주시 산포면 내기3길 71-43 [*미고시] ,전남광주통합특별시 나주시,346483202100001,20260904,20260914,2026-09-04 16:04:25.0,http://openapi.animal.go.kr/openapi/service/rest/fileDownloadSrvc/files/shelter/2026/08/202609041509417.jpg|http://openapi.animal.go.kr/openapi/service/rest/fileDownloadSrvc/files/shelter/2026/08/202609041509785.jpg,images/413579202601381_0.jpg|images/413579202601381_1.jpg
413579202601380,광주-나주-2026-00323,보호중,20260904,나주시다도면후곡길19-10,개,믹스견,[개] 믹스견,흰색,2026(60일미만)(년생),2.3(Kg),F,N,생후2개월정도로보임 온순함,나주유기동물보호센터,010-2331-7377,전라남도 나주시 산포면 내기3길 71-43 [*미고시] ,전남광주통합특별시 나주시,346483202100001,20260904,20260914,2026-09-04 16:04:24.0,http://openapi.animal.go.kr/openapi/service/rest/fileDownloadSrvc/files/shelter/2026/08/202609041509487[1].jpg|http://openapi.animal.go.kr/openapi/service/rest/fileDownloadSrvc/files/shelter/2026/08/202609041509806.jpg,images/413579202601380_0.jpg|images/413579202601380_1.jpg
413579202601379,광주-나주-2026-00322,보호중,20260904,나주시다도면후곡길19-10,개,믹스견,[개] 믹스견,흰색,2026(60일미만)(년생),2.3(Kg),F,N,생후2개월정도로보임 온순함,나주유기동물보호센터,010-2331-7377,전라남도 나주시 산포면 내기3길 71-43 [*미고시] ,전남광주통합특별시 나주시,346483202100001,20260904,20260914,2026-09-04 16:04:24.0,http://openapi.animal.go.kr/openapi/service/rest/fileDownloadSrvc/files/shelter/2026/08/202609041509635.jpg|http://openapi.animal.go.kr/openapi/service/rest/fileDownloadSrvc/files/shelter/2026/08/20260904150914[1].jpg,images/413579202601379_0.jpg|images/413579202601379_1.jpg
413579202601378,광주-나주-2026-00321,보호중,20260904,나주시다도면후곡길19-10,개,믹스견,[개] 믹스견,흰색,2026(60일미만)(년생),2.5(Kg),F,N,생후2개월정도로보임 온순함,나주유기동물보호센터,010-2331-7377,전라남도 나주시 산포면 내기3길 71-43 [*미고시] ,전남광주통합특별시 나주시,346483202100001,20260904,20260914,2026-09-04 16:04:24.0,http://openapi.animal.go.kr/openapi/service/rest/fileDownloadSrvc/files/shelter/2026/08/202609041509441.jpg|http://openapi.animal.go.kr/openapi/service/rest/fileDownloadSrvc/files/shelter/2026/08/202609041509952.jpg,images/413579202601378_0.jpg|images/413579202601378_1.jpg
413579202601377,광주-나주-2026-00320,보호중,20260904,나주시다도면후곡길19-10,개,믹스견,[개] 믹스견,흰색,2026(60일미만)(년생),2.2(Kg),F,N,생후2개월정도로보임 온순함,나주유기동물보호센터,010-2331-7377,전라남도 나주시 산포면 내기3길 71-43 [*미고시] ,전남광주통합특별시 나주시,346483202100001,20260904,20260914,2026-09-04 16:04:07.0,http://openapi.animal.go.kr/openapi/service/rest/fileDownloadSrvc/files/shelter/2026/08/202609041509163.jpg|http://openapi.animal.go.kr/openapi/service/rest/fileDownloadSrvc/files/shelter/2026/08/202609041509596[1].jpg,images/413579202601377_0.jpg|images/413579202601377_1.jpg
413579202601376,광주-나주-2026-00319,보호중,20260904,나주시다도면후곡길19-10,개,믹스견,[개] 믹스견,흰색,2026(60일미만)(년생),2.5(Kg),F,N,생후2개월정도로보임 온순함,나주유기동물보호센터,010-2331-7377,전라남도 나주시 산포면 내기3길 71-43 [*미고시] ,전남광주통합특별시 나주시,346483202100001,20260904,20260914,2026-09-04 16:04:07.0,http://openapi.animal.go.kr/openapi/service/rest/fileDownloadSrvc/files/shelter/2026/08/202609041509853.jpg|http://openapi.animal.go.kr/openapi/service/rest/fileDownloadSrvc/files/shelter/2026/08/202609041509220.jpg,images/413579202601376_0.jpg|images/413579202601376_1.jpg
413578202601686,광주-목포-2026-00102,보호중,20260904,대양산단부근(17:20),개,푸들,[개] 푸들,검정&흰색,2024(년생),5(Kg),M,N,"에네지가 많고 활발함, 분리불안보임",목포시유기동물보호소,010-9678-9966,전라남도 무안군 삼향읍 석매길 36  ,전남광주통합특별시 목포시,346480201000001,20260904,20260914,2026-09-04 18:38:40.0,http://openapi.animal.go.kr/openapi/service/rest/fileDownloadSrvc/files/shelter/2026/09/202609041809434.jpg|http://openapi.animal.go.kr/openapi/service/rest/fileDownloadSrvc/files/shelter/2026/09/202609041809811.jpg,images/413578202601686_0.jpg|images/413578202601686_1.jpg
442426202600343,강원-횡성-2026-00086,보호중,20260903,우천면 한우로두곡10길 10-22,개,믹스견,[개] 믹스견,검정&흰색,2018(년생),7.55(Kg),M,N,"하얀색 안경을 쓴 것 같은 무늬, 판다를 닮음, 사람을 매우 좋아함, 심장사상충 양성(중기 이상)",횡성반려동물보호센터,033-340-2395,강원특별자치도 횡성군 우천면 한우로 1109  ,강원특별자치도 횡성군,342426202500001,20260909,20260921,2026-09-09 16:28:41.0,http://openapi.animal.go.kr/openapi/service/rest/fileDownloadSrvc/files/shelter/2026/09/202609091509899.jpg|http://openapi.animal.go.kr/openapi/service/rest/fileDownloadSrvc/files/shelter/2026/09/202609091509931.jpg,images/442426202600343_0.jpg|images/442426202600343_1.jpg
428353202600806,인천-남동-2026-00382,보호중,20260903,구월동 1370,개,치와와,[개] 치와와,갈색,2025(년생),3.4(Kg),M,Y,치와와믹스,보람동물병원,032-429-1673,인천광역시 남동구 문화서로3번길 7 (구월동) ,인천광역시 남동구,328353202600002,20260905,20260915,2026-09-05 17:36:48.0,http://openapi.animal.go.kr/openapi/service/rest/fileDownloadSrvc/files/shelter/2026/08/202609031609380.jpg|http://openapi.animal.go.kr/openapi/service/rest/fileDownloadSrvc/files/shelter/2026/08/202609031609660.jpg,images/428353202600806_0.jpg|images/428353202600806_1.jpg
427347202600737,대구-달서-2026-00265,보호중,20260903,남대구 IC,개,말티즈,[개] 말티즈,흰색,2019(년생),4.2(Kg),M,Y,미용,대구유기동물보호협회,053-964-6258,대구광역시 동구 금강로 151-13 (금강동) ,대구광역시 달서구,327347201400001,20260905,20260915,2026-09-05 14:22:15.0,http://openapi.animal.go.kr/openapi/service/rest/fileDownloadSrvc/files/shelter/2026/09/202609051209123.jpg|http://openapi.animal.go.kr/openapi/service/rest/fileDownloadSrvc/files/shelter/2026/09/202609051409507.jpg,images/427347202600737_0.jpg
450650202602134,제주-제주-2026-02058,보호중,20260903,제주시 한림읍 상대리2669 인근,개,믹스견,[개] 믹스견,흰색,2026(60일미만)(년생),0.6(Kg),F,N,개체관리번호 1655 - 1주차,제주 동물보호센터,064-710-4065,제주특별자치도 제주시 첨단동길 184-14 (용강동) ,제주특별자치도,350650201200001,20260904,20260914,2026-09-04 09:19:09.0,http://openapi.animal.go.kr/openapi/service/rest/fileDownloadSrvc/files/shelter/2026/08/202609040909553.jpg|http://openapi.animal.go.kr/openapi/service/rest/fileDownloadSrvc/files/shelter/2026/08/202609040909564.jpg,images/450650202602134_0.jpg|images/450650202602134_1.jpg
450650202602133,제주-제주-2026-02057,보호중,20260903,제주시 한림읍 상대리2669 인근,개,믹스견,[개] 믹스견,흰색,2026(60일미만)(년생),0.6(Kg),F,N,개체관리번호 1654 - 1주차,제주 동물보호센터,064-710-4065,제주특별자치도 제주시 첨단동길 184-14 (용강동) ,제주특별자치도,350650201200001,20260904,20260914,2026-09-04 09:19:09.0,http://openapi.animal.go.kr/openapi/service/rest/fileDownloadSrvc/files/shelter/2026/08/202609040909432.jpg|http://openapi.animal.go.kr/openapi/service/rest/fileDownloadSrvc/files/shelter/2026/08/202609040909443.jpg,images/450650202602133_0.jpg|images/450650202602133_1.jpg
450650202602132,제주-제주-2026-02056,보호중,20260903,제주시 한림읍 상대리2669 인근,개,믹스견,[개] 믹스견,흰색,2026(60일미만)(년생),0.6(Kg),F,N,개체관리번호 1653 - 1주차,제주 동물보호센터,064-710-4065,제주특별자치도 제주시 첨단동길 184-14 (용강동) ,제주특별자치도,350650201200001,20260904,20260914,2026-09-04 09:19:08.0,http://openapi.animal.go.kr/openapi/service/rest/fileDownloadSrvc/files/shelter/2026/08/202609040909355.jpg|http://openapi.animal.go.kr/openapi/service/rest/fileDownloadSrvc/files/shelter/2026/08/202609040909366.jpg,images/450650202602132_0.jpg|images/450650202602132_1.jpg
450650202602131,제주-제주-2026-02055,보호중,20260903,제주시 한림읍 상대리2669 인근,개,믹스견,[개] 믹스견,흰색,2026(60일미만)(년생),0.6(Kg),F,N,개체관리번호 1652 - 1주차,제주 동물보호센터,064-710-4065,제주특별자치도 제주시 첨단동길 184-14 (용강동) ,제주특별자치도,350650201200001,20260904,20260914,2026-09-04 09:19:08.0,http://openapi.animal.go.kr/openapi/service/rest/fileDownloadSrvc/files/shelter/2026/08/202609040909332.jpg|http://openapi.animal.go.kr/openapi/service/rest/fileDownloadSrvc/files/shelter/2026/08/202609040909344.jpg,images/450650202602131_0.jpg|images/450650202602131_1.jpg
450650202602130,제주-제주-2026-02054,보호중,20260903,제주시 한림읍 상대리2669 인근,개,믹스견,[개] 믹스견,흰색,2026(60일미만)(년생),0.6(Kg),F,N,개체관리번호 1651 - 1주차,제주 동물보호센터,064-710-4065,제주특별자치도 제주시 첨단동길 184-14 (용강동) ,제주특별자치도,350650201200001,20260904,20260914,2026-09-04 09:19:08.0,http://openapi.animal.go.kr/openapi/service/rest/fileDownloadSrvc/files/shelter/2026/08/202609040909876.jpg|http://openapi.animal.go.kr/openapi/service/rest/fileDownloadSrvc/files/shelter/2026/08/202609040909887.jpg,images/450650202602130_0.jpg|images/450650202602130_1.jpg
450650202602129,제주-제주-2026-02053,보호중,20260903,제주시 한림읍 상대리2669 인근,개,믹스견,[개] 믹스견,흰색,2026(60일미만)(년생),0.6(Kg),M,N,개체관리번호 1650 - 1주차,제주 동물보호센터,064-710-4065,제주특별자치도 제주시 첨단동길 184-14 (용강동) ,제주특별자치도,350650201200001,20260904,20260914,2026-09-04 09:19:08.0,http://openapi.animal.go.kr/openapi/service/rest/fileDownloadSrvc/files/shelter/2026/08/202609040909550.jpg|http://openapi.animal.go.kr/openapi/service/rest/fileDownloadSrvc/files/shelter/2026/08/202609040909561.jpg,images/450650202602129_0.jpg|images/450650202602129_1.jpg
450650202602128,제주-제주-2026-02052,보호중,20260903,제주시 한림읍 상대리2669 인근,개,믹스견,[개] 믹스견,흰색,2026(60일미만)(년생),0.6(Kg),M,N,개체관리번호 1649 - 1주차,제주 동물보호센터,064-710-4065,제주특별자치도 제주시 첨단동길 184-14 (용강동) ,제주특별자치도,350650201200001,20260904,20260914,2026-09-04 09:19:07.0,http://openapi.animal.go.kr/openapi/service/rest/fileDownloadSrvc/files/shelter/2026/08/202609040909180.jpg|http://openapi.animal.go.kr/openapi/service/rest/fileDownloadSrvc/files/shelter/2026/08/202609040909190.jpg,images/450650202602128_0.jpg|images/450650202602128_1.jpg
450650202602127,제주-제주-2026-02051,보호중,20260903,제주시 한림읍 상대리2669 인근,개,믹스견,[개] 믹스견,흰색,2026(60일미만)(년생),0.6(Kg),M,N,개체관리번호 1648 - 1주차,제주 동물보호센터,064-710-4065,제주특별자치도 제주시 첨단동길 184-14 (용강동) ,제주특별자치도,350650201200001,20260904,20260914,2026-09-04 09:19:07.0,http://openapi.animal.go.kr/openapi/service/rest/fileDownloadSrvc/files/shelter/2026/08/202609040909744.jpg|http://openapi.animal.go.kr/openapi/service/rest/fileDownloadSrvc/files/shelter/2026/08/202609040909755.jpg,images/450650202602127_0.jpg|images/450650202602127_1.jpg
450650202602126,제주-제주-2026-02050,보호중,20260903,제주시 한림읍 한림중앙로212 성광기업 앞 배수로,개,믹스견,[개] 믹스견,흰색,2013(년생),20.6(Kg),F,U,개체관리번호 1647,제주 동물보호센터,064-710-4065,제주특별자치도 제주시 첨단동길 184-14 (용강동) ,제주특별자치도,350650201200001,20260904,20260914,2026-09-04 09:19:07.0,http://openapi.animal.go.kr/openapi/service/rest/fileDownloadSrvc/files/shelter/2026/08/202609040909530.jpg|http://openapi.animal.go.kr/openapi/service/rest/fileDownloadSrvc/files/shelter/2026/08/202609040909545.jpg,images/450650202602126_0.jpg|images/450650202602126_1.jpg
450650202602125,제주-제주-2026-02049,보호중,20260903,제주시 애월읍 봉성동4길382-1,개,믹스견,[개] 믹스견,흰색,2024(년생),10.7(Kg),F,U,개체관리번호 1646 ,제주 동물보호센터,064-710-4065,제주특별자치도 제주시 첨단동길 184-14 (용강동) ,제주특별자치도,350650201200001,20260904,20260914,2026-09-04 09:19:07.0,http://openapi.animal.go.kr/openapi/service/rest/fileDownloadSrvc/files/shelter/2026/08/202609040909915.jpg|http://openapi.animal.go.kr/openapi/service/rest/fileDownloadSrvc/files/shelter/2026/08/202609040909928.jpg,images/450650202602125_0.jpg|images/450650202602125_1.jpg
450650202602124,제주-제주-2026-02048,보호중,20260903,제주시 조천읍 중산간동로837-69,개,믹스견,[개] 믹스견,기타(호구),2026(60일미만)(년생),3.7(Kg),F,N,개체관리번호 1645 - 2개월,제주 동물보호센터,064-710-4065,제주특별자치도 제주시 첨단동길 184-14 (용강동) ,제주특별자치도,350650201200001,20260904,20260914,2026-09-04 09:18:48.0,http://openapi.animal.go.kr/openapi/service/rest/fileDownloadSrvc/files/shelter/2026/08/202609040909438.jpg|http://openapi.animal.go.kr/openapi/service/rest/fileDownloadSrvc/files/shelter/2026/08/202609040909455.jpg,images/450650202602124_0.jpg|images/450650202602124_1.jpg
450650202602123,제주-제주-2026-02047,보호중,20260903,제주시 조천읍 중산간동로837-69,개,믹스견,[개] 믹스견,기타(호구),2026(60일미만)(년생),2.3(Kg),M,N,개체관리번호 1644 - 2개월,제주 동물보호센터,064-710-4065,제주특별자치도 제주시 첨단동길 184-14 (용강동) ,제주특별자치도,350650201200001,20260904,20260914,2026-09-04 09:18:48.0,http://openapi.animal.go.kr/openapi/service/rest/fileDownloadSrvc/files/shelter/2026/08/202609040809840.jpg|http://openapi.animal.go.kr/openapi/service/rest/fileDownloadSrvc/files/shelter/2026/08/202609040809865.jpg,images/450650202602123_0.jpg|images/450650202602123_1.jpg
448537202601391,경남-거제-2026-00435,보호중,20260903,거제면 동상리 cu편의점 근처 ,개,믹스견,[개] 믹스견,흰색,2014(년생),3(Kg),M,N,눈 옆에 상처가있음,거제시동물보호센터,055-639-6368,경상남도 거제시 사등면 두동로1길 107  거제시동물보호센터,경상남도 거제시,348537200900002,20260904,20260914,2026-09-04 16:41:55.0,http://openapi.animal.go.kr/openapi/service/rest/fileDownloadSrvc/files/shelter/2026/08/202609041309595.jpg|http://openapi.animal.go.kr/openapi/service/rest/fileDownloadSrvc/files/shelter/2026/08/202609041309976.jpg,images/448537202601391_0.jpg|images/448537202601391_1.jpg
444454202601036,충남-논산-2026-00594,보호중,20260903,연무읍,개,믹스견,[개] 믹스견,갈색&흰색,2026(년생),3(Kg),F,N,2마리구조,논산시 동물보호센터,041-746-8470,충청남도 논산시 계백로665번길 100 (등화동) 논산시 동물보호센터,충청남도 논산시,344454202000006,20260904,20260914,2026-09-04 14:05:31.0,http://openapi.animal.go.kr/openapi/service/rest/fileDownloadSrvc/files/shelter/2026/08/202609041409188.png|http://openapi.animal.go.kr/openapi/service/rest/fileDownloadSrvc/files/shelter/2026/08/202609041409238.jpg,images/444454202601036_0.png|images/444454202601036_1.jpg
444454202601035,충남-논산-2026-00593,보호중,20260903,연무읍,개,믹스견,[개] 믹스견,갈색&흰색,2023(년생),7.7(Kg),F,N,2마리구조,논산시 동물보호센터,041-746-8470,충청남도 논산시 계백로665번길 100 (등화동) 논산시 동물보호센터,충청남도 논산시,344454202000006,20260904,20260914,2026-09-04 14:05:15.0,http://openapi.animal.go.kr/openapi/service/rest/fileDownloadSrvc/files/shelter/2026/08/202609041409386.png|http://openapi.animal.go.kr/openapi/service/rest/fileDownloadSrvc/files/shelter/2026/08/202609041409449.jpg,images/444454202601035_0.png|images/444454202601035_1.jpg
441560202600973,경기-포천-2026-00660,보호중,20260903,경기 포천시 창수면 오가리 262-1,개,믹스견,[개] 믹스견,검정&황갈색,2023(년생),6.3(Kg),M,N,교통 사고. 우안 돌출. 양 눈 안구 진탕. 아래 턱에서 목까지 심한 피부 손상. 기력 없음. 기립 못함. ,한국동물구조관리협회,031-867-9119,경기도 양주시 남면 감악산로 63-37  ,경기도 포천시,341560201000002,20260904,20260914,2026-09-04 15:43:53.0,http://openapi.animal.go.kr/openapi/service/rest/fileDownloadSrvc/files/shelter/2026/08/202609041509681.jpg|http://openapi.animal.go.kr/openapi/service/rest/fileDownloadSrvc/files/shelter/2026/08/202609041509693.jpg,images/441560202600973_0.jpg|images/441560202600973_1.jpg
441560202600967,경기-포천-2026-00654,보호중,20260903,경기 포천시 소흘읍 고모리 686,개,믹스견,[개] 믹스견,검정&흰색,2021(년생),14(Kg),M,N,경계. 겁. 방어적 입질. 코 검정. 좌안 결막염. 빨간 바탕에 중앙 파란 띠 목줄. 꼬리 단미 안됨. ,한국동물구조관리협회,031-867-9119,경기도 양주시 남면 감악산로 63-37  ,경기도 포천시,341560201000002,20260904,20260914,2026-09-04 15:43:51.0,http://openapi.animal.go.kr/openapi/service/rest/fileDownloadSrvc/files/shelter/2026/08/202609041509766.jpg|http://openapi.animal.go.kr/openapi/service/rest/fileDownloadSrvc/files/shelter/2026/08/202609041509781.jpg,images/441560202600967_0.jpg|images/441560202600967_1.jpg
441559202601069,경기-양주-2026-00527,보호중,20260903,경기 양주시 평화로1597번길 43-21 (회정동) 인근,개,믹스견,[개] 믹스견,흰색,2026(60일미만)(년생),1.2(Kg),M,N,포유기. 온순. 얌전. 사람 잘 따름. 코 분홍 얼룩. 눈 뜸. 이빨 하나도 안 남. 북극곰 같음. 왕 귀여움.,한국동물구조관리협회,031-867-9119,경기도 양주시 남면 감악산로 63-37 (남면) ,경기도 양주시,341559200900001,20260904,20260914,2026-09-04 16:51:32.0,http://openapi.animal.go.kr/openapi/service/rest/fileDownloadSrvc/files/shelter/2026/08/202609041509338.jpg|http://openapi.animal.go.kr/openapi/service/rest/fileDownloadSrvc/files/shelter/2026/08/202609041509350.jpg,images/441559202601069_0.jpg|images/441559202601069_1.jpg
441408202601698,경기-안성-2026-00465,보호중,20260903,보개면 적가리 22-37,개,믹스견,[개] 믹스견,흰색,2026(60일미만)(년생),1.16(Kg),M,N,"4마리 같이 들어옴, 순함, 어미와 떠돌아 다니는 강아지들 신고자가 보호소로  데리고 옴",안성시동물보호센터,031-673-5493,경기도 안성시 보개원삼로 157 (가사동) 미래동물병원,경기도 안성시,341408200900001,20260904,20260914,2026-09-04 13:05:14.0,http://openapi.animal.go.kr/openapi/service/rest/fileDownloadSrvc/files/shelter/2026/08/202609041209631.jpg|http://openapi.animal.go.kr/openapi/service/rest/fileDownloadSrvc/files/shelter/2026/08/202609041209902.jpg,images/441408202601698_0.jpg|images/441408202601698_1.jpg
441408202601697,경기-안성-2026-00464,보호중,20260903,보개면 적가리 22-37,개,믹스견,[개] 믹스견,흰색,2026(60일미만)(년생),1.1(Kg),M,N,"4마리 같이 들어옴, 순함, 어미와 떠돌아 다니는 강아지들 신고자가 보호소로  데리고 옴",안성시동물보호센터,031-673-5493,경기도 안성시 보개원삼로 157 (가사동) 미래동물병원,경기도 안성시,341408200900001,20260904,20260914,2026-09-04 13:05:14.0,http://openapi.animal.go.kr/openapi/service/rest/fileDownloadSrvc/files/shelter/2026/08/202609041209854.jpg|http://openapi.animal.go.kr/openapi/service/rest/fileDownloadSrvc/files/shelter/2026/08/202609041209309.jpg,images/441408202601697_0.jpg|images/441408202601697_1.jpg
441408202601696,경기-안성-2026-00463,보호중,20260903,보개면 적가리 22-37,개,믹스견,[개] 믹스견,흰색,2026(60일미만)(년생),1.04(Kg),M,N,"4마리 같이 들어옴, 순함, 어미와 떠돌아 다니는 강아지들 신고자가 보호소로  데리고 옴",안성시동물보호센터,031-673-5493,경기도 안성시 보개원삼로 157 (가사동) 미래동물병원,경기도 안성시,341408200900001,20260904,20260914,2026-09-04 13:05:14.0,http://openapi.animal.go.kr/openapi/service/rest/fileDownloadSrvc/files/shelter/2026/08/202609041209552.jpg|http://openapi.animal.go.kr/openapi/service/rest/fileDownloadSrvc/files/shelter/2026/08/202609041209592.jpg,images/441408202601696_0.jpg|images/441408202601696_1.jpg
441408202601695,경기-안성-2026-00462,보호중,20260903,보개면 적가리 22-37,개,믹스견,[개] 믹스견,흰색&황갈색,2026(60일미만)(년생),0.92(Kg),F,N,"4마리 같이 들어옴, 순함, 어미와 떠돌아 다니는 강아지들 신고자가 보호소로  데리고 옴",안성시동물보호센터,031-673-5493,경기도 안성시 보개원삼로 157 (가사동) 미래동물병원,경기도 안성시,341408200900001,20260904,20260914,2026-09-04 13:05:14.0,http://openapi.animal.go.kr/openapi/service/rest/fileDownloadSrvc/files/shelter/2026/08/202609041209780.jpg|http://openapi.animal.go.kr/openapi/service/rest/fileDownloadSrvc/files/shelter/2026/08/202609041209824[1].jpg,images/441408202601695_0.jpg|images/441408202601695_1.jpg
441406202600974,경기-파주-2026-00610,보호중,20260903,경기 파주시 문산읍 운천리 92-45 인근,개,믹스견,[개] 믹스견,흰색,2018(년생),4.4(Kg),F,U,온순. 활발. 호기심 많음. 사람 좋아함. 양 눈 백내장. 우측 안와 농양 의심. 염증. 피부질환. 눈곱. 치석.,한국동물구조관리협회,031-867-9119,경기도 양주시 남면 감악산로 63-37  ,경기도 파주시,341406202200002,20260904,20260914,2026-09-04 16:12:58.0,http://openapi.animal.go.kr/openapi/service/rest/fileDownloadSrvc/files/shelter/2026/08/202609041509697.jpg|http://openapi.animal.go.kr/openapi/service/rest/fileDownloadSrvc/files/shelter/2026/08/202609041509710[1].jpg,images/441406202600974_0.jpg|images/441406202600974_1.jpg
441404202600437,경기-하남-2026-00126,보호중,20260903,경기 하남시 춘궁동 541-3 인근,개,믹스견,[개] 믹스견,흰색,2022(년생),20(Kg),F,U,온순. 얌전. 겁쟁이. 호기심. 사람 손길 좋아함. 분롱코. 뚱뚱한편. 치석 조금. 코로나/파보 검사 음성. ,한국동물구조관리협회,031-867-9119,경기도 양주시 남면 감악산로 63-37  한국동물구조관리협회,경기도 하남시,341404202300001,20260904,20260914,2026-09-04 15:49:10.0,http://openapi.animal.go.kr/openapi/service/rest/fileDownloadSrvc/files/shelter/2026/08/20260904150950.jpg|http://openapi.animal.go.kr/openapi/service/rest/fileDownloadSrvc/files/shelter/2026/08/20260904150963[1].jpg,images/441404202600437_0.jpg|images/441404202600437_1.jpg
441394202601504,경기-고양-2026-00531,보호중,20260903,행주내동102-4부근,개,믹스견,[개] 믹스견,흰색&황갈색,2026(년생),11(Kg),M,N,없음,고양시동물보호센터,031-962-3232,"경기도 고양시 덕양구 고양대로 1695 (원흥동, 고양시 농업기술센터) 고양시동물보호센터",경기도 고양시,341394201400001,20260904,20260914,2026-09-04 16:54:54.0,http://openapi.animal.go.kr/openapi/service/rest/fileDownloadSrvc/files/shelter/2026/08/202609032109412.jpg|http://openapi.animal.go.kr/openapi/service/rest/fileDownloadSrvc/files/shelter/2026/08/202609032109455.jpg,images/441394202601504_0.jpg|images/441394202601504_1.jpg
441394202601503,경기-고양-2026-00530,보호중,20260903,행주내동102-4부근,개,믹스견,[개] 믹스견,흰색&황갈색,2024(년생),13(Kg),F,U,없음,고양시동물보호센터,031-962-3232,"경기도 고양시 덕양구 고양대로 1695 (원흥동, 고양시 농업기술센터) 고양시동물보호센터",경기도 고양시,341394201400001,20260904,20260914,2026-09-04 16:54:34.0,http://openapi.animal.go.kr/openapi/service/rest/fileDownloadSrvc/files/shelter/2026/08/202609032109391.jpg|http://openapi.animal.go.kr/openapi/service/rest/fileDownloadSrvc/files/shelter/2026/08/202609032109434.jpg,images/441394202601503_0.jpg|images/441394202601503_1.jpg
441392202600199,경기-동두천-2026-00119,보호중,20260903,경기 동두천시 송내동 551 인근,개,믹스견,[개] 믹스견,흰색,2016(년생),3.6(Kg),M,Y,약간의 겁. 사람 잘 따름. 코 갈색. 양 귀 심한 외이염. 결막염. 피부질환. 양 눈 백내장. 눈곱. 치석.,한국동물구조관리협회,031-867-9119,경기도 양주시 남면 감악산로 63-37 ,경기도 동두천시,341392201300001,20260904,20260914,2026-09-04 15:06:10.0,http://openapi.animal.go.kr/openapi/service/rest/fileDownloadSrvc/files/shelter/2026/08/202609041509307.jpg|http://openapi.animal.go.kr/openapi/service/rest/fileDownloadSrvc/files/shelter/2026/08/202609041509319.jpg,images/441392202600199_0.jpg|images/441392202600199_1.jpg
441374202601079,경기-수원-2026-00451,보호중,20260903,권선구 권선로 830(권선동),개,믹스견,[개] 믹스견,황갈색,2023(년생),10.00(Kg),M,Y,"목줄착용, 시바믹스",수원시 동물보호센터,031-5191-3557,"경기도 수원시 영통구 광교호수로 234 (하동, 수원시 동물보호센터) 하동 40-10",경기도 수원시,341374202000001,20260904,20260914,2026-09-08 15:16:13.0,http://openapi.animal.go.kr/openapi/service/rest/fileDownloadSrvc/files/shelter/2026/08/202609041009598.jpg|http://openapi.animal.go.kr/openapi/service/rest/fileDownloadSrvc/files/shelter/2026/08/202609041009632.jpg,images/441374202601079_0.jpg|images/441374202601079_1.jpg
428352202600461,인천-연수-2026-00130,보호중,20260903,옥련동 대암로 14인근 (홍두깨 식당 뒷편),개,치와와,[개] 치와와,황갈색,2014(년생),2.50(Kg),F,N,피부가 안좋은 편이고 감기증상,경동동물병원,032-765-9988,인천광역시 제물포구 개항로 61 (경동) 경동동물병원,인천광역시 연수구,328352202500002,20260904,20260914,2026-09-04 11:22:06.0,http://openapi.animal.go.kr/openapi/service/rest/fileDownloadSrvc/files/shelter/2026/08/202609031809655.jpg|http://openapi.animal.go.kr/openapi/service/rest/fileDownloadSrvc/files/shelter/2026/08/202609031809669.jpg,images/428352202600461_0.jpg|images/428352202600461_1.jpg
428352202600460,인천-연수-2026-00129,보호중,20260903,옥련동 대암로 14 인근 (홍두깨 식당 뒷편),개,말티즈,[개] 말티즈,흰색,2018(년생),5.90(Kg),F,N,피부가 안좋은 편이고 감기증상,경동동물병원,032-765-9988,인천광역시 제물포구 개항로 61 (경동) 경동동물병원,인천광역시 연수구,328352202500002,20260904,20260914,2026-09-04 11:21:50.0,http://openapi.animal.go.kr/openapi/service/rest/fileDownloadSrvc/files/shelter/2026/08/202609031809111.jpg|http://openapi.animal.go.kr/openapi/service/rest/fileDownloadSrvc/files/shelter/2026/08/202609031809124.jpg,images/428352202600460_0.jpg|images/428352202600460_1.jpg
427344202600341,대구-남구-2026-00152,보호중,20260903,봉덕 초등,개,믹스견,[개] 믹스견,흰색,2023(년생),4(Kg),M,N,미용,대구유기동물보호협회,053-964-6258,대구광역시 동구 금강로 151-13 (금강동) ,대구광역시 남구,327344201600001,20260904,20260914,2026-09-04 12:27:43.0,http://openapi.animal.go.kr/openapi/service/rest/fileDownloadSrvc/files/shelter/2026/08/202609040909901.jpg|http://openapi.animal.go.kr/openapi/service/rest/fileDownloadSrvc/files/shelter/2026/08/20260904120914[1].jpg,images/427344202600341_0.jpg
426335202600485,부산-금정-2026-00199,보호중,20260903,금정구청,개,믹스견,[개] 믹스견,갈색&흰색,2016(년생),15(Kg),M,N,"동물등록 칩-(410.097.800.386.009), 순함",동부동물보호협회,051-701-7599,부산광역시 해운대구 송정2로13번길 46 (송정동) ,부산광역시 금정구,326335201700001,20260904,20260914,2026-09-04 13:13:50.0,http://openapi.animal.go.kr/openapi/service/rest/fileDownloadSrvc/files/shelter/2026/08/202609041309721.jpg|http://openapi.animal.go.kr/openapi/service/rest/fileDownloadSrvc/files/shelter/2026/08/202609041309734.jpg,images/426335202600485_0.jpg|images/426335202600485_1.jpg
426331202600485,부산-남구-2026-00264,보호중,20260903,고동골로4번길6-8,개,믹스견,[개] 믹스견,적갈&흰색,2016(년생),4.3(Kg),F,U,"기력 저하, 갈+흰",(사)동부동물보호협회,051-701-7599,부산광역시 해운대구 송정2로13번길 46 (송정동) ,부산광역시 남구,326331201100001,20260904,20260914,2026-09-04 16:13:29.0,http://openapi.animal.go.kr/openapi/service/rest/fileDownloadSrvc/files/shelter/2026/08/202609041609929.jpg|http://openapi.animal.go.kr/openapi/service/rest/fileDownloadSrvc/files/shelter/2026/08/202609041609941.jpg,images/426331202600485_0.jpg|images/426331202600485_1.jpg
413591202600204,광주-신안-2026-00036,보호중,20260903,지도읍,개,믹스견,[개] 믹스견,흰색&황갈색,2025(년생),6.5(Kg),M,N,경계가 심하고 공격성 보임,신안군유기동물보호소,010-9678-9966,전라남도 무안군 삼향읍 석매길 36  ,전남광주통합특별시 신안군,346501201700001,20260904,20260914,2026-09-04 14:26:58.0,http://openapi.animal.go.kr/openapi/service/rest/fileDownloadSrvc/files/shelter/2026/08/202609041409136[1].jpg|http://openapi.animal.go.kr/openapi/service/rest/fileDownloadSrvc/files/shelter/2026/08/202609041409128[1].jpg,images/413591202600204_0.jpg|images/413591202600204_1.jpg
413587202600223,광주-해남-2026-00065,보호중,20260903,"해남읍 해리, 파도복집 부근",개,믹스견,[개] 믹스견,검정&흰색,2026(60일미만)(년생),2.36(Kg),M,U,사람을 잘따름.,해남유기동물보호센터,061-531-3916,전라남도 해남군 해남읍 용머리길 14-37  ,전남광주통합특별시 해남군,346493200900001,20260904,20260914,2026-09-03 13:30:37.0,http://openapi.animal.go.kr/openapi/service/rest/fileDownloadSrvc/files/shelter/2026/08/20260903130965.jpg|http://openapi.animal.go.kr/openapi/service/rest/fileDownloadSrvc/files/shelter/2026/08/202609031309110.jpg,images/413587202600223_0.jpg|images/413587202600223_1.jpg
413584202600225,광주-구례-2026-00038,보호중,20260903,구례읍 동산마을,개,믹스견,[개] 믹스견,검정색,2026(년생),1.5(Kg),M,N,"9월3일 파보,홍역키트검사,종백,광견병 접종,구충제",구례군동물보호센터,061-781-2022,전라남도 구례군 용방면 용방로 64-11  ,전남광주통합특별시 구례군,346487201800001,20260904,20260914,2026-09-04 12:15:17.0,http://openapi.animal.go.kr/openapi/service/rest/fileDownloadSrvc/files/shelter/2026/08/202609041209569.jpg|http://openapi.animal.go.kr/openapi/service/rest/fileDownloadSrvc/files/shelter/2026/08/202609041209824.jpg,images/413584202600225_0.jpg|images/413584202600225_1.jpg
413583202600543,광주-담양-2026-00051,보호중,20260903,창평 우리병원,개,믹스견,[개] 믹스견,흰색,2023(년생),15(Kg),F,U,"온순함,종합+광견병백신접종,사상충예방약복용,진드기구제제,심장사상충양성",담양군 동물보호센터,061-380-2734,전라남도 담양군 무정면 무정로 756  동물보호센터,전남광주통합특별시 담양군,346485202600001,20260904,20260918,2026-09-04 13:48:40.0,http://openapi.animal.go.kr/openapi/service/rest/fileDownloadSrvc/files/shelter/2026/08/20260904130962.jpg|http://openapi.animal.go.kr/openapi/service/rest/fileDownloadSrvc/files/shelter/2026/08/20260904130982.jpg,images/413583202600543_0.jpg|images/413583202600543_1.jpg
411318202600388,서울-영등포-2026-00113,보호중,20260903,서울 영등포구 도신로 190 (신길동),개,말티즈,[개] 말티즈,흰색,2026(년생),2.3(Kg),M,N,꼬똥/비숑 믹스 추정. 온순. 얌전. 코 갈색. 입가 착색. 눈곱. 눈물 자국. 꼬리 단미 안됨.,한국동물구조관리협회,031-867-9119,경기도 양주시 남면 감악산로 63-37 ,서울특별시 영등포구,311318201200001,20260904,20260914,2026-09-04 15:01:25.0,http://openapi.animal.go.kr/openapi/service/rest/fileDownloadSrvc/files/shelter/2026/08/202609041509363.jpg|http://openapi.animal.go.kr/openapi/service/rest/fileDownloadSrvc/files/shelter/2026/08/202609041509374.jpg,images/411318202600388_0.jpg|images/411318202600388_1.jpg
411315202600617,서울-강서-2026-00192,보호중,20260903,서울 강서구 개화동 상사마을,개,믹스견,[개] 믹스견,검정색,2022(년생),18.3(Kg),M,N,온순. 활발. 호기심 많음. 사람 잘 따름. 눈곱. 파란 바탕 검정/노랑 줄 목줄. 꼬리 단미 안됨. 털 때탐. ,한국동물구조관리협회,031-867-9119,경기도 양주시 남면 감악산로 63-37 (남면) 한국동물구조관리협회,서울특별시 강서구,311315200900001,20260904,20260914,2026-09-04 15:10:57.0,http://openapi.animal.go.kr/openapi/service/rest/fileDownloadSrvc/files/shelter/2026/08/202609041509653.jpg|http://openapi.animal.go.kr/openapi/service/rest/fileDownloadSrvc/files/shelter/2026/08/202609041509665.jpg,images/411315202600617_0.jpg|images/411315202600617_1.jpg
469569202600595,세종-세종-2026-00245,보호중,20260903,세종시 조치원읍 오봉산로 68,개,믹스견,[개] 믹스견,흰색,2023(년생),7.6(Kg),F,N,.,세종유기동물보호센터,010-4435-3720,세종특별자치시  전동면 미륵당1길 188 (전동면) ,세종특별자치시,369569202000001,20260903,20260914,2026-09-03 22:01:23.0,http://openapi.animal.go.kr/openapi/service/rest/fileDownloadSrvc/files/shelter/2026/08/202609032109159.jpeg|http://openapi.animal.go.kr/openapi/service/rest/fileDownloadSrvc/files/shelter/2026/08/202609032109229.jpeg,images/469569202600595_0.jpeg|images/469569202600595_1.jpeg
469569202600594,세종-세종-2026-00244,보호중,20260903,세종시 조치원읍 오봉산로 68,개,믹스견,[개] 믹스견,갈색,2026(60일미만)(년생),1.81(Kg),F,N,50일추정,세종유기동물보호센터,010-4435-3720,세종특별자치시  전동면 미륵당1길 188 (전동면) ,세종특별자치시,369569202000001,20260903,20260914,2026-09-03 22:01:23.0,http://openapi.animal.go.kr/openapi/service/rest/fileDownloadSrvc/files/shelter/2026/08/20260903210969.jpeg|http://openapi.animal.go.kr/openapi/service/rest/fileDownloadSrvc/files/shelter/2026/08/20260903210994.jpeg,images/469569202600594_0.jpeg|images/469569202600594_1.jpeg
469569202600593,세종-세종-2026-00243,보호중,20260903,세종시 조치원읍 오봉산로 68,개,믹스견,[개] 믹스견,흰색,2026(60일미만)(년생),1.9(Kg),M,N,50일추정,세종유기동물보호센터,010-4435-3720,세종특별자치시  전동면 미륵당1길 188 (전동면) ,세종특별자치시,369569202000001,20260903,20260914,2026-09-03 22:01:23.0,http://openapi.animal.go.kr/openapi/service/rest/fileDownloadSrvc/files/shelter/2026/08/202609032109661.jpeg|http://openapi.animal.go.kr/openapi/service/rest/fileDownloadSrvc/files/shelter/2026/08/202609032109686.jpeg,images/469569202600593_0.jpeg|images/469569202600593_1.jpeg
469569202600592,세종-세종-2026-00242,보호중,20260903,세종시 조치원읍 오봉산로 68,개,믹스견,[개] 믹스견,갈색,2026(60일미만)(년생),1.43(Kg),F,N,50일추정,세종유기동물보호센터,010-4435-3720,세종특별자치시  전동면 미륵당1길 188 (전동면) ,세종특별자치시,369569202000001,20260903,20260914,2026-09-03 22:01:23.0,http://openapi.animal.go.kr/openapi/service/rest/fileDownloadSrvc/files/shelter/2026/08/202609032109184.jpeg|http://openapi.animal.go.kr/openapi/service/rest/fileDownloadSrvc/files/shelter/2026/08/202609032109210.jpeg,images/469569202600592_0.jpeg|images/469569202600592_1.jpeg
469569202600591,세종-세종-2026-00241,보호중,20260903,세종시 조치원읍 오봉산로 68,개,믹스견,[개] 믹스견,흰색,2026(60일미만)(년생),1.7(Kg),F,N,50일추정,세종유기동물보호센터,010-4435-3720,세종특별자치시  전동면 미륵당1길 188 (전동면) ,세종특별자치시,369569202000001,20260903,20260914,2026-09-03 22:01:23.0,http://openapi.animal.go.kr/openapi/service/rest/fileDownloadSrvc/files/shelter/2026/08/202609032109606.jpeg|http://openapi.animal.go.kr/openapi/service/rest/fileDownloadSrvc/files/shelter/2026/08/202609032109637.jpeg,images/469569202600591_0.jpeg|images/469569202600591_1.jpeg
448567202601192,경남-창원1-2026-00613,보호중,20260903,의창구 대산면 제동리 518-1,개,믹스견,[개] 믹스견,갈색,2026(년생),5(Kg),F,N,"26년 5월생 추정, 대형 포획틀 구조, 착용품 없음, 26-602와 남매",창원동물보호센터,055-225-5701,경상남도 창원시 성산구 공단로474번길 117 (상복동) 창원동물보호센터,경상남도 창원시 의창성산구,348527200900001,20260903,20260914,2026-09-03 10:01:58.0,http://openapi.animal.go.kr/openapi/service/rest/fileDownloadSrvc/files/shelter/2026/08/202609031009646.jpg|http://openapi.animal.go.kr/openapi/service/rest/fileDownloadSrvc/files/shelter/2026/08/202609031009581.jpg,images/448567202601192_0.jpg|images/448567202601192_1.jpg
448548202600754,경남-합천-2026-00301,보호중,20260903,대병면,개,믹스견,[개] 믹스견,갈색,2022(년생),3(Kg),M,N,산 도로변 배회 사람을 매우 경계,태민동물보호센터,010-2868-2108,"경상남도 합천군 합천읍 옥산로 16 (합천읍, 까치빌라) 태민동물병원",경상남도 합천군,348548201700001,20260903,20260914,2026-09-03 17:02:07.0,http://openapi.animal.go.kr/openapi/service/rest/fileDownloadSrvc/files/shelter/2026/08/202609031709945.jpg|http://openapi.animal.go.kr/openapi/service/rest/fileDownloadSrvc/files/shelter/2026/08/202609031709454.jpg,images/448548202600754_0.jpg|images/448548202600754_1.jpg
448548202600753,경남-합천-2026-00300,보호중,20260903,합천읍,개,믹스견,[개] 믹스견,흰색,2026(60일미만)(년생),4(Kg),M,N," 핑크색 옷착용, 온순한성격",태민동물보호센터,010-2868-2108,"경상남도 합천군 합천읍 옥산로 16 (합천읍, 까치빌라) 태민동물병원",경상남도 합천군,348548201700001,20260903,20260914,2026-09-03 17:02:07.0,http://openapi.animal.go.kr/openapi/service/rest/fileDownloadSrvc/files/shelter/2026/08/202609031609629.jpg|http://openapi.animal.go.kr/openapi/service/rest/fileDownloadSrvc/files/shelter/2026/08/202609031609671.jpg,images/448548202600753_0.jpg|images/448548202600753_1.jpg
448542202600872,경남-고성-2026-00103,보호중,20260903,당동 새평지아파트,개,믹스견,[개] 믹스견,갈색,2026(년생),7.7(Kg),M,N,관리번호 6-104,고성군 동물가족센터,055-670-4346,경상남도 고성군 고성읍 동해로 123  고성군 동물가족센터,경상남도 고성군,348542202000002,20260903,20260914,2026-09-03 15:30:46.0,http://openapi.animal.go.kr/openapi/service/rest/fileDownloadSrvc/files/shelter/2026/08/202609031509655.jpeg|http://openapi.animal.go.kr/openapi/service/rest/fileDownloadSrvc/files/shelter/2026/08/202609031509677.jpeg,images/448542202600872_0.jpeg|images/448542202600872_1.jpeg
448542202600871,경남-고성-2026-00102,보호중,20260903,개천면 나선길 482,개,믹스견,[개] 믹스견,갈색,2026(년생),3(Kg),M,N,관리번호 6-103,고성군 동물가족센터,055-670-4346,경상남도 고성군 고성읍 동해로 123  고성군 동물가족센터,경상남도 고성군,348542202000002,20260903,20260914,2026-09-03 15:30:37.0,http://openapi.animal.go.kr/openapi/service/rest/fileDownloadSrvc/files/shelter/2026/08/202609031509646.jpeg|http://openapi.animal.go.kr/openapi/service/rest/fileDownloadSrvc/files/shelter/2026/08/202609031509670.jpeg,images/448542202600871_0.jpeg|images/448542202600871_1.jpeg
448542202600870,경남-고성-2026-00101,보호중,20260903,개천면 나선길 482,개,믹스견,[개] 믹스견,흑갈색,2026(60일미만)(년생),6.5(Kg),F,N,관리번호 6-102,고성군 동물가족센터,055-670-4346,경상남도 고성군 고성읍 동해로 123  고성군 동물가족센터,경상남도 고성군,348542202000002,20260903,20260914,2026-09-03 15:24:34.0,http://openapi.animal.go.kr/openapi/service/rest/fileDownloadSrvc/files/shelter/2026/08/202609031509762.jpeg|http://openapi.animal.go.kr/openapi/service/rest/fileDownloadSrvc/files/shelter/2026/08/202609031509784.jpeg,images/448542202600870_0.jpeg|images/448542202600870_1.jpeg
448542202600869,경남-고성-2026-00100,보호중,20260903,영오면 영회로 657,개,포메라니안,[개] 포메라니안,흰색,2016(년생),1.6(Kg),M,N,"잠복고환,안구백탁/ 관리번호 6-101",고성군 동물가족센터,055-670-4346,경상남도 고성군 고성읍 동해로 123  고성군 동물가족센터,경상남도 고성군,348542202000002,20260903,20260914,2026-09-03 15:24:25.0,http://openapi.animal.go.kr/openapi/service/rest/fileDownloadSrvc/files/shelter/2026/08/202609031509605.jpeg|http://openapi.animal.go.kr/openapi/service/rest/fileDownloadSrvc/files/shelter/2026/08/202609031509635.jpeg,images/448542202600869_0.jpeg|images/448542202600869_1.jpeg
448541202601139,경남-창녕-2026-00372,보호중,20260903,창녕읍 여초길,개,믹스견,[개] 믹스견,검정&은색,2020(년생),10(Kg),F,N,목줄 착용,창녕 유기동물보호소,010-5488-5003,경상남도 창녕군 고암면 창밀로 335-26 (고암면) 고암면 억만리 28,경상남도 창녕군,348541201300001,20260903,20260914,2026-09-04 09:21:36.0,http://openapi.animal.go.kr/openapi/service/rest/fileDownloadSrvc/files/shelter/2026/08/202609032209987.jpg|http://openapi.animal.go.kr/openapi/service/rest/fileDownloadSrvc/files/shelter/2026/08/202609032209425.jpg,images/448541202601139_0.jpg|images/448541202601139_1.jpg
448541202601138,경남-창녕-2026-00371,보호중,20260903,남지읍 남지리,개,믹스견,[개] 믹스견,검정&황갈색,2026(년생),15(Kg),M,N,진도믹스 추정,창녕 유기동물보호소,010-5488-5003,경상남도 창녕군 고암면 창밀로 335-26 (고암면) 고암면 억만리 28,경상남도 창녕군,348541201300001,20260903,20260914,2026-09-04 09:23:41.0,http://openapi.animal.go.kr/openapi/service/rest/fileDownloadSrvc/files/shelter/2026/08/202609032209223.png|http://openapi.animal.go.kr/openapi/service/rest/fileDownloadSrvc/files/shelter/2026/08/202609032209707.png,images/448541202601138_0.png|images/448541202601138_1.png
448540202601064,경남-함안-2026-00346,보호중,20260903,가야읍 선왕길 59,개,믹스견,[개] 믹스견,갈색&검정&흰색,2026(년생),5.0(Kg),F,N,"전염병 감염위험 , 케어필요",함안군동물보호센터,010-6248-2131,경상남도 함안군 가야읍 함안대로 755 ,경상남도 함안군,348540200900001,20260903,20260914,2026-09-03 15:46:14.0,http://openapi.animal.go.kr/openapi/service/rest/fileDownloadSrvc/files/shelter/2026/08/202609031509521.jpg|http://openapi.animal.go.kr/openapi/service/rest/fileDownloadSrvc/files/shelter/2026/08/202609031509536.jpg,images/448540202601064_0.jpg|images/448540202601064_1.jpg
448534202601045,경남-사천-2026-00269,보호중,20260903,벌리동 송림프라자,개,믹스견,[개] 믹스견,크림색,2021(년생),20(Kg),M,N,조금 겁있고 소심함,사천시 동물보호센터,055-831-3768,경상남도 사천시 용현면 진삼로 902  사천시유기동물보호소,경상남도 사천시,348534202000001,20260903,20260914,2026-09-03 16:03:38.0,http://openapi.animal.go.kr/openapi/service/rest/fileDownloadSrvc/files/shelter/2026/08/202609031609128.jpg|http://openapi.animal.go.kr/openapi/service/rest/fileDownloadSrvc/files/shelter/2026/08/202609031609254.jpg,images/448534202601045_0.jpg|images/448534202601045_1.jpg
448534202601044,경남-사천-2026-00268,보호중,20260903,주공1길50,개,믹스견,[개] 믹스견,갈색&흰색,2023(년생),5(Kg),F,N,작은체구의 귀염댕,사천시 동물보호센터,055-831-3768,경상남도 사천시 용현면 진삼로 902  사천시유기동물보호소,경상남도 사천시,348534202000001,20260903,20260914,2026-09-03 15:08:36.0,http://openapi.animal.go.kr/openapi/service/rest/fileDownloadSrvc/files/shelter/2026/08/202609031509950.jpg|http://openapi.animal.go.kr/openapi/service/rest/fileDownloadSrvc/files/shelter/2026/08/20260903150912.jpg,images/448534202601044_0.jpg|images/448534202601044_1.jpg
447513202601012,경북-경산-2026-00366,보호중,20260903,남천 하도리,개,믹스견,[개] 믹스견,크림색,2022(년생),12(Kg),M,N,"성격이 순함, X-Ray 결과 요척추, 미추, 천장골 골절로 거동 불가 (교통사고 추정), 녹색 목태 착용",경산시유기동물보호소,010-2536-0955,경상북도 경산시 용성면 사양지길 95 (용성면) ,경상북도 경산시,347513201800003,20260903,20260914,2026-09-03 14:01:13.0,http://openapi.animal.go.kr/openapi/service/rest/fileDownloadSrvc/files/shelter/2026/08/202609031309689.jpg|http://openapi.animal.go.kr/openapi/service/rest/fileDownloadSrvc/files/shelter/2026/08/20260903130952.jpg,images/447513202601012_0.jpg|images/447513202601012_1.jpg
447513202601010,경북-경산-2026-00364,보호중,20260903,진량 신제리,개,믹스견,[개] 믹스견,갈색&검정,2026(60일미만)(년생),1(Kg),F,N,"생후 30일령 추정, 선천성 소뇌 저형성 증으로 기립 및 보행 불능",경산시유기동물보호소,010-2536-0955,경상북도 경산시 용성면 사양지길 95 (용성면) ,경상북도 경산시,347513201800003,20260903,20260914,2026-09-03 14:01:12.0,http://openapi.animal.go.kr/openapi/service/rest/fileDownloadSrvc/files/shelter/2026/08/20260903130955.jpg|http://openapi.animal.go.kr/openapi/service/rest/fileDownloadSrvc/files/shelter/2026/08/202609031309747.jpg,images/447513202601010_0.jpg|images/447513202601010_1.jpg
447513202601009,경북-경산-2026-00363,보호중,20260903,진량 신제리,개,믹스견,[개] 믹스견,검정색,2026(60일미만)(년생),1(Kg),F,N,"생후 30일령 추정, 선천성 소뇌 저형성 증으로 기립 및 보행 불능",경산시유기동물보호소,010-2536-0955,경상북도 경산시 용성면 사양지길 95 (용성면) ,경상북도 경산시,347513201800003,20260903,20260914,2026-09-03 14:01:12.0,http://openapi.animal.go.kr/openapi/service/rest/fileDownloadSrvc/files/shelter/2026/08/202609031309838.jpg|http://openapi.animal.go.kr/openapi/service/rest/fileDownloadSrvc/files/shelter/2026/08/202609031309239.jpg,images/447513202601009_0.jpg|images/447513202601009_1.jpg
447513202601008,경북-경산-2026-00362,보호중,20260903,용성 고은리,개,믹스견,[개] 믹스견,갈색&검정&흰색,2026(년생),2.9(Kg),F,N,"생후 90일령 추정, 인근 마을에서 발견하여 구조",경산시유기동물보호소,010-2536-0955,경상북도 경산시 용성면 사양지길 95 (용성면) ,경상북도 경산시,347513201800003,20260903,20260914,2026-09-03 14:01:12.0,http://openapi.animal.go.kr/openapi/service/rest/fileDownloadSrvc/files/shelter/2026/08/20260903130933.jpg|http://openapi.animal.go.kr/openapi/service/rest/fileDownloadSrvc/files/shelter/2026/08/202609031309731.jpg,images/447513202601008_0.jpg|images/447513202601008_1.jpg
447513202601007,경북-경산-2026-00361,보호중,20260903,용성 고은리,개,믹스견,[개] 믹스견,크림색,2026(년생),3.8(Kg),F,N,"생후 90일령 추정, 인근 마을에서 발견하여 구조",경산시유기동물보호소,010-2536-0955,경상북도 경산시 용성면 사양지길 95 (용성면) ,경상북도 경산시,347513201800003,20260903,20260914,2026-09-03 14:01:12.0,http://openapi.animal.go.kr/openapi/service/rest/fileDownloadSrvc/files/shelter/2026/08/202609031309519.jpg|http://openapi.animal.go.kr/openapi/service/rest/fileDownloadSrvc/files/shelter/2026/08/20260903130988.jpg,images/447513202601007_0.jpg|images/447513202601007_1.jpg
447513202601006,경북-경산-2026-00360,보호중,20260903,용성 고은리,개,믹스견,[개] 믹스견,크림색,2026(년생),3.7(Kg),M,N,"생후 90일령 추정, 인근 마을에서 발견하여 구조",경산시유기동물보호소,010-2536-0955,경상북도 경산시 용성면 사양지길 95 (용성면) ,경상북도 경산시,347513201800003,20260903,20260914,2026-09-03 14:01:11.0,http://openapi.animal.go.kr/openapi/service/rest/fileDownloadSrvc/files/shelter/2026/08/202609031309194.jpg|http://openapi.animal.go.kr/openapi/service/rest/fileDownloadSrvc/files/shelter/2026/08/202609031309613.jpg,images/447513202601006_0.jpg|images/447513202601006_1.jpg
447513202601005,경북-경산-2026-00359,보호중,20260903,용성 고은리,개,믹스견,[개] 믹스견,흰색,2026(년생),2.3(Kg),F,N,"생후 90일령 추정, 인근 마을에서 발견하여 구조",경산시유기동물보호소,010-2536-0955,경상북도 경산시 용성면 사양지길 95 (용성면) ,경상북도 경산시,347513201800003,20260903,20260914,2026-09-03 14:01:11.0,http://openapi.animal.go.kr/openapi/service/rest/fileDownloadSrvc/files/shelter/2026/08/202609031309185.jpg|http://openapi.animal.go.kr/openapi/service/rest/fileDownloadSrvc/files/shelter/2026/08/202609031309748.jpg,images/447513202601005_0.jpg|images/447513202601005_1.jpg
447513202601002,경북-경산-2026-00357,보호중,20260903,하양 동서리,개,믹스견,[개] 믹스견,흰색,2022(년생),20(Kg),M,N,"인근 동네에서 발견하여 포획구조, 입질 심함",경산시유기동물보호소,010-2536-0955,경상북도 경산시 용성면 사양지길 95 (용성면) ,경상북도 경산시,347513201800003,20260903,20260914,2026-09-03 09:59:35.0,http://openapi.animal.go.kr/openapi/service/rest/fileDownloadSrvc/files/shelter/2026/08/202609021609608.png|http://openapi.animal.go.kr/openapi/service/rest/fileDownloadSrvc/files/shelter/2026/08/20260902160980.png,images/447513202601002_0.png|images/447513202601002_1.png
447505202600870,경북-경주-2026-00699,보호중,20260903,서면 사라리 318-3,개,믹스견,[개] 믹스견,흰색,2024(년생),9(Kg),F,U,소심한 성격으로 친해지는데 시간이 걸림.,경주동물사랑보호센터,010-8889-2883,경상북도 경주시 천북면 천북로 8-4  경주시 동물사랑보호센터,경상북도 경주시,347505201700001,20260903,20260914,2026-09-03 16:14:59.0,http://openapi.animal.go.kr/openapi/service/rest/fileDownloadSrvc/files/shelter/2026/08/202609031609173.jpg|http://openapi.animal.go.kr/openapi/service/rest/fileDownloadSrvc/files/shelter/2026/08/202609031609542.jpg,images/447505202600870_0.jpg|images/447505202600870_1.jpg
447505202600866,경북-경주-2026-00697,보호중,20260903,냉천공단길56인근,개,믹스견,[개] 믹스견,흰색,2023(년생),20(Kg),M,U,다리를 다침.소심하여 적응하는데 시간이 걸림. 예후불량,경주동물사랑보호센터,010-8889-2883,경상북도 경주시 천북면 천북로 8-4  경주시 동물사랑보호센터,경상북도 경주시,347505201700001,20260903,20260914,2026-09-03 14:36:05.0,http://openapi.animal.go.kr/openapi/service/rest/fileDownloadSrvc/files/shelter/2026/08/202609031409253.png|http://openapi.animal.go.kr/openapi/service/rest/fileDownloadSrvc/files/shelter/2026/08/20260903140959.png,images/447505202600866_0.png|images/447505202600866_1.png
447502202600728,경북-포항-2026-00576,보호중,20260903,경상북도 포항시 남구 동해면 공당리 1035,개,믹스견,[개] 믹스견,흰색,2021(년생),13(Kg),F,U,"사람을 경계하지 않으나 매우 말랐움, 유선종양 추정, 뒷다리 관절부분에 큰 혹이 있음(병원진료예정)",(사)영일동물플러스,054-262-8295,경상북도 포항시 북구 흥해읍 덕장길 224 (흥해읍) ,경상북도 포항시,347502201600001,20260903,20260913,2026-09-03 12:45:48.0,http://openapi.animal.go.kr/openapi/service/rest/fileDownloadSrvc/files/shelter/2026/08/202609031209747.jpg|http://openapi.animal.go.kr/openapi/service/rest/fileDownloadSrvc/files/shelter/2026/08/202609031209777.jpg,images/447502202600728_0.jpg|images/447502202600728_1.jpg
445479202600981,전북-부안-2026-00624,보호중,20260903,동진면 당상도로4차선,개,믹스견,[개] 믹스견,크림색,2023(년생),8(Kg),M,N,목줄착용 (사람잘따름),부안군 동물보호센터,063-580-4445,전북특별자치도 부안군 주산면 주산로 369  부안군 동물보호센터,전북특별자치도 부안군,345479202100001,20260903,20260918,2026-09-03 10:57:17.0,http://openapi.animal.go.kr/openapi/service/rest/fileDownloadSrvc/files/shelter/2026/08/202609031009116.jpg|http://openapi.animal.go.kr/openapi/service/rest/fileDownloadSrvc/files/shelter/2026/08/202609031009169.jpg,images/445479202600981_0.jpg|images/445479202600981_1.jpg
445470202600928,전북-남원-2026-00429,보호중,20260903,주생면,개,믹스견,[개] 믹스견,기타(믹스),2026(60일미만)(년생),1.3(Kg),M,N,해당없음,하나동물병원,063-634-7582,전북특별자치도 남원시 왕정동 67 ,전북특별자치도 남원시,345470201300002,20260903,20260914,2026-09-03 12:43:49.0,http://openapi.animal.go.kr/openapi/service/rest/fileDownloadSrvc/files/shelter/2026/08/202609031209238.jpg|http://openapi.animal.go.kr/openapi/service/rest/fileDownloadSrvc/files/shelter/2026/08/202609031209489.jpg,images/445470202600928_0.jpg|images/445470202600928_1.jpg
445470202600927,전북-남원-2026-00428,보호중,20260903,주생면,개,믹스견,[개] 믹스견,기타(믹스),2026(60일미만)(년생),1.3(Kg),M,N,해당없음,하나동물병원,063-634-7582,전북특별자치도 남원시 왕정동 67 ,전북특별자치도 남원시,345470201300002,20260903,20260914,2026-09-03 12:43:43.0,http://openapi.animal.go.kr/openapi/service/rest/fileDownloadSrvc/files/shelter/2026/08/202609031209452[1].jpg|http://openapi.animal.go.kr/openapi/service/rest/fileDownloadSrvc/files/shelter/2026/08/202609031209697.jpg,images/445470202600927_0.jpg|images/445470202600927_1.jpg
445470202600926,전북-남원-2026-00427,보호중,20260903,주생면,개,믹스견,[개] 믹스견,기타(믹스),2026(60일미만)(년생),1.3(Kg),F,N,해당없음,하나동물병원,063-634-7582,전북특별자치도 남원시 왕정동 67 ,전북특별자치도 남원시,345470201300002,20260903,20260914,2026-09-03 12:43:37.0,http://openapi.animal.go.kr/openapi/service/rest/fileDownloadSrvc/files/shelter/2026/08/202609031209273.jpg|http://openapi.animal.go.kr/openapi/service/rest/fileDownloadSrvc/files/shelter/2026/08/202609031209825.jpg,images/445470202600926_0.jpg|images/445470202600926_1.jpg
445470202600925,전북-남원-2026-00426,보호중,20260903,주생면,개,믹스견,[개] 믹스견,기타(믹스),2026(60일미만)(년생),1.3(Kg),F,N,해당없음,하나동물병원,063-634-7582,전북특별자치도 남원시 왕정동 67 ,전북특별자치도 남원시,345470201300002,20260903,20260914,2026-09-03 12:43:27.0,http://openapi.animal.go.kr/openapi/service/rest/fileDownloadSrvc/files/shelter/2026/08/202609031209487.jpg|http://openapi.animal.go.kr/openapi/service/rest/fileDownloadSrvc/files/shelter/2026/08/202609031209756.jpg,images/445470202600925_0.jpg|images/445470202600925_1.jpg
445470202600924,전북-남원-2026-00425,보호중,20260903,운봉읍,개,믹스견,[개] 믹스견,흰색&갈색&탄,2023(년생),15(Kg),F,N,"내외부 기생충, 자궁 내막염 추정",인월동물병원,063-636-2873,전북특별자치도 남원시 인월면 인월로 64  ,전북특별자치도 남원시,345470202100001,20260903,20260914,2026-09-03 12:27:08.0,http://openapi.animal.go.kr/openapi/service/rest/fileDownloadSrvc/files/shelter/2026/08/202609031209979.jpg|http://openapi.animal.go.kr/openapi/service/rest/fileDownloadSrvc/files/shelter/2026/08/20260903120926[1].jpg,images/445470202600924_0.jpg|images/445470202600924_1.jpg
445470202600923,전북-남원-2026-00424,보호중,20260903,운봉읍,개,믹스견,[개] 믹스견,흰색,2018(년생),13(Kg),M,N,내외부 기생충,인월동물병원,063-636-2873,전북특별자치도 남원시 인월면 인월로 64  ,전북특별자치도 남원시,345470202100001,20260903,20260914,2026-09-03 12:27:01.0,http://openapi.animal.go.kr/openapi/service/rest/fileDownloadSrvc/files/shelter/2026/08/202609031209854.jpg|http://openapi.animal.go.kr/openapi/service/rest/fileDownloadSrvc/files/shelter/2026/08/202609031209896.jpg,images/445470202600923_0.jpg|images/445470202600923_1.jpg
445468202602298,전북-익산-2026-01153,보호중,20260903,익산시 삼기면 진북로 178-33,개,믹스견,[개] 믹스견,흰색,2026(년생),3(Kg),F,N,생후 3개월정도 되어보이는 진도믹스로 어리고 순하며 동배 중 가장 마른 편임,익산유기동물보호소,063-855-1214,전북특별자치도 익산시 삼기면 황금로 342-17  ,전북특별자치도 익산시,345468201200001,20260903,20260914,2026-09-09 17:24:33.0,http://openapi.animal.go.kr/openapi/service/rest/fileDownloadSrvc/files/shelter/2026/08/202609031709280.jpg|http://openapi.animal.go.kr/openapi/service/rest/fileDownloadSrvc/files/shelter/2026/08/202609031709320.jpg,images/445468202602298_0.jpg|images/445468202602298_1.jpg
445468202602297,전북-익산-2026-01152,보호중,20260903,익산시 삼기면 진북로 178-33,개,믹스견,[개] 믹스견,흰색,2026(년생),4(Kg),M,N,생후 3개월정도 되어보이는 진도믹스로 어리고 순하며 토실토실함,익산유기동물보호소,063-855-1214,전북특별자치도 익산시 삼기면 황금로 342-17  ,전북특별자치도 익산시,345468201200001,20260903,20260914,2026-09-09 17:24:20.0,http://openapi.animal.go.kr/openapi/service/rest/fileDownloadSrvc/files/shelter/2026/08/202609031709782.jpg|http://openapi.animal.go.kr/openapi/service/rest/fileDownloadSrvc/files/shelter/2026/08/202609031709817.jpg,images/445468202602297_0.jpg|images/445468202602297_1.jpg
445468202602296,전북-익산-2026-01151,보호중,20260903,익산시 삼기면 진북로 178-33,개,믹스견,[개] 믹스견,흰색,2026(년생),4(Kg),M,N,생후 3개월정도 되어보이는 진도믹스로 어리고 순하며 토실토실함,익산유기동물보호소,063-855-1214,전북특별자치도 익산시 삼기면 황금로 342-17  ,전북특별자치도 익산시,345468201200001,20260903,20260914,2026-09-09 17:24:08.0,http://openapi.animal.go.kr/openapi/service/rest/fileDownloadSrvc/files/shelter/2026/08/202609031609557.jpg|http://openapi.animal.go.kr/openapi/service/rest/fileDownloadSrvc/files/shelter/2026/08/202609031609595.jpg,images/445468202602296_0.jpg|images/445468202602296_1.jpg
445468202602295,전북-익산-2026-01150,보호중,20260903,익산시 삼기면 진북로 178-33,개,믹스견,[개] 믹스견,흰색,2026(년생),4(Kg),M,N,"생후 3개월정도된 진도믹스로, 어리고 순하며 토실토실함",익산유기동물보호소,063-855-1214,전북특별자치도 익산시 삼기면 황금로 342-17  ,전북특별자치도 익산시,345468201200001,20260903,20260914,2026-09-09 17:22:31.0,http://openapi.animal.go.kr/openapi/service/rest/fileDownloadSrvc/files/shelter/2026/08/202609031609799[1].jpg|http://openapi.animal.go.kr/openapi/service/rest/fileDownloadSrvc/files/shelter/2026/08/202609031609838.jpg,images/445468202602295_0.jpg|images/445468202602295_1.jpg
445468202602294,전북-익산-2026-01149,보호중,20260903,익산시 삼기면 진북로 178-33,개,믹스견,[개] 믹스견,흰색,2024(년생),15(Kg),F,N,빨간 목테를 하고 있으며 사람을 좋아함,익산유기동물보호소,063-855-1214,전북특별자치도 익산시 삼기면 황금로 342-17  ,전북특별자치도 익산시,345468201200001,20260903,20260914,2026-09-09 17:22:19.0,http://openapi.animal.go.kr/openapi/service/rest/fileDownloadSrvc/files/shelter/2026/08/202609031609689.jpg|http://openapi.animal.go.kr/openapi/service/rest/fileDownloadSrvc/files/shelter/2026/08/202609031609727.jpg,images/445468202602294_0.jpg|images/445468202602294_1.jpg
445468202602284,전북-익산-2026-01139,보호중,20260903,익산시 신용동 81-9,개,믹스견,[개] 믹스견,흑갈색,2026(60일미만)(년생),1.2(Kg),F,N,"생후 35일된 진도믹스로 보이며, 작고 어리며 이빨은 다 나왔지만 사료를 불려서 줘야함",익산유기동물보호소,063-855-1214,전북특별자치도 익산시 삼기면 황금로 342-17  ,전북특별자치도 익산시,345468201200001,20260903,20260914,2026-09-09 17:15:58.0,http://openapi.animal.go.kr/openapi/service/rest/fileDownloadSrvc/files/shelter/2026/08/202609031609146[1].jpg|http://openapi.animal.go.kr/openapi/service/rest/fileDownloadSrvc/files/shelter/2026/08/202609031609182[2].jpg,images/445468202602284_0.jpg|images/445468202602284_1.jpg
445468202602283,전북-익산-2026-01138,보호중,20260903,익산시 신용동 81-9,개,믹스견,[개] 믹스견,갈색&검정,2026(60일미만)(년생),1.2(Kg),F,N,"생후 35일된 진도믹스로 보이며, 작고 어리며 이빨은 다 나왔지만 사료를 불려서 줘야함",익산유기동물보호소,063-855-1214,전북특별자치도 익산시 삼기면 황금로 342-17  ,전북특별자치도 익산시,345468201200001,20260903,20260914,2026-09-09 17:15:47.0,http://openapi.animal.go.kr/openapi/service/rest/fileDownloadSrvc/files/shelter/2026/08/20260903160991.jpg|http://openapi.animal.go.kr/openapi/service/rest/fileDownloadSrvc/files/shelter/2026/08/202609031609124.jpg,images/445468202602283_0.jpg|images/445468202602283_1.jpg
445468202602282,전북-익산-2026-01137,보호중,20260903,익산시 신용동 81-9,개,믹스견,[개] 믹스견,흰색,2026(60일미만)(년생),1.2(Kg),F,N,"생후 35일된 진도믹스로 보이며, 작고 어리며 이빨은 다 나왔지만 사료를 불려서 줘야함",익산유기동물보호소,063-855-1214,전북특별자치도 익산시 삼기면 황금로 342-17  ,전북특별자치도 익산시,345468201200001,20260903,20260914,2026-09-09 17:15:34.0,http://openapi.animal.go.kr/openapi/service/rest/fileDownloadSrvc/files/shelter/2026/08/202609031609412.jpg|http://openapi.animal.go.kr/openapi/service/rest/fileDownloadSrvc/files/shelter/2026/08/202609031609448.jpg,images/445468202602282_0.jpg|images/445468202602282_1.jpg
445468202602281,전북-익산-2026-01136,보호중,20260903,익산시 신용동 81-9,개,믹스견,[개] 믹스견,흰색,2026(60일미만)(년생),1.2(Kg),M,N,"생후 35일정도된 진도믹스로 보이고, 작고 어리며 이빨은 다 나왔지만 사료를 불려서 줘야함",익산유기동물보호소,063-855-1214,전북특별자치도 익산시 삼기면 황금로 342-17  ,전북특별자치도 익산시,345468201200001,20260903,20260914,2026-09-09 17:15:24.0,http://openapi.animal.go.kr/openapi/service/rest/fileDownloadSrvc/files/shelter/2026/08/202609031609182[1].jpg|http://openapi.animal.go.kr/openapi/service/rest/fileDownloadSrvc/files/shelter/2026/08/202609031609219.jpg,images/445468202602281_0.jpg|images/445468202602281_1.jpg
445468202602280,전북-익산-2026-01135,보호중,20260903,익산시 여산면 천호로 93-26,개,믹스견,[개] 믹스견,검정색,2026(60일미만)(년생),2(Kg),F,N,생후 두달넘어보임. 소심하고 겁이 많은 편이며 어림,익산유기동물보호소,063-855-1214,전북특별자치도 익산시 삼기면 황금로 342-17  ,전북특별자치도 익산시,345468201200001,20260903,20260914,2026-09-09 17:15:09.0,http://openapi.animal.go.kr/openapi/service/rest/fileDownloadSrvc/files/shelter/2026/08/202609031509854[1].jpg|http://openapi.animal.go.kr/openapi/service/rest/fileDownloadSrvc/files/shelter/2026/08/202609031509890[2].jpg,images/445468202602280_0.jpg|images/445468202602280_1.jpg
445468202602279,전북-익산-2026-01134,보호중,20260903,익산시 여산면 천호로 93-26,개,믹스견,[개] 믹스견,흑갈색,2026(년생),2(Kg),F,N,생후 두달넘어보임. 소심하고 겁이 많은 편이며 어림,익산유기동물보호소,063-855-1214,전북특별자치도 익산시 삼기면 황금로 342-17  ,전북특별자치도 익산시,345468201200001,20260903,20260914,2026-09-09 17:14:58.0,http://openapi.animal.go.kr/openapi/service/rest/fileDownloadSrvc/files/shelter/2026/08/202609031509174[1].jpg|http://openapi.animal.go.kr/openapi/service/rest/fileDownloadSrvc/files/shelter/2026/08/202609031509212.jpg,images/445468202602279_0.jpg|images/445468202602279_1.jpg
445468202602278,전북-익산-2026-01133,보호중,20260903,익산시 여산면 천호로 93-26,개,믹스견,[개] 믹스견,갈색&검정,2026(년생),2(Kg),F,N,생후 두달넘어보임. 소심하고 겁이 많은 편이며 어림,익산유기동물보호소,063-855-1214,전북특별자치도 익산시 삼기면 황금로 342-17  ,전북특별자치도 익산시,345468201200001,20260903,20260914,2026-09-09 17:14:00.0,http://openapi.animal.go.kr/openapi/service/rest/fileDownloadSrvc/files/shelter/2026/08/202609031509423.jpg|http://openapi.animal.go.kr/openapi/service/rest/fileDownloadSrvc/files/shelter/2026/08/202609031509463.jpg,images/445468202602278_0.jpg|images/445468202602278_1.jpg
445468202602277,전북-익산-2026-01132,보호중,20260903,함라면 양산2길 29-4,개,믹스견,[개] 믹스견,흰색,2023(년생),12(Kg),M,N,"몸통 작은 진도믹스로, 낡은 빨간 목테 용 중",익산유기동물보호소,063-855-1214,전북특별자치도 익산시 삼기면 황금로 342-17  ,전북특별자치도 익산시,345468201200001,20260903,20260914,2026-09-09 17:13:48.0,http://openapi.animal.go.kr/openapi/service/rest/fileDownloadSrvc/files/shelter/2026/08/202609031409459.jpg|http://openapi.animal.go.kr/openapi/service/rest/fileDownloadSrvc/files/shelter/2026/08/202609031409492[1].jpg,images/445468202602277_0.jpg|images/445468202602277_1.jpg
444568202600445,충남-당진-2026-00445,보호중,20260903,당진시 신평면 신평길 276,개,믹스견,[개] 믹스견,검정 황갈색&흰색,2025(년생),7.00(Kg),M,U,"순함. 광견병, 종합백신 완료(09/03)",당진시동물보호소,041-356-8210,충청남도 당진시 고대면 삼포길 180  ,충청남도 당진시,344568201700001,20260903,20260914,2026-09-03 13:48:46.0,http://openapi.animal.go.kr/openapi/service/rest/fileDownloadSrvc/files/shelter/2026/08/202609031309576.jpg|http://openapi.animal.go.kr/openapi/service/rest/fileDownloadSrvc/files/shelter/2026/08/202609031309640.jpg,images/444568202600445_0.jpg|images/444568202600445_1.jpg
444455202600424,충남-금산-2026-00150,보호중,20260903,금산읍 남사직6길1,개,푸들,[개] 푸들,검정색,2023(년생),5(Kg),M,U,미용한 후 털 관리가 잘된 유기견,제일동물병원,041-751-3739,충청남도 금산군 금산읍 비단로 59  ,충청남도 금산군,344455202300001,20260903,20260914,2026-09-03 13:08:24.0,http://openapi.animal.go.kr/openapi/service/rest/fileDownloadSrvc/files/shelter/2026/08/202609030909362.png|http://openapi.animal.go.kr/openapi/service/rest/fileDownloadSrvc/files/shelter/2026/08/202609030909379.png,images/444455202600424_0.png|images/444455202600424_1.png
444451202600758,충남-보령-2026-00302,보호중,20260903,보령시 청소면 야현정전길 92-19,개,믹스견,[개] 믹스견,흰색,2022(년생),8(Kg),F,N,.,보령시유기동물보호소,010-5427-7210,충청남도 보령시 대천방조제로 322 (대천동) 보령시시설관리공단 내 좌측 생태공원2,충청남도 보령시,344451201300001,20260903,20260914,2026-09-03 08:49:31.0,http://openapi.animal.go.kr/openapi/service/rest/fileDownloadSrvc/files/shelter/2026/08/202609030809463.jpg|http://openapi.animal.go.kr/openapi/service/rest/fileDownloadSrvc/files/shelter/2026/08/202609030809794.jpg,images/444451202600758_0.jpg|images/444451202600758_1.jpg
444449202601496,충남-천안-2026-00463,보호중,20260903,동남구 태조산길 131-114,개,믹스견,[개] 믹스견,금색&흰색,2025(년생),3.6(Kg),M,Y,"순함, 양측 결막염 ",천안시 동물보호센터,010-5913-5119,"충청남도 천안시 동남구 목천읍 충절로 577  문의전화 : 입양(010-5913-5119), 구조(010-4999-6119)",충청남도 천안시,344449202100001,20260903,20260914,2026-09-07 10:05:08.0,http://openapi.animal.go.kr/openapi/service/rest/fileDownloadSrvc/files/shelter/2026/08/202609031109700.jpg|http://openapi.animal.go.kr/openapi/service/rest/fileDownloadSrvc/files/shelter/2026/08/20260903110964.jpg,images/444449202601496_0.jpg|images/444449202601496_1.jpg
443571202601770,충북-청주-2026-00720,보호중,20260903,옥산면 덕촌리 6-2,개,믹스견,[개] 믹스견,갈색,2024(년생),20(Kg),M,N,"2마리 함께 발견, 파란빨강 목걸이 착용한 상태로 매우 순하고 얌전한 아이들[1R3]",반려동물보호센터,043-201-2298,충청북도 청주시 흥덕구 강내면 서부로 411-23  청주시 반려동물 보호센터,충청북도 청주시,343571201600001,20260903,20260914,2026-09-04 16:50:04.0,http://openapi.animal.go.kr/openapi/service/rest/fileDownloadSrvc/files/shelter/2026/08/202609031509701.jpeg|http://openapi.animal.go.kr/openapi/service/rest/fileDownloadSrvc/files/shelter/2026/08/202609031509721.jpeg,images/443571202601770_0.jpeg|images/443571202601770_1.jpeg
443571202601769,충북-청주-2026-00719,보호중,20260903,옥산면 덕촌리 6-2,개,믹스견,[개] 믹스견,갈색,2024(년생),20(Kg),M,N,"2마리 함께 발견, 빨강파랑 목걸이 착용한 상태로 매우 순하고 얌전한 아이들[6L2]",반려동물보호센터,043-201-2298,충청북도 청주시 흥덕구 강내면 서부로 411-23  청주시 반려동물 보호센터,충청북도 청주시,343571201600001,20260903,20260914,2026-09-03 15:42:11.0,http://openapi.animal.go.kr/openapi/service/rest/fileDownloadSrvc/files/shelter/2026/08/202609031409517.jpeg|http://openapi.animal.go.kr/openapi/service/rest/fileDownloadSrvc/files/shelter/2026/08/202609031409540.jpeg,images/443571202601769_0.jpeg|images/443571202601769_1.jpeg
442431202600190,강원-화천-2026-00046,보호중,20260903,화천읍 호음로 310,개,믹스견,[개] 믹스견,흰색,2021(년생),7.00(Kg),M,U,"많이 야위어 있는 상태였으며, 아직까지는 경계가 심함 ",화천군농업기술센터,033-440-2941,강원도 화천군 상서면 영서로 6387-9  화천농업기술센터,강원특별자치도 화천군,342431201300001,20260903,20260914,2026-09-03 13:28:42.0,http://openapi.animal.go.kr/openapi/service/rest/fileDownloadSrvc/files/shelter/2026/08/202609031309160.jpg|http://openapi.animal.go.kr/openapi/service/rest/fileDownloadSrvc/files/shelter/2026/08/202609031309180.jpg,images/442431202600190_0.jpg|images/442431202600190_1.jpg
442430202600151,강원-철원-2026-00151,보호중,20260903,동송소방서,개,믹스견,[개] 믹스견,황갈색,2024(년생),10(Kg),M,U,사람을 좋아하며 순함,철원군,033-450-5394,강원도 철원군 동송읍 장흥로 311  ,강원특별자치도 철원군,342430201900001,20260903,20260914,2026-09-03 16:57:14.0,http://openapi.animal.go.kr/openapi/service/rest/fileDownloadSrvc/files/shelter/2026/08/202609031609616.jpg|http://openapi.animal.go.kr/openapi/service/rest/fileDownloadSrvc/files/shelter/2026/08/202609031609226.jpg,images/442430202600151_0.jpg|images/442430202600151_1.jpg
442430202600150,강원-철원-2026-00150,보호중,20260903,김화읍 생창길,개,믹스견,[개] 믹스견,흑갈색,2026(60일미만)(년생),2(Kg),F,N,사람을 경계함,철원군,033-450-5394,강원도 철원군 동송읍 장흥로 311  ,강원특별자치도 철원군,342430201900001,20260903,20260914,2026-09-03 16:18:50.0,http://openapi.animal.go.kr/openapi/service/rest/fileDownloadSrvc/files/shelter/2026/08/20260903160956[1].jpg|http://openapi.animal.go.kr/openapi/service/rest/fileDownloadSrvc/files/shelter/2026/08/202609031609135.jpg,images/442430202600150_0.jpg|images/442430202600150_1.jpg
442430202600149,강원-철원-2026-00149,보호중,20260903,김화읍 생창길,개,믹스견,[개] 믹스견,황갈색,2026(60일미만)(년생),2(Kg),F,N,사람을 경계함,철원군,033-450-5394,강원도 철원군 동송읍 장흥로 311  ,강원특별자치도 철원군,342430201900001,20260903,20260914,2026-09-03 16:18:16.0,http://openapi.animal.go.kr/openapi/service/rest/fileDownloadSrvc/files/shelter/2026/08/202609031609957.jpg|http://openapi.animal.go.kr/openapi/service/rest/fileDownloadSrvc/files/shelter/2026/08/20260903160927.jpg,images/442430202600149_0.jpg|images/442430202600149_1.jpg
442430202600148,강원-철원-2026-00148,보호중,20260903,김화읍 생창길,개,믹스견,[개] 믹스견,황갈색,2026(60일미만)(년생),2(Kg),F,N,사람을 경계함,철원군,033-450-5394,강원도 철원군 동송읍 장흥로 311  ,강원특별자치도 철원군,342430201900001,20260903,20260914,2026-09-03 16:17:15.0,http://openapi.animal.go.kr/openapi/service/rest/fileDownloadSrvc/files/shelter/2026/08/20260903160968.jpg|http://openapi.animal.go.kr/openapi/service/rest/fileDownloadSrvc/files/shelter/2026/08/202609031609146[2].jpg,images/442430202600148_0.jpg|images/442430202600148_1.jpg
442418202600801,강원-춘천-2026-00250,보호중,20260903,영서로 3282,개,믹스견,[개] 믹스견,흰색,2018(년생),20(Kg),F,U,온순,춘천시 동물보호센터,033-245-5351,강원도 춘천시 신북읍 영서로 3282 (신북읍) (전)102보충대 주차장,강원특별자치도 춘천시,342418201300001,20260903,20260914,2026-09-03 16:24:31.0,http://openapi.animal.go.kr/openapi/service/rest/fileDownloadSrvc/files/shelter/2026/08/202609031609434.jpg|http://openapi.animal.go.kr/openapi/service/rest/fileDownloadSrvc/files/shelter/2026/08/202609031609447.jpg,images/442418202600801_0.jpg|images/442418202600801_1.jpg
441553202602512,경기-화성-2026-01317,보호중,20260903,서신면 궁평항로 인근,개,믹스견,[개] 믹스견,크림색,2024(년생),12(Kg),M,U,활발하고 성격이 좋은 강아지/ 강아지들을 조금 무서워함/ 사람을 좋아함,화성시민동물보호센터,010-3969-1034,경기도 화성시 서신면 전곡항로 492  ,경기도 화성시,341553202500001,20260903,20260914,2026-09-03 17:40:39.0,http://openapi.animal.go.kr/openapi/service/rest/fileDownloadSrvc/files/shelter/2026/08/202609031709611.jpg|http://openapi.animal.go.kr/openapi/service/rest/fileDownloadSrvc/files/shelter/2026/08/202609031709723.jpg,images/441553202602512_0.jpg|images/441553202602512_1.jpg
441553202602511,경기-화성-2026-01316,보호중,20260903,향남읍 서봉로 인근,개,푸들,[개] 푸들,회색,2023(년생),4(Kg),F,U,말티푸 느낌이 있는 강아지/ 얌전하고 조용한 성격/ 매력적인 눈,화성시민동물보호센터,010-3969-1034,경기도 화성시 서신면 전곡항로 492  ,경기도 화성시,341553202500001,20260903,20260914,2026-09-03 17:40:39.0,http://openapi.animal.go.kr/openapi/service/rest/fileDownloadSrvc/files/shelter/2026/08/20260903170959.jpg|http://openapi.animal.go.kr/openapi/service/rest/fileDownloadSrvc/files/shelter/2026/08/202609031709172.jpg,images/441553202602511_0.jpg|images/441553202602511_1.jpg
441553202602508,경기-화성-2026-01313,보호중,20260903,봉담읍 최루백로 인근,개,믹스견,[개] 믹스견,흰색,2026(60일미만)(년생),3(Kg),M,U,한쪽귀만 접힌 귀여운 강아지/ 억울하고 깊은 눈매/ 몸에비해 다리가 짧은편,화성시민동물보호센터,010-3969-1034,경기도 화성시 서신면 전곡항로 492  ,경기도 화성시,341553202500001,20260903,20260914,2026-09-03 15:34:48.0,http://openapi.animal.go.kr/openapi/service/rest/fileDownloadSrvc/files/shelter/2026/08/202609031509121.jpg|http://openapi.animal.go.kr/openapi/service/rest/fileDownloadSrvc/files/shelter/2026/08/202609031509841[1].jpg,images/441553202602508_0.jpg|images/441553202602508_1.jpg
441553202602507,경기-화성-2026-01312,보호중,20260903,장안면 상두원길 인근,개,믹스견,[개] 믹스견,크림색,2023(년생),20(Kg),F,U,6마리 남매의 엄마견/ 순하고 얌전한 성격/ 새끼들을 많이 사랑함/ 사람경계하지 않음,화성시민동물보호센터,010-3969-1034,경기도 화성시 서신면 전곡항로 492  ,경기도 화성시,341553202500001,20260903,20260914,2026-09-03 15:34:48.0,http://openapi.animal.go.kr/openapi/service/rest/fileDownloadSrvc/files/shelter/2026/08/202609031509596.jpg|http://openapi.animal.go.kr/openapi/service/rest/fileDownloadSrvc/files/shelter/2026/08/202609031509484.jpg,images/441553202602507_0.jpg|images/441553202602507_1.jpg
441553202602506,경기-화성-2026-01311,보호중,20260903,장안면 상두원길 인근,개,믹스견,[개] 믹스견,갈색&검정&흰색,2026(60일미만)(년생),3(Kg),F,U,안경을 쓴듯한 너구리상/ 포실포실 포동포동 귀여움/ 순하고 사람을 좋아함,화성시민동물보호센터,010-3969-1034,경기도 화성시 서신면 전곡항로 492  ,경기도 화성시,341553202500001,20260903,20260914,2026-09-03 15:34:47.0,http://openapi.animal.go.kr/openapi/service/rest/fileDownloadSrvc/files/shelter/2026/08/202609031509227.jpg|http://openapi.animal.go.kr/openapi/service/rest/fileDownloadSrvc/files/shelter/2026/08/202609031509987.jpg,images/441553202602506_0.jpg|images/441553202602506_1.jpg
441553202602505,경기-화성-2026-01310,보호중,20260903,장안면 상두원길 인근,개,믹스견,[개] 믹스견,갈색,2026(60일미만)(년생),3(Kg),F,U,억울한 외모가 너무 귀여움/ 사람대한 경계심 없음/ 순하고 얌전함,화성시민동물보호센터,010-3969-1034,경기도 화성시 서신면 전곡항로 492  ,경기도 화성시,341553202500001,20260903,20260914,2026-09-03 15:34:47.0,http://openapi.animal.go.kr/openapi/service/rest/fileDownloadSrvc/files/shelter/2026/08/20260903150966.jpg|http://openapi.animal.go.kr/openapi/service/rest/fileDownloadSrvc/files/shelter/2026/08/20260903150903.jpg,images/441553202602505_0.jpg|images/441553202602505_1.jpg
441553202602504,경기-화성-2026-01309,보호중,20260903,장안면 상두원길 인근,개,믹스견,[개] 믹스견,갈색&검정&흰색,2026(60일미만)(년생),3(Kg),F,U,너무귀여운 너구리상/ 사람좋아함/ 성격좋음/ 통통한 몸,화성시민동물보호센터,010-3969-1034,경기도 화성시 서신면 전곡항로 492  ,경기도 화성시,341553202500001,20260903,20260914,2026-09-03 15:34:47.0,http://openapi.animal.go.kr/openapi/service/rest/fileDownloadSrvc/files/shelter/2026/08/202609031509102.jpg|http://openapi.animal.go.kr/openapi/service/rest/fileDownloadSrvc/files/shelter/2026/08/202609031509864.jpg,images/441553202602504_0.jpg|images/441553202602504_1.jpg
441553202602503,경기-화성-2026-01308,보호중,20260903,장안면 상두원길 인근,개,믹스견,[개] 믹스견,갈색&검정,2026(60일미만)(년생),4(Kg),F,U,동글동글 포동포동 너무귀여운 아기 강아지/ 사람을 좋아함/ 겁이 없음,화성시민동물보호센터,010-3969-1034,경기도 화성시 서신면 전곡항로 492  ,경기도 화성시,341553202500001,20260903,20260914,2026-09-03 15:34:47.0,http://openapi.animal.go.kr/openapi/service/rest/fileDownloadSrvc/files/shelter/2026/08/202609031509172.jpg|http://openapi.animal.go.kr/openapi/service/rest/fileDownloadSrvc/files/shelter/2026/08/202609031509973.jpg,images/441553202602503_0.jpg|images/441553202602503_1.jpg
441553202602502,경기-화성-2026-01307,보호중,20260903,장안면 상두원길 인근,개,믹스견,[개] 믹스견,갈색,2026(60일미만)(년생),3(Kg),M,U,순둥한 아기강아지/ 성격 너무 좋음/ 겁도 없음/ 사람을 너무 좋아함,화성시민동물보호센터,010-3969-1034,경기도 화성시 서신면 전곡항로 492  ,경기도 화성시,341553202500001,20260903,20260914,2026-09-03 15:34:47.0,http://openapi.animal.go.kr/openapi/service/rest/fileDownloadSrvc/files/shelter/2026/08/202609031409399.jpg|http://openapi.animal.go.kr/openapi/service/rest/fileDownloadSrvc/files/shelter/2026/08/202609031409753.jpg,images/441553202602502_0.jpg|images/441553202602502_1.jpg
441553202602501,경기-화성-2026-01306,보호중,20260903,장안면 상두원길 인근,개,믹스견,[개] 믹스견,갈색&검정,2026(60일미만)(년생),3(Kg),F,U,통통 포실포실한 아기강아지/ 사람경계 없음/ 너무 귀여운 외모,화성시민동물보호센터,010-3969-1034,경기도 화성시 서신면 전곡항로 492  ,경기도 화성시,341553202500001,20260903,20260914,2026-09-03 15:34:46.0,http://openapi.animal.go.kr/openapi/service/rest/fileDownloadSrvc/files/shelter/2026/08/202609031409881.jpg|http://openapi.animal.go.kr/openapi/service/rest/fileDownloadSrvc/files/shelter/2026/08/202609031409459.png,images/441553202602501_0.jpg|images/441553202602501_1.png
441553202602500,경기-화성-2026-01305,보호중,20260903,마도119,개,비숑 프리제,[개] 비숑 프리제,흰색,2024(년생),5(Kg),M,Y,하이바를 쓴 비숑강아지/ 완전 활발함/ 사람좋아함/ 점프력이 아주 좋음,화성시민동물보호센터,010-3969-1034,경기도 화성시 서신면 전곡항로 492  ,경기도 화성시,341553202500001,20260903,20260914,2026-09-03 11:56:18.0,http://openapi.animal.go.kr/openapi/service/rest/fileDownloadSrvc/files/shelter/2026/08/202609031109797.jpg|http://openapi.animal.go.kr/openapi/service/rest/fileDownloadSrvc/files/shelter/2026/08/202609031109656.jpg,images/441553202602500_0.jpg|images/441553202602500_1.jpg
441553202602499,경기-화성-2026-01304,보호중,20260903,서신119,개,믹스견,[개] 믹스견,흰색,2018(년생),26(Kg),M,U,잘생긴 진도믹스견/ 순하고 얌전함/ 겁은조금 있음/ 눈이조금 안좋아보임,화성시민동물보호센터,010-3969-1034,경기도 화성시 서신면 전곡항로 492  ,경기도 화성시,341553202500001,20260903,20260914,2026-09-03 11:56:18.0,http://openapi.animal.go.kr/openapi/service/rest/fileDownloadSrvc/files/shelter/2026/08/202609031109783.jpg|http://openapi.animal.go.kr/openapi/service/rest/fileDownloadSrvc/files/shelter/2026/08/202609031109433.jpg,images/441553202602499_0.jpg|images/441553202602499_1.jpg
441553202602498,경기-화성-2026-01303,보호중,20260903,향남읍 토성로 인근,개,믹스견,[개] 믹스견,흰색,2026(년생),9(Kg),M,U,겁이 매우많은 강아지/ 사람을 무서워하고 경계함/ 천천히 다가가줘야 함,화성시민동물보호센터,010-3969-1034,경기도 화성시 서신면 전곡항로 492  ,경기도 화성시,341553202500001,20260903,20260914,2026-09-03 11:56:18.0,http://openapi.animal.go.kr/openapi/service/rest/fileDownloadSrvc/files/shelter/2026/08/202609031109103.jpg|http://openapi.animal.go.kr/openapi/service/rest/fileDownloadSrvc/files/shelter/2026/08/202609031109422[1].jpg,images/441553202602498_0.jpg|images/441553202602498_1.jpg
441417202601146,경기-양평-2026-00241,보호중,20260903,경기도 양평군 강하면 운심길 78 ,개,믹스견,[개] 믹스견,검정&흰색,2022(년생),11.3(Kg),M,N,발견 당시 초록색 목걸이 + 쇠줄 / 온순하며 사람을 잘 따르지만 약간 소심한 모습,양평군유기동물보호소,031-770-2337,경기도 양평군 양평읍 농업기술센터길 59-1  ,경기도 양평군,341417201800001,20260903,20260914,2026-09-04 19:59:59.0,http://openapi.animal.go.kr/openapi/service/rest/fileDownloadSrvc/files/shelter/2026/08/202609031109212.png|http://openapi.animal.go.kr/openapi/service/rest/fileDownloadSrvc/files/shelter/2026/08/202609031109522.png,images/441417202601146_0.png|images/441417202601146_1.png
441416202600495,경기-가평-2026-00074,보호중,20260903,가평읍 도대리 단독주택,개,말티즈,[개] 말티즈,흰색,2020(년생),5(Kg),M,Y,가평읍 도대리 단독주택/인수제,가평군유기동물보호소,031-580-4794,"경기도 가평군 가평읍 아랫마장길 59 (가평읍, 농업기술센터) 가평 유기동물 보호소(10:00~18:00)",경기도 가평군,341416200900001,20260903,20260914,2026-09-04 15:45:19.0,http://openapi.animal.go.kr/openapi/service/rest/fileDownloadSrvc/files/shelter/2026/08/20260903110904.jpg|http://openapi.animal.go.kr/openapi/service/rest/fileDownloadSrvc/files/shelter/2026/08/202609031109718.jpg,images/441416202600495_0.jpg|images/441416202600495_1.jpg
441416202600494,경기-가평-2026-00073,보호중,20260903,설악면 유명로 단독주택 부근 배회,개,믹스견,[개] 믹스견,갈색&흰색,2025(년생),2(Kg),F,N,"설악면 유명로 단독주택 부근 배회/목걸이,목줄 없음/ 9개월 추정",가평군유기동물보호소,031-580-4794,"경기도 가평군 가평읍 아랫마장길 59 (가평읍, 농업기술센터) 가평 유기동물 보호소(10:00~18:00)",경기도 가평군,341416200900001,20260903,20260914,2026-09-04 15:44:24.0,http://openapi.animal.go.kr/openapi/service/rest/fileDownloadSrvc/files/shelter/2026/08/202609031109401.jpg|http://openapi.animal.go.kr/openapi/service/rest/fileDownloadSrvc/files/shelter/2026/08/202609031109228.jpg,images/441416202600494_0.jpg|images/441416202600494_1.jpg
441403202600206,경기-의왕-2026-00034,보호중,20260903,경기도 의왕시 스마트시티 퀀텀 공사장 인근,개,믹스견,[개] 믹스견,기타(흑백),2022(년생),3(Kg),M,Y,순함,한국야생동물보호협회,031-296-0124,경기도 안산시 상록구 청곡길 50 (부곡동) ,경기도 의왕시,341403202100001,20260903,20260914,2026-09-04 13:09:02.0,http://openapi.animal.go.kr/openapi/service/rest/fileDownloadSrvc/files/shelter/2026/08/202609031709888.jpg|http://openapi.animal.go.kr/openapi/service/rest/fileDownloadSrvc/files/shelter/2026/08/20260903170957.jpg,images/441403202600206_0.jpg|images/441403202600206_1.jpg
441402202600328,경기-군포-2026-00093,보호중,20260903,군포시청에서 인수,개,말티즈,[개] 말티즈,기타(백),2016(년생),3(Kg),F,U,"악성종양심함,겁많음,노란목줄착용",한국야생동물보호협회,031-296-0124,경기도 안산시 상록구 청곡길 50 (부곡동) ,경기도 군포시,341402202100001,20260903,20260914,2026-09-03 17:04:31.0,http://openapi.animal.go.kr/openapi/service/rest/fileDownloadSrvc/files/shelter/2026/08/202609031709630.jpg|http://openapi.animal.go.kr/openapi/service/rest/fileDownloadSrvc/files/shelter/2026/08/202609031709963.jpg,images/441402202600328_0.jpg|images/441402202600328_1.jpg
441399202601414,경기-남양주-2026-00375,보호중,20260903,이패동484,개,마리노이즈,[개] 마리노이즈,흑갈색,2026(년생),4(Kg),M,N,착하고 사람 손길을 잘 따름,남양주시동물보호센터,031-590-2785,경기도 남양주시 경강로163번길 32-27 (이패동) ,경기도 남양주시,341399202200002,20260903,20260914,2026-09-03 17:28:07.0,http://openapi.animal.go.kr/openapi/service/rest/fileDownloadSrvc/files/shelter/2026/08/202609031709838.png|http://openapi.animal.go.kr/openapi/service/rest/fileDownloadSrvc/files/shelter/2026/08/202609031709863.png,images/441399202601414_0.png|images/441399202601414_1.png
441399202601413,경기-남양주-2026-00374,보호중,20260903,조안면 진중리 252-9,개,믹스견,[개] 믹스견,갈색,2026(년생),5.7(Kg),M,N,착하고 사람 손길을 잘 따름,남양주시동물보호센터,031-590-2785,경기도 남양주시 경강로163번길 32-27 (이패동) ,경기도 남양주시,341399202200002,20260903,20260914,2026-09-04 17:27:35.0,http://openapi.animal.go.kr/openapi/service/rest/fileDownloadSrvc/files/shelter/2026/08/202609031709369.png|http://openapi.animal.go.kr/openapi/service/rest/fileDownloadSrvc/files/shelter/2026/08/202609031709396.png,images/441399202601413_0.png|images/441399202601413_1.png
441399202601412,경기-남양주-2026-00373,보호중,20260903,진건읍 진관로 214,개,믹스견,[개] 믹스견,갈색,2024(년생),25(Kg),M,N,경계가 있으나 손길을 피하지 않는아이,남양주시동물보호센터,031-590-2785,경기도 남양주시 경강로163번길 32-27 (이패동) ,경기도 남양주시,341399202200002,20260903,20260914,2026-09-04 17:28:17.0,http://openapi.animal.go.kr/openapi/service/rest/fileDownloadSrvc/files/shelter/2026/08/202609031709269.png|http://openapi.animal.go.kr/openapi/service/rest/fileDownloadSrvc/files/shelter/2026/08/202609031709302.png,images/441399202601412_0.png|images/441399202601412_1.png
441399202601410,경기-남양주-2026-00372,보호중,20260903,진접읍내곡리 40-3,개,포메라니안,[개] 포메라니안,갈색,2024(년생),2.3(Kg),F,N,착하고 사람 손길을 잘 따름,남양주시동물보호센터,031-590-2785,경기도 남양주시 경강로163번길 32-27 (이패동) ,경기도 남양주시,341399202200002,20260903,20260914,2026-09-04 17:29:01.0,http://openapi.animal.go.kr/openapi/service/rest/fileDownloadSrvc/files/shelter/2026/08/202609031609382.png|http://openapi.animal.go.kr/openapi/service/rest/fileDownloadSrvc/files/shelter/2026/08/202609031609423.png,images/441399202601410_0.png|images/441399202601410_1.png
441383202600402,경기-안양-2026-00108,보호중,20260903,안양시청에서 인수,개,비숑 프리제,[개] 비숑 프리제,기타(백),2020(년생),3(Kg),F,U,"뒷다리못씀,비장안좋음,순함",한국야생동물보호협회,031-296-0124,경기도 안산시 상록구 청곡길 50 (부곡동) .,경기도 안양시,341383201300001,20260903,20260914,2026-09-03 17:06:51.0,http://openapi.animal.go.kr/openapi/service/rest/fileDownloadSrvc/files/shelter/2026/08/202609031709327.jpg|http://openapi.animal.go.kr/openapi/service/rest/fileDownloadSrvc/files/shelter/2026/08/202609031709352.jpg,images/441383202600402_0.jpg|images/441383202600402_1.jpg
427343202600843,대구-서구-2026-00498,보호중,20260903,장산로 216,개,믹스견,[개] 믹스견,검정&흰색,2026(년생),3.26(Kg),M,N,5~6개월령. 온순. 양쪽 상악 송곳니 유치 잔존,대구수의사회(아이펫),053-573-1175,대구광역시 서구 서대구로 64 (평리동) ,대구광역시 서구,327343201500004,20260903,20260914,2026-09-03 16:51:23.0,http://openapi.animal.go.kr/openapi/service/rest/fileDownloadSrvc/files/shelter/2026/08/202609031609166.jpg|http://openapi.animal.go.kr/openapi/service/rest/fileDownloadSrvc/files/shelter/2026/08/202609031609292[2].jpg,images/427343202600843_0.jpg|images/427343202600843_1.jpg
413588202600315,광주-함평-2026-00075,보호중,20260903,함평읍 남산 미르체아파트,개,믹스견,[개] 믹스견,흰색,2024(년생),12.00(Kg),M,U,다리치료요함,학교임시동물보호센터,010-5649-3435,전라남도 함평군 학교면 송산길 84 (학교면) 월산리 806-1 ,전남광주통합특별시 함평군,346496201800001,20260903,20260917,2026-09-03 17:09:13.0,http://openapi.animal.go.kr/openapi/service/rest/fileDownloadSrvc/files/shelter/2026/08/202609031709531.jpg|http://openapi.animal.go.kr/openapi/service/rest/fileDownloadSrvc/files/shelter/2026/08/202609031709194.jpg,images/413588202600315_0.jpg|images/413588202600315_1.jpg
413588202600314,광주-함평-2026-00074,보호중,20260903,함평읍 성덕길 57,개,믹스견,[개] 믹스견,갈색&검정,2025(년생),8.00(Kg),M,U,경계심,학교임시동물보호센터,010-5649-3435,전라남도 함평군 학교면 송산길 84 (학교면) 월산리 806-1 ,전남광주통합특별시 함평군,346496201800001,20260903,20260917,2026-09-03 17:03:21.0,http://openapi.animal.go.kr/openapi/service/rest/fileDownloadSrvc/files/shelter/2026/08/202609031709338.jpg|http://openapi.animal.go.kr/openapi/service/rest/fileDownloadSrvc/files/shelter/2026/08/202609031709278.jpg,images/413588202600314_0.jpg|images/413588202600314_1.jpg
413588202600191,광주-무안-2026-00028,보호중,20260903,해제 현해로 1594,개,믹스견,[개] 믹스견,검정&황갈색,2023(년생),4(Kg),F,N,경계심이 많음.,무안군유기동물보호소,061-450-4495,전라남도 무안군 무안읍 면주길 99  ,전남광주통합특별시 무안군,346495202100001,20260903,20260914,2026-09-03 14:23:13.0,http://openapi.animal.go.kr/openapi/service/rest/fileDownloadSrvc/files/shelter/2026/08/202609031409439.jpg|http://openapi.animal.go.kr/openapi/service/rest/fileDownloadSrvc/files/shelter/2026/08/202609031409449.jpg,images/413588202600191_0.jpg|images/413588202600191_1.jpg
413588202600190,광주-무안-2026-00027,보호중,20260903,일로 백년로 730,개,믹스견,[개] 믹스견,검정색,2024(년생),6(Kg),M,N,경계심이 많음.,무안군유기동물보호소,061-450-4495,전라남도 무안군 무안읍 면주길 99  ,전남광주통합특별시 무안군,346495202100001,20260903,20260914,2026-09-03 14:23:04.0,http://openapi.animal.go.kr/openapi/service/rest/fileDownloadSrvc/files/shelter/2026/08/202609031409401.jpg|http://openapi.animal.go.kr/openapi/service/rest/fileDownloadSrvc/files/shelter/2026/08/202609031409412.jpg,images/413588202600190_0.jpg|images/413588202600190_1.jpg
413588202600189,광주-무안-2026-00026,보호중,20260903,일로 백년로 730,개,믹스견,[개] 믹스견,검정색,2024(년생),6(Kg),M,N,경계심이 많음.,무안군유기동물보호소,061-450-4495,전라남도 무안군 무안읍 면주길 99  ,전남광주통합특별시 무안군,346495202100001,20260903,20260914,2026-09-03 14:22:55.0,http://openapi.animal.go.kr/openapi/service/rest/fileDownloadSrvc/files/shelter/2026/08/202609031409391[1].jpg|http://openapi.animal.go.kr/openapi/service/rest/fileDownloadSrvc/files/shelter/2026/08/202609031409407.jpg,images/413588202600189_0.jpg|images/413588202600189_1.jpg
413582202600645,광주-광산-2026-00078,보호중,20260903,광산구 영광로,개,믹스견,[개] 믹스견,갈색&흰색,2026(60일미만)(년생),2.5(Kg),F,N,26-0505 민아,광주동물보호센터,062-613-6770,전남광주통합특별시 북구 본촌마을길 25-1 (본촌동) 광주동물보호센터,전남광주통합특별시 광산구,329363201300001,20260903,20260914,2026-09-03 17:12:42.0,http://openapi.animal.go.kr/openapi/service/rest/fileDownloadSrvc/files/shelter/2026/08/202609031709188.jpg|http://openapi.animal.go.kr/openapi/service/rest/fileDownloadSrvc/files/shelter/2026/08/202609031709217.jpg,images/413582202600645_0.jpg|images/413582202600645_1.jpg
413582202600643,광주-광산-2026-00076,보호중,20260903,광산구 광산구청,개,스탠다드 닥스훈트,[개] 스탠다드 닥스훈트,갈색&검정,2016(년생),8(Kg),F,U,26-0503 콜라 내장칩없음 목줄착용,광주동물보호센터,062-613-6770,전남광주통합특별시 북구 본촌마을길 25-1 (본촌동) 광주동물보호센터,전남광주통합특별시 광산구,329363201300001,20260903,20260914,2026-09-03 14:05:19.0,http://openapi.animal.go.kr/openapi/service/rest/fileDownloadSrvc/files/shelter/2026/08/202609031409288.jpg|http://openapi.animal.go.kr/openapi/service/rest/fileDownloadSrvc/files/shelter/2026/08/202609031409330.jpg,images/413582202600643_0.jpg|images/413582202600643_1.jpg
413580202600629,광주-광양-2026-00086,보호중,20260903,광양읍 호암대실길182 주변,개,믹스견,[개] 믹스견,갈색&흰색,2024(년생),13(Kg),M,N,믹스 갈색+흰색 수컷 2살추정,광양시 임시보호소,061-797-3386,전라남도 광양시 봉강면 인덕로 1169-20 (봉강면) 지곡리 864-24,전남광주통합특별시 광양시,346484201900001,20260903,20260914,2026-09-03 20:50:37.0,http://openapi.animal.go.kr/openapi/service/rest/fileDownloadSrvc/files/shelter/2026/08/202609032009469.jpg|http://openapi.animal.go.kr/openapi/service/rest/fileDownloadSrvc/files/shelter/2026/08/202609032009488[1].jpg,images/413580202600629_0.jpg|images/413580202600629_1.jpg
413580202600628,광주-광양-2026-00085,보호중,20260903,진월면 월길리1410-2 주변,개,믹스견,[개] 믹스견,검정색,2026(년생),3(Kg),F,N,믹스 검정 암컷 3개월추정,광양시 임시보호소,061-797-3386,전라남도 광양시 봉강면 인덕로 1169-20 (봉강면) 지곡리 864-24,전남광주통합특별시 광양시,346484201900001,20260903,20260914,2026-09-03 20:50:37.0,http://openapi.animal.go.kr/openapi/service/rest/fileDownloadSrvc/files/shelter/2026/08/202609032009229.jpg|http://openapi.animal.go.kr/openapi/service/rest/fileDownloadSrvc/files/shelter/2026/08/202609032009245.jpg,images/413580202600628_0.jpg|images/413580202600628_1.jpg
413580202600627,광주-광양-2026-00084,보호중,20260903,진월면 월길리1410-2 주변,개,믹스견,[개] 믹스견,검정색,2026(년생),3(Kg),F,N,믹스 검정 암컷 3개월추정,광양시 임시보호소,061-797-3386,전라남도 광양시 봉강면 인덕로 1169-20 (봉강면) 지곡리 864-24,전남광주통합특별시 광양시,346484201900001,20260903,20260914,2026-09-03 20:50:36.0,http://openapi.animal.go.kr/openapi/service/rest/fileDownloadSrvc/files/shelter/2026/08/202609032009615.jpg|http://openapi.animal.go.kr/openapi/service/rest/fileDownloadSrvc/files/shelter/2026/08/202609032009629.jpg,images/413580202600627_0.jpg|images/413580202600627_1.jpg
413580202600626,광주-광양-2026-00083,보호중,20260903,진월면 월길리1410-2 주변,개,믹스견,[개] 믹스견,검정색,2026(년생),3(Kg),F,N,믹스 검정 암컷 3개월추정,광양시 임시보호소,061-797-3386,전라남도 광양시 봉강면 인덕로 1169-20 (봉강면) 지곡리 864-24,전남광주통합특별시 광양시,346484201900001,20260903,20260914,2026-09-03 20:50:36.0,http://openapi.animal.go.kr/openapi/service/rest/fileDownloadSrvc/files/shelter/2026/08/202609032009214.jpg|http://openapi.animal.go.kr/openapi/service/rest/fileDownloadSrvc/files/shelter/2026/08/202609032009236.jpg,images/413580202600626_0.jpg|images/413580202600626_1.jpg
413579202601375,광주-나주-2026-00318,보호중,20260903,나주시세지면용궁제길19,개,골든 리트리버,[개] 골든 리트리버,금색,2021(년생),30(Kg),M,N,저수지주변배회함 구조 온순하고사람잘따름,나주유기동물보호센터,010-2331-7377,전라남도 나주시 산포면 내기3길 71-43 [*미고시] ,전남광주통합특별시 나주시,346483202100001,20260903,20260914,2026-09-03 17:11:56.0,http://openapi.animal.go.kr/openapi/service/rest/fileDownloadSrvc/files/shelter/2026/08/202609031709299.jpg|http://openapi.animal.go.kr/openapi/service/rest/fileDownloadSrvc/files/shelter/2026/08/202609031709411.jpg,images/413579202601375_0.jpg|images/413579202601375_1.jpg
413578202601679,광주-목포-2026-00099,보호중,20260903,임성역부근(18:30),개,믹스견,[개] 믹스견,흰색&황갈색,2023(년생),5.7(Kg),F,N,"청색목줄착용, 체구가 작고 활발함",목포시유기동물보호소,010-9678-9966,전라남도 무안군 삼향읍 석매길 36  ,전남광주통합특별시 목포시,346480201000001,20260903,20260914,2026-09-03 20:03:50.0,http://openapi.animal.go.kr/openapi/service/rest/fileDownloadSrvc/files/shelter/2026/08/202609032009566.jpg|http://openapi.animal.go.kr/openapi/service/rest/fileDownloadSrvc/files/shelter/2026/08/202609032009607.jpg,images/413578202601679_0.jpg|images/413578202601679_1.jpg
413578202601675,광주-여수-2026-00079,보호중,20260903,나진초등학교,개,진도견,[개] 진도견,흰색,2024(년생),11(Kg),F,U,온순함,반려동물보호센터,061-659-2474,전남광주통합특별시 여수시 여수산단로 292-62 (평여동) 반려동물보호센터,전남광주통합특별시 여수시,346481200900001,20260903,20260914,2026-09-03 16:38:41.0,http://openapi.animal.go.kr/openapi/service/rest/fileDownloadSrvc/files/shelter/2026/08/202609031609626.jpg|http://openapi.animal.go.kr/openapi/service/rest/fileDownloadSrvc/files/shelter/2026/08/202609031609868.jpg,images/413578202601675_0.jpg|images/413578202601675_1.jpg
413578202601674,광주-여수-2026-00078,보호중,20260903,공화동 로터리 녹원갈비집 앞,개,믹스견,[개] 믹스견,검정&흰색,2024(년생),2.8(Kg),F,U,구조 당시 옷 하네스 착용 상태 온순하며 애교많음,반려동물보호센터,061-659-2474,전남광주통합특별시 여수시 여수산단로 292-62 (평여동) 반려동물보호센터,전남광주통합특별시 여수시,346481200900001,20260903,20260914,2026-09-03 13:32:55.0,http://openapi.animal.go.kr/openapi/service/rest/fileDownloadSrvc/files/shelter/2026/08/202609031309543.jpg|http://openapi.animal.go.kr/openapi/service/rest/fileDownloadSrvc/files/shelter/2026/08/202609031309610.jpg,images/413578202601674_0.jpg|images/413578202601674_1.jpg
411321202600306,서울-서초-2026-00101,보호중,20260903,서울 서초구 동산로9 (양재동),개,믹스견,[개] 믹스견,갈색&검정&흰색,2024(년생),5.65(Kg),M,N,"겁이 있으나 상대적으로 온순한 성격을 보임, 진드기 오염",서초동물사랑센터,02-6956-7980,"서울특별시 서초구 양재천로19길 22 (양재동, 숨빌딩) 서초동물사랑센터",서울특별시 서초구,311321201800002,20260903,20260914,2026-09-05 13:15:40.0,http://openapi.animal.go.kr/openapi/service/rest/fileDownloadSrvc/files/shelter/2026/08/202609031209188.jpg|http://openapi.animal.go.kr/openapi/service/rest/fileDownloadSrvc/files/shelter/2026/08/202609031209200.jpg,images/411321202600306_0.jpg|images/411321202600306_1.jpg
430364202600559,대전-동구-2026-00150,보호중,20260902,낭월동 133-26 하천 인근,개,믹스견,[개] 믹스견,갈색&검정,2024(년생),17(Kg),M,U,가죽목태,대전동물보호센터,042-270-7239,대전광역시 유성구 금남구즉로 1234 (금고동) 대전광역시 동물보호센터,대전광역시 동구,330364202000001,20260911,20260921,2026-09-11 14:59:18.0,http://openapi.animal.go.kr/openapi/service/rest/fileDownloadSrvc/files/shelter/2026/09/202609111409232.png|http://openapi.animal.go.kr/openapi/service/rest/fileDownloadSrvc/files/shelter/2026/09/202609111409266.png,images/430364202600559_0.png|images/430364202600559_1.png
445467202601629,전북-군산-2026-00764,보호중,20260902,진포3길 55-2 진포마트,개,믹스견,[개] 믹스견,갈색,2026(년생),5(Kg),F,N,7개월추정 순함 목줄있음,군산유기동물보호센터,063-451-2975,전북특별자치도 군산시 대야면 보덕안정길 124  ,전북특별자치도 군산시,345467201000001,20260908,20260923,2026-09-08 09:28:49.0,http://openapi.animal.go.kr/openapi/service/rest/fileDownloadSrvc/files/shelter/2026/09/202609080809241.jpg|http://openapi.animal.go.kr/openapi/service/rest/fileDownloadSrvc/files/shelter/2026/09/202609080809278.jpg,images/445467202601629_0.jpg|images/445467202601629_1.jpg
448545202600412,경남-산청-2026-00043,보호중,20260902,차황면 상법리 214,개,믹스견,[개] 믹스견,갈색,2026(년생),4.4(Kg),F,N,구조시 목줄없음,산청동물보호센터,010-2050-8577,경상남도 산청군 산청읍 친환경로 2783-25 (산청읍) ,경상남도 산청군,348545201100002,20260907,20260917,2026-09-07 17:35:05.0,http://openapi.animal.go.kr/openapi/service/rest/fileDownloadSrvc/files/shelter/2026/09/202609071709442.jpg|http://openapi.animal.go.kr/openapi/service/rest/fileDownloadSrvc/files/shelter/2026/09/202609071709511.jpg,images/448545202600412_0.jpg|images/448545202600412_1.jpg
448545202600411,경남-산청-2026-00042,보호중,20260902,금서면 지막리 산 19,개,믹스견,[개] 믹스견,갈색&흰색,2022(년생),4.3(Kg),M,N,구조시 목줄없음,산청동물보호센터,010-2050-8577,경상남도 산청군 산청읍 친환경로 2783-25 (산청읍) ,경상남도 산청군,348545201100002,20260907,20260917,2026-09-07 17:35:05.0,http://openapi.animal.go.kr/openapi/service/rest/fileDownloadSrvc/files/shelter/2026/09/20260907170974.jpg|http://openapi.animal.go.kr/openapi/service/rest/fileDownloadSrvc/files/shelter/2026/09/202609071709138.jpg,images/448545202600411_0.jpg|images/448545202600411_1.jpg
426332202600491,부산-북구-2026-00295,보호중,20260902,덕천3동 주민센터,개,푸들,[개] 푸들,크림색,2026(60일미만)(년생),6.5(Kg),M,Y,"미용상태양호,검정색목걸이착용,사람을잘따름,힘이좋음,북구1-69",부산동물보호센터,051-832-7119,부산광역시 강서구 맥도강변길 752-15 (대저2동) ,부산광역시 북구,326332201000001,20260907,20260917,2026-09-07 18:30:15.0,http://openapi.animal.go.kr/openapi/service/rest/fileDownloadSrvc/files/shelter/2026/09/202609071809778[3].jpg|http://openapi.animal.go.kr/openapi/service/rest/fileDownloadSrvc/files/shelter/2026/09/202609071809864.jpg,images/426332202600491_0.jpg|images/426332202600491_1.jpg
426332202600490,부산-북구-2026-00294,보호중,20260902,백양산,개,믹스견,[개] 믹스견,갈색&흰색,2026(60일미만)(년생),0.45(Kg),F,N,"4두,어미없이버려짐,젖먹이,진드기,북구1-68",부산동물보호센터,051-832-7119,부산광역시 강서구 맥도강변길 752-15 (대저2동) ,부산광역시 북구,326332201000001,20260907,20260917,2026-09-07 18:30:09.0,http://openapi.animal.go.kr/openapi/service/rest/fileDownloadSrvc/files/shelter/2026/09/202609071809604[1].jpg|http://openapi.animal.go.kr/openapi/service/rest/fileDownloadSrvc/files/shelter/2026/09/202609071809713.jpg,images/426332202600490_0.jpg|images/426332202600490_1.jpg
426332202600489,부산-북구-2026-00293,보호중,20260902,백양산,개,믹스견,[개] 믹스견,갈색&흰색,2026(60일미만)(년생),0.45(Kg),F,N,"4두,어미없이버려짐,젖먹이,진드기,북구1-67",부산동물보호센터,051-832-7119,부산광역시 강서구 맥도강변길 752-15 (대저2동) ,부산광역시 북구,326332201000001,20260907,20260917,2026-09-07 18:30:01.0,http://openapi.animal.go.kr/openapi/service/rest/fileDownloadSrvc/files/shelter/2026/09/202609071809233.jpg|http://openapi.animal.go.kr/openapi/service/rest/fileDownloadSrvc/files/shelter/2026/09/202609071809308[1].jpg,images/426332202600489_0.jpg|images/426332202600489_1.jpg
426332202600488,부산-북구-2026-00292,보호중,20260902,백양산,개,믹스견,[개] 믹스견,검정&흰색,2026(60일미만)(년생),0.45(Kg),F,N,"4두,어미없이버려짐,젖먹이,진드기,북구1-66",부산동물보호센터,051-832-7119,부산광역시 강서구 맥도강변길 752-15 (대저2동) ,부산광역시 북구,326332201000001,20260907,20260917,2026-09-07 18:29:54.0,http://openapi.animal.go.kr/openapi/service/rest/fileDownloadSrvc/files/shelter/2026/09/202609071809872.jpg|http://openapi.animal.go.kr/openapi/service/rest/fileDownloadSrvc/files/shelter/2026/09/202609071809947.jpg,images/426332202600488_0.jpg|images/426332202600488_1.jpg
426332202600487,부산-북구-2026-00291,보호중,20260902,백양산,개,믹스견,[개] 믹스견,흰색,2026(60일미만)(년생),0.45(Kg),F,N,"4두,어미없이버려짐,젖먹이,진드기,북구1-65",부산동물보호센터,051-832-7119,부산광역시 강서구 맥도강변길 752-15 (대저2동) ,부산광역시 북구,326332201000001,20260907,20260917,2026-09-07 18:29:46.0,http://openapi.animal.go.kr/openapi/service/rest/fileDownloadSrvc/files/shelter/2026/09/202609071809414[2].jpg|http://openapi.animal.go.kr/openapi/service/rest/fileDownloadSrvc/files/shelter/2026/09/202609071809526.jpg,images/426332202600487_0.jpg|images/426332202600487_1.jpg
442419202600739,강원-원주-2026-00379,보호중,20260902,칠봉로863부근수로,개,믹스견,[개] 믹스견,크림색,2026(60일미만)(년생),1.5(Kg),F,N,"2개월미만, 순하지만 기력없음",원주시동물보호센터,033-731-1119,강원특별자치도 원주시 호저면 칠봉로 109-17  ,강원특별자치도 원주시,342419200900001,20260906,20260916,2026-09-06 20:30:11.0,http://openapi.animal.go.kr/openapi/service/rest/fileDownloadSrvc/files/shelter/2026/09/202609062009543.jpg|http://openapi.animal.go.kr/openapi/service/rest/fileDownloadSrvc/files/shelter/2026/09/202609062009563.jpg,images/442419202600739_0.jpg|images/442419202600739_1.jpg
448538202600457,경남-양산-2026-00187,보호중,20260902,북정동899-1,개,믹스견,[개] 믹스견,검정&흰색,2022(년생),14(Kg),M,U,"검정흰색,소심함,심장사상충양성",양산시 동물보호센터,055-392-5669,경상남도 양산시 동면 양산대로 618  양산시 농업기술센터,경상남도 양산시,348538200900001,20260904,20260914,2026-09-04 09:18:51.0,http://openapi.animal.go.kr/openapi/service/rest/fileDownloadSrvc/files/shelter/2026/08/202609040809303.jpg|http://openapi.animal.go.kr/openapi/service/rest/fileDownloadSrvc/files/shelter/2026/08/202609040809804.jpg,images/448538202600457_0.jpg|images/448538202600457_1.jpg
430365202600313,대전-중구-2026-00138,보호중,20260902,옥계동 149-33 번지 주변 ,개,캐벌리어 킹 찰스 스파니엘,[개] 캐벌리어 킹 찰스 스파니엘,기타(백황),2018(년생),4(Kg),F,U,특이사항 없음,대전동물보호센터,042-270-7239,대전광역시 유성구 금남구즉로 1234 (금고동) 대전광역시 동물보호센터,대전광역시 중구,330365202000001,20260904,20260914,2026-09-04 15:49:41.0,http://openapi.animal.go.kr/openapi/service/rest/fileDownloadSrvc/files/shelter/2026/08/202609041509905.png|http://openapi.animal.go.kr/openapi/service/rest/fileDownloadSrvc/files/shelter/2026/08/202609041509215.png,images/430365202600313_0.png|images/430365202600313_1.png
428349202600659,인천-영종-2026-00105,보호중,20260902,공항서로 459 시루앤케이크 인근,개,포메라니안,[개] 포메라니안,흰색,2023(년생),2.7(Kg),F,U,"3살추정, 털이 뭉쳐있고, 콧등에 상처",신공항동물병원,032-751-4598,인천광역시 중구 운남동로3번길 9 (운남동) ,인천광역시 영종구,328349201500001,20260904,20260914,2026-09-04 17:46:19.0,http://openapi.animal.go.kr/openapi/service/rest/fileDownloadSrvc/files/shelter/2026/08/202609030909335.jpg|http://openapi.animal.go.kr/openapi/service/rest/fileDownloadSrvc/files/shelter/2026/08/202609030909373[1].jpg,images/428349202600659_0.jpg|images/428349202600659_1.jpg
450650202602111,제주-제주-2026-02035,보호중,20260902,제주시 애월읍 용흥7길4-1 인근,개,믹스견,[개] 믹스견,갈색,2024(년생),11.6(Kg),F,U,개체관리번호 1643 - 두부 찰과상 및 타박상. 좌전지 열상,제주 동물보호센터,064-710-4065,제주특별자치도 제주시 첨단동길 184-14 (용강동) ,제주특별자치도,350650201200001,20260903,20260914,2026-09-03 09:49:06.0,http://openapi.animal.go.kr/openapi/service/rest/fileDownloadSrvc/files/shelter/2026/08/202609030909109[1].jpg|http://openapi.animal.go.kr/openapi/service/rest/fileDownloadSrvc/files/shelter/2026/08/202609030909125.jpg,images/450650202602111_0.jpg|images/450650202602111_1.jpg
450650202602110,제주-제주-2026-02034,보호중,20260902,서귀포시 호근동 948,개,믹스견,[개] 믹스견,검정색,2025(년생),13.3(Kg),F,U,개체관리번호 1642 ,제주 동물보호센터,064-710-4065,제주특별자치도 제주시 첨단동길 184-14 (용강동) ,제주특별자치도,350650201200001,20260903,20260914,2026-09-03 09:49:06.0,http://openapi.animal.go.kr/openapi/service/rest/fileDownloadSrvc/files/shelter/2026/08/202609030909515.jpg|http://openapi.animal.go.kr/openapi/service/rest/fileDownloadSrvc/files/shelter/2026/08/202609030909525.jpg,images/450650202602110_0.jpg|images/450650202602110_1.jpg
450650202602109,제주-제주-2026-02033,보호중,20260902,제주시 한림읍 중간산서로4977-1,개,믹스견,[개] 믹스견,갈색,2025(년생),18.1(Kg),M,N,개체관리번호 1641,제주 동물보호센터,064-710-4065,제주특별자치도 제주시 첨단동길 184-14 (용강동) ,제주특별자치도,350650201200001,20260903,20260914,2026-09-03 09:49:05.0,http://openapi.animal.go.kr/openapi/service/rest/fileDownloadSrvc/files/shelter/2026/08/202609030909904.jpg|http://openapi.animal.go.kr/openapi/service/rest/fileDownloadSrvc/files/shelter/2026/08/202609030909916.jpg,images/450650202602109_0.jpg|images/450650202602109_1.jpg
450650202602108,제주-제주-2026-02032,보호중,20260902,제주시 애월읍 봉성동4길382-1,개,믹스견,[개] 믹스견,검정색,2018(년생),20.2(Kg),M,N,개체관리번호 1640 ,제주 동물보호센터,064-710-4065,제주특별자치도 제주시 첨단동길 184-14 (용강동) ,제주특별자치도,350650201200001,20260903,20260914,2026-09-03 09:49:05.0,http://openapi.animal.go.kr/openapi/service/rest/fileDownloadSrvc/files/shelter/2026/08/202609030909625.jpg|http://openapi.animal.go.kr/openapi/service/rest/fileDownloadSrvc/files/shelter/2026/08/202609030909657[1].jpg,images/450650202602108_0.jpg|images/450650202602108_1.jpg
450650202602107,제주-제주-2026-02031,보호중,20260902,제주시 구좌읍 상도로329,개,믹스견,[개] 믹스견,갈색,2019(년생),15.2(Kg),M,N,개체관리번호 1639 - 심장사상충,제주 동물보호센터,064-710-4065,제주특별자치도 제주시 첨단동길 184-14 (용강동) ,제주특별자치도,350650201200001,20260903,20260914,2026-09-03 09:49:05.0,http://openapi.animal.go.kr/openapi/service/rest/fileDownloadSrvc/files/shelter/2026/08/202609030909870.jpg|http://openapi.animal.go.kr/openapi/service/rest/fileDownloadSrvc/files/shelter/2026/08/202609030909882.jpg,images/450650202602107_0.jpg|images/450650202602107_1.jpg
450650202602106,제주-제주-2026-02030,보호중,20260902,제주시 구좌읍 평대리3278,개,믹스견,[개] 믹스견,흰색,2026(60일미만)(년생),0.4(Kg),M,N,개체관리번호 1638 - 1주차,제주 동물보호센터,064-710-4065,제주특별자치도 제주시 첨단동길 184-14 (용강동) ,제주특별자치도,350650201200001,20260903,20260914,2026-09-03 09:49:05.0,http://openapi.animal.go.kr/openapi/service/rest/fileDownloadSrvc/files/shelter/2026/08/202609030909910.jpg|http://openapi.animal.go.kr/openapi/service/rest/fileDownloadSrvc/files/shelter/2026/08/202609030909922.jpg,images/450650202602106_0.jpg|images/450650202602106_1.jpg
450650202602105,제주-제주-2026-02029,보호중,20260902,제주시 구좌읍 평대리3278,개,믹스견,[개] 믹스견,갈색,2026(60일미만)(년생),0.4(Kg),M,N,개체관리번호 1637 - 1주차,제주 동물보호센터,064-710-4065,제주특별자치도 제주시 첨단동길 184-14 (용강동) ,제주특별자치도,350650201200001,20260903,20260914,2026-09-03 09:49:04.0,http://openapi.animal.go.kr/openapi/service/rest/fileDownloadSrvc/files/shelter/2026/08/202609030909572.jpg|http://openapi.animal.go.kr/openapi/service/rest/fileDownloadSrvc/files/shelter/2026/08/202609030909584.jpg,images/450650202602105_0.jpg|images/450650202602105_1.jpg
450650202602104,제주-제주-2026-02028,보호중,20260902,제주시 구좌읍 평대리3278,개,믹스견,[개] 믹스견,갈색,2026(60일미만)(년생),0.4(Kg),F,N,개체관리번호 1636 - 1주차,제주 동물보호센터,064-710-4065,제주특별자치도 제주시 첨단동길 184-14 (용강동) ,제주특별자치도,350650201200001,20260903,20260914,2026-09-03 09:49:04.0,http://openapi.animal.go.kr/openapi/service/rest/fileDownloadSrvc/files/shelter/2026/08/202609030909346.jpg|http://openapi.animal.go.kr/openapi/service/rest/fileDownloadSrvc/files/shelter/2026/08/202609030909361.jpg,images/450650202602104_0.jpg|images/450650202602104_1.jpg
450650202602103,제주-제주-2026-02027,보호중,20260902,제주시 구좌읍 평대리3278,개,믹스견,[개] 믹스견,갈색,2026(60일미만)(년생),0.4(Kg),F,N,개체관리번호 1635 - 1주차,제주 동물보호센터,064-710-4065,제주특별자치도 제주시 첨단동길 184-14 (용강동) ,제주특별자치도,350650201200001,20260903,20260914,2026-09-03 09:49:04.0,http://openapi.animal.go.kr/openapi/service/rest/fileDownloadSrvc/files/shelter/2026/08/202609030909747.jpg|http://openapi.animal.go.kr/openapi/service/rest/fileDownloadSrvc/files/shelter/2026/08/202609030909758.jpg,images/450650202602103_0.jpg|images/450650202602103_1.jpg
450650202602102,제주-제주-2026-02026,보호중,20260902,제주시 구좌읍 평대리3278,개,믹스견,[개] 믹스견,갈색,2026(60일미만)(년생),0.4(Kg),F,N,개체관리번호 1634 - 1주차,제주 동물보호센터,064-710-4065,제주특별자치도 제주시 첨단동길 184-14 (용강동) ,제주특별자치도,350650201200001,20260903,20260914,2026-09-03 09:49:04.0,http://openapi.animal.go.kr/openapi/service/rest/fileDownloadSrvc/files/shelter/2026/08/202609030909199.jpg|http://openapi.animal.go.kr/openapi/service/rest/fileDownloadSrvc/files/shelter/2026/08/202609030909210.jpg,images/450650202602102_0.jpg|images/450650202602102_1.jpg
450650202602101,제주-제주-2026-02025,보호중,20260902,제주시 구좌읍 평대리3278,개,믹스견,[개] 믹스견,갈색,2026(60일미만)(년생),0.4(Kg),F,N,개체관리번호 1633 - 1주차,제주 동물보호센터,064-710-4065,제주특별자치도 제주시 첨단동길 184-14 (용강동) ,제주특별자치도,350650201200001,20260903,20260914,2026-09-03 09:48:42.0,http://openapi.animal.go.kr/openapi/service/rest/fileDownloadSrvc/files/shelter/2026/08/202609030909499.jpg|http://openapi.animal.go.kr/openapi/service/rest/fileDownloadSrvc/files/shelter/2026/08/202609030909510.jpg,images/450650202602101_0.jpg|images/450650202602101_1.jpg
448535202601122,경남-김해-2026-00734,보호중,20260902,김해시 진례면 고모로 324-18,개,믹스견,[개] 믹스견,흰색,2022(년생),4(Kg),F,U,"김해시-734, 10두 입소",(사)동물보호관리협회,051-971-6208,부산광역시 강서구 가락대로1283번길 25-2 (봉림동) ,경상남도 김해시,348535202400001,20260903,20260914,2026-09-03 10:05:05.0,http://openapi.animal.go.kr/openapi/service/rest/fileDownloadSrvc/files/shelter/2026/08/202609030909368.png|http://openapi.animal.go.kr/openapi/service/rest/fileDownloadSrvc/files/shelter/2026/08/202609030909399.png,images/448535202601122_0.png|images/448535202601122_1.png
448535202601121,경남-김해-2026-00733,보호중,20260902,김해시 진례면 고모로 324-18,개,믹스견,[개] 믹스견,흰색,2026(년생),3(Kg),F,U,"김해시-733, 10두 입소",(사)동물보호관리협회,051-971-6208,부산광역시 강서구 가락대로1283번길 25-2 (봉림동) ,경상남도 김해시,348535202400001,20260903,20260914,2026-09-03 10:05:05.0,http://openapi.animal.go.kr/openapi/service/rest/fileDownloadSrvc/files/shelter/2026/08/20260903090934.png|http://openapi.animal.go.kr/openapi/service/rest/fileDownloadSrvc/files/shelter/2026/08/20260903090969.png,images/448535202601121_0.png|images/448535202601121_1.png
448535202601120,경남-김해-2026-00732,보호중,20260902,김해시 진례면 고모로 324-18,개,믹스견,[개] 믹스견,흰색,2021(년생),5(Kg),F,U,"김해시-732, 10두 입소",(사)동물보호관리협회,051-971-6208,부산광역시 강서구 가락대로1283번길 25-2 (봉림동) ,경상남도 김해시,348535202400001,20260903,20260914,2026-09-03 10:05:04.0,http://openapi.animal.go.kr/openapi/service/rest/fileDownloadSrvc/files/shelter/2026/08/202609030909873.png|http://openapi.animal.go.kr/openapi/service/rest/fileDownloadSrvc/files/shelter/2026/08/202609030909911.png,images/448535202601120_0.png|images/448535202601120_1.png
448535202601119,경남-김해-2026-00731,보호중,20260902,김해시 진례면 고모로 324-18,개,믹스견,[개] 믹스견,흰색,2021(년생),5(Kg),M,U,"김해시-731, 10두 입소",(사)동물보호관리협회,051-971-6208,부산광역시 강서구 가락대로1283번길 25-2 (봉림동) ,경상남도 김해시,348535202400001,20260903,20260914,2026-09-03 10:05:04.0,http://openapi.animal.go.kr/openapi/service/rest/fileDownloadSrvc/files/shelter/2026/08/202609030909358.png|http://openapi.animal.go.kr/openapi/service/rest/fileDownloadSrvc/files/shelter/2026/08/202609030909384.png,images/448535202601119_0.png|images/448535202601119_1.png
448535202601118,경남-김해-2026-00730,보호중,20260902,김해시 진례면 고모로 324-18,개,믹스견,[개] 믹스견,흰색,2026(년생),1.5(Kg),M,U,"김해시-730, 10두 입소",(사)동물보호관리협회,051-971-6208,부산광역시 강서구 가락대로1283번길 25-2 (봉림동) ,경상남도 김해시,348535202400001,20260903,20260914,2026-09-03 10:05:04.0,http://openapi.animal.go.kr/openapi/service/rest/fileDownloadSrvc/files/shelter/2026/08/202609030909694.png|http://openapi.animal.go.kr/openapi/service/rest/fileDownloadSrvc/files/shelter/2026/08/202609030909748.png,images/448535202601118_0.png|images/448535202601118_1.png
448535202601117,경남-김해-2026-00729,보호중,20260902,김해시 진례면 고모로 324-18,개,믹스견,[개] 믹스견,흰색,2026(년생),2(Kg),F,U,"김해시-729, 10두 입소",(사)동물보호관리협회,051-971-6208,부산광역시 강서구 가락대로1283번길 25-2 (봉림동) ,경상남도 김해시,348535202400001,20260903,20260914,2026-09-03 10:05:04.0,http://openapi.animal.go.kr/openapi/service/rest/fileDownloadSrvc/files/shelter/2026/08/202609030909549.png|http://openapi.animal.go.kr/openapi/service/rest/fileDownloadSrvc/files/shelter/2026/08/202609030909579.png,images/448535202601117_0.png|images/448535202601117_1.png
448535202601116,경남-김해-2026-00728,보호중,20260902,김해시 진례면 고모로 324-18,개,믹스견,[개] 믹스견,흰색,2021(년생),4(Kg),F,U,"김해시-728, 10두 입소",(사)동물보호관리협회,051-971-6208,부산광역시 강서구 가락대로1283번길 25-2 (봉림동) ,경상남도 김해시,348535202400001,20260903,20260914,2026-09-03 10:05:03.0,http://openapi.animal.go.kr/openapi/service/rest/fileDownloadSrvc/files/shelter/2026/08/20260903090977.png|http://openapi.animal.go.kr/openapi/service/rest/fileDownloadSrvc/files/shelter/2026/08/202609030909103.png,images/448535202601116_0.png|images/448535202601116_1.png
448535202601115,경남-김해-2026-00727,보호중,20260902,김해시 진례면 고모로 324-18,개,믹스견,[개] 믹스견,흰색,2026(년생),2(Kg),F,U,"김해시-727, 10두 입소",(사)동물보호관리협회,051-971-6208,부산광역시 강서구 가락대로1283번길 25-2 (봉림동) ,경상남도 김해시,348535202400001,20260903,20260914,2026-09-03 10:05:03.0,http://openapi.animal.go.kr/openapi/service/rest/fileDownloadSrvc/files/shelter/2026/08/202609030909956.png|http://openapi.animal.go.kr/openapi/service/rest/fileDownloadSrvc/files/shelter/2026/08/202609030909985.png,images/448535202601115_0.png|images/448535202601115_1.png
448535202601114,경남-김해-2026-00726,보호중,20260902,김해시 진례면 고모로 324-18,개,믹스견,[개] 믹스견,흰색,2026(년생),1.5(Kg),M,U,"김해시-726, 10두 입소",(사)동물보호관리협회,051-971-6208,부산광역시 강서구 가락대로1283번길 25-2 (봉림동) ,경상남도 김해시,348535202400001,20260903,20260914,2026-09-03 10:05:03.0,http://openapi.animal.go.kr/openapi/service/rest/fileDownloadSrvc/files/shelter/2026/08/202609030909127.png|http://openapi.animal.go.kr/openapi/service/rest/fileDownloadSrvc/files/shelter/2026/08/202609030909153.png,images/448535202601114_0.png|images/448535202601114_1.png
448535202601113,경남-김해-2026-00725,보호중,20260902,김해시 진례면 고모로 324-18,개,믹스견,[개] 믹스견,갈색&흰색,2026(년생),2(Kg),F,U,"김해시-725, 10두 입소",(사)동물보호관리협회,051-971-6208,부산광역시 강서구 가락대로1283번길 25-2 (봉림동) ,경상남도 김해시,348535202400001,20260903,20260914,2026-09-03 10:05:03.0,http://openapi.animal.go.kr/openapi/service/rest/fileDownloadSrvc/files/shelter/2026/08/202609030909185.png|http://openapi.animal.go.kr/openapi/service/rest/fileDownloadSrvc/files/shelter/2026/08/202609030909215.png,images/448535202601113_0.png|images/448535202601113_1.png
448535202601112,경남-김해-2026-00724,보호중,20260902,김해시 한림면 안하로 238,개,믹스견,[개] 믹스견,갈색,2026(년생),4(Kg),F,U,"김해시-724, 2두 입소",(사)동물보호관리협회,051-971-6208,부산광역시 강서구 가락대로1283번길 25-2 (봉림동) ,경상남도 김해시,348535202400001,20260903,20260914,2026-09-03 09:59:51.0,http://openapi.animal.go.kr/openapi/service/rest/fileDownloadSrvc/files/shelter/2026/08/202609030909827.png|http://openapi.animal.go.kr/openapi/service/rest/fileDownloadSrvc/files/shelter/2026/08/202609030909856.png,images/448535202601112_0.png|images/448535202601112_1.png
448535202601111,경남-김해-2026-00723,보호중,20260902,김해시 한림면 안하로 238,개,믹스견,[개] 믹스견,갈색,2026(년생),4(Kg),F,U,"김해시-723, 2두 입소",(사)동물보호관리협회,051-971-6208,부산광역시 강서구 가락대로1283번길 25-2 (봉림동) ,경상남도 김해시,348535202400001,20260903,20260914,2026-09-03 09:59:51.0,http://openapi.animal.go.kr/openapi/service/rest/fileDownloadSrvc/files/shelter/2026/08/202609030909367.png|http://openapi.animal.go.kr/openapi/service/rest/fileDownloadSrvc/files/shelter/2026/08/202609030909415.png,images/448535202601111_0.png|images/448535202601111_1.png
448535202601110,경남-김해-2026-00722,보호중,20260902,김해시 상동로375번길 26-62,개,푸들,[개] 푸들,흑갈색,2014(년생),2(Kg),F,U,김해시-722,(사)동물보호관리협회,051-971-6208,부산광역시 강서구 가락대로1283번길 25-2 (봉림동) ,경상남도 김해시,348535202400001,20260903,20260914,2026-09-03 09:59:51.0,http://openapi.animal.go.kr/openapi/service/rest/fileDownloadSrvc/files/shelter/2026/08/202609030909583.png|http://openapi.animal.go.kr/openapi/service/rest/fileDownloadSrvc/files/shelter/2026/08/202609030909636.png,images/448535202601110_0.png|images/448535202601110_1.png
448535202601108,경남-김해-2026-00720,보호중,20260902,김해시 진례로 333-1,개,푸들,[개] 푸들,갈색,2018(년생),3(Kg),M,U,"김해시-720, 목 부상",(사)동물보호관리협회,051-971-6208,부산광역시 강서구 가락대로1283번길 25-2 (봉림동) ,경상남도 김해시,348535202400001,20260903,20260914,2026-09-03 09:59:50.0,http://openapi.animal.go.kr/openapi/service/rest/fileDownloadSrvc/files/shelter/2026/08/202609030909157.png|http://openapi.animal.go.kr/openapi/service/rest/fileDownloadSrvc/files/shelter/2026/08/202609030909553.png,images/448535202601108_0.png|images/448535202601108_1.png
445479202600980,전북-부안-2026-00623,보호중,20260902,주산면 주산로369(동물보호센터),개,믹스견,[개] 믹스견,흰색,2024(년생),7(Kg),M,N,어깨다리사이골절(연합병원으로 이송),부안군 동물보호센터,063-580-4445,전북특별자치도 부안군 주산면 주산로 369  부안군 동물보호센터,전북특별자치도 부안군,345479202100001,20260903,20260918,2026-09-03 09:13:18.0,http://openapi.animal.go.kr/openapi/service/rest/fileDownloadSrvc/files/shelter/2026/08/20260903090985.jpg|http://openapi.animal.go.kr/openapi/service/rest/fileDownloadSrvc/files/shelter/2026/08/202609030909130.jpg,images/445479202600980_0.jpg|images/445479202600980_1.jpg
445468202602268,전북-익산-2026-01123,보호중,20260902,익산시 신용동 81-9,개,믹스견,[개] 믹스견,흑갈색,2026(60일미만)(년생),1(Kg),F,N,생후35일정도로 보이며 작고 귀여움.,익산유기동물보호소,063-855-1214,전북특별자치도 익산시 삼기면 황금로 342-17  ,전북특별자치도 익산시,345468201200001,20260903,20260914,2026-09-09 17:08:34.0,http://openapi.animal.go.kr/openapi/service/rest/fileDownloadSrvc/files/shelter/2026/08/20260902170936.jpg|http://openapi.animal.go.kr/openapi/service/rest/fileDownloadSrvc/files/shelter/2026/08/20260902170972.jpg,images/445468202602268_0.jpg|images/445468202602268_1.jpg
445468202602267,전북-익산-2026-01122,보호중,20260902,익산시 신용동 81-9,개,믹스견,[개] 믹스견,갈색&검정,2026(60일미만)(년생),1.4(Kg),F,N,생후35일정도로 보이며 작고 귀여움.,익산유기동물보호소,063-855-1214,전북특별자치도 익산시 삼기면 황금로 342-17  ,전북특별자치도 익산시,345468201200001,20260903,20260914,2026-09-05 14:42:31.0,http://openapi.animal.go.kr/openapi/service/rest/fileDownloadSrvc/files/shelter/2026/08/202609021709933.jpg|http://openapi.animal.go.kr/openapi/service/rest/fileDownloadSrvc/files/shelter/2026/08/202609021709981.jpg,images/445468202602267_0.jpg|images/445468202602267_1.jpg
445468202602266,전북-익산-2026-01121,보호중,20260902,익산시 신용동 81-9,개,믹스견,[개] 믹스견,갈색&흰색,2026(60일미만)(년생),1.4(Kg),M,N,생후35일정도로 보이며 작고 귀여움.,익산유기동물보호소,063-855-1214,전북특별자치도 익산시 삼기면 황금로 342-17  ,전북특별자치도 익산시,345468201200001,20260903,20260914,2026-09-05 14:42:51.0,http://openapi.animal.go.kr/openapi/service/rest/fileDownloadSrvc/files/shelter/2026/08/202609021709666.jpg|http://openapi.animal.go.kr/openapi/service/rest/fileDownloadSrvc/files/shelter/2026/08/202609021709704.jpg,images/445468202602266_0.jpg|images/445468202602266_1.jpg
445468202602265,전북-익산-2026-01120,보호중,20260902,익산시 신용동 81-9,개,믹스견,[개] 믹스견,흰색,2026(60일미만)(년생),1.4(Kg),M,N,생후35일정도로 보이며 작고 귀여움.,익산유기동물보호소,063-855-1214,전북특별자치도 익산시 삼기면 황금로 342-17  ,전북특별자치도 익산시,345468201200001,20260903,20260914,2026-09-09 17:07:08.0,http://openapi.animal.go.kr/openapi/service/rest/fileDownloadSrvc/files/shelter/2026/08/202609021709960.jpg|http://openapi.animal.go.kr/openapi/service/rest/fileDownloadSrvc/files/shelter/2026/08/20260902170913.jpg,images/445468202602265_0.jpg|images/445468202602265_1.jpg
445468202602264,전북-익산-2026-01119,보호중,20260902,익산시 신용동 81-9,개,믹스견,[개] 믹스견,크림색,2024(년생),13(Kg),M,N,사람에 대한 경계심이 있음,익산유기동물보호소,063-855-1214,전북특별자치도 익산시 삼기면 황금로 342-17  ,전북특별자치도 익산시,345468201200001,20260903,20260914,2026-09-09 17:06:57.0,http://openapi.animal.go.kr/openapi/service/rest/fileDownloadSrvc/files/shelter/2026/08/202609021709554.jpg|http://openapi.animal.go.kr/openapi/service/rest/fileDownloadSrvc/files/shelter/2026/08/202609021709591.jpg,images/445468202602264_0.jpg|images/445468202602264_1.jpg
444454202601034,충남-논산-2026-00592,보호중,20260902,내동,개,스탠다드 푸들,[개] 스탠다드 푸들,기타(흑백색),2026(60일미만)(년생),2.1(Kg),F,N,"소방서구조,2마리구조,코로나양성",논산시 동물보호센터,041-746-8470,충청남도 논산시 계백로665번길 100 (등화동) 논산시 동물보호센터,충청남도 논산시,344454202000006,20260903,20260914,2026-09-03 16:10:28.0,http://openapi.animal.go.kr/openapi/service/rest/fileDownloadSrvc/files/shelter/2026/08/202609031409199.png|http://openapi.animal.go.kr/openapi/service/rest/fileDownloadSrvc/files/shelter/2026/08/202609031409301.jpg,images/444454202601034_0.png|images/444454202601034_1.jpg
444454202601033,충남-논산-2026-00591,보호중,20260902,내동,개,스탠다드 푸들,[개] 스탠다드 푸들,기타(흑갈색),2026(60일미만)(년생),1.8(Kg),M,N,"소방서구조,2마리구조,코로나양성",논산시 동물보호센터,041-746-8470,충청남도 논산시 계백로665번길 100 (등화동) 논산시 동물보호센터,충청남도 논산시,344454202000006,20260903,20260914,2026-09-03 16:10:18.0,http://openapi.animal.go.kr/openapi/service/rest/fileDownloadSrvc/files/shelter/2026/08/202609031409392.png|http://openapi.animal.go.kr/openapi/service/rest/fileDownloadSrvc/files/shelter/2026/08/202609031409444.jpg,images/444454202601033_0.png|images/444454202601033_1.jpg
444452202601713,충남-아산-2026-00331,보호중,20260902,음봉면 쌍룡리 304-1,개,믹스견,[개] 믹스견,흰색,2021(년생),22(Kg),M,N,"26-1713호(관리)331호(공고), 타인에게 경계심이 심함",아산동물복지지원센터,041-530-6200,충청남도 아산시 환경공원로 158 (배미동) ,충청남도 아산시,344452202300001,20260903,20260914,2026-09-07 16:47:39.0,http://openapi.animal.go.kr/openapi/service/rest/fileDownloadSrvc/files/shelter/2026/08/202609031509342.jpg|http://openapi.animal.go.kr/openapi/service/rest/fileDownloadSrvc/files/shelter/2026/08/202609031509388.jpg,images/444452202601713_0.jpg|images/444452202601713_1.jpg
444452202601712,충남-아산-2026-00330,보호중,20260902,영인면 장영실로 대로변 인근,개,포메라니안,[개] 포메라니안,크림색,2024(년생),2.6(Kg),M,N,26-1712호(관리)330호(공고),아산동물복지지원센터,041-530-6200,충청남도 아산시 환경공원로 158 (배미동) ,충청남도 아산시,344452202300001,20260903,20260914,2026-09-03 15:37:37.0,http://openapi.animal.go.kr/openapi/service/rest/fileDownloadSrvc/files/shelter/2026/08/202609030909402.jpg|http://openapi.animal.go.kr/openapi/service/rest/fileDownloadSrvc/files/shelter/2026/08/202609030909434.jpg,images/444452202601712_0.jpg|images/444452202601712_1.jpg
441560202600959,경기-포천-2026-00651,보호중,20260902,경기 포천시 관인면 찬우물길 93-8 인근,개,믹스견,[개] 믹스견,갈색,2026(년생),2.2(Kg),M,N,온순. 얌전. 좌안 결막염. 눈곱. 눈물 자국. 코 검정에 콧등 분홍. 꼬리 단미 안됨. 털 상태 양호. ,한국동물구조관리협회,031-867-9119,경기도 양주시 남면 감악산로 63-37  ,경기도 포천시,341560201000002,20260903,20260914,2026-09-03 14:39:29.0,http://openapi.animal.go.kr/openapi/service/rest/fileDownloadSrvc/files/shelter/2026/08/202609031409986[1].jpg|http://openapi.animal.go.kr/openapi/service/rest/fileDownloadSrvc/files/shelter/2026/08/202609031409999.jpg,images/441560202600959_0.jpg|images/441560202600959_1.jpg
441560202600958,경기-포천-2026-00650,보호중,20260902,경기 포천시 관인면 찬우물길 93-8 인근,개,믹스견,[개] 믹스견,흰색,2026(년생),1.8(Kg),F,U,온순. 얌전. 약간 겁. 좌 후지 털 빠짐. 피부 질환. 귀 갈색. 눈곱. 눈물 자국. 코 검정. 꼬리 단미 안됨. ,한국동물구조관리협회,031-867-9119,경기도 양주시 남면 감악산로 63-37  ,경기도 포천시,341560201000002,20260903,20260914,2026-09-03 14:39:29.0,http://openapi.animal.go.kr/openapi/service/rest/fileDownloadSrvc/files/shelter/2026/08/202609031409707.jpg|http://openapi.animal.go.kr/openapi/service/rest/fileDownloadSrvc/files/shelter/2026/08/202609031409725.jpg,images/441560202600958_0.jpg|images/441560202600958_1.jpg
441406202600972,경기-파주-2026-00608,보호중,20260902,경기 파주시 야당동 1041,개,믹스견,[개] 믹스견,흰색,2023(년생),6.7(Kg),F,U,경계. 예민. 방어적 입질. 요/척 골절. 어깨~발 곳곳 쓸린 상처. 전신 피부 질환. ,한국동물구조관리협회,031-867-9119,경기도 양주시 남면 감악산로 63-37  ,경기도 파주시,341406202200002,20260903,20260914,2026-09-03 15:17:01.0,http://openapi.animal.go.kr/openapi/service/rest/fileDownloadSrvc/files/shelter/2026/08/202609031509190[1].jpg|http://openapi.animal.go.kr/openapi/service/rest/fileDownloadSrvc/files/shelter/2026/08/202609031509205.jpg,images/441406202600972_0.jpg|images/441406202600972_1.jpg
441382202600591,경기-의정부-2026-00165,보호중,20260902,경기 의정부시 의정부 교도소 앞,개,믹스견,[개] 믹스견,검정색,2020(년생),12(Kg),F,U,온순. 얌전. 약간 경계. 치석. 코 검정. 꼬리 단미 안됨. 털 상태 양호. ,한국동물구조관리협회,031-867-9119,경기도 양주시 남면 감악산로 63-37 (남면) ,경기도 의정부시,341382200900001,20260903,20260914,2026-09-03 14:47:51.0,http://openapi.animal.go.kr/openapi/service/rest/fileDownloadSrvc/files/shelter/2026/08/202609031409536.jpg|http://openapi.animal.go.kr/openapi/service/rest/fileDownloadSrvc/files/shelter/2026/08/202609031409549.jpg,images/441382202600591_0.jpg|images/441382202600591_1.jpg
428357202601399,인천-강화-2026-00448,보호중,20260902,고천리 675-3,개,믹스견,[개] 믹스견,갈색&흰색,2026(년생),5.2(Kg),M,N,생후5개원령추정. 온순하나소심함. 단모수컷황구,강화군 동물보호센터,010-2797-3786,인천광역시 강화군 강화읍 강화대로 254-1  ,인천광역시 강화군,328357202400001,20260903,20260914,2026-09-03 20:08:39.0,http://openapi.animal.go.kr/openapi/service/rest/fileDownloadSrvc/files/shelter/2026/08/202609032009983.jpg|http://openapi.animal.go.kr/openapi/service/rest/fileDownloadSrvc/files/shelter/2026/08/20260903200996.jpg,images/428357202601399_0.jpg|images/428357202601399_1.jpg
427342202600584,대구-동구-2026-00271,보호중,20260902,방촌로 15길 87,개,말티즈,[개] 말티즈,흰색,2018(년생),4(Kg),M,Y,미용,대구유기동물보호센터,053-964-6258,대구광역시 동구 금강로 151-13 (금강동) ,대구광역시 동구,327342201400001,20260903,20260914,2026-09-04 12:35:04.0,http://openapi.animal.go.kr/openapi/service/rest/fileDownloadSrvc/files/shelter/2026/08/202609031009283.jpg|http://openapi.animal.go.kr/openapi/service/rest/fileDownloadSrvc/files/shelter/2026/08/202609041209993.jpg,images/427342202600584_0.jpg
413579202601373,광주-나주-2026-00316,보호중,20260902,나주시반남면청송로430-16수로,개,믹스견,[개] 믹스견,검정 황갈색&흰색,2021(년생),15(Kg),M,N,농수로에빠져나오질못함 포획구조,나주유기동물보호센터,010-2331-7377,전라남도 나주시 산포면 내기3길 71-43 [*미고시] ,전남광주통합특별시 나주시,346483202100001,20260903,20260914,2026-09-03 14:27:02.0,http://openapi.animal.go.kr/openapi/service/rest/fileDownloadSrvc/files/shelter/2026/08/202609031409723.jpg|http://openapi.animal.go.kr/openapi/service/rest/fileDownloadSrvc/files/shelter/2026/08/202609031409684.jpg,images/413579202601373_0.jpg|images/413579202601373_1.jpg
411321202600307,서울-서초-2026-00102,보호중,20260902,서울 서초구 잠수교 인근,개,믹스견,[개] 믹스견,갈색,2019(년생),16(Kg),M,N,주황/검정라인하네스/리드줄.양안결막염.우안눈꺼풀종양.유선종양.양후지무릎관절이상/파행.우측 심함. ,한국동물구조관리협회,031-867-9119,경기도 양주시 남면 상수리 410-1,서울특별시 서초구,311321200900002,20260903,20260914,2026-09-03 17:01:11.0,http://openapi.animal.go.kr/openapi/service/rest/fileDownloadSrvc/files/shelter/2026/08/20260903140988.jpg|http://openapi.animal.go.kr/openapi/service/rest/fileDownloadSrvc/files/shelter/2026/08/202609031409101.jpg,images/411321202600307_0.jpg|images/411321202600307_1.jpg
411316202600563,서울-구로-2026-00133,보호중,20260902,서울 구로구 구일로10길 27 (구로동),개,스피츠,[개] 스피츠,흰색,2022(년생),4.5(Kg),F,U,온순. 활발. 흰색 하네스에 곰돌이 그림. 코 갈색. 눈물 자국. 눈곱. 꼬리 단미 안됨. 털 상태 양호. ,한국동물구조관리협회,031-867-9119,경기도 양주시 남면 감악산로 63-37  ,서울특별시 구로구,311316201100001,20260903,20260914,2026-09-03 14:34:47.0,http://openapi.animal.go.kr/openapi/service/rest/fileDownloadSrvc/files/shelter/2026/08/202609031409974.jpg|http://openapi.animal.go.kr/openapi/service/rest/fileDownloadSrvc/files/shelter/2026/08/202609031409986.jpg,images/411316202600563_0.jpg|images/411316202600563_1.jpg
411311202600452,서울-은평-2026-00174,보호중,20260902,서울 은평구 응암동 719-10,개,믹스견,[개] 믹스견,검정&황갈색,2021(년생),10.5(Kg),F,U,경계. 예민. 겁 있음. 방어적 입질. 좌안 결막염. 자궁 축농증 의심. 꼬리 단미 안됨. 털 상태 양호. ,한국동물구조관리협회,031-867-9119,경기도 양주시 남면 감악산로 63-48  ,서울특별시 은평구,311311201100001,20260903,20260914,2026-09-03 14:29:04.0,http://openapi.animal.go.kr/openapi/service/rest/fileDownloadSrvc/files/shelter/2026/08/202609031409856.jpg|http://openapi.animal.go.kr/openapi/service/rest/fileDownloadSrvc/files/shelter/2026/08/202609031409873.jpg,images/411311202600452_0.jpg|images/411311202600452_1.jpg
411311202600451,서울-은평-2026-00173,보호중,20260902,서울 은평구 응암동 719-10,개,믹스견,[개] 믹스견,검정&흰색,2026(60일미만)(년생),0.3(Kg),F,U,포유기. 온순. 활발. 코 검정. 가슴 흰 털. 꼬리 단미 안됨. 털 상태 양호. ,한국동물구조관리협회,031-867-9119,경기도 양주시 남면 감악산로 63-48  ,서울특별시 은평구,311311201100001,20260903,20260914,2026-09-03 14:29:04.0,http://openapi.animal.go.kr/openapi/service/rest/fileDownloadSrvc/files/shelter/2026/08/202609031409730.jpg|http://openapi.animal.go.kr/openapi/service/rest/fileDownloadSrvc/files/shelter/2026/08/202609031409786.jpg,images/411311202600451_0.jpg|images/411311202600451_1.jpg
448547202600809,경남-거창-2026-00258,보호중,20260902,거창읍 대동리 13-31,개,푸들,[개] 푸들,흰색,2020(년생),6(Kg),M,Y,"화이트푸들, 미용되어있음",거창군 동물보호소,010-2617-6245,경상남도 거창군 거창읍 가실길 203  ,경상남도 거창군,348547202500001,20260902,20260914,2026-09-02 18:09:01.0,http://openapi.animal.go.kr/openapi/service/rest/fileDownloadSrvc/files/shelter/2026/08/202609021809907.jpg|http://openapi.animal.go.kr/openapi/service/rest/fileDownloadSrvc/files/shelter/2026/08/202609021809779.jpg,images/448547202600809_0.jpg|images/448547202600809_1.jpg
448544202600382,경남-하동-2026-00125,보호중,20260902,경상남도 하동군 적량면 한옥정길 103-20,개,믹스견,[개] 믹스견,갈색&검정,2023(년생),6.2(Kg),M,U,사람손을 잘 타고 성격이 온순함,하동군유기동물보호소,055-880-2677,경상남도 하동군 적량면 한옥정길 90 (적량면) 유기동물보호소,경상남도 하동군,348544201100001,20260902,20260914,2026-09-02 13:07:06.0,http://openapi.animal.go.kr/openapi/service/rest/fileDownloadSrvc/files/shelter/2026/08/202609021009338.jpg|http://openapi.animal.go.kr/openapi/service/rest/fileDownloadSrvc/files/shelter/2026/08/202609021009387.jpg,images/448544202600382_0.jpg|images/448544202600382_1.jpg
448544202600381,경남-하동-2026-00124,보호중,20260902,경상남도 하동군 적량면 한옥정길 103-20,개,믹스견,[개] 믹스견,회색,2024(년생),7.8(Kg),M,U,성격이 활발하고 사람손을 잘 타고 좋아함,하동군유기동물보호소,055-880-2677,경상남도 하동군 적량면 한옥정길 90 (적량면) 유기동물보호소,경상남도 하동군,348544201100001,20260902,20260914,2026-09-02 13:06:52.0,http://openapi.animal.go.kr/openapi/service/rest/fileDownloadSrvc/files/shelter/2026/08/202609021009174.jpg|http://openapi.animal.go.kr/openapi/service/rest/fileDownloadSrvc/files/shelter/2026/08/202609021009219.jpg,images/448544202600381_0.jpg|images/448544202600381_1.jpg
448543202600202,경남-남해-2026-00141,보호중,20260902,삼동면 지족리,개,믹스견,[개] 믹스견,금색,2026(60일미만)(년생),2.5(Kg),F,N,삼동 지족리 유기견 새끼,남해군동물보호센터,055-860-3974,경상남도 남해군 이동면 남해대로 2449  동물보호센터,경상남도 남해군,348543201300001,20260902,20260914,2026-09-05 18:40:43.0,http://openapi.animal.go.kr/openapi/service/rest/fileDownloadSrvc/files/shelter/2026/08/202609021909815.jpg|http://openapi.animal.go.kr/openapi/service/rest/fileDownloadSrvc/files/shelter/2026/08/202609021909823.jpg,images/448543202600202_0.jpg|images/448543202600202_1.jpg
448543202600201,경남-남해-2026-00142,보호중,20260902,삼동면 지족리,개,믹스견,[개] 믹스견,갈색&흰색,2026(60일미만)(년생),1.7(Kg),M,N,"삼동 지족리 유기견 새끼,피부병",남해군동물보호센터,055-860-3974,경상남도 남해군 이동면 남해대로 2449  동물보호센터,경상남도 남해군,348543201300001,20260902,20260914,2026-09-05 18:41:17.0,http://openapi.animal.go.kr/openapi/service/rest/fileDownloadSrvc/files/shelter/2026/08/202609021909953.jpg|http://openapi.animal.go.kr/openapi/service/rest/fileDownloadSrvc/files/shelter/2026/08/202609021909960.jpg,images/448543202600201_0.jpg|images/448543202600201_1.jpg
448543202600200,경남-남해-2026-00143,보호중,20260902,삼동면 지족리,개,믹스견,[개] 믹스견,검정&황갈색,2026(60일미만)(년생),1.5(Kg),F,N,삼동 지족리 유기견 새끼,남해군동물보호센터,055-860-3974,경상남도 남해군 이동면 남해대로 2449  동물보호센터,경상남도 남해군,348543201300001,20260902,20260914,2026-09-05 18:41:47.0,http://openapi.animal.go.kr/openapi/service/rest/fileDownloadSrvc/files/shelter/2026/08/202609021909663.jpg|http://openapi.animal.go.kr/openapi/service/rest/fileDownloadSrvc/files/shelter/2026/08/202609021909691[1].jpg,images/448543202600200_0.jpg|images/448543202600200_1.jpg
448537202601389,경남-거제-2026-00433,보호중,20260902,옥산2길 82-32번지,개,믹스견,[개] 믹스견,흰색,2023(년생),10(Kg),F,N,순함,거제시동물보호센터,055-639-6368,경상남도 거제시 사등면 두동로1길 107  거제시동물보호센터,경상남도 거제시,348537200900002,20260902,20260914,2026-09-02 16:04:11.0,http://openapi.animal.go.kr/openapi/service/rest/fileDownloadSrvc/files/shelter/2026/08/202609021609463.jpg|http://openapi.animal.go.kr/openapi/service/rest/fileDownloadSrvc/files/shelter/2026/08/202609021609517.jpg,images/448537202601389_0.jpg|images/448537202601389_1.jpg
448537202601388,경남-거제-2026-00432,보호중,20260902,옥산2길 82-32번지,개,믹스견,[개] 믹스견,검정&흰색,2018(년생),15(Kg),F,N,순함,거제시동물보호센터,055-639-6368,경상남도 거제시 사등면 두동로1길 107  거제시동물보호센터,경상남도 거제시,348537200900002,20260902,20260914,2026-09-02 15:54:36.0,http://openapi.animal.go.kr/openapi/service/rest/fileDownloadSrvc/files/shelter/2026/08/202609021509178.jpg|http://openapi.animal.go.kr/openapi/service/rest/fileDownloadSrvc/files/shelter/2026/08/202609021509232.jpg,images/448537202601388_0.jpg|images/448537202601388_1.jpg
448537202601387,경남-거제-2026-00431,보호중,20260902,옥산2길 82-32번지,개,믹스견,[개] 믹스견,갈색,2018(년생),15(Kg),F,N,순함,거제시동물보호센터,055-639-6368,경상남도 거제시 사등면 두동로1길 107  거제시동물보호센터,경상남도 거제시,348537200900002,20260902,20260914,2026-09-02 15:48:54.0,http://openapi.animal.go.kr/openapi/service/rest/fileDownloadSrvc/files/shelter/2026/08/202609021509908.jpg|http://openapi.animal.go.kr/openapi/service/rest/fileDownloadSrvc/files/shelter/2026/08/202609021509517.jpg,images/448537202601387_0.jpg|images/448537202601387_1.jpg
448534202601043,경남-사천-2026-00267,보호중,20260902,곤명면  초량리 인근,개,믹스견,[개] 믹스견,크림색,2026(60일미만)(년생),7(Kg),F,N,낯선 환경에 적응 중,사천시 동물보호센터,055-831-3768,경상남도 사천시 용현면 진삼로 902  사천시유기동물보호소,경상남도 사천시,348534202000001,20260902,20260914,2026-09-02 16:02:13.0,http://openapi.animal.go.kr/openapi/service/rest/fileDownloadSrvc/files/shelter/2026/08/202609021609925.jpg|http://openapi.animal.go.kr/openapi/service/rest/fileDownloadSrvc/files/shelter/2026/08/20260902160932.jpg,images/448534202601043_0.jpg|images/448534202601043_1.jpg
448531202601289,경남-진주-2026-00304,보호중,20260902,진주시 진성면 가진리 1130,개,믹스견,[개] 믹스견,갈색&검정,2026(60일미만)(년생),2.6(Kg),M,N,겁많고 조용함,진주시동물보호센터,055-749-6134,"경상남도 진주시 집현면 신당길207번길 22 (집현면, 지역농업개발시설) ",경상남도 진주시,348531201000001,20260902,20260914,2026-09-02 14:32:18.0,http://openapi.animal.go.kr/openapi/service/rest/fileDownloadSrvc/files/shelter/2026/08/202609021009233.jpg|http://openapi.animal.go.kr/openapi/service/rest/fileDownloadSrvc/files/shelter/2026/08/202609021009253.jpg,images/448531202601289_0.jpg|images/448531202601289_1.jpg
448531202601287,경남-진주-2026-00302,보호중,20260902,진주시 진성면 가진리 1130,개,믹스견,[개] 믹스견,갈색&흰색,2026(60일미만)(년생),2.7(Kg),F,N,겁많고 방어적 (엄살끼 있음),진주시동물보호센터,055-749-6134,"경상남도 진주시 집현면 신당길207번길 22 (집현면, 지역농업개발시설) ",경상남도 진주시,348531201000001,20260902,20260914,2026-09-02 14:32:18.0,http://openapi.animal.go.kr/openapi/service/rest/fileDownloadSrvc/files/shelter/2026/08/202609021009898.jpg|http://openapi.animal.go.kr/openapi/service/rest/fileDownloadSrvc/files/shelter/2026/08/202609021009921.jpg,images/448531202601287_0.jpg|images/448531202601287_1.jpg
447518202600204,경북-영덕-2026-00164,보호중,20260902,병곡면 각리길 100,개,골든 리트리버,[개] 골든 리트리버,금색&흰색,2023(년생),25.00(Kg),M,U,온순하고 사람을  잘 따름,영덕유기동물보호센터,054-730-6286,경상북도 영덕군 영덕읍 구미2길 14-1 (영덕읍) 영덕군유기동물보호센터,경상북도 영덕군,347518201000001,20260902,20260914,2026-09-02 15:43:38.0,http://openapi.animal.go.kr/openapi/service/rest/fileDownloadSrvc/files/shelter/2026/08/202609021509105[1].jpg|http://openapi.animal.go.kr/openapi/service/rest/fileDownloadSrvc/files/shelter/2026/08/202609021509580[1].jpg,images/447518202600204_0.jpg|images/447518202600204_1.jpg
447505202600864,경북-경주-2026-00695,보호중,20260902,내남면 화계로 418부근,개,믹스견,[개] 믹스견,흰색,2023(년생),6.6(Kg),F,U,펄럭이는 귀가 귀여움!! 갈색 가죽목줄 착용 심장사사충 양성,경주동물사랑보호센터,010-8889-2883,경상북도 경주시 천북면 천북로 8-4  경주시 동물사랑보호센터,경상북도 경주시,347505201700001,20260902,20260914,2026-09-02 15:31:34.0,http://openapi.animal.go.kr/openapi/service/rest/fileDownloadSrvc/files/shelter/2026/08/202609021309546.jpg|http://openapi.animal.go.kr/openapi/service/rest/fileDownloadSrvc/files/shelter/2026/08/202609021309411.jpg,images/447505202600864_0.jpg|images/447505202600864_1.jpg
447505202600863,경북-경주-2026-00694,보호중,20260902,충효동 1791인근,개,믹스견,[개] 믹스견,크림색,2021(년생),11(Kg),F,N,몽실몽실 미모. 어깨상처있고 심장사상충 양성 예후불량,경주동물사랑보호센터,010-8889-2883,경상북도 경주시 천북면 천북로 8-4  경주시 동물사랑보호센터,경상북도 경주시,347505201700001,20260902,20260914,2026-09-02 13:55:49.0,http://openapi.animal.go.kr/openapi/service/rest/fileDownloadSrvc/files/shelter/2026/08/202609021309849.jpg|http://openapi.animal.go.kr/openapi/service/rest/fileDownloadSrvc/files/shelter/2026/08/202609021309323.jpg,images/447505202600863_0.jpg|images/447505202600863_1.jpg
445479202600979,전북-부안-2026-00622,보호중,20260902,상서면 용동리길 65,개,믹스견,[개] 믹스견,흰색,2020(년생),11(Kg),F,N,쫑긋선귀,부안군 동물보호센터,063-580-4445,전북특별자치도 부안군 주산면 주산로 369  부안군 동물보호센터,전북특별자치도 부안군,345479202100001,20260902,20260917,2026-09-02 14:27:55.0,http://openapi.animal.go.kr/openapi/service/rest/fileDownloadSrvc/files/shelter/2026/08/202609021409323.jpg|http://openapi.animal.go.kr/openapi/service/rest/fileDownloadSrvc/files/shelter/2026/08/202609021409369.jpg,images/445479202600979_0.jpg|images/445479202600979_1.jpg
445479202600978,전북-부안-2026-00621,보호중,20260902,상서면 용동리길 65,개,믹스견,[개] 믹스견,흰색,2020(년생),11(Kg),F,N,경계심 있어보임,부안군 동물보호센터,063-580-4445,전북특별자치도 부안군 주산면 주산로 369  부안군 동물보호센터,전북특별자치도 부안군,345479202100001,20260902,20260917,2026-09-02 14:27:20.0,http://openapi.animal.go.kr/openapi/service/rest/fileDownloadSrvc/files/shelter/2026/08/202609021409779.jpg|http://openapi.animal.go.kr/openapi/service/rest/fileDownloadSrvc/files/shelter/2026/08/202609021409835.jpg,images/445479202600978_0.jpg|images/445479202600978_1.jpg
445479202600977,전북-부안-2026-00620,보호중,20260902,상서면 용동리길 65,개,믹스견,[개] 믹스견,흰색,2022(년생),9(Kg),F,N,경계심 있어보임,부안군 동물보호센터,063-580-4445,전북특별자치도 부안군 주산면 주산로 369  부안군 동물보호센터,전북특별자치도 부안군,345479202100001,20260902,20260917,2026-09-02 14:27:05.0,http://openapi.animal.go.kr/openapi/service/rest/fileDownloadSrvc/files/shelter/2026/08/202609021409108.jpg|http://openapi.animal.go.kr/openapi/service/rest/fileDownloadSrvc/files/shelter/2026/08/202609021409153.jpg,images/445479202600977_0.jpg|images/445479202600977_1.jpg
445479202600976,전북-부안-2026-00619,보호중,20260902,상서면 용동리길 65,개,믹스견,[개] 믹스견,흰색,2021(년생),10(Kg),F,N,경계심 있어보임,부안군 동물보호센터,063-580-4445,전북특별자치도 부안군 주산면 주산로 369  부안군 동물보호센터,전북특별자치도 부안군,345479202100001,20260902,20260917,2026-09-02 14:26:48.0,http://openapi.animal.go.kr/openapi/service/rest/fileDownloadSrvc/files/shelter/2026/08/20260902140994.jpg|http://openapi.animal.go.kr/openapi/service/rest/fileDownloadSrvc/files/shelter/2026/08/202609021409132.jpg,images/445479202600976_0.jpg|images/445479202600976_1.jpg
445479202600975,전북-부안-2026-00618,보호중,20260902,상서면 용동리길 65,개,믹스견,[개] 믹스견,흰색,2023(년생),8(Kg),F,N,경계심 있어보임,부안군 동물보호센터,063-580-4445,전북특별자치도 부안군 주산면 주산로 369  부안군 동물보호센터,전북특별자치도 부안군,345479202100001,20260902,20260917,2026-09-02 14:26:30.0,http://openapi.animal.go.kr/openapi/service/rest/fileDownloadSrvc/files/shelter/2026/08/202609021409339.jpg|http://openapi.animal.go.kr/openapi/service/rest/fileDownloadSrvc/files/shelter/2026/08/202609021409378.jpg,images/445479202600975_0.jpg|images/445479202600975_1.jpg
445479202600974,전북-부안-2026-00617,보호중,20260902,상서면 용동리길 65,개,믹스견,[개] 믹스견,흰색,2022(년생),9(Kg),F,N,경계심 있어보임,부안군 동물보호센터,063-580-4445,전북특별자치도 부안군 주산면 주산로 369  부안군 동물보호센터,전북특별자치도 부안군,345479202100001,20260902,20260917,2026-09-02 14:26:14.0,http://openapi.animal.go.kr/openapi/service/rest/fileDownloadSrvc/files/shelter/2026/08/202609021309335.jpg|http://openapi.animal.go.kr/openapi/service/rest/fileDownloadSrvc/files/shelter/2026/08/202609021309381.jpg,images/445479202600974_0.jpg|images/445479202600974_1.jpg
445479202600973,전북-부안-2026-00616,보호중,20260902,상서면 용동리길 65,개,믹스견,[개] 믹스견,흰색,2022(년생),9(Kg),F,N,활발해보임,부안군 동물보호센터,063-580-4445,전북특별자치도 부안군 주산면 주산로 369  부안군 동물보호센터,전북특별자치도 부안군,345479202100001,20260902,20260917,2026-09-02 14:25:59.0,http://openapi.animal.go.kr/openapi/service/rest/fileDownloadSrvc/files/shelter/2026/08/202609021309319.jpg|http://openapi.animal.go.kr/openapi/service/rest/fileDownloadSrvc/files/shelter/2026/08/202609021309365.jpg,images/445479202600973_0.jpg|images/445479202600973_1.jpg
445479202600972,전북-부안-2026-00615,보호중,20260902, 상서면 용동리길65,개,믹스견,[개] 믹스견,흰색,2021(년생),10(Kg),F,N,경계심 있어보임,부안군 동물보호센터,063-580-4445,전북특별자치도 부안군 주산면 주산로 369  부안군 동물보호센터,전북특별자치도 부안군,345479202100001,20260902,20260917,2026-09-02 14:25:40.0,http://openapi.animal.go.kr/openapi/service/rest/fileDownloadSrvc/files/shelter/2026/08/202609021309159.jpg|http://openapi.animal.go.kr/openapi/service/rest/fileDownloadSrvc/files/shelter/2026/08/202609021309214.jpg,images/445479202600972_0.jpg|images/445479202600972_1.jpg
445476202600280,전북-임실-2026-00125,보호중,20260902,임삼로1498-86,개,믹스견,[개] 믹스견,갈색&검정,2026(년생),3(Kg),F,N,얌전하고 사람 잘따름,임실유기동물보호센터,063-642-5550,"전라북도 임실군 오수면 춘향로 1554-95  펫추모공원 입구, 유기동물보호센터",전북특별자치도 임실군,345476202100001,20260902,20260917,2026-09-02 14:17:44.0,http://openapi.animal.go.kr/openapi/service/rest/fileDownloadSrvc/files/shelter/2026/08/202609021009575.jpg|http://openapi.animal.go.kr/openapi/service/rest/fileDownloadSrvc/files/shelter/2026/08/20260902100957[1].jpg,images/445476202600280_0.jpg|images/445476202600280_1.jpg
445476202600279,전북-임실-2026-00124,보호중,20260902,임삼로1498-86,개,믹스견,[개] 믹스견,검정&황갈색,2026(년생),3(Kg),M,N,얌전하고 사람잘따름,임실유기동물보호센터,063-642-5550,"전라북도 임실군 오수면 춘향로 1554-95  펫추모공원 입구, 유기동물보호센터",전북특별자치도 임실군,345476202100001,20260902,20260917,2026-09-02 14:17:43.0,http://openapi.animal.go.kr/openapi/service/rest/fileDownloadSrvc/files/shelter/2026/08/202609021009339.jpg|http://openapi.animal.go.kr/openapi/service/rest/fileDownloadSrvc/files/shelter/2026/08/202609021009500[1].jpg,images/445476202600279_0.jpg|images/445476202600279_1.jpg
445472202600507,전북-완주-2026-00195,보호중,20260902,"봉동읍 둔산1로130 코아루 2차 아파트 208동 1,2라인 앞",개,시바,[개] 시바,호반색(호랑이무늬),2026(년생),7(Kg),M,N,없음,완주군유기동물보호소,063-290-3220,전북특별자치도 완주군 화산면 누하길 127  ,전북특별자치도 완주군,345472202300001,20260902,20260914,2026-09-02 10:59:13.0,http://openapi.animal.go.kr/openapi/service/rest/fileDownloadSrvc/files/shelter/2026/08/202609021009652.jpg|http://openapi.animal.go.kr/openapi/service/rest/fileDownloadSrvc/files/shelter/2026/08/202609021009686[1].jpg,images/445472202600507_0.jpg|images/445472202600507_1.jpg
445471202600328,전북-김제-2026-00268,보호중,20260902,금산면,개,믹스견,[개] 믹스견,흰색,2026(60일미만)(년생),1(Kg),M,N,털이 뽀얗다 ,전북말산업복합센터,063-547-3549,전라북도 김제시 용지면 금백로 571-39 (용지면) 전북말산업복합센터,전북특별자치도 김제시,345471201800002,20260902,20260917,2026-09-02 14:34:15.0,http://openapi.animal.go.kr/openapi/service/rest/fileDownloadSrvc/files/shelter/2026/08/202609021409516.jpg|http://openapi.animal.go.kr/openapi/service/rest/fileDownloadSrvc/files/shelter/2026/08/202609021409601[1].jpg,images/445471202600328_0.jpg|images/445471202600328_1.jpg
445471202600327,전북-김제-2026-00267,보호중,20260902,금산면,개,믹스견,[개] 믹스견,흰색,2026(60일미만)(년생),1(Kg),F,N,털이 뽀얗다 ,전북말산업복합센터,063-547-3549,전라북도 김제시 용지면 금백로 571-39 (용지면) 전북말산업복합센터,전북특별자치도 김제시,345471201800002,20260902,20260917,2026-09-02 14:34:15.0,http://openapi.animal.go.kr/openapi/service/rest/fileDownloadSrvc/files/shelter/2026/08/202609021409291.jpg|http://openapi.animal.go.kr/openapi/service/rest/fileDownloadSrvc/files/shelter/2026/08/202609021409301.jpg,images/445471202600327_0.jpg|images/445471202600327_1.jpg
445468202602263,전북-익산-2026-01118,보호중,20260902,익산시 여산면 천호로 93-26,개,믹스견,[개] 믹스견,검정색,2026(년생),2.5(Kg),F,N,생후 2개월넘은 진도믹스로 겁이 많고 순한편임.,익산유기동물보호소,063-855-1214,전북특별자치도 익산시 삼기면 황금로 342-17  ,전북특별자치도 익산시,345468201200001,20260902,20260914,2026-09-02 16:55:25.0,http://openapi.animal.go.kr/openapi/service/rest/fileDownloadSrvc/files/shelter/2026/08/202609021109632.jpg|http://openapi.animal.go.kr/openapi/service/rest/fileDownloadSrvc/files/shelter/2026/08/202609021109665.jpg,images/445468202602263_0.jpg|images/445468202602263_1.jpg
445468202602262,전북-익산-2026-01117,보호중,20260902,익산시 여산면 천호로 93-26,개,믹스견,[개] 믹스견,검정색,2026(년생),2.5(Kg),F,N,생후 2개월넘은 진도믹스로 겁이 많고 순한편임.,익산유기동물보호소,063-855-1214,전북특별자치도 익산시 삼기면 황금로 342-17  ,전북특별자치도 익산시,345468201200001,20260902,20260914,2026-09-02 16:55:18.0,http://openapi.animal.go.kr/openapi/service/rest/fileDownloadSrvc/files/shelter/2026/08/202609021109777.jpg|http://openapi.animal.go.kr/openapi/service/rest/fileDownloadSrvc/files/shelter/2026/08/202609021109811.jpg,images/445468202602262_0.jpg|images/445468202602262_1.jpg
445468202602261,전북-익산-2026-01116,보호중,20260902,익산시 여산면 천호로 93-26,개,믹스견,[개] 믹스견,갈색,2026(년생),2.5(Kg),M,N,생후 2개월넘은 진도믹스로겁이 많고 순한편임.,익산유기동물보호소,063-855-1214,전북특별자치도 익산시 삼기면 황금로 342-17  ,전북특별자치도 익산시,345468201200001,20260902,20260914,2026-09-02 16:55:11.0,http://openapi.animal.go.kr/openapi/service/rest/fileDownloadSrvc/files/shelter/2026/08/202609021109107.jpg|http://openapi.animal.go.kr/openapi/service/rest/fileDownloadSrvc/files/shelter/2026/08/202609021109141.jpg,images/445468202602261_0.jpg|images/445468202602261_1.jpg
444568202600443,충남-당진-2026-00443,보호중,20260902,당진시 합덕읍 소소리 623,개,믹스견,[개] 믹스견,갈색&검정,2026(년생),1.50(Kg),F,U,"3개월, 순함. 교통사고 추정. 뇌손상으로 인한 기립 불능 ",당진시동물보호소,041-356-8210,충청남도 당진시 고대면 삼포길 180  ,충청남도 당진시,344568201700001,20260902,20260914,2026-09-02 14:19:51.0,http://openapi.animal.go.kr/openapi/service/rest/fileDownloadSrvc/files/shelter/2026/08/202609021309245.jpg|http://openapi.animal.go.kr/openapi/service/rest/fileDownloadSrvc/files/shelter/2026/08/202609021309375.jpg,images/444568202600443_0.jpg|images/444568202600443_1.jpg
444568202600442,충남-당진-2026-00442,보호중,20260902,당진시 송산면 가곡리 656 인근,개,믹스견,[개] 믹스견,흰색,2026(년생),5.50(Kg),F,U,"5개월, 순함. 코로나, 종합백신 1차 완료(09/02)",당진시동물보호소,041-356-8210,충청남도 당진시 고대면 삼포길 180  ,충청남도 당진시,344568201700001,20260902,20260914,2026-09-02 14:19:15.0,http://openapi.animal.go.kr/openapi/service/rest/fileDownloadSrvc/files/shelter/2026/08/202609021309880.jpg|http://openapi.animal.go.kr/openapi/service/rest/fileDownloadSrvc/files/shelter/2026/08/20260902130925.jpg,images/444568202600442_0.jpg|images/444568202600442_1.jpg
444462202600592,충남-태안-2026-00343,보호중,20260902,시목길 347-52,개,믹스견,[개] 믹스견,흰색,2026(60일미만)(년생),1.5(Kg),M,N,순하고 귀여움,최동물병원,041-672-0346,충청남도 태안군 태안읍 남문리 504-6,충청남도 태안군,344462200900001,20260902,20260914,2026-09-02 10:16:10.0,http://openapi.animal.go.kr/openapi/service/rest/fileDownloadSrvc/files/shelter/2026/08/202609021009393.jpg|http://openapi.animal.go.kr/openapi/service/rest/fileDownloadSrvc/files/shelter/2026/08/202609021009404.jpg,images/444462202600592_0.jpg|images/444462202600592_1.jpg
444462202600591,충남-태안-2026-00342,보호중,20260902,시목길 347-52,개,믹스견,[개] 믹스견,흰색,2026(60일미만)(년생),1.5(Kg),F,N,순하고 귀여움,최동물병원,041-672-0346,충청남도 태안군 태안읍 남문리 504-6,충청남도 태안군,344462200900001,20260902,20260914,2026-09-02 10:16:09.0,http://openapi.animal.go.kr/openapi/service/rest/fileDownloadSrvc/files/shelter/2026/08/202609021009735.jpg|http://openapi.animal.go.kr/openapi/service/rest/fileDownloadSrvc/files/shelter/2026/08/202609021009748.jpg,images/444462202600591_0.jpg|images/444462202600591_1.jpg
444453202600918,충남-서산-2026-00446,보호중,20260902,대산읍 기은리 598-3 LG사원아파트 부근,개,믹스견,[개] 믹스견,갈색&검정,2016(년생),8(Kg),M,N,"순한 편, 겁 많음",서산시 동물보호센터,041-660-2040,충청남도 서산시 인지면 무학재1길 99  ,충청남도 서산시,344453202100003,20260902,20260914,2026-09-02 15:56:04.0,http://openapi.animal.go.kr/openapi/service/rest/fileDownloadSrvc/files/shelter/2026/08/202609021509475[1].jpg|http://openapi.animal.go.kr/openapi/service/rest/fileDownloadSrvc/files/shelter/2026/08/202609021509195[1].jpg,images/444453202600918_0.jpg|images/444453202600918_1.jpg
444451202600757,충남-보령-2026-00301,보호중,20260902,보령시 웅천읍 장터8길 155,개,말티즈,[개] 말티즈,크림색,2021(년생),4.5(Kg),M,N,.,보령시유기동물보호소,010-5427-7210,충청남도 보령시 대천방조제로 322 (대천동) 보령시시설관리공단 내 좌측 생태공원2,충청남도 보령시,344451201300001,20260902,20260914,2026-09-02 10:08:26.0,http://openapi.animal.go.kr/openapi/service/rest/fileDownloadSrvc/files/shelter/2026/08/20260902100924.jpg|http://openapi.animal.go.kr/openapi/service/rest/fileDownloadSrvc/files/shelter/2026/08/202609021009707.jpg,images/444451202600757_0.jpg|images/444451202600757_1.jpg
444449202601486,충남-천안-2026-00461,보호중,20260902,동남구 청수10길 4-51 디자인오름 앞,개,믹스견,[개] 믹스견,호반색(호랑이무늬),2026(년생),5.3(Kg),F,N,"순함, 4개월 추정 ",천안시 동물보호센터,010-5913-5119,"충청남도 천안시 동남구 목천읍 충절로 577  문의전화 : 입양(010-5913-5119), 구조(010-4999-6119)",충청남도 천안시,344449202100001,20260902,20260914,2026-09-07 10:06:18.0,http://openapi.animal.go.kr/openapi/service/rest/fileDownloadSrvc/files/shelter/2026/08/202609021509221.jpg|http://openapi.animal.go.kr/openapi/service/rest/fileDownloadSrvc/files/shelter/2026/08/202609021509425.jpg,images/444449202601486_0.jpg|images/444449202601486_1.jpg
444449202601485,충남-천안-2026-00460,보호중,20260902,동남구 원성동 68-12 투썸플레이스,개,믹스견,[개] 믹스견,크림색,2024(년생),5.6(Kg),M,N,순함 ,천안시 동물보호센터,010-5913-5119,"충청남도 천안시 동남구 목천읍 충절로 577  문의전화 : 입양(010-5913-5119), 구조(010-4999-6119)",충청남도 천안시,344449202100001,20260902,20260914,2026-09-07 10:07:01.0,http://openapi.animal.go.kr/openapi/service/rest/fileDownloadSrvc/files/shelter/2026/08/20260902150913.jpg|http://openapi.animal.go.kr/openapi/service/rest/fileDownloadSrvc/files/shelter/2026/08/202609021509358[1].jpg,images/444449202601485_0.jpg|images/444449202601485_1.jpg
444449202601478,충남-천안-2026-00459,보호중,20260902,서북구 성거읍 천흥 2길 30-14,개,믹스견,[개] 믹스견,흰색,2019(년생),15.5(Kg),M,N,"순하나 겁있음, 심장사상충 양성",천안시 동물보호센터,010-5913-5119,"충청남도 천안시 동남구 목천읍 충절로 577  문의전화 : 입양(010-5913-5119), 구조(010-4999-6119)",충청남도 천안시,344449202100001,20260902,20260914,2026-09-07 10:34:03.0,http://openapi.animal.go.kr/openapi/service/rest/fileDownloadSrvc/files/shelter/2026/08/202609021309846.jpg|http://openapi.animal.go.kr/openapi/service/rest/fileDownloadSrvc/files/shelter/2026/08/202609021309105.jpg,images/444449202601478_0.jpg|images/444449202601478_1.jpg
443447202600525,충북-음성-2026-00328,보호중,20260902,대소읍 한삼로 31번길 46,개,믹스견,[개] 믹스견,금갈색,2022(년생),18(Kg),M,N,"청색 목사리, 온순하고 잘 따름",음성군 동물보호센터,043-877-3081,충청북도 음성군 삼성면 대금로 715-5  ,충청북도 음성군,343447202600001,20260902,20260914,2026-09-02 14:33:54.0,http://openapi.animal.go.kr/openapi/service/rest/fileDownloadSrvc/files/shelter/2026/08/202609021409196.jpg|http://openapi.animal.go.kr/openapi/service/rest/fileDownloadSrvc/files/shelter/2026/08/202609021409321.jpg,images/443447202600525_0.jpg|images/443447202600525_1.jpg
443447202600524,충북-음성-2026-00327,보호중,20260902,감곡면 오궁길 3,개,포메라니안,[개] 포메라니안,붉고 엷은 황갈색,2020(년생),2.5(Kg),F,N,사납고 입질이 심함,음성군 동물보호센터,043-877-3081,충청북도 음성군 삼성면 대금로 715-5  ,충청북도 음성군,343447202600001,20260902,20260914,2026-09-02 14:27:17.0,http://openapi.animal.go.kr/openapi/service/rest/fileDownloadSrvc/files/shelter/2026/08/202609021409177.jpg|http://openapi.animal.go.kr/openapi/service/rest/fileDownloadSrvc/files/shelter/2026/08/202609021409354.jpg,images/443447202600524_0.jpg|images/443447202600524_1.jpg
443446202600511,충북-괴산-2026-00166,보호중,20260902,괴산군 소수면 고마리 223,개,믹스견,[개] 믹스견,흰색,2026(60일미만)(년생),0.5(Kg),M,U,현재는 건강하나 나이가 어려 향후 확인 필요,괴산증평동물보호센터,010-3169-1151,충청북도 증평군 도안면 입장길 239 (도안면) ,충청북도 괴산군,343446201800002,20260902,20260914,2026-09-02 20:38:17.0,http://openapi.animal.go.kr/openapi/service/rest/fileDownloadSrvc/files/shelter/2026/08/202609022009222.jpg|http://openapi.animal.go.kr/openapi/service/rest/fileDownloadSrvc/files/shelter/2026/08/202609022009111.jpg,images/443446202600511_0.jpg|images/443446202600511_1.jpg
443446202600510,충북-괴산-2026-00165,보호중,20260902,괴산군 소수면 고마리 223,개,믹스견,[개] 믹스견,흑갈색,2026(60일미만)(년생),0.5(Kg),M,U,현재는 건강하나 나이가 어려 향후 확인 필요,괴산증평동물보호센터,010-3169-1151,충청북도 증평군 도안면 입장길 239 (도안면) ,충청북도 괴산군,343446201800002,20260902,20260914,2026-09-02 20:38:17.0,http://openapi.animal.go.kr/openapi/service/rest/fileDownloadSrvc/files/shelter/2026/08/202609022009962[1].jpg|http://openapi.animal.go.kr/openapi/service/rest/fileDownloadSrvc/files/shelter/2026/08/202609022009949.jpg,images/443446202600510_0.jpg|images/443446202600510_1.jpg
443446202600509,충북-괴산-2026-00164,보호중,20260902,괴산군 소수면 고마리 223,개,믹스견,[개] 믹스견,흰색,2026(60일미만)(년생),0.5(Kg),M,U,현재는 건강하나 나이가 어려 향후 확인 필요,괴산증평동물보호센터,010-3169-1151,충청북도 증평군 도안면 입장길 239 (도안면) ,충청북도 괴산군,343446201800002,20260902,20260914,2026-09-02 20:38:17.0,http://openapi.animal.go.kr/openapi/service/rest/fileDownloadSrvc/files/shelter/2026/08/202609022009937.jpg|http://openapi.animal.go.kr/openapi/service/rest/fileDownloadSrvc/files/shelter/2026/08/202609022009892.jpg,images/443446202600509_0.jpg|images/443446202600509_1.jpg
443446202600508,충북-괴산-2026-00163,보호중,20260902,괴산군 소수면 고마리 223,개,믹스견,[개] 믹스견,흰색,2026(60일미만)(년생),0.5(Kg),M,U,현재는 건강하나 나이가 어려 향후 확인 필요,괴산증평동물보호센터,010-3169-1151,충청북도 증평군 도안면 입장길 239 (도안면) ,충청북도 괴산군,343446201800002,20260902,20260914,2026-09-02 20:38:16.0,http://openapi.animal.go.kr/openapi/service/rest/fileDownloadSrvc/files/shelter/2026/08/202609022009600.jpg|http://openapi.animal.go.kr/openapi/service/rest/fileDownloadSrvc/files/shelter/2026/08/202609022009900.jpg,images/443446202600508_0.jpg|images/443446202600508_1.jpg
443446202600507,충북-괴산-2026-00162,보호중,20260902,괴산군 소수면 고마리 223,개,믹스견,[개] 믹스견,흰색,2026(60일미만)(년생),0.5(Kg),F,U,현재는 건강하나 나이가 어려 향후 확인 필요,괴산증평동물보호센터,010-3169-1151,충청북도 증평군 도안면 입장길 239 (도안면) ,충청북도 괴산군,343446201800002,20260902,20260914,2026-09-02 20:38:16.0,http://openapi.animal.go.kr/openapi/service/rest/fileDownloadSrvc/files/shelter/2026/08/20260902200987.jpg|http://openapi.animal.go.kr/openapi/service/rest/fileDownloadSrvc/files/shelter/2026/08/20260902200928.jpg,images/443446202600507_0.jpg|images/443446202600507_1.jpg
443446202600506,충북-괴산-2026-00161,보호중,20260902,괴산군 소수면 고마리 223,개,믹스견,[개] 믹스견,흰색&검은반점,2026(60일미만)(년생),0.5(Kg),F,U,현재는 건강하나 나이가 어려 향후 확인 필요,괴산증평동물보호센터,010-3169-1151,충청북도 증평군 도안면 입장길 239 (도안면) ,충청북도 괴산군,343446201800002,20260902,20260914,2026-09-02 20:38:16.0,http://openapi.animal.go.kr/openapi/service/rest/fileDownloadSrvc/files/shelter/2026/08/202609022009876.jpg|http://openapi.animal.go.kr/openapi/service/rest/fileDownloadSrvc/files/shelter/2026/08/202609022009931.jpg,images/443446202600506_0.jpg|images/443446202600506_1.jpg
443445202600614,충북-진천-2026-00286,보호중,20260902,진천읍 문화6안길 11-1,개,믹스견,[개] 믹스견,검정색,2026(년생),7(Kg),F,U,피모상태양호/마이크로칩없음/전반적인건강은양호함,증평 가정견 훈련소,010-3169-1151,충청북도 증평군 도안면 입장길 239  ,충청북도 진천군,343445202200001,20260902,20260914,2026-09-02 10:37:56.0,http://openapi.animal.go.kr/openapi/service/rest/fileDownloadSrvc/files/shelter/2026/08/202609021009226.jpg|http://openapi.animal.go.kr/openapi/service/rest/fileDownloadSrvc/files/shelter/2026/08/202609021009536.jpg,images/443445202600614_0.jpg|images/443445202600614_1.jpg
443440202600266,충북-제천-2026-00103,보호중,20260902,청풍야산부근,개,믹스견,[개] 믹스견,갈색&검정,2026(60일미만)(년생),1.9(Kg),F,N,50일추정 온순함,제천시 동물보호센터,043-647-0059,충청북도 제천시 금성면 적성로8길 51 (금성면) ,충청북도 제천시,343440201500002,20260902,20260914,2026-09-02 18:16:19.0,http://openapi.animal.go.kr/openapi/service/rest/fileDownloadSrvc/files/shelter/2026/08/202609021809747.jpg|http://openapi.animal.go.kr/openapi/service/rest/fileDownloadSrvc/files/shelter/2026/08/202609021809795.jpg,images/443440202600266_0.jpg|images/443440202600266_1.jpg
443440202600265,충북-제천-2026-00102,보호중,20260902,세경아파트,개,믹스견,[개] 믹스견,갈색,2018(년생),6.3(Kg),M,N,동물등록 있음,제천시 동물보호센터,043-647-0059,충청북도 제천시 금성면 적성로8길 51 (금성면) ,충청북도 제천시,343440201500002,20260902,20260914,2026-09-02 18:15:52.0,http://openapi.animal.go.kr/openapi/service/rest/fileDownloadSrvc/files/shelter/2026/08/202609021809659.jpg|http://openapi.animal.go.kr/openapi/service/rest/fileDownloadSrvc/files/shelter/2026/08/202609021809705.jpg,images/443440202600265_0.jpg|images/443440202600265_1.jpg
442430202600144,강원-철원-2026-00144,보호중,20260902,철원군 서면 와수로,개,믹스견,[개] 믹스견,검정&황갈색,2025(년생),5(Kg),F,U,경계심이 있으며 순함,철원군,033-450-5394,강원도 철원군 동송읍 장흥로 311  ,강원특별자치도 철원군,342430201900001,20260902,20260914,2026-09-02 15:43:24.0,http://openapi.animal.go.kr/openapi/service/rest/fileDownloadSrvc/files/shelter/2026/08/202609021509814.jpg|http://openapi.animal.go.kr/openapi/service/rest/fileDownloadSrvc/files/shelter/2026/08/202609021509854[1].jpg,images/442430202600144_0.jpg|images/442430202600144_1.jpg
441554202601670,경기-광주-2026-00532,보호중,20260902,광주시 곤지암읍 신대리 일대,개,믹스견,[개] 믹스견,검정&흰색,2024(년생),20.00(Kg),F,N,"9-2, 칩없음, 덫에 앞다리가 걸린채 발견됨, 현재 예민해진 상태",광주TNR동물병원초월,031-798-7581,경기도 광주시 초월읍 현산로385번길 74-12 (초월읍) ,경기도 광주시,341554201900001,20260902,20260914,2026-09-02 19:08:57.0,http://openapi.animal.go.kr/openapi/service/rest/fileDownloadSrvc/files/shelter/2026/08/202609021909744[1].jpg|http://openapi.animal.go.kr/openapi/service/rest/fileDownloadSrvc/files/shelter/2026/08/202609021909784.jpg,images/441554202601670_0.jpg|images/441554202601670_1.jpg
441417202601144,경기-양평-2026-00239,보호중,20260902,경기도 양평군 옥천면 사나사길 195,개,믹스견,[개] 믹스견,크림색,2026(년생),4(Kg),M,N,구조 당시 초록색 방울 달린 목걸이 + 줄 착용 / 사람을 잘 따름,양평군유기동물보호소,031-770-2337,경기도 양평군 양평읍 농업기술센터길 59-1  ,경기도 양평군,341417201800001,20260902,20260914,2026-09-02 17:14:38.0,http://openapi.animal.go.kr/openapi/service/rest/fileDownloadSrvc/files/shelter/2026/08/202609021109312.png|http://openapi.animal.go.kr/openapi/service/rest/fileDownloadSrvc/files/shelter/2026/08/202609021109343.png,images/441417202601144_0.png|images/441417202601144_1.png
441408202601692,경기-안성-2026-00459,보호중,20260902,도구머리 4길 5,개,믹스견,[개] 믹스견,갈색,2026(년생),4.48(Kg),F,U,"4마리 같이 들어옴, 소심함",안성시동물보호센터,031-673-5493,경기도 안성시 보개원삼로 157 (가사동) 미래동물병원,경기도 안성시,341408200900001,20260902,20260914,2026-09-02 17:59:24.0,http://openapi.animal.go.kr/openapi/service/rest/fileDownloadSrvc/files/shelter/2026/08/202609021709571.jpg|http://openapi.animal.go.kr/openapi/service/rest/fileDownloadSrvc/files/shelter/2026/08/202609021709617.jpg,images/441408202601692_0.jpg|images/441408202601692_1.jpg
441408202601691,경기-안성-2026-00458,보호중,20260902,도구머리 4길 5,개,믹스견,[개] 믹스견,갈색&검정&흰색,2026(년생),3.96(Kg),M,N,"4마리 같이 들어옴, 조금 소심함",안성시동물보호센터,031-673-5493,경기도 안성시 보개원삼로 157 (가사동) 미래동물병원,경기도 안성시,341408200900001,20260902,20260914,2026-09-02 17:59:24.0,http://openapi.animal.go.kr/openapi/service/rest/fileDownloadSrvc/files/shelter/2026/08/20260902170944.jpg|http://openapi.animal.go.kr/openapi/service/rest/fileDownloadSrvc/files/shelter/2026/08/20260902170993.jpg,images/441408202601691_0.jpg|images/441408202601691_1.jpg
441408202601690,경기-안성-2026-00457,보호중,20260902,도구머리 4길 5,개,믹스견,[개] 믹스견,갈색&흰색,2026(년생),4.38(Kg),M,N,"4마리 같이 들어옴, 조금 소심함",안성시동물보호센터,031-673-5493,경기도 안성시 보개원삼로 157 (가사동) 미래동물병원,경기도 안성시,341408200900001,20260902,20260914,2026-09-02 17:59:24.0,http://openapi.animal.go.kr/openapi/service/rest/fileDownloadSrvc/files/shelter/2026/08/202609021709825.jpg|http://openapi.animal.go.kr/openapi/service/rest/fileDownloadSrvc/files/shelter/2026/08/202609021709869.jpg,images/441408202601690_0.jpg|images/441408202601690_1.jpg
441408202601689,경기-안성-2026-00456,보호중,20260902,도구머리 4길 5,개,믹스견,[개] 믹스견,갈색,2024(년생),7.92(Kg),F,U,"4마리 같이 들어옴, 사진상 목줄",안성시동물보호센터,031-673-5493,경기도 안성시 보개원삼로 157 (가사동) 미래동물병원,경기도 안성시,341408200900001,20260902,20260914,2026-09-02 17:59:24.0,http://openapi.animal.go.kr/openapi/service/rest/fileDownloadSrvc/files/shelter/2026/08/202609021709239.jpg|http://openapi.animal.go.kr/openapi/service/rest/fileDownloadSrvc/files/shelter/2026/08/202609021709282.jpg,images/441408202601689_0.jpg|images/441408202601689_1.jpg
441405202602786,경기-용인-2026-00342,보호중,20260902,처인구 김량장동 4-2 현대아파트,개,믹스견,[개] 믹스견,갈색&흰색,2021(년생),10.8(Kg),F,U,"낡은 빨간색 목줄 착용, 귀여운 아이",용인시 동물보호센터,031-6193-3463,경기도 용인시 처인구 중부대로 1074-1 (삼가동) 용인시 동물보호센터,경기도 용인시,341405201800001,20260902,20260914,2026-09-02 17:19:17.0,http://openapi.animal.go.kr/openapi/service/rest/fileDownloadSrvc/files/shelter/2026/08/202609021709183.jpg|http://openapi.animal.go.kr/openapi/service/rest/fileDownloadSrvc/files/shelter/2026/08/202609021709229.jpg,images/441405202602786_0.jpg|images/441405202602786_1.jpg
441405202602785,경기-용인-2026-00341,보호중,20260902,처인구 남사읍 남촌로 19,개,비글,[개] 비글,흰색&갈색&탄,2019(년생),11(Kg),F,U,귀여운 아이,용인시 동물보호센터,031-6193-3463,경기도 용인시 처인구 중부대로 1074-1 (삼가동) 용인시 동물보호센터,경기도 용인시,341405201800001,20260902,20260914,2026-09-02 17:15:16.0,http://openapi.animal.go.kr/openapi/service/rest/fileDownloadSrvc/files/shelter/2026/08/202609021709523.jpg|http://openapi.animal.go.kr/openapi/service/rest/fileDownloadSrvc/files/shelter/2026/08/202609021709587.jpg,images/441405202602785_0.jpg|images/441405202602785_1.jpg
441403202600205,경기-의왕-2026-00033,보호중,20260902,경기도 의왕시 갈미1로 22 인근,개,믹스견,[개] 믹스견,기타(갈),2013(년생),9(Kg),M,Y,"순함,검정목줄착용,검정하네스착용,치아상태안좋음",한국야생동물보호협회,031-296-0124,경기도 안산시 상록구 청곡길 50 (부곡동) ,경기도 의왕시,341403202100001,20260902,20260914,2026-09-04 13:10:38.0,http://openapi.animal.go.kr/openapi/service/rest/fileDownloadSrvc/files/shelter/2026/08/202609021709438.jpg|http://openapi.animal.go.kr/openapi/service/rest/fileDownloadSrvc/files/shelter/2026/08/202609021709462.jpg,images/441403202600205_0.jpg|images/441403202600205_1.jpg
441400202600283,경기-오산-2026-00109,보호중,20260902,세교소방서,개,기타,[개] 푸말,흰색,2021(년생),4.1(Kg),M,N,사람을 따르지않고 입질이 있음,오산 유기동물보호소,031-372-9325,경기도 오산시 성호대로 36 (오산동) ,경기도 오산시,341400200900001,20260902,20260914,2026-09-02 11:47:40.0,http://openapi.animal.go.kr/openapi/service/rest/fileDownloadSrvc/files/shelter/2026/08/202609021109278.jpg|http://openapi.animal.go.kr/openapi/service/rest/fileDownloadSrvc/files/shelter/2026/08/202609021109300[1].jpg,images/441400202600283_0.jpg|images/441400202600283_1.jpg
441391202601371,경기-평택-2026-00618,보호중,20260902,팽성읍 동서촌로 97번길 22 맛고을식당,개,믹스견,[개] 믹스견,흰색,2026(60일미만)(년생),1.4(Kg),M,N,털 깨끗함 / 임시이름 고을이 / 추첨제 예정,평택시동물보호센터,031-8024-8080,경기도 평택시 청북읍 청북로 497  ,경기도 평택시,341391202500001,20260902,20260914,2026-09-02 17:30:12.0,http://openapi.animal.go.kr/openapi/service/rest/fileDownloadSrvc/files/shelter/2026/08/202609021709645.jpg|http://openapi.animal.go.kr/openapi/service/rest/fileDownloadSrvc/files/shelter/2026/08/202609021709680.jpg,images/441391202601371_0.jpg|images/441391202601371_1.jpg
441391202601370,경기-평택-2026-00617,보호중,20260902,포승읍 한유지길 35-31,개,믹스견,[개] 믹스견,갈색,2026(60일미만)(년생),2.2(Kg),F,N,전신 피부염,평택시동물보호센터,031-8024-8080,경기도 평택시 청북읍 청북로 497  ,경기도 평택시,341391202500001,20260902,20260914,2026-09-02 16:41:35.0,http://openapi.animal.go.kr/openapi/service/rest/fileDownloadSrvc/files/shelter/2026/08/202609021609459.jpg|http://openapi.animal.go.kr/openapi/service/rest/fileDownloadSrvc/files/shelter/2026/08/202609021609493.jpg,images/441391202601370_0.jpg|images/441391202601370_1.jpg
441391202601369,경기-평택-2026-00616,보호중,20260902,포승읍 한유지길 35-31,개,믹스견,[개] 믹스견,갈색&흰색,2026(60일미만)(년생),1.9(Kg),M,N,전신 피부염,평택시동물보호센터,031-8024-8080,경기도 평택시 청북읍 청북로 497  ,경기도 평택시,341391202500001,20260902,20260914,2026-09-02 16:41:35.0,http://openapi.animal.go.kr/openapi/service/rest/fileDownloadSrvc/files/shelter/2026/08/202609021609382.jpg|http://openapi.animal.go.kr/openapi/service/rest/fileDownloadSrvc/files/shelter/2026/08/202609021609414.jpg,images/441391202601369_0.jpg|images/441391202601369_1.jpg
441386202601027,경기-부천-2026-00366,보호중,20260902,대장동 종점 슈퍼,개,믹스견,[개] 믹스견,갈색&검정,2026(년생),9.0(Kg),F,U,"(입소당시)소심함,겁많음,눈주변아이라인발적,지알디아양성",24시아이동물메디컬,032-677-5262,경기도 부천시 오정구 소사로 779 (원종동) 201호,경기도 부천시,341386200900001,20260902,20260914,2026-09-06 15:29:44.0,http://openapi.animal.go.kr/openapi/service/rest/fileDownloadSrvc/files/shelter/2026/08/202609021809262.jpg|http://openapi.animal.go.kr/openapi/service/rest/fileDownloadSrvc/files/shelter/2026/08/202609021809324.jpg,images/441386202601027_0.jpg|images/441386202601027_1.jpg
427348202600854,대구-달성-2026-00354,보호중,20260902,화원로 7길 50,개,말티즈,[개] 말티즈,흰색,2016(년생),4.2(Kg),M,N,10세령 이상. 등록칩 없음. 눈물자국 ,화원연합동물병원,053-634-7975,대구광역시 달성군 화원읍 사문진로 447 (화원읍) 화원읍 관할,대구광역시 달성군,327348201500004,20260902,20260914,2026-09-02 18:08:23.0,http://openapi.animal.go.kr/openapi/service/rest/fileDownloadSrvc/files/shelter/2026/08/202609021609151.jpg|http://openapi.animal.go.kr/openapi/service/rest/fileDownloadSrvc/files/shelter/2026/08/202609021609247.jpg,images/427348202600854_0.jpg|images/427348202600854_1.jpg
426331202600480,부산-남구-2026-00259,보호중,20260902,남광공원,개,푸들,[개] 푸들,흰색,2024(년생),3.5(Kg),M,N,"털엉킴, 겁 많음, 순함, 흰색",(사)동부동물보호협회,051-701-7599,부산광역시 해운대구 송정2로13번길 46 (송정동) ,부산광역시 남구,326331201100001,20260902,20260914,2026-09-02 09:32:43.0,http://openapi.animal.go.kr/openapi/service/rest/fileDownloadSrvc/files/shelter/2026/08/202609020909440.jpg|http://openapi.animal.go.kr/openapi/service/rest/fileDownloadSrvc/files/shelter/2026/08/202609020909451.jpg,images/426331202600480_0.jpg|images/426331202600480_1.jpg
413590202600240,광주-진도-2026-00008,보호중,20260902,진도군 군내면 명량대첩로 256,개,믹스견,[개] 믹스견,황갈색,2025(년생),12(Kg),F,U,"목줄은 없으나 목줄을 찬 흔적은 있음, 온순하며 사람을 잘따름",진도군임시보호소,061-540-6326,전라남도 진도군 진도읍 성죽골길 30  ,전남광주통합특별시 진도군,346500202400002,20260902,20260914,2026-09-02 09:03:42.0,http://openapi.animal.go.kr/openapi/service/rest/fileDownloadSrvc/files/shelter/2026/08/202609020909701.jpg|http://openapi.animal.go.kr/openapi/service/rest/fileDownloadSrvc/files/shelter/2026/08/202609020909725.jpg,images/413590202600240_0.jpg|images/413590202600240_1.jpg
413588202600313,광주-함평-2026-00073,보호중,20260902,함평읍 초동길89-27,개,믹스견,[개] 믹스견,흰색,2026(년생),5.00(Kg),M,U,순함,학교임시동물보호센터,010-5649-3435,전라남도 함평군 학교면 송산길 84 (학교면) 월산리 806-1 ,전남광주통합특별시 함평군,346496201800001,20260902,20260916,2026-09-02 07:00:48.0,http://openapi.animal.go.kr/openapi/service/rest/fileDownloadSrvc/files/shelter/2026/08/202609020709290.jpg|http://openapi.animal.go.kr/openapi/service/rest/fileDownloadSrvc/files/shelter/2026/08/202609020709651.jpg,images/413588202600313_0.jpg|images/413588202600313_1.jpg
413588202600312,광주-함평-2026-00072,보호중,20260902,함평읍 소등길 50,개,믹스견,[개] 믹스견,흰색,2025(년생),7.00(Kg),M,U,경계심,학교임시동물보호센터,010-5649-3435,전라남도 함평군 학교면 송산길 84 (학교면) 월산리 806-1 ,전남광주통합특별시 함평군,346496201800001,20260902,20260916,2026-09-02 06:53:14.0,http://openapi.animal.go.kr/openapi/service/rest/fileDownloadSrvc/files/shelter/2026/08/202609020609937.jpg|http://openapi.animal.go.kr/openapi/service/rest/fileDownloadSrvc/files/shelter/2026/08/202609020609413.jpg,images/413588202600312_0.jpg|images/413588202600312_1.jpg
413584202600224,광주-구례-2026-00037,보호중,20260902,구례 토지파출소,개,믹스견,[개] 믹스견,갈색,2026(년생),2(Kg),F,N,"9월2일 파보,홍역키트검사,종백,광견병 접종,구충제",구례군동물보호센터,061-781-2022,전라남도 구례군 용방면 용방로 64-11  ,전남광주통합특별시 구례군,346487201800001,20260902,20260914,2026-09-02 11:36:22.0,http://openapi.animal.go.kr/openapi/service/rest/fileDownloadSrvc/files/shelter/2026/08/202609021109827.jpg|http://openapi.animal.go.kr/openapi/service/rest/fileDownloadSrvc/files/shelter/2026/08/202609021109261.jpg,images/413584202600224_0.jpg|images/413584202600224_1.jpg
413583202600541,광주-담양-2026-00049,보호중,20260902,대전면 행정리1-19,개,믹스견,[개] 믹스견,호반색(호랑이무늬),2026(60일미만)(년생),1.5(Kg),M,U,"온순함,종합+코로나백신접종,사상충예방약복용;진드기구제제",담양군 동물보호센터,061-380-2734,전라남도 담양군 무정면 무정로 756  동물보호센터,전남광주통합특별시 담양군,346485202600001,20260902,20260916,2026-09-02 16:32:19.0,http://openapi.animal.go.kr/openapi/service/rest/fileDownloadSrvc/files/shelter/2026/08/202609021609565.jpg|http://openapi.animal.go.kr/openapi/service/rest/fileDownloadSrvc/files/shelter/2026/08/202609021609590.jpg,images/413583202600541_0.jpg|images/413583202600541_1.jpg
413583202600540,광주-담양-2026-00048,보호중,20260902,대전면 행정리1-19,개,믹스견,[개] 믹스견,갈색&검정,2026(60일미만)(년생),1.5(Kg),F,N,"온순함,종합+코로나백신접종,사상충예방약복용;진드기구제제",담양군 동물보호센터,061-380-2734,전라남도 담양군 무정면 무정로 756  동물보호센터,전남광주통합특별시 담양군,346485202600001,20260902,20260916,2026-09-02 16:32:18.0,http://openapi.animal.go.kr/openapi/service/rest/fileDownloadSrvc/files/shelter/2026/08/20260902160927.jpg|http://openapi.animal.go.kr/openapi/service/rest/fileDownloadSrvc/files/shelter/2026/08/20260902160949.jpg,images/413583202600540_0.jpg|images/413583202600540_1.jpg
413583202600539,광주-담양-2026-00047,보호중,20260902,담양 용면 두장리1038-5 도로,개,믹스견,[개] 믹스견,흰색,2026(60일미만)(년생),1.8(Kg),M,U,"온순함,종합+코로나백신접종,사상충예방약복용;진드기구제제",담양군 동물보호센터,061-380-2734,전라남도 담양군 무정면 무정로 756  동물보호센터,전남광주통합특별시 담양군,346485202600001,20260902,20260916,2026-09-02 14:41:24.0,http://openapi.animal.go.kr/openapi/service/rest/fileDownloadSrvc/files/shelter/2026/08/202609021409567.jpg|http://openapi.animal.go.kr/openapi/service/rest/fileDownloadSrvc/files/shelter/2026/08/202609021409581.jpg,images/413583202600539_0.jpg|images/413583202600539_1.jpg
413583202600538,광주-담양-2026-00046,보호중,20260902,담양 용면 두장리1038-5 도로,개,믹스견,[개] 믹스견,갈색,2026(60일미만)(년생),2(Kg),M,U,"온순함,종합+코로나백신접종,사상충예방약복용;진드기구제제",담양군 동물보호센터,061-380-2734,전라남도 담양군 무정면 무정로 756  동물보호센터,전남광주통합특별시 담양군,346485202600001,20260902,20260916,2026-09-02 14:41:24.0,http://openapi.animal.go.kr/openapi/service/rest/fileDownloadSrvc/files/shelter/2026/08/202609021409210.jpg|http://openapi.animal.go.kr/openapi/service/rest/fileDownloadSrvc/files/shelter/2026/08/202609021409232.jpg,images/413583202600538_0.jpg|images/413583202600538_1.jpg
413583202600537,광주-담양-2026-00045,보호중,20260902,담양 용면 두장리1038-5 도로,개,믹스견,[개] 믹스견,갈색,2026(60일미만)(년생),2.5(Kg),F,N,온순함,담양군 동물보호센터,061-380-2734,전라남도 담양군 무정면 무정로 756  동물보호센터,전남광주통합특별시 담양군,346485202600001,20260902,20260916,2026-09-02 14:42:29.0,http://openapi.animal.go.kr/openapi/service/rest/fileDownloadSrvc/files/shelter/2026/08/202609021409575.jpg|http://openapi.animal.go.kr/openapi/service/rest/fileDownloadSrvc/files/shelter/2026/08/202609021409591.jpg,images/413583202600537_0.jpg|images/413583202600537_1.jpg
413580202600408,광주-동구-2026-00038,보호중,20260902,동구 태봉길13번길 22,개,믹스견,[개] 믹스견,흰색,2026(60일미만)(년생),2.6(Kg),F,N,26-0502 칠봉,광주동물보호센터,062-613-6770,전남광주통합특별시 북구 본촌마을길 25-1 (본촌동) 광주동물보호센터,전남광주통합특별시 동구,329359201300001,20260902,20260914,2026-09-02 16:56:57.0,http://openapi.animal.go.kr/openapi/service/rest/fileDownloadSrvc/files/shelter/2026/08/202609021609713.jpg|http://openapi.animal.go.kr/openapi/service/rest/fileDownloadSrvc/files/shelter/2026/08/202609021609769[1].jpg,images/413580202600408_0.jpg|images/413580202600408_1.jpg
413580202600407,광주-동구-2026-00037,보호중,20260902,동구 태봉길13번길 22,개,믹스견,[개] 믹스견,흰색,2026(60일미만)(년생),2.7(Kg),F,N,26-0501 육순,광주동물보호센터,062-613-6770,전남광주통합특별시 북구 본촌마을길 25-1 (본촌동) 광주동물보호센터,전남광주통합특별시 동구,329359201300001,20260902,20260914,2026-09-02 16:56:57.0,http://openapi.animal.go.kr/openapi/service/rest/fileDownloadSrvc/files/shelter/2026/08/202609021609517[1].jpg|http://openapi.animal.go.kr/openapi/service/rest/fileDownloadSrvc/files/shelter/2026/08/202609021609576.jpg,images/413580202600407_0.jpg|images/413580202600407_1.jpg
413580202600405,광주-동구-2026-00035,보호중,20260902,동구 태봉길13번길 22,개,믹스견,[개] 믹스견,흰색,2026(60일미만)(년생),2.3(Kg),F,N,26-0499 사봉,광주동물보호센터,062-613-6770,전남광주통합특별시 북구 본촌마을길 25-1 (본촌동) 광주동물보호센터,전남광주통합특별시 동구,329359201300001,20260902,20260914,2026-09-02 16:56:56.0,http://openapi.animal.go.kr/openapi/service/rest/fileDownloadSrvc/files/shelter/2026/08/202609021609760.jpg|http://openapi.animal.go.kr/openapi/service/rest/fileDownloadSrvc/files/shelter/2026/08/202609021609825.jpg,images/413580202600405_0.jpg|images/413580202600405_1.jpg
413580202600404,광주-동구-2026-00034,보호중,20260902,동구 태봉길13번길 22,개,믹스견,[개] 믹스견,흰색,2026(60일미만)(년생),2.5(Kg),F,N,26-0498 삼봉,광주동물보호센터,062-613-6770,전남광주통합특별시 북구 본촌마을길 25-1 (본촌동) 광주동물보호센터,전남광주통합특별시 동구,329359201300001,20260902,20260914,2026-09-02 16:56:56.0,http://openapi.animal.go.kr/openapi/service/rest/fileDownloadSrvc/files/shelter/2026/08/202609021609374.jpg|http://openapi.animal.go.kr/openapi/service/rest/fileDownloadSrvc/files/shelter/2026/08/202609021609433[1].jpg,images/413580202600404_0.jpg|images/413580202600404_1.jpg
413580202600403,광주-동구-2026-00033,보호중,20260902,동구 태봉길13번길 22,개,믹스견,[개] 믹스견,흰색,2026(60일미만)(년생),2.6(Kg),M,N,26-0497 이봉,광주동물보호센터,062-613-6770,전남광주통합특별시 북구 본촌마을길 25-1 (본촌동) 광주동물보호센터,전남광주통합특별시 동구,329359201300001,20260902,20260914,2026-09-02 16:56:56.0,http://openapi.animal.go.kr/openapi/service/rest/fileDownloadSrvc/files/shelter/2026/08/202609021609884.jpg|http://openapi.animal.go.kr/openapi/service/rest/fileDownloadSrvc/files/shelter/2026/08/202609021609941.jpg,images/413580202600403_0.jpg|images/413580202600403_1.jpg
413580202600402,광주-동구-2026-00032,보호중,20260902,동구 태봉길13번길 22,개,믹스견,[개] 믹스견,흰색,2026(60일미만)(년생),3(Kg),F,N,26-0496 일봉,광주동물보호센터,062-613-6770,전남광주통합특별시 북구 본촌마을길 25-1 (본촌동) 광주동물보호센터,전남광주통합특별시 동구,329359201300001,20260902,20260914,2026-09-02 16:56:56.0,http://openapi.animal.go.kr/openapi/service/rest/fileDownloadSrvc/files/shelter/2026/08/202609021609460.jpg|http://openapi.animal.go.kr/openapi/service/rest/fileDownloadSrvc/files/shelter/2026/08/202609021609515.jpg,images/413580202600402_0.jpg|images/413580202600402_1.jpg
413580202600401,광주-동구-2026-00031,보호중,20260902,동구 태봉길13번길 22,개,믹스견,[개] 믹스견,흰색,2024(년생),15(Kg),F,U,"26-0495 미우, 경계",광주동물보호센터,062-613-6770,전남광주통합특별시 북구 본촌마을길 25-1 (본촌동) 광주동물보호센터,전남광주통합특별시 동구,329359201300001,20260902,20260914,2026-09-04 16:09:48.0,http://openapi.animal.go.kr/openapi/service/rest/fileDownloadSrvc/files/shelter/2026/08/20260902160996.jpg|http://openapi.animal.go.kr/openapi/service/rest/fileDownloadSrvc/files/shelter/2026/08/202609021609178.jpg,images/413580202600401_0.jpg|images/413580202600401_1.jpg
413578202601672,광주-목포-2026-00098,보호중,20260902,혜인여고부근(13:10),개,믹스견,[개] 믹스견,흰색,2024(년생),5(Kg),M,N,활발하고 사람을 잘따름,목포시유기동물보호소,010-9678-9966,전라남도 무안군 삼향읍 석매길 36  ,전남광주통합특별시 목포시,346480201000001,20260902,20260914,2026-09-02 20:04:01.0,http://openapi.animal.go.kr/openapi/service/rest/fileDownloadSrvc/files/shelter/2026/08/202609022009337.jpg|http://openapi.animal.go.kr/openapi/service/rest/fileDownloadSrvc/files/shelter/2026/08/202609022009437.jpg,images/413578202601672_0.jpg|images/413578202601672_1.jpg
447516202600214,경북-청송-2026-00102,보호중,20260901,청송군 부남면 경암길 25,개,믹스견,[개] 믹스견,갈색&검정,2026(60일미만)(년생),2(Kg),M,N,활발하며 사람을 잘 따름,점곡동물보호센터,054-870-6281,경상북도 청송군 현동면 청송로 3128-141  ,경상북도 청송군,347516202000001,20260909,20260921,2026-09-09 17:02:57.0,http://openapi.animal.go.kr/openapi/service/rest/fileDownloadSrvc/files/shelter/2026/09/202609091609603.jpg|http://openapi.animal.go.kr/openapi/service/rest/fileDownloadSrvc/files/shelter/2026/09/202609091609492[4].jpg,images/447516202600214_0.jpg|images/447516202600214_1.jpg
447516202600213,경북-청송-2026-00101,보호중,20260901,청송군 부남면 경암길 25,개,믹스견,[개] 믹스견,갈색&검정,2026(60일미만)(년생),2(Kg),F,N,사람을 잘따르고 활발함,점곡동물보호센터,054-870-6281,경상북도 청송군 현동면 청송로 3128-141  ,경상북도 청송군,347516202000001,20260909,20260921,2026-09-09 16:50:21.0,http://openapi.animal.go.kr/openapi/service/rest/fileDownloadSrvc/files/shelter/2026/09/202609091609349[2].jpg|http://openapi.animal.go.kr/openapi/service/rest/fileDownloadSrvc/files/shelter/2026/09/202609091609638.jpg,images/447516202600213_0.jpg|images/447516202600213_1.jpg
445464202602439,전북-전주-2026-00862,보호중,20260901,전주시 덕진구 호성동2가 630-3,개,믹스견,[개] 믹스견,옅은 황색,2023(년생),9.7(Kg),F,N,"순하고 귀여움, 목줄을 하고 있는 상태로 발견",사랑플러스동물병원,063-211-0600,전북특별자치도 전주시 덕진구 쪽구름2길 8 (여의동2가) 1층,전북특별자치도 전주시,345464202400001,20260908,20260917,2026-09-01 16:26:13.0,http://openapi.animal.go.kr/openapi/service/rest/fileDownloadSrvc/files/shelter/2026/08/202609011609860.jpg|http://openapi.animal.go.kr/openapi/service/rest/fileDownloadSrvc/files/shelter/2026/08/202609011609923.jpg,images/445464202602439_0.jpg|images/445464202602439_1.jpg
442420202600470,강원-강릉-2026-00270,보호중,20260901,왕산면 석우동길,개,진도견,[개] 진도견,흰색,2024(년생),16(Kg),F,U,"목줄없이 발견, 겁 많음",강릉시 동물사랑센터,033-641-7515,강원도 강릉시 성산면 내맬길 172  ,강원특별자치도 강릉시,342420201500001,20260907,20260917,2026-09-07 18:18:56.0,http://openapi.animal.go.kr/openapi/service/rest/fileDownloadSrvc/files/shelter/2026/09/202609071809817.jpg|http://openapi.animal.go.kr/openapi/service/rest/fileDownloadSrvc/files/shelter/2026/09/202609071809747.jpg,images/442420202600470_0.jpg|images/442420202600470_1.jpg
448536202600823,경남-밀양-2026-00474,보호중,20260901,부북면,개,코카 스파니엘,[개] 코카 스파니엘,레몬색&흰색,2017(년생),7(Kg),M,N,"순한 성격, 나이가 많음, 눈이 좋지 않아 보임",밀양시 동물보호센터,070-4113-7288,경상남도 밀양시 삼랑진읍 천태로 472 (삼랑진읍) ,경상남도 밀양시,348536201800001,20260905,20260914,2026-09-12 10:26:16.0,http://openapi.animal.go.kr/openapi/service/rest/fileDownloadSrvc/files/shelter/2026/09/202609051509316.jpg|http://openapi.animal.go.kr/openapi/service/rest/fileDownloadSrvc/files/shelter/2026/09/202609051509586.jpg,images/448536202600823_0.jpg|images/448536202600823_1.jpg
444455202600422,충남-금산-2026-00148,보호중,20260901,금산읍 주공 앞 천안문,개,믹스견,[개] 믹스견,기타(호피무늬),2026(년생),8(Kg),F,N,귀가 서있고 콧등은 검정색임,제일동물병원,041-751-3739,충청남도 금산군 금산읍 비단로 59  ,충청남도 금산군,344455202300001,20260903,20260914,2026-09-03 13:08:23.0,http://openapi.animal.go.kr/openapi/service/rest/fileDownloadSrvc/files/shelter/2026/08/202609021009838.jpg|http://openapi.animal.go.kr/openapi/service/rest/fileDownloadSrvc/files/shelter/2026/08/202609021009873.png,images/444455202600422_0.jpg|images/444455202600422_1.png
411321202600305,서울-서초-2026-00103,보호중,20260901,서울 서초구 동산로 9 (양재동),개,믹스견,[개] 믹스견,기타(회/흰),2022(년생),5.9(Kg),M,N,겁 있음. 온순해 보이나 돌발성 입질. 진드기 오염. 피부 질환. 꼬리 단미 안됨. 털 상태 양호. ,한국동물구조관리협회,031-867-9119,경기도 양주시 남면 상수리 410-1,서울특별시 서초구,311321200900002,20260903,20260914,2026-09-07 14:12:33.0,http://openapi.animal.go.kr/openapi/service/rest/fileDownloadSrvc/files/shelter/2026/08/202609021509524.jpg|http://openapi.animal.go.kr/openapi/service/rest/fileDownloadSrvc/files/shelter/2026/08/202609021509569.jpg,images/411321202600305_0.jpg|images/411321202600305_1.jpg
450650202602098,제주-제주-2026-02022,보호중,20260901,제주시 조천읍 선흘리736-1,개,믹스견,[개] 믹스견,갈색,2018(년생),13.8(Kg),F,U,개체관리번호 1632 ,제주 동물보호센터,064-710-4065,제주특별자치도 제주시 첨단동길 184-14 (용강동) ,제주특별자치도,350650201200001,20260902,20260914,2026-09-02 09:06:20.0,http://openapi.animal.go.kr/openapi/service/rest/fileDownloadSrvc/files/shelter/2026/08/202609020909469.jpg|http://openapi.animal.go.kr/openapi/service/rest/fileDownloadSrvc/files/shelter/2026/08/202609020909484.jpg,images/450650202602098_0.jpg|images/450650202602098_1.jpg
450650202602097,제주-제주-2026-02021,보호중,20260901,서귀포시 남원읍 위미리4591,개,믹스견,[개] 믹스견,검정&흰색,2026(60일미만)(년생),2.9(Kg),F,N,개체관리번호 1631 - 2개월,제주 동물보호센터,064-710-4065,제주특별자치도 제주시 첨단동길 184-14 (용강동) ,제주특별자치도,350650201200001,20260902,20260914,2026-09-02 09:06:19.0,http://openapi.animal.go.kr/openapi/service/rest/fileDownloadSrvc/files/shelter/2026/08/202609020909174.jpg|http://openapi.animal.go.kr/openapi/service/rest/fileDownloadSrvc/files/shelter/2026/08/202609020909188.jpg,images/450650202602097_0.jpg|images/450650202602097_1.jpg
448538202600456,경남-양산-2026-00186,보호중,20260901,동면계석3길19 (대정그린파크아파트),개,믹스견,[개] 믹스견,흰색,2024(년생),13(Kg),F,U,"흰색,소심함",양산시 동물보호센터,055-392-5669,경상남도 양산시 동면 양산대로 618  양산시 농업기술센터,경상남도 양산시,348538200900001,20260902,20260914,2026-09-02 15:26:35.0,http://openapi.animal.go.kr/openapi/service/rest/fileDownloadSrvc/files/shelter/2026/08/20260902150969.jpg|http://openapi.animal.go.kr/openapi/service/rest/fileDownloadSrvc/files/shelter/2026/08/202609021509614.jpg,images/448538202600456_0.jpg|images/448538202600456_1.jpg
448535202601107,경남-김해-2026-00719,보호중,20260901,김해시 동부 119,개,푸들,[개] 푸들,흑갈색,2020(년생),3(Kg),M,U,"김해시-719, 미용되어 있음",(사)동물보호관리협회,051-971-6208,부산광역시 강서구 가락대로1283번길 25-2 (봉림동) ,경상남도 김해시,348535202400001,20260902,20260914,2026-09-02 09:27:24.0,http://openapi.animal.go.kr/openapi/service/rest/fileDownloadSrvc/files/shelter/2026/08/202609020909178.png|http://openapi.animal.go.kr/openapi/service/rest/fileDownloadSrvc/files/shelter/2026/08/202609020909798.png,images/448535202601107_0.png|images/448535202601107_1.png
447523202600396,경북-예천-2026-00136,보호중,20260901,풍양면 풍신리,개,믹스견,[개] 믹스견,갈색&검정,2026(60일미만)(년생),10(Kg),F,N,내 동생은 내가 지킨다! 늠름한 언니 멍뭉이(왼쪽),예천군유기동물보호소,054-650-6578,"경상북도 예천군 예천읍 충효로 632-84 (예천읍, 유기동물보호소) ",경상북도 예천군,347523201200001,20260902,20260914,2026-09-02 15:39:07.0,http://openapi.animal.go.kr/openapi/service/rest/fileDownloadSrvc/files/shelter/2026/08/20260902150920.jpeg|http://openapi.animal.go.kr/openapi/service/rest/fileDownloadSrvc/files/shelter/2026/08/20260902150977.jpeg,images/447523202600396_0.jpeg|images/447523202600396_1.jpeg
447523202600395,경북-예천-2026-00135,보호중,20260901,풍양면 풍신리,개,믹스견,[개] 믹스견,흰색,2024(년생),10(Kg),F,N,언니 밑에 쏙! 부끄럼이 많은 여동생이에요~(오른쪽),예천군유기동물보호소,054-650-6578,"경상북도 예천군 예천읍 충효로 632-84 (예천읍, 유기동물보호소) ",경상북도 예천군,347523201200001,20260902,20260914,2026-09-02 15:39:01.0,http://openapi.animal.go.kr/openapi/service/rest/fileDownloadSrvc/files/shelter/2026/08/202609021509467.jpeg|http://openapi.animal.go.kr/openapi/service/rest/fileDownloadSrvc/files/shelter/2026/08/202609021509532.jpeg,images/447523202600395_0.jpeg|images/447523202600395_1.jpeg
445476202600278,전북-임실-2026-00123,보호중,20260901,임실군  운암면 강운로 1175-20,개,믹스견,[개] 믹스견,검정&흰색,2025(년생),6(Kg),M,N, 온순하면서 사람을 잘 따름,임실유기동물보호센터,063-642-5550,"전라북도 임실군 오수면 춘향로 1554-95  펫추모공원 입구, 유기동물보호센터",전북특별자치도 임실군,345476202100001,20260902,20260917,2026-09-02 14:17:43.0,http://openapi.animal.go.kr/openapi/service/rest/fileDownloadSrvc/files/shelter/2026/08/202609020809279.jpg|http://openapi.animal.go.kr/openapi/service/rest/fileDownloadSrvc/files/shelter/2026/08/202609020809375.jpg,images/445476202600278_0.jpg|images/445476202600278_1.jpg
445476202600277,전북-임실-2026-00122,보호중,20260901,임실읍 정월리 마을 앞,개,믹스견,[개] 믹스견,갈색&흰색,2026(년생),3(Kg),M,N,온순하나 사람을 경계함,임실유기동물보호센터,063-642-5550,"전라북도 임실군 오수면 춘향로 1554-95  펫추모공원 입구, 유기동물보호센터",전북특별자치도 임실군,345476202100001,20260902,20260917,2026-09-02 14:17:43.0,http://openapi.animal.go.kr/openapi/service/rest/fileDownloadSrvc/files/shelter/2026/08/202609011109632.jpg|http://openapi.animal.go.kr/openapi/service/rest/fileDownloadSrvc/files/shelter/2026/08/202609011109471.jpg,images/445476202600277_0.jpg|images/445476202600277_1.jpg
445476202600276,전북-임실-2026-00121,보호중,20260901,임실읍 정월리 마을 앞,개,믹스견,[개] 믹스견,검정 황갈색&흰색,2026(년생),3(Kg),F,N,온순하나 사람을 경계함,임실유기동물보호센터,063-642-5550,"전라북도 임실군 오수면 춘향로 1554-95  펫추모공원 입구, 유기동물보호센터",전북특별자치도 임실군,345476202100001,20260902,20260917,2026-09-02 14:17:43.0,http://openapi.animal.go.kr/openapi/service/rest/fileDownloadSrvc/files/shelter/2026/08/202609011109231.jpg|http://openapi.animal.go.kr/openapi/service/rest/fileDownloadSrvc/files/shelter/2026/08/202609011109294.jpg,images/445476202600276_0.jpg|images/445476202600276_1.jpg
445476202600275,전북-임실-2026-00120,보호중,20260901,임실읍 정월리 마을 앞,개,믹스견,[개] 믹스견,검정색,2026(년생),3(Kg),F,N,온순하나 사람을 경계함,임실유기동물보호센터,063-642-5550,"전라북도 임실군 오수면 춘향로 1554-95  펫추모공원 입구, 유기동물보호센터",전북특별자치도 임실군,345476202100001,20260902,20260917,2026-09-02 14:17:43.0,http://openapi.animal.go.kr/openapi/service/rest/fileDownloadSrvc/files/shelter/2026/08/202609011109398[1].jpg|http://openapi.animal.go.kr/openapi/service/rest/fileDownloadSrvc/files/shelter/2026/08/202609011109453.jpg,images/445476202600275_0.jpg|images/445476202600275_1.jpg
445476202600274,전북-임실-2026-00119,보호중,20260901,임실읍 정월리 마을 앞,개,믹스견,[개] 믹스견,검정&흰색,2026(년생),3(Kg),M,N,온순하나 사람을 경계함,임실유기동물보호센터,063-642-5550,"전라북도 임실군 오수면 춘향로 1554-95  펫추모공원 입구, 유기동물보호센터",전북특별자치도 임실군,345476202100001,20260902,20260917,2026-09-02 14:17:42.0,http://openapi.animal.go.kr/openapi/service/rest/fileDownloadSrvc/files/shelter/2026/08/202609011109775.jpg|http://openapi.animal.go.kr/openapi/service/rest/fileDownloadSrvc/files/shelter/2026/08/202609011109834.jpg,images/445476202600274_0.jpg|images/445476202600274_1.jpg
445468202602257,전북-익산-2026-01112,보호중,20260901,익산시 왕궁면 왕궁로 102-36,개,믹스견,[개] 믹스견,갈색&흰색,2022(년생),14(Kg),F,N,사람경계심이 있고 임신한상태임,익산유기동물보호소,063-855-1214,전북특별자치도 익산시 삼기면 황금로 342-17  ,전북특별자치도 익산시,345468201200001,20260902,20260914,2026-09-02 16:54:38.0,http://openapi.animal.go.kr/openapi/service/rest/fileDownloadSrvc/files/shelter/2026/08/202609011609786.jpg|http://openapi.animal.go.kr/openapi/service/rest/fileDownloadSrvc/files/shelter/2026/08/202609011609818[1].jpg,images/445468202602257_0.jpg|images/445468202602257_1.jpg
445468202602256,전북-익산-2026-01111,보호중,20260901,익산시 금마면 고도신촌길 10-5,개,빠삐용(콘티넨탈 토이 스파니엘),[개] 빠삐용(콘티넨탈 토이 스파니엘),검정&흰색,2017(년생),7(Kg),F,N,순하며 작고 이쁘게생김,익산유기동물보호소,063-855-1214,전북특별자치도 익산시 삼기면 황금로 342-17  ,전북특별자치도 익산시,345468201200001,20260902,20260914,2026-09-02 16:42:15.0,http://openapi.animal.go.kr/openapi/service/rest/fileDownloadSrvc/files/shelter/2026/08/202609011409347.jpg|http://openapi.animal.go.kr/openapi/service/rest/fileDownloadSrvc/files/shelter/2026/08/202609011409382.jpg,images/445468202602256_0.jpg|images/445468202602256_1.jpg
445468202602255,전북-익산-2026-01110,보호중,20260901,익산시 금마면 고도신촌길 10-5,개,믹스견,[개] 믹스견,은색&흰색,2013(년생),7(Kg),F,N,순하고 이쁘게생겼음 ,익산유기동물보호소,063-855-1214,전북특별자치도 익산시 삼기면 황금로 342-17  ,전북특별자치도 익산시,345468201200001,20260902,20260914,2026-09-02 16:54:29.0,http://openapi.animal.go.kr/openapi/service/rest/fileDownloadSrvc/files/shelter/2026/08/20260901130988.jpg|http://openapi.animal.go.kr/openapi/service/rest/fileDownloadSrvc/files/shelter/2026/08/202609011309120.jpg,images/445468202602255_0.jpg|images/445468202602255_1.jpg
445468202602254,전북-익산-2026-01109,보호중,20260901,익산시 금마면 고도신촌길 10-5,개,믹스견,[개] 믹스견,검정색,2024(년생),10(Kg),F,N,사납고 경계가심함,익산유기동물보호소,063-855-1214,전북특별자치도 익산시 삼기면 황금로 342-17  ,전북특별자치도 익산시,345468201200001,20260902,20260914,2026-09-02 16:54:20.0,http://openapi.animal.go.kr/openapi/service/rest/fileDownloadSrvc/files/shelter/2026/08/202609011309875.jpg|http://openapi.animal.go.kr/openapi/service/rest/fileDownloadSrvc/files/shelter/2026/08/202609011309904.jpg,images/445468202602254_0.jpg|images/445468202602254_1.jpg
445468202602253,전북-익산-2026-01108,보호중,20260901,익산시 금마면 고도신촌길 10-5,개,믹스견,[개] 믹스견,흰색,2025(년생),6(Kg),F,N,스피츠믹스 개이며 작고 경계가심함 ,익산유기동물보호소,063-855-1214,전북특별자치도 익산시 삼기면 황금로 342-17  ,전북특별자치도 익산시,345468201200001,20260902,20260914,2026-09-02 16:53:26.0,http://openapi.animal.go.kr/openapi/service/rest/fileDownloadSrvc/files/shelter/2026/08/202609011309324[1].jpg|http://openapi.animal.go.kr/openapi/service/rest/fileDownloadSrvc/files/shelter/2026/08/202609011309354.jpg,images/445468202602253_0.jpg|images/445468202602253_1.jpg
445468202602252,전북-익산-2026-01107,보호중,20260901,익산시 금마면 고도신촌길 10-5,개,믹스견,[개] 믹스견,검정&흰색,2023(년생),11(Kg),M,N,사납고 경계가심함 ,익산유기동물보호소,063-855-1214,전북특별자치도 익산시 삼기면 황금로 342-17  ,전북특별자치도 익산시,345468201200001,20260902,20260914,2026-09-02 16:53:19.0,http://openapi.animal.go.kr/openapi/service/rest/fileDownloadSrvc/files/shelter/2026/08/202609011309767.jpg|http://openapi.animal.go.kr/openapi/service/rest/fileDownloadSrvc/files/shelter/2026/08/202609011309806.jpg,images/445468202602252_0.jpg|images/445468202602252_1.jpg
445468202602251,전북-익산-2026-01106,보호중,20260901,익산시 금마면 고도신촌길 10-5,개,믹스견,[개] 믹스견,갈색&흰색,2025(년생),6(Kg),F,N,발발이믹스 개이며 경계가심함,익산유기동물보호소,063-855-1214,전북특별자치도 익산시 삼기면 황금로 342-17  ,전북특별자치도 익산시,345468201200001,20260902,20260914,2026-09-02 16:53:10.0,http://openapi.animal.go.kr/openapi/service/rest/fileDownloadSrvc/files/shelter/2026/08/202609011309602.jpg|http://openapi.animal.go.kr/openapi/service/rest/fileDownloadSrvc/files/shelter/2026/08/202609011309637[1].jpg,images/445468202602251_0.jpg|images/445468202602251_1.jpg
445468202602250,전북-익산-2026-01105,보호중,20260901,익산시 금마면 고도신촌길 10-5,개,믹스견,[개] 믹스견,크림색,2026(년생),4(Kg),M,N,생후 5개월정도 되었으며 작고 삽살이 믹스처럼보이며 순함,익산유기동물보호소,063-855-1214,전북특별자치도 익산시 삼기면 황금로 342-17  ,전북특별자치도 익산시,345468201200001,20260902,20260914,2026-09-02 16:53:01.0,http://openapi.animal.go.kr/openapi/service/rest/fileDownloadSrvc/files/shelter/2026/08/202609011309196.jpg|http://openapi.animal.go.kr/openapi/service/rest/fileDownloadSrvc/files/shelter/2026/08/202609011309231.jpg,images/445468202602250_0.jpg|images/445468202602250_1.jpg
445468202602249,전북-익산-2026-01104,보호중,20260901,익산시 금마면 고도신촌길 10-5,개,믹스견,[개] 믹스견,검정색,2024(년생),12(Kg),M,N,사납고 공격적임,익산유기동물보호소,063-855-1214,전북특별자치도 익산시 삼기면 황금로 342-17  ,전북특별자치도 익산시,345468201200001,20260902,20260914,2026-09-02 16:52:49.0,http://openapi.animal.go.kr/openapi/service/rest/fileDownloadSrvc/files/shelter/2026/08/202609011309335.jpg|http://openapi.animal.go.kr/openapi/service/rest/fileDownloadSrvc/files/shelter/2026/08/202609011309367.jpg,images/445468202602249_0.jpg|images/445468202602249_1.jpg
444455202600421,충남-금산-2026-00147,보호중,20260901,제원면 낙안길53,개,믹스견,[개] 믹스견,검정&흰색,2026(60일미만)(년생),5(Kg),F,N,가슴부위에 흰털이 있음,제일동물병원,041-751-3739,충청남도 금산군 금산읍 비단로 59  ,충청남도 금산군,344455202300001,20260902,20260914,2026-09-02 10:16:48.0,http://openapi.animal.go.kr/openapi/service/rest/fileDownloadSrvc/files/shelter/2026/08/202609011409294[1].png|http://openapi.animal.go.kr/openapi/service/rest/fileDownloadSrvc/files/shelter/2026/08/202609011409317.png,images/444455202600421_0.png|images/444455202600421_1.png
444455202600420,충남-금산-2026-00146,보호중,20260901,제원면 낙안길53,개,믹스견,[개] 믹스견,검정색,2026(60일미만)(년생),5(Kg),F,N,네발은 갈색털임,제일동물병원,041-751-3739,충청남도 금산군 금산읍 비단로 59  ,충청남도 금산군,344455202300001,20260902,20260914,2026-09-02 10:16:48.0,http://openapi.animal.go.kr/openapi/service/rest/fileDownloadSrvc/files/shelter/2026/08/202609011409225.png|http://openapi.animal.go.kr/openapi/service/rest/fileDownloadSrvc/files/shelter/2026/08/202609011409261.png,images/444455202600420_0.png|images/444455202600420_1.png
444455202600419,충남-금산-2026-00145,보호중,20260901,제원면 낙안길53,개,믹스견,[개] 믹스견,검정색,2026(60일미만)(년생),5(Kg),M,N,발끝은 갈색털이고 턱밑과 가슴부위에 흰털이 조금 있음,제일동물병원,041-751-3739,충청남도 금산군 금산읍 비단로 59  ,충청남도 금산군,344455202300001,20260902,20260914,2026-09-02 10:16:47.0,http://openapi.animal.go.kr/openapi/service/rest/fileDownloadSrvc/files/shelter/2026/08/202609011409294.png|http://openapi.animal.go.kr/openapi/service/rest/fileDownloadSrvc/files/shelter/2026/08/202609011409352.png,images/444455202600419_0.png|images/444455202600419_1.png
444454202601029,충남-논산-2026-00587,보호중,20260901,채운면,개,믹스견,[개] 믹스견,갈색&검정&흰색,2021(년생),2.9(Kg),M,N,"5마리구조,모질상태불량,심장사상충양성",논산시 동물보호센터,041-746-8470,충청남도 논산시 계백로665번길 100 (등화동) 논산시 동물보호센터,충청남도 논산시,344454202000006,20260902,20260914,2026-09-02 17:34:12.0,http://openapi.animal.go.kr/openapi/service/rest/fileDownloadSrvc/files/shelter/2026/08/202609021709819.png|http://openapi.animal.go.kr/openapi/service/rest/fileDownloadSrvc/files/shelter/2026/08/202609021709868.jpg,images/444454202601029_0.png|images/444454202601029_1.jpg
444454202601028,충남-논산-2026-00586,보호중,20260901,채운면,개,믹스견,[개] 믹스견,검정&흰색,2020(년생),4.2(Kg),F,U,"5마리구조,모질상태불량",논산시 동물보호센터,041-746-8470,충청남도 논산시 계백로665번길 100 (등화동) 논산시 동물보호센터,충청남도 논산시,344454202000006,20260902,20260914,2026-09-02 17:33:59.0,http://openapi.animal.go.kr/openapi/service/rest/fileDownloadSrvc/files/shelter/2026/08/202609021709111.png|http://openapi.animal.go.kr/openapi/service/rest/fileDownloadSrvc/files/shelter/2026/08/202609021709166.jpg,images/444454202601028_0.png|images/444454202601028_1.jpg
444454202601027,충남-논산-2026-00585,보호중,20260901,채운면,개,믹스견,[개] 믹스견,갈색&검정&흰색,2023(년생),2.1(Kg),M,N,"5마리구조,모질상태불량,심장사상충양성",논산시 동물보호센터,041-746-8470,충청남도 논산시 계백로665번길 100 (등화동) 논산시 동물보호센터,충청남도 논산시,344454202000006,20260902,20260914,2026-09-07 10:35:14.0,http://openapi.animal.go.kr/openapi/service/rest/fileDownloadSrvc/files/shelter/2026/08/202609021709697.png|http://openapi.animal.go.kr/openapi/service/rest/fileDownloadSrvc/files/shelter/2026/08/202609021709754.jpg,images/444454202601027_0.png|images/444454202601027_1.jpg
444454202601026,충남-논산-2026-00584,보호중,20260901,채운면,개,믹스견,[개] 믹스견,갈색&검정&흰색,2025(년생),3(Kg),F,U,"5마리구조,모질상태불량",논산시 동물보호센터,041-746-8470,충청남도 논산시 계백로665번길 100 (등화동) 논산시 동물보호센터,충청남도 논산시,344454202000006,20260902,20260914,2026-09-02 17:32:51.0,http://openapi.animal.go.kr/openapi/service/rest/fileDownloadSrvc/files/shelter/2026/08/20260902170924.png|http://openapi.animal.go.kr/openapi/service/rest/fileDownloadSrvc/files/shelter/2026/08/20260902170995.jpg,images/444454202601026_0.png|images/444454202601026_1.jpg
444454202601025,충남-논산-2026-00583,보호중,20260901,채운면,개,믹스견,[개] 믹스견,흰색,2023(년생),4(Kg),M,N,"5마리구조,모질상태불량,심장사상충양성",논산시 동물보호센터,041-746-8470,충청남도 논산시 계백로665번길 100 (등화동) 논산시 동물보호센터,충청남도 논산시,344454202000006,20260902,20260914,2026-09-02 17:32:31.0,http://openapi.animal.go.kr/openapi/service/rest/fileDownloadSrvc/files/shelter/2026/08/202609021709800.png|http://openapi.animal.go.kr/openapi/service/rest/fileDownloadSrvc/files/shelter/2026/08/202609021709855.jpg,images/444454202601025_0.png|images/444454202601025_1.jpg
444454202601022,충남-논산-2026-00580,보호중,20260901,채운면,개,믹스견,[개] 믹스견,갈색&흰색,2026(년생),4(Kg),M,N,경계심,논산시 동물보호센터,041-746-8470,충청남도 논산시 계백로665번길 100 (등화동) 논산시 동물보호센터,충청남도 논산시,344454202000006,20260902,20260914,2026-09-02 17:31:40.0,http://openapi.animal.go.kr/openapi/service/rest/fileDownloadSrvc/files/shelter/2026/08/202609021709512.png|http://openapi.animal.go.kr/openapi/service/rest/fileDownloadSrvc/files/shelter/2026/08/202609021709573.jpg,images/444454202601022_0.png|images/444454202601022_1.jpg
443445202600607,충북-진천-2026-00279,보호중,20260901,문백면 봉죽2길 20-42,개,믹스견,[개] 믹스견,흰색,2026(년생),3.5(Kg),F,U,피모상태양호/마이크로칩없음/전반적인건강은양호함,증평 가정견 훈련소,010-3169-1151,충청북도 증평군 도안면 입장길 239  ,충청북도 진천군,343445202200001,20260902,20260914,2026-09-02 10:37:55.0,http://openapi.animal.go.kr/openapi/service/rest/fileDownloadSrvc/files/shelter/2026/08/202609020909885.jpg|http://openapi.animal.go.kr/openapi/service/rest/fileDownloadSrvc/files/shelter/2026/08/202609020909832.jpg,images/443445202600607_0.jpg|images/443445202600607_1.jpg
442430202600142,강원-철원-2026-00142,보호중,20260901,서면 금강로,개,믹스견,[개] 믹스견,흰색&황갈색,2017(년생),5(Kg),M,U,사람을 좋아하며 순함,철원군,033-450-5394,강원도 철원군 동송읍 장흥로 311  ,강원특별자치도 철원군,342430201900001,20260902,20260914,2026-09-02 09:39:14.0,http://openapi.animal.go.kr/openapi/service/rest/fileDownloadSrvc/files/shelter/2026/08/202609020909854.jpg|http://openapi.animal.go.kr/openapi/service/rest/fileDownloadSrvc/files/shelter/2026/08/202609020909172.jpg,images/442430202600142_0.jpg|images/442430202600142_1.jpg
442430202600140,강원-철원-2026-00140,보호중,20260901,동송읍 오지리,개,믹스견,[개] 믹스견,갈색&검정&흰색,2023(년생),5(Kg),Q,U,사람을 경계하며 입질심함,철원군,033-450-5394,강원도 철원군 동송읍 장흥로 311  ,강원특별자치도 철원군,342430201900001,20260902,20260914,2026-09-02 09:39:01.0,http://openapi.animal.go.kr/openapi/service/rest/fileDownloadSrvc/files/shelter/2026/08/202609020909236.jpg|http://openapi.animal.go.kr/openapi/service/rest/fileDownloadSrvc/files/shelter/2026/08/202609020909883.jpg,images/442430202600140_0.jpg|images/442430202600140_1.jpg
442420202600466,강원-강릉-2026-00266,보호중,20260901,아산병원 중앙약국 부근,개,믹스견,[개] 믹스견,검정&흰색,2024(년생),6(Kg),M,N,"2마리 함께 발견, 한쪽눈 체리아이, 온순함, 심장사상충 감염",강릉시 동물사랑센터,033-641-7515,강원도 강릉시 성산면 내맬길 172  ,강원특별자치도 강릉시,342420201500001,20260902,20260914,2026-09-09 14:45:29.0,http://openapi.animal.go.kr/openapi/service/rest/fileDownloadSrvc/files/shelter/2026/08/20260902160989.jpg|http://openapi.animal.go.kr/openapi/service/rest/fileDownloadSrvc/files/shelter/2026/08/202609021609229.jpg,images/442420202600466_0.jpg|images/442420202600466_1.jpg
442420202600465,강원-강릉-2026-00265,보호중,20260901,아산병원 중앙약국 부근,개,믹스견,[개] 믹스견,검정&흰색,2024(년생),9.0(Kg),F,U,"2마리 함께 발견, 온순함, 심장사상충 감염",강릉시 동물사랑센터,033-641-7515,강원도 강릉시 성산면 내맬길 172  ,강원특별자치도 강릉시,342420201500001,20260902,20260914,2026-09-09 14:44:50.0,http://openapi.animal.go.kr/openapi/service/rest/fileDownloadSrvc/files/shelter/2026/08/20260902160922.jpg|http://openapi.animal.go.kr/openapi/service/rest/fileDownloadSrvc/files/shelter/2026/08/202609021609270.jpg,images/442420202600465_0.jpg|images/442420202600465_1.jpg
442418202600779,강원-춘천-2026-00246,보호중,20260901,율문아파트,개,포메라니안,[개] 포메라니안,붉고 엷은 황갈색,2024(년생),2(Kg),F,U,온순,춘천시 동물보호센터,033-245-5351,강원도 춘천시 신북읍 영서로 3282 (신북읍) (전)102보충대 주차장,강원특별자치도 춘천시,342418201300001,20260902,20260914,2026-09-02 14:01:31.0,http://openapi.animal.go.kr/openapi/service/rest/fileDownloadSrvc/files/shelter/2026/08/202609021309989.jpg|http://openapi.animal.go.kr/openapi/service/rest/fileDownloadSrvc/files/shelter/2026/08/20260902130915.jpg,images/442418202600779_0.jpg|images/442418202600779_1.jpg
441560202600955,경기-포천-2026-00647,보호중,20260901,경기 포천시 군내면 반월산성로317번길 36,개,믹스견,[개] 믹스견,갈색&검정,2024(년생),5.7(Kg),M,N,온순. 활발. 사람 좋아함. 양 눈 초록 눈곱. 초록색 목줄. 꼬리 단미 안됨. 털 상태 양호. ,한국동물구조관리협회,031-867-9119,경기도 양주시 남면 감악산로 63-37  ,경기도 포천시,341560201000002,20260902,20260914,2026-09-02 15:35:30.0,http://openapi.animal.go.kr/openapi/service/rest/fileDownloadSrvc/files/shelter/2026/08/202609021509646.jpg|http://openapi.animal.go.kr/openapi/service/rest/fileDownloadSrvc/files/shelter/2026/08/202609021509659.jpg,images/441560202600955_0.jpg|images/441560202600955_1.jpg
441409202600967,경기-김포-2026-00384,보호중,20260901,경기 김포시 월곶면 고양로152번길 21 인근,개,믹스견,[개] 믹스견,갈색&흰색,2026(년생),3.2(Kg),M,N,얌전. 겁 있음. 피부 질환. 진드기 오염. 꼬리 단미 안됨. 털 상태 양호. ,한국동물구조관리협회,031-867-9119,경기도 양주시 남면 감악산로 63-37 (남면) ,경기도 김포시,341409201400001,20260902,20260914,2026-09-02 15:15:24.0,http://openapi.animal.go.kr/openapi/service/rest/fileDownloadSrvc/files/shelter/2026/08/202609021509419[1].jpg|http://openapi.animal.go.kr/openapi/service/rest/fileDownloadSrvc/files/shelter/2026/08/202609021509438.jpg,images/441409202600967_0.jpg|images/441409202600967_1.jpg
441408202601682,경기-안성-2026-00454,보호중,20260901,도구머리 4길 5,개,믹스견,[개] 믹스견,황갈색,2023(년생),4.79(Kg),F,U,"2마리 같이 들어옴, 조금 소심함",안성시동물보호센터,031-673-5493,경기도 안성시 보개원삼로 157 (가사동) 미래동물병원,경기도 안성시,341408200900001,20260902,20260914,2026-09-02 10:07:36.0,http://openapi.animal.go.kr/openapi/service/rest/fileDownloadSrvc/files/shelter/2026/08/20260901170951[1].jpg|http://openapi.animal.go.kr/openapi/service/rest/fileDownloadSrvc/files/shelter/2026/08/20260901170999[1].jpg,images/441408202601682_0.jpg|images/441408202601682_1.jpg
441408202601681,경기-안성-2026-00453,보호중,20260901,도구머리 4길 5,개,믹스견,[개] 믹스견,흰색&황갈색,2021(년생),7.9(Kg),F,U,"2마리 같이 들어옴, 순함, 사진상 목줄",안성시동물보호센터,031-673-5493,경기도 안성시 보개원삼로 157 (가사동) 미래동물병원,경기도 안성시,341408200900001,20260902,20260914,2026-09-02 10:07:36.0,http://openapi.animal.go.kr/openapi/service/rest/fileDownloadSrvc/files/shelter/2026/08/20260901170978.jpg|http://openapi.animal.go.kr/openapi/service/rest/fileDownloadSrvc/files/shelter/2026/08/202609011709123.jpg,images/441408202601681_0.jpg|images/441408202601681_1.jpg
431372202600712,울산-북구-2026-00355,보호중,20260901,시례동240,개,믹스견,[개] 믹스견,갈색,2025(년생),6(Kg),F,N,이빨 너무 하얗고 깨끗하며 애교덩어리.,울산유기동물보호센터,052-238-6113,울산광역시 울주군 온양읍 화산발리로 543  ,울산광역시 북구,331372201200001,20260902,20260914,2026-09-02 13:44:00.0,http://openapi.animal.go.kr/openapi/service/rest/fileDownloadSrvc/files/shelter/2026/08/202609021309777.jpg|http://openapi.animal.go.kr/openapi/service/rest/fileDownloadSrvc/files/shelter/2026/08/202609021309449.jpg,images/431372202600712_0.jpg|images/431372202600712_1.jpg
428355202600477,인천-계양-2026-00266,보호중,20260901,계산동 서송병원앞,개,푸들,[개] 푸들,갈색,2019(년생),6.0(Kg),M,N,털짧게  미용되어있슴,신영재동물병원,032-552-0075,인천광역시 계양구 장제로 923 (병방동) ,인천광역시 계양구,328355200900001,20260902,20260914,2026-09-02 14:58:43.0,http://openapi.animal.go.kr/openapi/service/rest/fileDownloadSrvc/files/shelter/2026/08/202609020009411.jpg|http://openapi.animal.go.kr/openapi/service/rest/fileDownloadSrvc/files/shelter/2026/08/202609020009429.jpg,images/428355202600477_0.jpg|images/428355202600477_1.jpg
426333202600910,부산-해운대-2026-00374,보호중,20260901,아랫반송로59번길 38-5,개,믹스견,[개] 믹스견,갈색&흰색,2019(년생),23(Kg),F,U,"동물등록 칩-(410.097.800.166.738) , 소유자 소유권 포기, 순함, 갈+흰",동부유기동물보호협회,051-701-7599,부산광역시 해운대구 송정2로13번길 46 (송정동) ,부산광역시 해운대구,326333201100001,20260902,20260914,2026-09-02 13:09:40.0,http://openapi.animal.go.kr/openapi/service/rest/fileDownloadSrvc/files/shelter/2026/08/202609021309674.jpg|http://openapi.animal.go.kr/openapi/service/rest/fileDownloadSrvc/files/shelter/2026/08/202609021309684.jpg,images/426333202600910_0.jpg|images/426333202600910_1.jpg
413591202600201,광주-신안-2026-00035,보호중,20260901,자은면,개,믹스견,[개] 믹스견,갈색,2026(년생),4.2(Kg),F,N,"넓고 누운 귀, 목줄 없이 도로를 배회하는 유기견",신안군유기동물보호소,010-9678-9966,전라남도 무안군 삼향읍 석매길 36  ,전남광주통합특별시 신안군,346501201700001,20260902,20260914,2026-09-02 20:02:53.0,http://openapi.animal.go.kr/openapi/service/rest/fileDownloadSrvc/files/shelter/2026/08/202609022009962.jpg|http://openapi.animal.go.kr/openapi/service/rest/fileDownloadSrvc/files/shelter/2026/08/20260902200904.jpg,images/413591202600201_0.jpg|images/413591202600201_1.jpg
413587202600368,광주-영암-2026-00077,보호중,20260901,학산면 독천로 170-1,개,믹스견,[개] 믹스견,크림색,2020(년생),12(Kg),F,N,건강하게 보임,유기동물 삼호 보호소,010-9599-5400,전라남도 영암군 삼호읍 녹색로 1117-49 (삼호읍) 영암유기동물 삼호보호소,전남광주통합특별시 영암군,346494201700001,20260902,20260914,2026-09-02 13:15:57.0,http://openapi.animal.go.kr/openapi/service/rest/fileDownloadSrvc/files/shelter/2026/08/202609021309597.png|http://openapi.animal.go.kr/openapi/service/rest/fileDownloadSrvc/files/shelter/2026/08/202609021309608.png,images/413587202600368_0.png|images/413587202600368_1.png
413578202601663,광주-목포-2026-00096,보호중,20260901,북항로컬푸드(07:50),개,믹스견,[개] 믹스견,흰색&황갈색,2022(년생),6.5(Kg),F,N,"우측눈 체리아이, 잘따르고 애교많음",목포시유기동물보호소,010-9678-9966,전라남도 무안군 삼향읍 석매길 36  ,전남광주통합특별시 목포시,346480201000001,20260902,20260914,2026-09-02 19:57:16.0,http://openapi.animal.go.kr/openapi/service/rest/fileDownloadSrvc/files/shelter/2026/08/202609011209353.jpg|http://openapi.animal.go.kr/openapi/service/rest/fileDownloadSrvc/files/shelter/2026/08/202609011209504.jpg,images/413578202601663_0.jpg|images/413578202601663_1.jpg
411305202600410,서울-동대문-2026-00162,보호중,20260901,"서울 동대문구 사가정로 65 (전농동, 래미안 크레시티)",개,치와와,[개] 치와와,기타(검/갈),2020(년생),5.1(Kg),F,U,온순. 얌전. 양 눈 혼탁. 양 후지 무릎 이상. 파행. 배꼽 탈장. 꼬리 단미 안됨. 털 상태 양호. 칩 있음.,한국동물구조관리협회,031-867-9119,경기도 양주시 남면 감악산로 63-37 ,서울특별시 동대문구,311305201300001,20260902,20260914,2026-09-02 15:11:19.0,http://openapi.animal.go.kr/openapi/service/rest/fileDownloadSrvc/files/shelter/2026/08/20260902150901.jpg|http://openapi.animal.go.kr/openapi/service/rest/fileDownloadSrvc/files/shelter/2026/08/20260902150926.jpg,images/411305202600410_0.jpg|images/411305202600410_1.jpg
445471202600326,전북-김제-2026-00266,보호중,20260901,백산면 반월리,개,믹스견,[개] 믹스견,갈색&흰색,2024(년생),7(Kg),F,N,블랙탄,전북말산업복합센터,063-547-3549,전라북도 김제시 용지면 금백로 571-39 (용지면) 전북말산업복합센터,전북특별자치도 김제시,345471201800002,20260901,20260916,2026-09-01 15:27:03.0,http://openapi.animal.go.kr/openapi/service/rest/fileDownloadSrvc/files/shelter/2026/08/20260901150973.jpg|http://openapi.animal.go.kr/openapi/service/rest/fileDownloadSrvc/files/shelter/2026/08/20260901150945.jpg,images/445471202600326_0.jpg|images/445471202600326_1.jpg
445471202600323,전북-김제-2026-00265,보호중,20260901,공덕면 송지동1길 75,개,차우차우,[개] 차우차우,갈색,2022(년생),20(Kg),M,N,눈물자국이 있음,전북말산업복합센터,063-547-3549,전라북도 김제시 용지면 금백로 571-39 (용지면) 전북말산업복합센터,전북특별자치도 김제시,345471201800002,20260901,20260916,2026-09-01 09:09:29.0,http://openapi.animal.go.kr/openapi/service/rest/fileDownloadSrvc/files/shelter/2026/08/202609010909358.jpg|http://openapi.animal.go.kr/openapi/service/rest/fileDownloadSrvc/files/shelter/2026/08/202609010909522.jpg,images/445471202600323_0.jpg|images/445471202600323_1.jpg
445471202600322,전북-김제-2026-00264,보호중,20260901,공덕면 송지동1길 75,개,푸들,[개] 푸들,검정색,2024(년생),2(Kg),F,N,겁이 많음,전북말산업복합센터,063-547-3549,전라북도 김제시 용지면 금백로 571-39 (용지면) 전북말산업복합센터,전북특별자치도 김제시,345471201800002,20260901,20260916,2026-09-01 09:09:29.0,http://openapi.animal.go.kr/openapi/service/rest/fileDownloadSrvc/files/shelter/2026/08/202609010909856.jpg|http://openapi.animal.go.kr/openapi/service/rest/fileDownloadSrvc/files/shelter/2026/08/202609010909985.jpg,images/445471202600322_0.jpg|images/445471202600322_1.jpg
445467202601613,전북-군산-2026-00748,보호중,20260901,지곡 119,개,믹스견,[개] 믹스견,갈색,2023(년생),20(Kg),F,N,3살추정 순함,군산유기동물보호센터,063-451-2975,전북특별자치도 군산시 대야면 보덕안정길 124  ,전북특별자치도 군산시,345467201000001,20260901,20260916,2026-09-01 11:20:08.0,http://openapi.animal.go.kr/openapi/service/rest/fileDownloadSrvc/files/shelter/2026/08/202609011109854.jpg|http://openapi.animal.go.kr/openapi/service/rest/fileDownloadSrvc/files/shelter/2026/08/202609011109903.jpg,images/445467202601613_0.jpg|images/445467202601613_1.jpg
448536202600822,경남-밀양-2026-00473,보호중,20260831,하남읍,개,믹스견,[개] 믹스견,갈색&검정,2023(년생),6(Kg),F,N,"중독으로 인해 치료 후 입소, 젖이 불러있음",밀양시 동물보호센터,070-4113-7288,경상남도 밀양시 삼랑진읍 천태로 472 (삼랑진읍) ,경상남도 밀양시,348536201800001,20260905,20260914,2026-09-05 15:21:13.0,http://openapi.animal.go.kr/openapi/service/rest/fileDownloadSrvc/files/shelter/2026/09/202609051509797.jpg|http://openapi.animal.go.kr/openapi/service/rest/fileDownloadSrvc/files/shelter/2026/09/202609051509841.jpg,images/448536202600822_0.jpg|images/448536202600822_1.jpg
428354202600674,인천-부평-2026-00383,보호중,20260831,"마분로39, 광일아파트",개,말티즈,[개] 말티즈,흰색,2016(년생),2(Kg),F,U,사육포기로 구청에서 입소결정,삼산종합동물병원,032-330-0075,인천광역시 부평구 체육관로 40 (삼산동) ,인천광역시 부평구,328354201700003,20260903,20260914,2026-09-03 09:15:17.0,http://openapi.animal.go.kr/openapi/service/rest/fileDownloadSrvc/files/shelter/2026/08/202609021309313.png|http://openapi.animal.go.kr/openapi/service/rest/fileDownloadSrvc/files/shelter/2026/08/202609021309337.png,images/428354202600674_0.png|images/428354202600674_1.png
448531202601288,경남-진주-2026-00303,보호중,20260831,진주시 진성면 가진리 1130,개,믹스견,[개] 믹스견,갈색&흰색,2026(60일미만)(년생),2.7(Kg),M,N,겁많고 방어적 (엄살끼 있음),진주시동물보호센터,055-749-6134,"경상남도 진주시 집현면 신당길207번길 22 (집현면, 지역농업개발시설) ",경상남도 진주시,348531201000001,20260902,20260914,2026-09-02 14:32:18.0,http://openapi.animal.go.kr/openapi/service/rest/fileDownloadSrvc/files/shelter/2026/08/202609021009418[1].jpg|http://openapi.animal.go.kr/openapi/service/rest/fileDownloadSrvc/files/shelter/2026/08/202609021009447.jpg,images/448531202601288_0.jpg|images/448531202601288_1.jpg
445476202600273,전북-임실-2026-00118,보호중,20260831,임실군 삼계면 산수리 294,개,믹스견,[개] 믹스견,크림색,2026(년생),1(Kg),M,N,온순한편이며 사람을 따르는 편임,임실유기동물보호센터,063-642-5550,"전라북도 임실군 오수면 춘향로 1554-95  펫추모공원 입구, 유기동물보호센터",전북특별자치도 임실군,345476202100001,20260902,20260917,2026-09-02 14:17:42.0,http://openapi.animal.go.kr/openapi/service/rest/fileDownloadSrvc/files/shelter/2026/08/202609011109818.jpg|http://openapi.animal.go.kr/openapi/service/rest/fileDownloadSrvc/files/shelter/2026/08/202609011109950.jpg,images/445476202600273_0.jpg|images/445476202600273_1.jpg
445476202600272,전북-임실-2026-00117,보호중,20260831,임실군 삼계면 산수리 294,개,믹스견,[개] 믹스견,크림색,2026(년생),3(Kg),M,N,온순한편이며 사람을 따르는 편임.노란목줄 착용,임실유기동물보호센터,063-642-5550,"전라북도 임실군 오수면 춘향로 1554-95  펫추모공원 입구, 유기동물보호센터",전북특별자치도 임실군,345476202100001,20260902,20260917,2026-09-02 14:17:42.0,http://openapi.animal.go.kr/openapi/service/rest/fileDownloadSrvc/files/shelter/2026/08/202609011109961.jpg|http://openapi.animal.go.kr/openapi/service/rest/fileDownloadSrvc/files/shelter/2026/08/202609011109130.jpg,images/445476202600272_0.jpg|images/445476202600272_1.jpg
445476202600271,전북-임실-2026-00116,보호중,20260831,임실군 삼계면 산수리 294,개,믹스견,[개] 믹스견,크림색,2026(년생),3(Kg),M,N,온순한편이며 사람을 따르는 편임.노란목줄 착용,임실유기동물보호센터,063-642-5550,"전라북도 임실군 오수면 춘향로 1554-95  펫추모공원 입구, 유기동물보호센터",전북특별자치도 임실군,345476202100001,20260902,20260917,2026-09-02 14:17:42.0,http://openapi.animal.go.kr/openapi/service/rest/fileDownloadSrvc/files/shelter/2026/08/202609011109351.jpg|http://openapi.animal.go.kr/openapi/service/rest/fileDownloadSrvc/files/shelter/2026/08/202609011109389.jpg,images/445476202600271_0.jpg|images/445476202600271_1.jpg
445476202600270,전북-임실-2026-00126,보호중,20260831,청웅면 구고리 706,개,믹스견,[개] 믹스견,흰색,2022(년생),15(Kg),M,N,겁이있으며 약간의 입질이 있음.녹색줄착용,임실유기동물보호센터,063-642-5550,"전라북도 임실군 오수면 춘향로 1554-95  펫추모공원 입구, 유기동물보호센터",전북특별자치도 임실군,345476202100001,20260902,20260917,2026-09-02 14:17:57.0,http://openapi.animal.go.kr/openapi/service/rest/fileDownloadSrvc/files/shelter/2026/08/202609011009182.jpg|http://openapi.animal.go.kr/openapi/service/rest/fileDownloadSrvc/files/shelter/2026/08/202609011009341.jpg,images/445476202600270_0.jpg|images/445476202600270_1.jpg
445468202602247,전북-익산-2026-01102,보호중,20260831,익산시 웅포면 고창리 358,개,진도견,[개] 진도견,기타(갈색),2026(년생),12(Kg),M,N,생후 6개월정도 되었으며 순하고 잘따름,익산유기동물보호소,063-855-1214,전북특별자치도 익산시 삼기면 황금로 342-17  ,전북특별자치도 익산시,345468201200001,20260902,20260914,2026-09-02 16:52:41.0,http://openapi.animal.go.kr/openapi/service/rest/fileDownloadSrvc/files/shelter/2026/07/202608311708955.jpg|http://openapi.animal.go.kr/openapi/service/rest/fileDownloadSrvc/files/shelter/2026/07/20260831170801.jpg,images/445468202602247_0.jpg|images/445468202602247_1.jpg
445468202602246,전북-익산-2026-01101,보호중,20260831,익산시 웅포면 고창리 358,개,진도견,[개] 진도견,기타(갈색),2023(년생),15(Kg),F,N,순하고 잘 생겼음,익산유기동물보호소,063-855-1214,전북특별자치도 익산시 삼기면 황금로 342-17  ,전북특별자치도 익산시,345468201200001,20260902,20260914,2026-09-02 16:52:34.0,http://openapi.animal.go.kr/openapi/service/rest/fileDownloadSrvc/files/shelter/2026/07/202608311708941[1].jpg|http://openapi.animal.go.kr/openapi/service/rest/fileDownloadSrvc/files/shelter/2026/07/202608311708978[1].jpg,images/445468202602246_0.jpg|images/445468202602246_1.jpg
430364202600515,대전-동구-2026-00146,보호중,20260831,동대전 초 인근,개,코카 스파니엘,[개] 코카 스파니엘,기타(크림색),2026(60일미만)(년생),6.5(Kg),M,U,"단미, 회색 목태, 미용",대전동물보호센터,042-270-7239,대전광역시 유성구 금남구즉로 1234 (금고동) 대전광역시 동물보호센터,대전광역시 동구,330364202000001,20260902,20260914,2026-09-02 13:17:13.0,http://openapi.animal.go.kr/openapi/service/rest/fileDownloadSrvc/files/shelter/2026/08/202609021309999.png|http://openapi.animal.go.kr/openapi/service/rest/fileDownloadSrvc/files/shelter/2026/08/20260902130934.png,images/430364202600515_0.png|images/430364202600515_1.png
445476202600269,전북-임실-2026-00115,보호중,20260831,전북특별자치도 임실군 덕치면 인덕로 1369,개,믹스견,[개] 믹스견,갈색&흰색,2026(년생),3(Kg),F,N,얌전하고 사람 잘따름,임실유기동물보호센터,063-642-5550,"전라북도 임실군 오수면 춘향로 1554-95  펫추모공원 입구, 유기동물보호센터",전북특별자치도 임실군,345476202100001,20260831,20260915,2026-08-31 16:35:13.0,http://openapi.animal.go.kr/openapi/service/rest/fileDownloadSrvc/files/shelter/2026/07/202608311608779.jpg|http://openapi.animal.go.kr/openapi/service/rest/fileDownloadSrvc/files/shelter/2026/07/202608311608226[1].jpg,images/445476202600269_0.jpg|images/445476202600269_1.jpg
445467202601611,전북-군산-2026-00746,보호중,20260831,대야초등학교,개,믹스견,[개] 믹스견,흰색,2023(년생),12(Kg),M,N,3살추정 사나움,군산유기동물보호센터,063-451-2975,전북특별자치도 군산시 대야면 보덕안정길 124  ,전북특별자치도 군산시,345467201000001,20260831,20260915,2026-08-31 11:43:43.0,http://openapi.animal.go.kr/openapi/service/rest/fileDownloadSrvc/files/shelter/2026/07/20260831110855[1].jpg|http://openapi.animal.go.kr/openapi/service/rest/fileDownloadSrvc/files/shelter/2026/07/20260831110876.jpg,images/445467202601611_0.jpg|images/445467202601611_1.jpg
444450202600582,충남-공주-2026-00214,보호중,20260831,우성면 평목리 68-8,개,믹스견,[개] 믹스견,기타(검/갈/백색),2025(년생),12(Kg),M,N,"심장사상충&파보 음성, 종합&광견병 백신, 심장사상충예방약",공주시 동물보호센터,041-840-3495,충청남도 공주시 우성면 내산목천길 52-15  ,충청남도 공주시,344450202200001,20260831,20260914,2026-08-31 17:16:17.0,http://openapi.animal.go.kr/openapi/service/rest/fileDownloadSrvc/files/shelter/2026/07/20260831170811.jpg|http://openapi.animal.go.kr/openapi/service/rest/fileDownloadSrvc/files/shelter/2026/07/20260831170829.jpg,images/444450202600582_0.jpg|images/444450202600582_1.jpg
441397202600202,경기-과천-2026-00044,보호중,20260831,과천시청에서 인수,개,말티즈,[개] 말티즈,흰색,2017(년생),3(Kg),M,Y,"눈꼽심함,치아상태안좋음,방울달린노란목줄착용",한국야생동물보호협회,031-296-0124,경기도 안산시 상록구 청곡길 50 (부곡동) (사)한국야생동물보호협회,경기도 과천시,341397202100001,20260831,20260914,2026-08-31 17:46:23.0,http://openapi.animal.go.kr/openapi/service/rest/fileDownloadSrvc/files/shelter/2026/07/202608311708355.jpg|http://openapi.animal.go.kr/openapi/service/rest/fileDownloadSrvc/files/shelter/2026/07/202608311708374.jpg,images/441397202600202_0.jpg|images/441397202600202_1.jpg
413588202600311,광주-함평-2026-00071,보호중,20260831,손불면 월천길 3,개,믹스견,[개] 믹스견,검정색,2025(년생),6.00(Kg),M,U,순함,학교임시동물보호센터,010-5649-3435,전라남도 함평군 학교면 송산길 84 (학교면) 월산리 806-1 ,전남광주통합특별시 함평군,346496201800001,20260831,20260914,2026-08-31 14:25:54.0,http://openapi.animal.go.kr/openapi/service/rest/fileDownloadSrvc/files/shelter/2026/07/202608311408944.jpeg|http://openapi.animal.go.kr/openapi/service/rest/fileDownloadSrvc/files/shelter/2026/07/202608311008382.jpg,images/413588202600311_0.jpeg|images/413588202600311_1.jpg
413588202600310,광주-함평-2026-00070,보호중,20260831,함평읍 라포엠아파트앞,개,믹스견,[개] 믹스견,청회색&흰색,2025(년생),5.00(Kg),F,U,순함,학교임시동물보호센터,010-5649-3435,전라남도 함평군 학교면 송산길 84 (학교면) 월산리 806-1 ,전남광주통합특별시 함평군,346496201800001,20260831,20260914,2026-08-31 07:20:51.0,http://openapi.animal.go.kr/openapi/service/rest/fileDownloadSrvc/files/shelter/2026/07/202608310708905.jpg|http://openapi.animal.go.kr/openapi/service/rest/fileDownloadSrvc/files/shelter/2026/07/202608310708307.jpg,images/413588202600310_0.jpg|images/413588202600310_1.jpg
413583202600536,광주-담양-2026-00044,보호중,20260831,대전면 행정길26-20,개,믹스견,[개] 믹스견,검정&흰색,2026(60일미만)(년생),1.5(Kg),M,U,"온순함,사람매우좋아함,장난치는거 좋아함,종합+코로난백신접종,심장사상충+진드기예방약복용",담양군 동물보호센터,061-380-2734,전라남도 담양군 무정면 무정로 756  동물보호센터,전남광주통합특별시 담양군,346485202600001,20260831,20260914,2026-08-31 16:08:42.0,http://openapi.animal.go.kr/openapi/service/rest/fileDownloadSrvc/files/shelter/2026/07/20260831160824.jpg|http://openapi.animal.go.kr/openapi/service/rest/fileDownloadSrvc/files/shelter/2026/07/20260831160845.jpg,images/413583202600536_0.jpg|images/413583202600536_1.jpg
413583202600535,광주-담양-2026-00043,보호중,20260831,고서면 동운리 1445,개,믹스견,[개] 믹스견,흰색,2026(60일미만)(년생),2(Kg),F,U,"갈색콧등,종합+코로나백신 접종,사상충예방약복용,진드기구제제",담양군 동물보호센터,061-380-2734,전라남도 담양군 무정면 무정로 756  동물보호센터,전남광주통합특별시 담양군,346485202600001,20260831,20260914,2026-08-31 16:08:41.0,http://openapi.animal.go.kr/openapi/service/rest/fileDownloadSrvc/files/shelter/2026/07/202608311608558.jpg|http://openapi.animal.go.kr/openapi/service/rest/fileDownloadSrvc/files/shelter/2026/07/202608311608576.jpg,images/413583202600535_0.jpg|images/413583202600535_1.jpg
445468202602248,전북-익산-2026-01103,보호중,20260830,익산시 인화동 장애인복지회관,개,푸들,[개] 푸들,크림색,2023(년생),4(Kg),M,N,순하고 이쁘게 생겼음 ,익산유기동물보호소,063-855-1214,전북특별자치도 익산시 삼기면 황금로 342-17  ,전북특별자치도 익산시,345468201200001,20260902,20260914,2026-09-02 16:43:03.0,http://openapi.animal.go.kr/openapi/service/rest/fileDownloadSrvc/files/shelter/2026/08/202609011009537.jpg|http://openapi.animal.go.kr/openapi/service/rest/fileDownloadSrvc/files/shelter/2026/08/202609011009590.jpg,images/445468202602248_0.jpg|images/445468202602248_1.jpg
428356202601111,인천-검단-2026-00087,보호중,20260830,인천광역시 검단구 서곶로 760 (백석동),개,믹스견,[개] 믹스견,검정&황갈색,2025(년생),15.00(Kg),F,N,교통사고로 좌안돌출로 긴급처치,한마음동물병원,010-5654-6929,경기도 김포시 통진읍 김포대로 2025  롯데캐슬프라자 C동 118,인천광역시 검단구,328356202600001,20260902,20260914,2026-09-02 15:13:22.0,http://openapi.animal.go.kr/openapi/service/rest/fileDownloadSrvc/files/shelter/2026/08/202609020709530.jpg|http://openapi.animal.go.kr/openapi/service/rest/fileDownloadSrvc/files/shelter/2026/08/202609020709541.jpg,images/428356202601111_0.jpg|images/428356202601111_1.jpg
426326202600361,부산-서구-2026-00201,보호중,20260830,보수대로280번길 33,개,믹스견,[개] 믹스견,갈색&흰색,2019(년생),5.5(Kg),F,N,"온순함,다리가짧음,애교가많음,서구1-49",부산동물보호센터,051-832-7119,부산광역시 강서구 맥도강변길 752-15 (대저2동) ,부산광역시 서구,326326201000001,20260902,20260914,2026-09-02 12:30:03.0,http://openapi.animal.go.kr/openapi/service/rest/fileDownloadSrvc/files/shelter/2026/08/202609021209995.jpg|http://openapi.animal.go.kr/openapi/service/rest/fileDownloadSrvc/files/shelter/2026/08/20260902120972.jpg,images/426326202600361_0.jpg|images/426326202600361_1.jpg
445479202600969,전북-부안-2026-00612,보호중,20260830, 진서면 청자로 168,개,믹스견,[개] 믹스견,갈색&흰색,2023(년생),8(Kg),M,N," 눈주위 부상심함, (연합동물병원 치료중)",부안군 동물보호센터,063-580-4445,전북특별자치도 부안군 주산면 주산로 369  부안군 동물보호센터,전북특별자치도 부안군,345479202100001,20260831,20260915,2026-08-31 09:53:55.0,http://openapi.animal.go.kr/openapi/service/rest/fileDownloadSrvc/files/shelter/2026/07/20260831090877.jpg|http://openapi.animal.go.kr/openapi/service/rest/fileDownloadSrvc/files/shelter/2026/07/202608310908125[1].jpg,images/445479202600969_0.jpg|images/445479202600969_1.jpg
445479202600968,전북-부안-2026-00608,보호중,20260830, 보안면 남포리 311-10,개,믹스견,[개] 믹스견,검정색,2026(년생),3(Kg),F,N, 경계심 있어보임,부안군 동물보호센터,063-580-4445,전북특별자치도 부안군 주산면 주산로 369  부안군 동물보호센터,전북특별자치도 부안군,345479202100001,20260831,20260915,2026-08-31 09:43:43.0,http://openapi.animal.go.kr/openapi/service/rest/fileDownloadSrvc/files/shelter/2026/07/20260831090890.jpg|http://openapi.animal.go.kr/openapi/service/rest/fileDownloadSrvc/files/shelter/2026/07/202608310908133.jpg,images/445479202600968_0.jpg|images/445479202600968_1.jpg
445479202600967,전북-부안-2026-00611,보호중,20260830, 보안면 남포리 311-10,개,믹스견,[개] 믹스견,크림색,2024(년생),5(Kg),F,N, 경계심 있어보임,부안군 동물보호센터,063-580-4445,전북특별자치도 부안군 주산면 주산로 369  부안군 동물보호센터,전북특별자치도 부안군,345479202100001,20260831,20260915,2026-08-31 09:45:22.0,http://openapi.animal.go.kr/openapi/service/rest/fileDownloadSrvc/files/shelter/2026/07/202608310908824.jpg|http://openapi.animal.go.kr/openapi/service/rest/fileDownloadSrvc/files/shelter/2026/07/202608310908883[1].jpg,images/445479202600967_0.jpg|images/445479202600967_1.jpg
445467202601608,전북-군산-2026-00743,보호중,20260830,대야초등학교,개,믹스견,[개] 믹스견,갈색&흰색,2022(년생),7(Kg),M,N,4살추정 사나움,군산유기동물보호센터,063-451-2975,전북특별자치도 군산시 대야면 보덕안정길 124  ,전북특별자치도 군산시,345467201000001,20260830,20260914,2026-08-30 11:43:56.0,http://openapi.animal.go.kr/openapi/service/rest/fileDownloadSrvc/files/shelter/2026/07/202608301108926.jpg|http://openapi.animal.go.kr/openapi/service/rest/fileDownloadSrvc/files/shelter/2026/07/202608301108974.jpg,images/445467202601608_0.jpg|images/445467202601608_1.jpg
443446202600502,충북-괴산-2026-00157,보호중,20260829, 괴산군 칠성면 괴강로 376-67,개,믹스견,[개] 믹스견,살구색,2025(년생),13(Kg),M,U,"많이 마른상태, 사람을 잘따름",괴산증평동물보호센터,010-3169-1151,충청북도 증평군 도안면 입장길 239 (도안면) ,충청북도 괴산군,343446201800002,20260902,20260914,2026-09-02 20:38:15.0,http://openapi.animal.go.kr/openapi/service/rest/fileDownloadSrvc/files/shelter/2026/08/202609022009263.jpg|http://openapi.animal.go.kr/openapi/service/rest/fileDownloadSrvc/files/shelter/2026/08/202609022009495.jpg,images/443446202600502_0.jpg|images/443446202600502_1.jpg
426326202600358,부산-서구-2026-00198,보호중,20260829,남부민동 공영주차장,개,포메라니안,[개] 포메라니안,흰색,2022(년생),4(Kg),F,N,"온순함,사람을?따름,미용이되어있음,서구1-48",부산동물보호센터,051-832-7119,부산광역시 강서구 맥도강변길 752-15 (대저2동) ,부산광역시 서구,326326201000001,20260902,20260914,2026-09-02 08:43:41.0,http://openapi.animal.go.kr/openapi/service/rest/fileDownloadSrvc/files/shelter/2026/08/202609020809950[1].jpg|http://openapi.animal.go.kr/openapi/service/rest/fileDownloadSrvc/files/shelter/2026/08/202609020809969[1].jpg,images/426326202600358_0.jpg|images/426326202600358_1.jpg
413588202600309,광주-함평-2026-00069,보호중,20260829,나산면 우치리 93-12,개,믹스견,[개] 믹스견,흰색,2024(년생),12..00(Kg),F,U,경계심,학교임시동물보호센터,010-5649-3435,전라남도 함평군 학교면 송산길 84 (학교면) 월산리 806-1 ,전남광주통합특별시 함평군,346496201800001,20260829,20260914,2026-08-29 09:55:37.0,http://openapi.animal.go.kr/openapi/service/rest/fileDownloadSrvc/files/shelter/2026/07/20260829090860.jpg|http://openapi.animal.go.kr/openapi/service/rest/fileDownloadSrvc/files/shelter/2026/07/202608290908808.jpg,images/413588202600309_0.jpg|images/413588202600309_1.jpg
443446202600501,충북-괴산-2026-00156,보호중,20260828,괴산군 소수면 상경로 834-16,개,믹스견,[개] 믹스견,흰색&검은반점,2026(60일미만)(년생),1(Kg),F,U,현재는 건강하나 너무 어려 예후 확인필요,괴산증평동물보호센터,010-3169-1151,충청북도 증평군 도안면 입장길 239 (도안면) ,충청북도 괴산군,343446201800002,20260902,20260914,2026-09-02 20:05:22.0,http://openapi.animal.go.kr/openapi/service/rest/fileDownloadSrvc/files/shelter/2026/08/202609022009587.jpg|http://openapi.animal.go.kr/openapi/service/rest/fileDownloadSrvc/files/shelter/2026/08/202609022009755.jpg,images/443446202600501_0.jpg|images/443446202600501_1.jpg
443446202600500,충북-괴산-2026-00155,보호중,20260828,괴산군 소수면 상경로 834-16,개,믹스견,[개] 믹스견,흰색&검은반점,2026(60일미만)(년생),1(Kg),F,U,현재는 건강하나 나이가 어려 예후 확인필요,괴산증평동물보호센터,010-3169-1151,충청북도 증평군 도안면 입장길 239 (도안면) ,충청북도 괴산군,343446201800002,20260902,20260914,2026-09-02 20:06:22.0,http://openapi.animal.go.kr/openapi/service/rest/fileDownloadSrvc/files/shelter/2026/08/20260902200968.jpg|http://openapi.animal.go.kr/openapi/service/rest/fileDownloadSrvc/files/shelter/2026/08/202609022009958.jpg,images/443446202600500_0.jpg|images/443446202600500_1.jpg
443446202600499,충북-괴산-2026-00154,보호중,20260828,괴산군 소수면 상경로 834-16,개,믹스견,[개] 믹스견,흰색&검은반점,2026(60일미만)(년생),1(Kg),M,U,사료를 먹고 정상적이나 너무 어려 예후 확인필요,괴산증평동물보호센터,010-3169-1151,충청북도 증평군 도안면 입장길 239 (도안면) ,충청북도 괴산군,343446201800002,20260902,20260914,2026-09-02 20:05:21.0,http://openapi.animal.go.kr/openapi/service/rest/fileDownloadSrvc/files/shelter/2026/08/202609021909423.jpg|http://openapi.animal.go.kr/openapi/service/rest/fileDownloadSrvc/files/shelter/2026/08/202609021909566.jpg,images/443446202600499_0.jpg|images/443446202600499_1.jpg
443446202600498,충북-괴산-2026-00153,보호중,20260828,괴산군 소수면 상경로 834-16,개,믹스견,[개] 믹스견,흰색&황갈색,2026(60일미만)(년생),1(Kg),M,U,사료를 먹고 정상적이나 너무 어려 예후 확인필요,괴산증평동물보호센터,010-3169-1151,충청북도 증평군 도안면 입장길 239 (도안면) ,충청북도 괴산군,343446201800002,20260902,20260914,2026-09-02 20:05:21.0,http://openapi.animal.go.kr/openapi/service/rest/fileDownloadSrvc/files/shelter/2026/08/202609021909532[1].jpg|http://openapi.animal.go.kr/openapi/service/rest/fileDownloadSrvc/files/shelter/2026/08/202609021909429.jpg,images/443446202600498_0.jpg|images/443446202600498_1.jpg
443446202600497,충북-괴산-2026-00152,보호중,20260828,괴산군 소수면 상경로 834-16,개,믹스견,[개] 믹스견,갈색,2023(년생),13(Kg),F,U,"순하고 사람을 잘따름, 새끼 4마리 데리고 있음",괴산증평동물보호센터,010-3169-1151,충청북도 증평군 도안면 입장길 239 (도안면) ,충청북도 괴산군,343446201800002,20260902,20260914,2026-09-02 20:05:21.0,http://openapi.animal.go.kr/openapi/service/rest/fileDownloadSrvc/files/shelter/2026/08/202609021909959.jpg|http://openapi.animal.go.kr/openapi/service/rest/fileDownloadSrvc/files/shelter/2026/08/202609021909311.jpg,images/443446202600497_0.jpg|images/443446202600497_1.jpg
443446202600496,충북-괴산-2026-00151,보호중,20260828,괴산군 칠성면 명태재로외사4길 1,개,믹스견,[개] 믹스견,흰색,2026(60일미만)(년생),0.5(Kg),F,U,"아직어린 개체로 눈을뜨지 못함, 예후확인필요",괴산증평동물보호센터,010-3169-1151,충청북도 증평군 도안면 입장길 239 (도안면) ,충청북도 괴산군,343446201800002,20260902,20260914,2026-09-02 20:05:21.0,http://openapi.animal.go.kr/openapi/service/rest/fileDownloadSrvc/files/shelter/2026/08/202609021909123[1].jpg|http://openapi.animal.go.kr/openapi/service/rest/fileDownloadSrvc/files/shelter/2026/08/202609021909928.jpg,images/443446202600496_0.jpg|images/443446202600496_1.jpg
443446202600495,충북-괴산-2026-00150,보호중,20260828,괴산군 칠성면 명태재로외사4길 1,개,믹스견,[개] 믹스견,검정색,2026(60일미만)(년생),0.5(Kg),F,U,"아직어린 개체로 눈을뜨지 못함, 예후확인필요",괴산증평동물보호센터,010-3169-1151,충청북도 증평군 도안면 입장길 239 (도안면) ,충청북도 괴산군,343446201800002,20260902,20260914,2026-09-02 20:05:21.0,http://openapi.animal.go.kr/openapi/service/rest/fileDownloadSrvc/files/shelter/2026/08/202609021909523.jpg|http://openapi.animal.go.kr/openapi/service/rest/fileDownloadSrvc/files/shelter/2026/08/202609021909538.jpg,images/443446202600495_0.jpg|images/443446202600495_1.jpg
443446202600494,충북-괴산-2026-00149,보호중,20260828,괴산군 칠성면 명태재로외사4길 1,개,믹스견,[개] 믹스견,검정색,2026(60일미만)(년생),0.5(Kg),M,U,"아직어린 개체로 눈을뜨지 못함, 예후확인필요",괴산증평동물보호센터,010-3169-1151,충청북도 증평군 도안면 입장길 239 (도안면) ,충청북도 괴산군,343446201800002,20260902,20260914,2026-09-02 20:05:20.0,http://openapi.animal.go.kr/openapi/service/rest/fileDownloadSrvc/files/shelter/2026/08/202609021909123.jpg|http://openapi.animal.go.kr/openapi/service/rest/fileDownloadSrvc/files/shelter/2026/08/20260902190985[1].jpg,images/443446202600494_0.jpg|images/443446202600494_1.jpg
443446202600493,충북-괴산-2026-00148,보호중,20260828,괴산군 칠성면 명태재로외사4길 1,개,믹스견,[개] 믹스견,흰색&검은반점,2023(년생),18(Kg),F,U,"사납고 경계심이 많음,  새끼 3마리 데리고 있음",괴산증평동물보호센터,010-3169-1151,충청북도 증평군 도안면 입장길 239 (도안면) ,충청북도 괴산군,343446201800002,20260902,20260914,2026-09-02 20:05:20.0,http://openapi.animal.go.kr/openapi/service/rest/fileDownloadSrvc/files/shelter/2026/08/202609021909531.jpg|http://openapi.animal.go.kr/openapi/service/rest/fileDownloadSrvc/files/shelter/2026/08/202609021909916.jpg,images/443446202600493_0.jpg|images/443446202600493_1.jpg
443446202600492,충북-괴산-2026-00147,보호중,20260828,괴산군 불정면 한불로 1076,개,푸들,[개] 푸들,살구색,2019(년생),4(Kg),F,U,"많이 마른상태, 순하고 사람을 잘따름",괴산증평동물보호센터,010-3169-1151,충청북도 증평군 도안면 입장길 239 (도안면) ,충청북도 괴산군,343446201800002,20260902,20260914,2026-09-02 20:05:20.0,http://openapi.animal.go.kr/openapi/service/rest/fileDownloadSrvc/files/shelter/2026/08/202609021909192.jpg|http://openapi.animal.go.kr/openapi/service/rest/fileDownloadSrvc/files/shelter/2026/08/202609021909435.jpg,images/443446202600492_0.jpg|images/443446202600492_1.jpg
430364202600513,대전-동구-2026-00144,보호중,20260828,산내로 1217-46,개,믹스견,[개] 믹스견,갈색&흰색,2025(년생),6(Kg),M,U,신고자 입양 희망,대전동물보호센터,042-270-7239,대전광역시 유성구 금남구즉로 1234 (금고동) 대전광역시 동물보호센터,대전광역시 동구,330364202000001,20260902,20260914,2026-09-02 13:17:12.0,http://openapi.animal.go.kr/openapi/service/rest/fileDownloadSrvc/files/shelter/2026/08/202609021109480.png|http://openapi.animal.go.kr/openapi/service/rest/fileDownloadSrvc/files/shelter/2026/08/202609021109513.png,images/430364202600513_0.png|images/430364202600513_1.png
448546202600439,경남-함양-2026-00089,보호중,20260828,휴천면 임호마을,개,믹스견,[개] 믹스견,금갈색,2026(년생),3.5(Kg),M,N,경계심 있음,함양군 동물보호센터,055-960-8144,경상남도 함양군 함양읍 함양남서로 996-76  농업기술센터 부지내,경상남도 함양군,348546200900001,20260831,20260914,2026-08-31 16:39:06.0,http://openapi.animal.go.kr/openapi/service/rest/fileDownloadSrvc/files/shelter/2026/07/202608311608887.jpg|http://openapi.animal.go.kr/openapi/service/rest/fileDownloadSrvc/files/shelter/2026/07/202608311608651.jpeg,images/448546202600439_0.jpg|images/448546202600439_1.jpeg
448546202600438,경남-함양-2026-00088,보호중,20260828,휴천면 임호마을,개,믹스견,[개] 믹스견,황갈색,2026(년생),3.5(Kg),F,N,경계심 있음,함양군 동물보호센터,055-960-8144,경상남도 함양군 함양읍 함양남서로 996-76  농업기술센터 부지내,경상남도 함양군,348546200900001,20260831,20260914,2026-08-31 16:36:52.0,http://openapi.animal.go.kr/openapi/service/rest/fileDownloadSrvc/files/shelter/2026/07/202608311608166.jpg|http://openapi.animal.go.kr/openapi/service/rest/fileDownloadSrvc/files/shelter/2026/07/202608311608338.jpeg,images/448546202600438_0.jpg|images/448546202600438_1.jpeg
445479202600964,전북-부안-2026-00607,보호중,20260828, 동진면 당하길 53-5,개,믹스견,[개] 믹스견,황갈색,2023(년생),8(Kg),M,N," 목줄착용,쫑긋선귀가 매력",부안군 동물보호센터,063-580-4445,전북특별자치도 부안군 주산면 주산로 369  부안군 동물보호센터,전북특별자치도 부안군,345479202100001,20260828,20260914,2026-08-28 09:32:26.0,http://openapi.animal.go.kr/openapi/service/rest/fileDownloadSrvc/files/shelter/2026/07/202608280908175.jpg|http://openapi.animal.go.kr/openapi/service/rest/fileDownloadSrvc/files/shelter/2026/07/202608280908220.jpg,images/445479202600964_0.jpg|images/445479202600964_1.jpg
444460202600608,충남-홍성-2026-00163,보호중,20260827,충남 홍성군 서부면 서부로 46,개,믹스견,[개] 믹스견,검정&흰색,2026(60일미만)(년생),1.21(Kg),M,N,온순함,홍성반려동물문화센터,041-630-1970,충청남도 홍성군 은하면 은하로 155-38  ,충청남도 홍성군,344460202500001,20260827,20261007,2026-08-27 15:51:42.0,http://openapi.animal.go.kr/openapi/service/rest/fileDownloadSrvc/files/shelter/2026/07/202608271508989.jpg|http://openapi.animal.go.kr/openapi/service/rest/fileDownloadSrvc/files/shelter/2026/07/20260827150805.jpg,images/444460202600608_0.jpg|images/444460202600608_1.jpg
447523202600394,경북-예천-2026-00134,보호중,20260826,풍양면 괴당리,개,믹스견,[개] 믹스견,검정색,2021(년생),5(Kg),F,N,마치 밤하늘에 수놓은 아름다운 달빛같은 눈동자,예천군유기동물보호소,054-650-6578,"경상북도 예천군 예천읍 충효로 632-84 (예천읍, 유기동물보호소) ",경상북도 예천군,347523201200001,20260902,20260914,2026-09-02 15:38:47.0,http://openapi.animal.go.kr/openapi/service/rest/fileDownloadSrvc/files/shelter/2026/08/202609021509930.jpeg|http://openapi.animal.go.kr/openapi/service/rest/fileDownloadSrvc/files/shelter/2026/08/202609021509962.jpeg,images/447523202600394_0.jpeg|images/447523202600394_1.jpeg
428356202601100,인천-검단-2026-00076,보호중,20260826,인천광역시 검단구 보듬로 42 (오류동),개,믹스견,[개] 믹스견,검정색,2024(년생),12.00(Kg),F,U,"사나움,주변 경계",한마음동물병원,010-5654-6929,경기도 김포시 통진읍 김포대로 2025  롯데캐슬프라자 C동 118,인천광역시 검단구,328356202600001,20260902,20260914,2026-09-02 15:10:46.0,http://openapi.animal.go.kr/openapi/service/rest/fileDownloadSrvc/files/shelter/2026/08/20260902020965.jpg|http://openapi.animal.go.kr/openapi/service/rest/fileDownloadSrvc/files/shelter/2026/08/20260902020976.jpg,images/428356202601100_0.jpg|images/428356202601100_1.jpg
428356202601099,인천-검단-2026-00075,보호중,20260826,인천광역시 검단구 보듬로 42 (오류동),개,믹스견,[개] 믹스견,검정색,2024(년생),15.00(Kg),F,N,"사나움,주변 경계",한마음동물병원,010-5654-6929,경기도 김포시 통진읍 김포대로 2025  롯데캐슬프라자 C동 118,인천광역시 검단구,328356202600001,20260902,20260914,2026-09-02 15:10:38.0,http://openapi.animal.go.kr/openapi/service/rest/fileDownloadSrvc/files/shelter/2026/08/202609020109568.jpg|http://openapi.animal.go.kr/openapi/service/rest/fileDownloadSrvc/files/shelter/2026/08/202609020109565.jpg,images/428356202601099_0.jpg|images/428356202601099_1.jpg
448545202600410,경남-산청-2026-00041,보호중,20260825,산청군 신안면 갈전리 807-3,개,믹스견,[개] 믹스견,검정&흰색,2015(년생),7.2(Kg),M,N,구조시 목줄없음,산청동물보호센터,010-2050-8577,경상남도 산청군 산청읍 친환경로 2783-25 (산청읍) ,경상남도 산청군,348545201100002,20260907,20260917,2026-09-07 17:35:05.0,http://openapi.animal.go.kr/openapi/service/rest/fileDownloadSrvc/files/shelter/2026/09/20260907170972.jpg|http://openapi.animal.go.kr/openapi/service/rest/fileDownloadSrvc/files/shelter/2026/09/202609071709148.jpg,images/448545202600410_0.jpg|images/448545202600410_1.jpg
428356202601097,인천-검단-2026-00073,보호중,20260825,인천광역시 검단구 보듬로 42 (오류동),개,믹스견,[개] 믹스견,크림색,2023(년생),20.00(Kg),M,N,"사나움,주변 경계",한마음동물병원,010-5654-6929,경기도 김포시 통진읍 김포대로 2025  롯데캐슬프라자 C동 118,인천광역시 검단구,328356202600001,20260902,20260914,2026-09-02 15:10:25.0,http://openapi.animal.go.kr/openapi/service/rest/fileDownloadSrvc/files/shelter/2026/08/202609020109822.jpg|http://openapi.animal.go.kr/openapi/service/rest/fileDownloadSrvc/files/shelter/2026/08/202609020109944.jpg,images/428356202601097_0.jpg|images/428356202601097_1.jpg
428356202601098,인천-검단-2026-00074,보호중,20260824,인천광역시 검단구 원당대로314번길 11 (왕길동),개,믹스견,[개] 믹스견,흰색,2026(년생),10.00(Kg),M,N,"키우는 집에서 가출한 듯함 ,빨간 목테 착용",한마음동물병원,010-5654-6929,경기도 김포시 통진읍 김포대로 2025  롯데캐슬프라자 C동 118,인천광역시 검단구,328356202600001,20260902,20260914,2026-09-02 15:10:32.0,http://openapi.animal.go.kr/openapi/service/rest/fileDownloadSrvc/files/shelter/2026/08/202609020109684.jpg|http://openapi.animal.go.kr/openapi/service/rest/fileDownloadSrvc/files/shelter/2026/08/202609020109726.jpg,images/428356202601098_0.jpg|images/428356202601098_1.jpg
428356202601096,인천-검단-2026-00072,보호중,20260824,인천광역시 검단구 보듬로 42 (오류동),개,믹스견,[개] 믹스견,검정&황갈색,2024(년생),20.00(Kg),M,N,"사나움,주변 경계",한마음동물병원,010-5654-6929,경기도 김포시 통진읍 김포대로 2025  롯데캐슬프라자 C동 118,인천광역시 검단구,328356202600001,20260902,20260914,2026-09-02 15:10:13.0,http://openapi.animal.go.kr/openapi/service/rest/fileDownloadSrvc/files/shelter/2026/08/202609020109478.jpg|http://openapi.animal.go.kr/openapi/service/rest/fileDownloadSrvc/files/shelter/2026/08/202609020109491.jpg,images/428356202601096_0.jpg|images/428356202601096_1.jpg
428356202601095,인천-검단-2026-00071,보호중,20260823,인천광역시 검단구 보듬로 42 (오류동),개,믹스견,[개] 믹스견,크림색,2022(년생),17.00(Kg),F,U,빨간색 애견목줄 착용,한마음동물병원,010-5654-6929,경기도 김포시 통진읍 김포대로 2025  롯데캐슬프라자 C동 118,인천광역시 검단구,328356202600001,20260902,20260914,2026-09-02 15:10:04.0,http://openapi.animal.go.kr/openapi/service/rest/fileDownloadSrvc/files/shelter/2026/08/202609020009361.jpg|http://openapi.animal.go.kr/openapi/service/rest/fileDownloadSrvc/files/shelter/2026/08/202609020009381.jpg,images/428356202601095_0.jpg|images/428356202601095_1.jpg
428356202601094,인천-검단-2026-00070,보호중,20260822,"인천광역시 검단구 고산후로 153 (원당동, 신검단중앙역 칸타빌 더 스위트)지하주차장",개,시바,[개] 시바,황갈색,2021(년생),7.84(Kg),F,U,순하고 기본 예절교육이 되어 있음,한마음동물병원,010-5654-6929,경기도 김포시 통진읍 김포대로 2025  롯데캐슬프라자 C동 118,인천광역시 검단구,328356202600001,20260902,20260914,2026-09-02 15:09:50.0,http://openapi.animal.go.kr/openapi/service/rest/fileDownloadSrvc/files/shelter/2026/08/202609020009497.jpg|http://openapi.animal.go.kr/openapi/service/rest/fileDownloadSrvc/files/shelter/2026/08/202609020009421.jpg,images/428356202601094_0.jpg|images/428356202601094_1.jpg
442426202600342,강원-횡성-2026-00085,보호중,20260819,안흥면 지구리 709-2,개,믹스견,[개] 믹스견,갈색&흰색,2025(년생),12.6(Kg),M,N,"태어나서 사람 손을 타본 적이 없음, 겁이 매우 많음",횡성반려동물보호센터,033-340-2395,강원특별자치도 횡성군 우천면 한우로 1109  ,강원특별자치도 횡성군,342426202500001,20260903,20260914,2026-09-03 09:13:58.0,http://openapi.animal.go.kr/openapi/service/rest/fileDownloadSrvc/files/shelter/2026/08/202609021609202.jpg|http://openapi.animal.go.kr/openapi/service/rest/fileDownloadSrvc/files/shelter/2026/08/202609021609237.jpg,images/442426202600342_0.jpg|images/442426202600342_1.jpg
442426202600341,강원-횡성-2026-00084,보호중,20260819,안흥면 지구리 709-2,개,믹스견,[개] 믹스견,갈색&흰색,2025(년생),10(Kg),F,N,"태어나서 사람 손을 타본 적이 없음, 겁이 매우 많음",횡성반려동물보호센터,033-340-2395,강원특별자치도 횡성군 우천면 한우로 1109  ,강원특별자치도 횡성군,342426202500001,20260903,20260914,2026-09-03 09:13:57.0,http://openapi.animal.go.kr/openapi/service/rest/fileDownloadSrvc/files/shelter/2026/08/20260902160994.jpg|http://openapi.animal.go.kr/openapi/service/rest/fileDownloadSrvc/files/shelter/2026/08/202609021609130.jpg,images/442426202600341_0.jpg|images/442426202600341_1.jpg
448545202600408,경남-산청-2026-00040,보호중,20260811,산청군 산청읍 웅석봉로 310-8,개,믹스견,[개] 믹스견,갈색,2022(년생),8.2(Kg),M,N,구조시 파랑목줄 착용,산청동물보호센터,010-2050-8577,경상남도 산청군 산청읍 친환경로 2783-25 (산청읍) ,경상남도 산청군,348545201100002,20260907,20260917,2026-09-07 17:35:05.0,http://openapi.animal.go.kr/openapi/service/rest/fileDownloadSrvc/files/shelter/2026/09/202609071709387[2].jpg|http://openapi.animal.go.kr/openapi/service/rest/fileDownloadSrvc/files/shelter/2026/09/202609071709462.jpg,images/448545202600408_0.jpg|images/448545202600408_1.jpg
442435202600239,강원-양양-2026-00079,보호중,20260806,강현면 정암1길 산책로 주변,개,믹스견,[개] 믹스견,흰색,2018(년생),4(Kg),F,U,치아상태로 봐서 노령견으로 추정. 용호길 26-1에서 발견된 아이와 같은 무리로 추정,양양군유기동물보호소,033-670-2459,강원도 양양군 손양면 동막골길 115-35  .,강원특별자치도 양양군,342435201000001,20260907,20260917,2026-09-06 14:27:24.0,http://openapi.animal.go.kr/openapi/service/rest/fileDownloadSrvc/files/shelter/2026/09/202609061409780.jpg|http://openapi.animal.go.kr/openapi/service/rest/fileDownloadSrvc/files/shelter/2026/09/202609061409793.jpg,images/442435202600239_0.jpg|images/442435202600239_1.jpg
448545202600407,경남-산청-2026-00055,보호중,20260804,산청읍 웅석봉로 372,개,믹스견,[개] 믹스견,갈색,2011(년생),16.5(Kg),M,N,"구조시 빨강목줄 착용, 영양상태 부실하며 피부병 소견",산청동물보호센터,010-2050-8577,경상남도 산청군 산청읍 친환경로 2783-25 (산청읍) ,경상남도 산청군,348545201100002,20260907,20260917,2026-09-07 17:36:12.0,http://openapi.animal.go.kr/openapi/service/rest/fileDownloadSrvc/files/shelter/2026/09/202609071709224.jpg|http://openapi.animal.go.kr/openapi/service/rest/fileDownloadSrvc/files/shelter/2026/09/202609071709300.jpg,images/448545202600407_0.jpg|images/448545202600407_1.jpg
442435202600238,강원-양양-2026-00078,보호중,20260804,강현면 용호길 26-1 주변,개,믹스견,[개] 믹스견,흰색,2017(년생),4(Kg),F,U,치아상태로 노견으로 추정. 발견시 미용되어 있었음,양양군유기동물보호소,033-670-2459,강원도 양양군 손양면 동막골길 115-35  .,강원특별자치도 양양군,342435201000001,20260907,20260917,2026-09-06 14:27:24.0,http://openapi.animal.go.kr/openapi/service/rest/fileDownloadSrvc/files/shelter/2026/09/202609061409475.jpg|http://openapi.animal.go.kr/openapi/service/rest/fileDownloadSrvc/files/shelter/2026/09/202609061409483.jpg,images/442435202600238_0.jpg|images/442435202600238_1.jpg
448545202600406,경남-산청-2026-00054,보호중,20260801,단성면 동방실로 80-22,개,믹스견,[개] 믹스견,갈색,2020(년생),7.2(Kg),M,N,구조시 목줄없음,산청동물보호센터,010-2050-8577,경상남도 산청군 산청읍 친환경로 2783-25 (산청읍) ,경상남도 산청군,348545201100002,20260907,20260917,2026-09-07 17:36:11.0,http://openapi.animal.go.kr/openapi/service/rest/fileDownloadSrvc/files/shelter/2026/09/202609071709806.jpg|http://openapi.animal.go.kr/openapi/service/rest/fileDownloadSrvc/files/shelter/2026/09/202609071709870.jpg,images/448545202600406_0.jpg|images/448545202600406_1.jpg
442426202600340,강원-횡성-2026-00083,보호중,20260801,횡성읍 태기로개전9길 73,개,말티즈,[개] 말티즈,흰색,2015(년생),3.4(Kg),F,N,"오른쪽눈 실명, 유선종양 있음, 사람을 매우 좋아함, 치아가 매우 건강하여 딱딱한 간식도 잘 먹음",횡성반려동물보호센터,033-340-2395,강원특별자치도 횡성군 우천면 한우로 1109  ,강원특별자치도 횡성군,342426202500001,20260903,20260914,2026-09-03 09:13:57.0,http://openapi.animal.go.kr/openapi/service/rest/fileDownloadSrvc/files/shelter/2026/08/202609021609934.jpg|http://openapi.animal.go.kr/openapi/service/rest/fileDownloadSrvc/files/shelter/2026/08/202609021609968.jpg,images/442426202600340_0.jpg|images/442426202600340_1.jpg
448545202600405,경남-산청-2026-00053,보호중,20260730,신안면 지리산대로 4002번길 123,개,보더 콜리,[개] 보더 콜리,검정&흰색,2022(년생),13.5(Kg),M,N,구조시 검정목줄 착용,산청동물보호센터,010-2050-8577,경상남도 산청군 산청읍 친환경로 2783-25 (산청읍) ,경상남도 산청군,348545201100002,20260907,20260917,2026-09-07 17:36:11.0,http://openapi.animal.go.kr/openapi/service/rest/fileDownloadSrvc/files/shelter/2026/09/202609071709465.jpg|http://openapi.animal.go.kr/openapi/service/rest/fileDownloadSrvc/files/shelter/2026/09/202609071709525.jpg,images/448545202600405_0.jpg|images/448545202600405_1.jpg
448545202600403,경남-산청-2026-00052,보호중,20260727,금서면 매촌리 1329,개,믹스견,[개] 믹스견,갈색,2019(년생),5.7(Kg),M,N,"구조시 목줄없음, 검/갈색견, 털이 엉켜있고 허약한상태",산청동물보호센터,010-2050-8577,경상남도 산청군 산청읍 친환경로 2783-25 (산청읍) ,경상남도 산청군,348545201100002,20260907,20260917,2026-09-07 17:36:11.0,http://openapi.animal.go.kr/openapi/service/rest/fileDownloadSrvc/files/shelter/2026/09/202609071709671.jpg|http://openapi.animal.go.kr/openapi/service/rest/fileDownloadSrvc/files/shelter/2026/09/202609071709735.jpg,images/448545202600403_0.jpg|images/448545202600403_1.jpg
448545202600401,경남-산청-2026-00051,보호중,20260727,시천면 반천로 202-15,개,믹스견,[개] 믹스견,갈색,2020(년생),5.5(Kg),M,N,구조시 빨강목줄 착용,산청동물보호센터,010-2050-8577,경상남도 산청군 산청읍 친환경로 2783-25 (산청읍) ,경상남도 산청군,348545201100002,20260907,20260917,2026-09-07 17:36:11.0,http://openapi.animal.go.kr/openapi/service/rest/fileDownloadSrvc/files/shelter/2026/09/202609071709264[1].jpg|http://openapi.animal.go.kr/openapi/service/rest/fileDownloadSrvc/files/shelter/2026/09/202609071709333.jpg,images/448545202600401_0.jpg|images/448545202600401_1.jpg
448545202600400,경남-산청-2026-00050,보호중,20260727,산청군 산청읍 꽃봉산로 79번길 21,개,믹스견,[개] 믹스견,갈색,2022(년생),11.3(Kg),M,N,"구조시 하네스 착용, 혀끝 상처",산청동물보호센터,010-2050-8577,경상남도 산청군 산청읍 친환경로 2783-25 (산청읍) ,경상남도 산청군,348545201100002,20260907,20260917,2026-09-07 17:36:10.0,http://openapi.animal.go.kr/openapi/service/rest/fileDownloadSrvc/files/shelter/2026/09/20260907170975.jpg|http://openapi.animal.go.kr/openapi/service/rest/fileDownloadSrvc/files/shelter/2026/09/202609071709146.jpg,images/448545202600400_0.jpg|images/448545202600400_1.jpg
448545202600399,경남-산청-2026-00049,보호중,20260727,산청군 단성면 남사리 149-2,개,믹스견,[개] 믹스견,황갈색,2026(60일미만)(년생),5.6(Kg),M,N,"구조시 목줄없음, 피부병 혼재, 영양상태 부실",산청동물보호센터,010-2050-8577,경상남도 산청군 산청읍 친환경로 2783-25 (산청읍) ,경상남도 산청군,348545201100002,20260907,20260917,2026-09-07 17:36:10.0,http://openapi.animal.go.kr/openapi/service/rest/fileDownloadSrvc/files/shelter/2026/09/202609071709323.jpg|http://openapi.animal.go.kr/openapi/service/rest/fileDownloadSrvc/files/shelter/2026/09/202609071709387[1].jpg,images/448545202600399_0.jpg|images/448545202600399_1.jpg
